  0
SECTION
  2
HEADER
  9
$ACADVER
  1
AC1032
  9
$ACADMAINTVER
 90
4
  9
$DWGCODEPAGE
  3
ANSI_1252
  9
$LASTSAVEDBY
  1
ezdxf
  9
$REQUIREDVERSIONS
160
0
  9
$INSBASE
 10
0.0
 20
0.0
 30
0.0
  9
$EXTMIN
 10
1e+20
 20
1e+20
 30
1e+20
  9
$EXTMAX
 10
-1e+20
 20
-1e+20
 30
-1e+20
  9
$LIMMIN
 10
0.0
 20
0.0
  9
$LIMMAX
 10
420.0
 20
297.0
  9
$ORTHOMODE
 70
0
  9
$REGENMODE
 70
1
  9
$FILLMODE
 70
1
  9
$QTEXTMODE
 70
0
  9
$MIRRTEXT
 70
1
  9
$LTSCALE
 40
1.0
  9
$ATTMODE
 70
1
  9
$TEXTSIZE
 40
2.5
  9
$TRACEWID
 40
1.0
  9
$TEXTSTYLE
  7
OpenSans
  9
$CLAYER
  8
0
  9
$CELTYPE
  6
ByLayer
  9
$CECOLOR
 62
256
  9
$CELTSCALE
 40
1.0
  9
$DISPSILH
 70
0
  9
$DIMSCALE
 40
1.0
  9
$DIMASZ
 40
0.175
  9
$DIMEXO
 40
0.125
  9
$DIMDLI
 40
3.75
  9
$DIMRND
 40
0.0
  9
$DIMDLE
 40
0.0
  9
$DIMEXE
 40
0.375
  9
$DIMTP
 40
0.0
  9
$DIMTM
 40
0.0
  9
$DIMTXT
 40
0.25
  9
$DIMCEN
 40
2.5
  9
$DIMTSZ
 40
0.0
  9
$DIMTOL
 70
0
  9
$DIMLIM
 70
0
  9
$DIMTIH
 70
0
  9
$DIMTOH
 70
0
  9
$DIMSE1
 70
0
  9
$DIMSE2
 70
0
  9
$DIMTAD
 70
1
  9
$DIMZIN
 70
12
  9
$DIMBLK
  1
ARCHTICK
  9
$DIMASO
 70
1
  9
$DIMSHO
 70
1
  9
$DIMPOST
  1

  9
$DIMAPOST
  1

  9
$DIMALT
 70
0
  9
$DIMALTD
 70
3
  9
$DIMALTF
 40
0.03937007874
  9
$DIMLFAC
 40
100.0
  9
$DIMTOFL
 70
1
  9
$DIMTVP
 40
0.0
  9
$DIMTIX
 70
0
  9
$DIMSOXD
 70
0
  9
$DIMSAH
 70
0
  9
$DIMBLK1
  1

  9
$DIMBLK2
  1

  9
$DIMSTYLE
  2
EZDXF
  9
$DIMCLRD
 70
0
  9
$DIMCLRE
 70
0
  9
$DIMCLRT
 70
0
  9
$DIMTFAC
 40
0.5
  9
$DIMGAP
 40
0.1
  9
$DIMJUST
 70
0
  9
$DIMSD1
 70
0
  9
$DIMSD2
 70
0
  9
$DIMTOLJ
 70
0
  9
$DIMTZIN
 70
8
  9
$DIMALTZ
 70
0
  9
$DIMALTTZ
 70
0
  9
$DIMUPT
 70
1
  9
$DIMDEC
 70
2
  9
$DIMTDEC
 70
2
  9
$DIMALTU
 70
2
  9
$DIMALTTD
 70
3
  9
$DIMTXSTY
  7
OpenSansCondensed-Light
  9
$DIMAUNIT
 70
0
  9
$DIMADEC
 70
2
  9
$DIMALTRND
 40
0.0
  9
$DIMAZIN
 70
3
  9
$DIMDSEP
 70
46
  9
$DIMATFIT
 70
3
  9
$DIMFRAC
 70
0
  9
$DIMLDRBLK
  1

  9
$DIMLUNIT
 70
2
  9
$DIMLWD
 70
-2
  9
$DIMLWE
 70
-2
  9
$DIMTMOVE
 70
2
  9
$DIMFXL
 40
1.0
  9
$DIMFXLON
 70
0
  9
$DIMJOGANG
 40
0.785398163397
  9
$DIMTFILL
 70
0
  9
$DIMTFILLCLR
 70
0
  9
$DIMARCSYM
 70
0
  9
$DIMLTYPE
  6

  9
$DIMLTEX1
  6

  9
$DIMLTEX2
  6

  9
$DIMTXTDIRECTION
 70
0
  9
$LUNITS
 70
2
  9
$LUPREC
 70
4
  9
$SKETCHINC
 40
1.0
  9
$FILLETRAD
 40
10.0
  9
$AUNITS
 70
0
  9
$AUPREC
 70
2
  9
$MENU
  1
.
  9
$ELEVATION
 40
0.0
  9
$PELEVATION
 40
0.0
  9
$THICKNESS
 40
0.0
  9
$LIMCHECK
 70
0
  9
$CHAMFERA
 40
0.0
  9
$CHAMFERB
 40
0.0
  9
$CHAMFERC
 40
0.0
  9
$CHAMFERD
 40
0.0
  9
$SKPOLY
 70
0
  9
$TDCREATE
 40
2461317.6765277777
  9
$TDUCREATE
 40
2458532.153996898
  9
$TDUPDATE
 40
2461317.6765277777
  9
$TDUUPDATE
 40
2458532.1544311
  9
$TDINDWG
 40
0.0
  9
$TDUSRTIMER
 40
0.0
  9
$USRTIMER
 70
1
  9
$ANGBASE
 50
0.0
  9
$ANGDIR
 70
0
  9
$PDMODE
 70
0
  9
$PDSIZE
 40
0.0
  9
$PLINEWID
 40
0.0
  9
$SPLFRAME
 70
0
  9
$SPLINETYPE
 70
6
  9
$SPLINESEGS
 70
8
  9
$HANDSEED
  5
109
  9
$SURFTAB1
 70
6
  9
$SURFTAB2
 70
6
  9
$SURFTYPE
 70
6
  9
$SURFU
 70
6
  9
$SURFV
 70
6
  9
$UCSBASE
  2

  9
$UCSNAME
  2

  9
$UCSORG
 10
0.0
 20
0.0
 30
0.0
  9
$UCSXDIR
 10
1.0
 20
0.0
 30
0.0
  9
$UCSYDIR
 10
0.0
 20
1.0
 30
0.0
  9
$UCSORTHOREF
  2

  9
$UCSORTHOVIEW
 70
0
  9
$UCSORGTOP
 10
0.0
 20
0.0
 30
0.0
  9
$UCSORGBOTTOM
 10
0.0
 20
0.0
 30
0.0
  9
$UCSORGLEFT
 10
0.0
 20
0.0
 30
0.0
  9
$UCSORGRIGHT
 10
0.0
 20
0.0
 30
0.0
  9
$UCSORGFRONT
 10
0.0
 20
0.0
 30
0.0
  9
$UCSORGBACK
 10
0.0
 20
0.0
 30
0.0
  9
$PUCSBASE
  2

  9
$PUCSNAME
  2

  9
$PUCSORG
 10
0.0
 20
0.0
 30
0.0
  9
$PUCSXDIR
 10
1.0
 20
0.0
 30
0.0
  9
$PUCSYDIR
 10
0.0
 20
1.0
 30
0.0
  9
$PUCSORTHOREF
  2

  9
$PUCSORTHOVIEW
 70
0
  9
$PUCSORGTOP
 10
0.0
 20
0.0
 30
0.0
  9
$PUCSORGBOTTOM
 10
0.0
 20
0.0
 30
0.0
  9
$PUCSORGLEFT
 10
0.0
 20
0.0
 30
0.0
  9
$PUCSORGRIGHT
 10
0.0
 20
0.0
 30
0.0
  9
$PUCSORGFRONT
 10
0.0
 20
0.0
 30
0.0
  9
$PUCSORGBACK
 10
0.0
 20
0.0
 30
0.0
  9
$USERI1
 70
0
  9
$USERI2
 70
0
  9
$USERI3
 70
0
  9
$USERI4
 70
0
  9
$USERI5
 70
0
  9
$USERR1
 40
0.0
  9
$USERR2
 40
0.0
  9
$USERR3
 40
0.0
  9
$USERR4
 40
0.0
  9
$USERR5
 40
0.0
  9
$WORLDVIEW
 70
1
  9
$SHADEDGE
 70
3
  9
$SHADEDIF
 70
70
  9
$TILEMODE
 70
1
  9
$MAXACTVP
 70
64
  9
$PINSBASE
 10
0.0
 20
0.0
 30
0.0
  9
$PLIMCHECK
 70
0
  9
$PEXTMIN
 10
1e+20
 20
1e+20
 30
1e+20
  9
$PEXTMAX
 10
-1e+20
 20
-1e+20
 30
-1e+20
  9
$PLIMMIN
 10
0.0
 20
0.0
  9
$PLIMMAX
 10
420.0
 20
297.0
  9
$UNITMODE
 70
0
  9
$VISRETAIN
 70
1
  9
$PLINEGEN
 70
0
  9
$PSLTSCALE
 70
1
  9
$TREEDEPTH
 70
3020
  9
$CMLSTYLE
  2
Standard
  9
$CMLJUST
 70
0
  9
$CMLSCALE
 40
20.0
  9
$PROXYGRAPHICS
 70
1
  9
$MEASUREMENT
 70
1
  9
$CELWEIGHT
370
-1
  9
$ENDCAPS
280
0
  9
$JOINSTYLE
280
0
  9
$LWDISPLAY
290
0
  9
$INSUNITS
 70
6
  9
$HYPERLINKBASE
  1

  9
$STYLESHEET
  1

  9
$XEDIT
290
1
  9
$CEPSNTYPE
380
0
  9
$PSTYLEMODE
290
1
  9
$FINGERPRINTGUID
  2
{631A2709-397D-4B16-B3EE-7AFEECB9A931}
  9
$VERSIONGUID
  2
{4714E2DE-01FF-4A6C-A603-6A0922C006B8}
  9
$EXTNAMES
290
1
  9
$PSVPSCALE
 40
0.0
  9
$OLESTARTUP
290
0
  9
$SORTENTS
280
127
  9
$INDEXCTL
280
0
  9
$HIDETEXT
280
1
  9
$XCLIPFRAME
280
1
  9
$HALOGAP
280
0
  9
$OBSCOLOR
 70
257
  9
$OBSLTYPE
280
0
  9
$INTERSECTIONDISPLAY
280
0
  9
$INTERSECTIONCOLOR
 70
257
  9
$DIMASSOC
280
2
  9
$PROJECTNAME
  1

  9
$CAMERADISPLAY
290
0
  9
$LENSLENGTH
 40
50.0
  9
$CAMERAHEIGHT
 40
0.0
  9
$STEPSPERSEC
 40
24.0
  9
$STEPSIZE
 40
100.0
  9
$3DDWFPREC
 40
2.0
  9
$PSOLWIDTH
 40
0.005
  9
$PSOLHEIGHT
 40
0.08
  9
$LOFTANG1
 40
1.570796326795
  9
$LOFTANG2
 40
1.570796326795
  9
$LOFTMAG1
 40
0.0
  9
$LOFTMAG2
 40
0.0
  9
$LOFTPARAM
 70
7
  9
$LOFTNORMALS
280
1
  9
$LATITUDE
 40
37.795
  9
$LONGITUDE
 40
-122.394
  9
$NORTHDIRECTION
 40
0.0
  9
$TIMEZONE
 70
-8000
  9
$LIGHTGLYPHDISPLAY
280
1
  9
$TILEMODELIGHTSYNCH
280
1
  9
$CMATERIAL
347
20
  9
$SOLIDHIST
280
0
  9
$SHOWHIST
280
1
  9
$DWFFRAME
280
2
  9
$DGNFRAME
280
2
  9
$REALWORLDSCALE
290
1
  9
$INTERFERECOLOR
 62
256
  9
$CSHADOW
280
0
  9
$SHADOWPLANELOCATION
 40
0.0
  0
ENDSEC
  0
SECTION
  2
CLASSES
  0
CLASS
  1
ACDBDICTIONARYWDFLT
  2
AcDbDictionaryWithDefault
  3
ObjectDBX Classes
 90
0
 91
0
280
0
281
0
  0
CLASS
  1
SUN
  2
AcDbSun
  3
SCENEOE
 90
1153
 91
0
280
0
281
0
  0
CLASS
  1
VISUALSTYLE
  2
AcDbVisualStyle
  3
ObjectDBX Classes
 90
4095
 91
0
280
0
281
0
  0
CLASS
  1
MATERIAL
  2
AcDbMaterial
  3
ObjectDBX Classes
 90
1153
 91
0
280
0
281
0
  0
CLASS
  1
SCALE
  2
AcDbScale
  3
ObjectDBX Classes
 90
1153
 91
0
280
0
281
0
  0
CLASS
  1
TABLESTYLE
  2
AcDbTableStyle
  3
ObjectDBX Classes
 90
4095
 91
0
280
0
281
0
  0
CLASS
  1
MLEADERSTYLE
  2
AcDbMLeaderStyle
  3
ACDB_MLEADERSTYLE_CLASS
 90
4095
 91
0
280
0
281
0
  0
CLASS
  1
DICTIONARYVAR
  2
AcDbDictionaryVar
  3
ObjectDBX Classes
 90
0
 91
0
280
0
281
0
  0
CLASS
  1
CELLSTYLEMAP
  2
AcDbCellStyleMap
  3
ObjectDBX Classes
 90
1152
 91
0
280
0
281
0
  0
CLASS
  1
MENTALRAYRENDERSETTINGS
  2
AcDbMentalRayRenderSettings
  3
SCENEOE
 90
1024
 91
0
280
0
281
0
  0
CLASS
  1
ACDBDETAILVIEWSTYLE
  2
AcDbDetailViewStyle
  3
ObjectDBX Classes
 90
1025
 91
0
280
0
281
0
  0
CLASS
  1
ACDBSECTIONVIEWSTYLE
  2
AcDbSectionViewStyle
  3
ObjectDBX Classes
 90
1025
 91
0
280
0
281
0
  0
CLASS
  1
RASTERVARIABLES
  2
AcDbRasterVariables
  3
ISM
 90
0
 91
0
280
0
281
0
  0
CLASS
  1
LAYOUT
  2
AcDbLayout
  3
ObjectDBX Classes
 90
0
 91
0
280
0
281
0
  0
CLASS
  1
ACDBPLACEHOLDER
  2
AcDbPlaceHolder
  3
ObjectDBX Classes
 90
0
 91
0
280
0
281
0
  0
ENDSEC
  0
SECTION
  2
TABLES
  0
TABLE
  2
VPORT
  5
8
330
0
100
AcDbSymbolTable
 70
1
  0
VPORT
  5
23
330
8
100
AcDbSymbolTableRecord
100
AcDbViewportTableRecord
  2
*Active
 70
0
 10
0.0
 20
0.0
 11
1.0
 21
1.0
 12
0.0
 22
0.0
 13
0.0
 23
0.0
 14
0.5
 24
0.5
 15
0.5
 25
0.5
 16
0.0
 26
0.0
 36
1.0
 17
0.0
 27
0.0
 37
0.0
 40
1000.0
 41
1.34
 42
50.0
 43
0.0
 44
0.0
 50
0.0
 51
0.0
 71
0
 72
1000
 73
1
 74
3
 75
0
 76
0
 77
0
 78
0
281
0
 65
0
146
0.0
  0
ENDTAB
  0
TABLE
  2
LTYPE
  5
2
330
0
100
AcDbSymbolTable
 70
21
  0
LTYPE
  5
24
330
2
100
AcDbSymbolTableRecord
100
AcDbLinetypeTableRecord
  2
ByBlock
 70
0
  3

 72
65
 73
0
 40
0.0
  0
LTYPE
  5
25
330
2
100
AcDbSymbolTableRecord
100
AcDbLinetypeTableRecord
  2
ByLayer
 70
0
  3

 72
65
 73
0
 40
0.0
  0
LTYPE
  5
26
330
2
100
AcDbSymbolTableRecord
100
AcDbLinetypeTableRecord
  2
Continuous
 70
0
  3

 72
65
 73
0
 40
0.0
  0
LTYPE
  5
2F
330
2
100
AcDbSymbolTableRecord
100
AcDbLinetypeTableRecord
  2
CENTER
 70
0
  3
Center ____ _ ____ _ ____ _ ____ _ ____ _ ____
 72
65
 73
4
 40
5.08
 49
3.175
 74
0
 49
-0.635
 74
0
 49
0.635
 74
0
 49
-0.635
 74
0
  0
LTYPE
  5
30
330
2
100
AcDbSymbolTableRecord
100
AcDbLinetypeTableRecord
  2
CENTERX2
 70
0
  3
Center (2x) ________  __  ________  __  ________
 72
65
 73
4
 40
8.89
 49
6.35
 74
0
 49
-0.635
 74
0
 49
1.27
 74
0
 49
-0.635
 74
0
  0
LTYPE
  5
31
330
2
100
AcDbSymbolTableRecord
100
AcDbLinetypeTableRecord
  2
CENTER2
 70
0
  3
Center (.5x) ____ _ ____ _ ____ _ ____ _ ____
 72
65
 73
4
 40
2.54
 49
1.587
 74
0
 49
-0.318
 74
0
 49
0.318
 74
0
 49
-0.318
 74
0
  0
LTYPE
  5
32
330
2
100
AcDbSymbolTableRecord
100
AcDbLinetypeTableRecord
  2
DASHED
 70
0
  3
Dashed __ __ __ __ __ __ __ __ __ __ __ __ __ _
 72
65
 73
2
 40
1.524
 49
1.27
 74
0
 49
-0.254
 74
0
  0
LTYPE
  5
33
330
2
100
AcDbSymbolTableRecord
100
AcDbLinetypeTableRecord
  2
DASHEDX2
 70
0
  3
Dashed (2x) ____  ____  ____  ____  ____  ____
 72
65
 73
2
 40
3.048
 49
2.54
 74
0
 49
-0.508
 74
0
  0
LTYPE
  5
34
330
2
100
AcDbSymbolTableRecord
100
AcDbLinetypeTableRecord
  2
DASHED2
 70
0
  3
Dashed (.5x) _ _ _ _ _ _ _ _ _ _ _ _ _ _
 72
65
 73
2
 40
0.762
 49
0.635
 74
0
 49
-0.127
 74
0
  0
LTYPE
  5
35
330
2
100
AcDbSymbolTableRecord
100
AcDbLinetypeTableRecord
  2
PHANTOM
 70
0
  3
Phantom ______  __  __  ______  __  __  ______
 72
65
 73
6
 40
6.35
 49
3.175
 74
0
 49
-0.635
 74
0
 49
0.635
 74
0
 49
-0.635
 74
0
 49
0.635
 74
0
 49
-0.635
 74
0
  0
LTYPE
  5
36
330
2
100
AcDbSymbolTableRecord
100
AcDbLinetypeTableRecord
  2
PHANTOMX2
 70
0
  3
Phantom (2x)____________    ____    ____    ____________
 72
65
 73
6
 40
10.795
 49
6.35
 74
0
 49
-0.635
 74
0
 49
1.27
 74
0
 49
-0.635
 74
0
 49
1.27
 74
0
 49
-0.635
 74
0
  0
LTYPE
  5
37
330
2
100
AcDbSymbolTableRecord
100
AcDbLinetypeTableRecord
  2
PHANTOM2
 70
0
  3
Phantom (.5x) ___ _ _ ___ _ _ ___ _ _ ___ _ _ ___
 72
65
 73
6
 40
3.175
 49
1.587
 74
0
 49
-0.318
 74
0
 49
0.318
 74
0
 49
-0.318
 74
0
 49
0.318
 74
0
 49
-0.318
 74
0
  0
LTYPE
  5
38
330
2
100
AcDbSymbolTableRecord
100
AcDbLinetypeTableRecord
  2
DASHDOT
 70
0
  3
Dash dot __ . __ . __ . __ . __ . __ . __ . __
 72
65
 73
4
 40
3.556
 49
2.54
 74
0
 49
-0.508
 74
0
 49
0.0
 74
0
 49
-0.508
 74
0
  0
LTYPE
  5
39
330
2
100
AcDbSymbolTableRecord
100
AcDbLinetypeTableRecord
  2
DASHDOTX2
 70
0
  3
Dash dot (2x) ____  .  ____  .  ____  .  ____
 72
65
 73
4
 40
6.096
 49
5.08
 74
0
 49
-0.508
 74
0
 49
0.0
 74
0
 49
-0.508
 74
0
  0
LTYPE
  5
3A
330
2
100
AcDbSymbolTableRecord
100
AcDbLinetypeTableRecord
  2
DASHDOT2
 70
0
  3
Dash dot (.5x) _ . _ . _ . _ . _ . _ . _ . _
 72
65
 73
4
 40
1.778
 49
1.27
 74
0
 49
-0.254
 74
0
 49
0.0
 74
0
 49
-0.254
 74
0
  0
LTYPE
  5
3B
330
2
100
AcDbSymbolTableRecord
100
AcDbLinetypeTableRecord
  2
DOT
 70
0
  3
Dot .  .  .  .  .  .  .  .  .  .  .  .  .  .  .  .
 72
65
 73
2
 40
0.508
 49
0.0
 74
0
 49
-0.508
 74
0
  0
LTYPE
  5
3C
330
2
100
AcDbSymbolTableRecord
100
AcDbLinetypeTableRecord
  2
DOTX2
 70
0
  3
Dot (2x) .    .    .    .    .    .    .    . 
 72
65
 73
2
 40
1.016
 49
0.0
 74
0
 49
-1.016
 74
0
  0
LTYPE
  5
3D
330
2
100
AcDbSymbolTableRecord
100
AcDbLinetypeTableRecord
  2
DOT2
 70
0
  3
Dot (.5) . . . . . . . . . . . . . . . . . . . 
 72
65
 73
2
 40
0.254
 49
0.0
 74
0
 49
-0.254
 74
0
  0
LTYPE
  5
3E
330
2
100
AcDbSymbolTableRecord
100
AcDbLinetypeTableRecord
  2
DIVIDE
 70
0
  3
Divide __ . . __ . . __ . . __ . . __ . . __
 72
65
 73
6
 40
4.064
 49
2.54
 74
0
 49
-0.508
 74
0
 49
0.0
 74
0
 49
-0.508
 74
0
 49
0.0
 74
0
 49
-0.508
 74
0
  0
LTYPE
  5
3F
330
2
100
AcDbSymbolTableRecord
100
AcDbLinetypeTableRecord
  2
DIVIDEX2
 70
0
  3
Divide (2x) ____  . .  ____  . .  ____  . .  ____
 72
65
 73
6
 40
6.604
 49
5.08
 74
0
 49
-0.508
 74
0
 49
0.0
 74
0
 49
-0.508
 74
0
 49
0.0
 74
0
 49
-0.508
 74
0
  0
LTYPE
  5
40
330
2
100
AcDbSymbolTableRecord
100
AcDbLinetypeTableRecord
  2
DIVIDE2
 70
0
  3
Divide(.5x) _ . _ . _ . _ . _ . _ . _ . _
 72
65
 73
6
 40
2.032
 49
1.27
 74
0
 49
-0.254
 74
0
 49
0.0
 74
0
 49
-0.254
 74
0
 49
0.0
 74
0
 49
-0.254
 74
0
  0
ENDTAB
  0
TABLE
  2
LAYER
  5
1
330
0
100
AcDbSymbolTable
 70
5
  0
LAYER
  5
27
330
1
100
AcDbSymbolTableRecord
100
AcDbLayerTableRecord
  2
0
 70
0
 62
7
  6
Continuous
370
-3
390
13
347
21
  0
LAYER
  5
28
330
1
100
AcDbSymbolTableRecord
100
AcDbLayerTableRecord
  2
Defpoints
 70
0
 62
7
  6
Continuous
290
0
370
-3
390
13
347
21
  0
LAYER
  5
8A
330
1
100
AcDbSymbolTableRecord
100
AcDbLayerTableRecord
  2
BLINDING-GROUND-BEAMS
 70
0
 62
30
  6
Continuous
370
-3
390
13
347
21
  0
LAYER
  5
8B
330
1
100
AcDbSymbolTableRecord
100
AcDbLayerTableRecord
  2
BLINDING-GROUND-BEAMS-HATCH
 70
0
 62
30
  6
Continuous
370
-3
390
13
347
21
  0
LAYER
  5
8C
330
1
100
AcDbSymbolTableRecord
100
AcDbLayerTableRecord
  2
BLINDING-LABEL
 70
0
 62
7
  6
Continuous
370
-3
390
13
347
21
  0
ENDTAB
  0
TABLE
  2
STYLE
  5
5
330
0
100
AcDbSymbolTable
 70
26
  0
STYLE
  5
29
330
5
100
AcDbSymbolTableRecord
100
AcDbTextStyleTableRecord
  2
Standard
 70
0
 40
0.0
 41
1.0
 50
0.0
 71
0
 42
2.5
  3
txt
  4

  0
STYLE
  5
41
330
5
100
AcDbSymbolTableRecord
100
AcDbTextStyleTableRecord
  2
OpenSans-Light
 70
0
 40
0.0
 41
1.0
 50
0.0
 71
0
 42
2.5
  3
OpenSans-Light.ttf
  4

  0
STYLE
  5
42
330
5
100
AcDbSymbolTableRecord
100
AcDbTextStyleTableRecord
  2
OpenSans-Light-Italic
 70
0
 40
0.0
 41
1.0
 50
0.0
 71
0
 42
2.5
  3
OpenSans-LightItalic.ttf
  4

  0
STYLE
  5
43
330
5
100
AcDbSymbolTableRecord
100
AcDbTextStyleTableRecord
  2
OpenSans
 70
0
 40
0.0
 41
1.0
 50
0.0
 71
0
 42
2.5
  3
OpenSans-Regular.ttf
  4

  0
STYLE
  5
44
330
5
100
AcDbSymbolTableRecord
100
AcDbTextStyleTableRecord
  2
OpenSans-Italic
 70
0
 40
0.0
 41
1.0
 50
0.0
 71
0
 42
2.5
  3
OpenSans-Italic.ttf
  4

  0
STYLE
  5
45
330
5
100
AcDbSymbolTableRecord
100
AcDbTextStyleTableRecord
  2
OpenSans-SemiBold
 70
0
 40
0.0
 41
1.0
 50
0.0
 71
0
 42
2.5
  3
OpenSans-SemiBold.ttf
  4

  0
STYLE
  5
46
330
5
100
AcDbSymbolTableRecord
100
AcDbTextStyleTableRecord
  2
OpenSans-SemiBoldItalic
 70
0
 40
0.0
 41
1.0
 50
0.0
 71
0
 42
2.5
  3
OpenSans-SemiBoldItalic.ttf
  4

  0
STYLE
  5
47
330
5
100
AcDbSymbolTableRecord
100
AcDbTextStyleTableRecord
  2
OpenSans-Bold
 70
0
 40
0.0
 41
1.0
 50
0.0
 71
0
 42
2.5
  3
OpenSans-Bold.ttf
  4

  0
STYLE
  5
48
330
5
100
AcDbSymbolTableRecord
100
AcDbTextStyleTableRecord
  2
OpenSans-BoldItalic
 70
0
 40
0.0
 41
1.0
 50
0.0
 71
0
 42
2.5
  3
OpenSans-BoldItalic.ttf
  4

  0
STYLE
  5
49
330
5
100
AcDbSymbolTableRecord
100
AcDbTextStyleTableRecord
  2
OpenSans-ExtraBold
 70
0
 40
0.0
 41
1.0
 50
0.0
 71
0
 42
2.5
  3
OpenSans-ExtraBold.ttf
  4

  0
STYLE
  5
4A
330
5
100
AcDbSymbolTableRecord
100
AcDbTextStyleTableRecord
  2
OpenSans-ExtraBoldItalic
 70
0
 40
0.0
 41
1.0
 50
0.0
 71
0
 42
2.5
  3
OpenSans-ExtraBoldItalic.ttf
  4

  0
STYLE
  5
4B
330
5
100
AcDbSymbolTableRecord
100
AcDbTextStyleTableRecord
  2
OpenSansCondensed-Bold
 70
0
 40
0.0
 41
1.0
 50
0.0
 71
0
 42
2.5
  3
OpenSansCondensed-Bold.ttf
  4

  0
STYLE
  5
4C
330
5
100
AcDbSymbolTableRecord
100
AcDbTextStyleTableRecord
  2
OpenSansCondensed-Light
 70
0
 40
0.0
 41
1.0
 50
0.0
 71
0
 42
2.5
  3
OpenSansCondensed-Light.ttf
  4

  0
STYLE
  5
4D
330
5
100
AcDbSymbolTableRecord
100
AcDbTextStyleTableRecord
  2
OpenSansCondensed-Italic
 70
0
 40
0.0
 41
1.0
 50
0.0
 71
0
 42
2.5
  3
OpenSansCondensed-LightItalic.ttf
  4

  0
STYLE
  5
4E
330
5
100
AcDbSymbolTableRecord
100
AcDbTextStyleTableRecord
  2
LiberationSans
 70
0
 40
0.0
 41
1.0
 50
0.0
 71
0
 42
2.5
  3
LiberationSans-Regular.ttf
  4

  0
STYLE
  5
4F
330
5
100
AcDbSymbolTableRecord
100
AcDbTextStyleTableRecord
  2
LiberationSans-Bold
 70
0
 40
0.0
 41
1.0
 50
0.0
 71
0
 42
2.5
  3
LiberationSans-Bold.ttf
  4

  0
STYLE
  5
50
330
5
100
AcDbSymbolTableRecord
100
AcDbTextStyleTableRecord
  2
LiberationSans-BoldItalic
 70
0
 40
0.0
 41
1.0
 50
0.0
 71
0
 42
2.5
  3
LiberationSans-BoldItalic.ttf
  4

  0
STYLE
  5
51
330
5
100
AcDbSymbolTableRecord
100
AcDbTextStyleTableRecord
  2
LiberationSans-Italic
 70
0
 40
0.0
 41
1.0
 50
0.0
 71
0
 42
2.5
  3
LiberationSans-Italic.ttf
  4

  0
STYLE
  5
52
330
5
100
AcDbSymbolTableRecord
100
AcDbTextStyleTableRecord
  2
LiberationSerif
 70
0
 40
0.0
 41
1.0
 50
0.0
 71
0
 42
2.5
  3
LiberationSerif-Regular.ttf
  4

  0
STYLE
  5
53
330
5
100
AcDbSymbolTableRecord
100
AcDbTextStyleTableRecord
  2
LiberationSerif-Bold
 70
0
 40
0.0
 41
1.0
 50
0.0
 71
0
 42
2.5
  3
LiberationSerif-Bold.ttf
  4

  0
STYLE
  5
54
330
5
100
AcDbSymbolTableRecord
100
AcDbTextStyleTableRecord
  2
LiberationSerif-BoldItalic
 70
0
 40
0.0
 41
1.0
 50
0.0
 71
0
 42
2.5
  3
LiberationSerif-BoldItalic.ttf
  4

  0
STYLE
  5
55
330
5
100
AcDbSymbolTableRecord
100
AcDbTextStyleTableRecord
  2
LiberationSerif-Italic
 70
0
 40
0.0
 41
1.0
 50
0.0
 71
0
 42
2.5
  3
LiberationSerif-Italic.ttf
  4

  0
STYLE
  5
56
330
5
100
AcDbSymbolTableRecord
100
AcDbTextStyleTableRecord
  2
LiberationMono
 70
0
 40
0.0
 41
1.0
 50
0.0
 71
0
 42
2.5
  3
LiberationMono-Regular.ttf
  4

  0
STYLE
  5
57
330
5
100
AcDbSymbolTableRecord
100
AcDbTextStyleTableRecord
  2
LiberationMono-Bold
 70
0
 40
0.0
 41
1.0
 50
0.0
 71
0
 42
2.5
  3
LiberationMono-Bold.ttf
  4

  0
STYLE
  5
58
330
5
100
AcDbSymbolTableRecord
100
AcDbTextStyleTableRecord
  2
LiberationMono-BoldItalic
 70
0
 40
0.0
 41
1.0
 50
0.0
 71
0
 42
2.5
  3
LiberationMono-BoldItalic.ttf
  4

  0
STYLE
  5
59
330
5
100
AcDbSymbolTableRecord
100
AcDbTextStyleTableRecord
  2
LiberationMono-Italic
 70
0
 40
0.0
 41
1.0
 50
0.0
 71
0
 42
2.5
  3
LiberationMono-Italic.ttf
  4

  0
ENDTAB
  0
TABLE
  2
VIEW
  5
7
330
0
100
AcDbSymbolTable
 70
0
  0
ENDTAB
  0
TABLE
  2
UCS
  5
6
330
0
100
AcDbSymbolTable
 70
0
  0
ENDTAB
  0
TABLE
  2
APPID
  5
3
330
0
100
AcDbSymbolTable
 70
3
  0
APPID
  5
2A
330
3
100
AcDbSymbolTableRecord
100
AcDbRegAppTableRecord
  2
ACAD
 70
0
  0
APPID
  5
106
330
3
100
AcDbSymbolTableRecord
100
AcDbRegAppTableRecord
  2
HATCHBACKGROUNDCOLOR
 70
0
  0
APPID
  5
107
330
3
100
AcDbSymbolTableRecord
100
AcDbRegAppTableRecord
  2
EZDXF
 70
0
  0
ENDTAB
  0
TABLE
  2
DIMSTYLE
  5
4
330
0
100
AcDbSymbolTable
 70
12
100
AcDbDimStyleTable
  0
DIMSTYLE
105
2B
330
4
100
AcDbSymbolTableRecord
100
AcDbDimStyleTableRecord
  2
Standard
 70
0
 40
1.0
 41
2.5
 42
0.625
 43
3.75
 44
1.25
 45
0.0
 46
0.0
 47
0.0
 48
0.0
 49
2.5
140
2.5
141
2.5
142
0.0
143
0.03937007874
144
1.0
145
0.0
146
1.0
147
0.625
148
0.0
 69
0
 70
0
 71
0
 72
0
 73
0
 74
0
 75
0
 76
0
 77
1
 78
8
 79
3
170
0
171
3
172
1
173
0
174
0
175
0
176
0
177
0
178
0
179
2
271
2
272
2
273
2
274
3
275
0
276
0
277
2
278
44
279
0
280
0
281
0
282
0
283
0
284
8
285
0
286
0
288
0
289
3
290
0
371
-2
372
-2
  0
DIMSTYLE
105
73
330
4
100
AcDbSymbolTableRecord
100
AcDbDimStyleTableRecord
  2
EZDXF
 70
0
 40
1.0
 41
0.175
 42
0.125
 43
3.75
 44
0.375
 45
0.0
 46
0.0
 47
0.0
 48
0.0
 49
2.5
140
0.25
141
2.5
142
0.0
143
0.03937007874
144
100.0
145
0.0
146
0.5
147
0.1
148
0.0
 69
0
 70
0
 71
0
 72
0
 73
0
 74
0
 75
0
 76
0
 77
1
 78
12
 79
3
170
0
171
3
172
1
173
0
174
0
175
0
176
0
177
0
178
0
179
2
271
2
272
2
273
2
274
3
275
0
276
0
277
2
278
46
279
2
280
0
281
0
282
0
283
0
284
8
285
0
286
0
288
1
289
3
290
0
340
4C
342
74
371
-2
372
-2
  0
DIMSTYLE
105
7C
330
4
100
AcDbSymbolTableRecord
100
AcDbDimStyleTableRecord
  2
EZ_M_100_H25_CM
 70
0
 40
1.0
 41
0.25
 42
0.125
 43
3.75
 44
0.375
 45
0.0
 46
0.0
 47
0.0
 48
0.0
 49
2.5
140
0.25
141
2.5
142
0.125
143
0.03937007874
144
100.0
145
0.0
146
0.5
147
0.1
148
0.0
 69
0
 70
0
 71
0
 72
0
 73
0
 74
0
 75
0
 76
0
 77
1
 78
12
 79
3
170
0
171
3
172
1
173
0
174
0
175
0
176
0
177
0
178
0
179
2
271
2
272
2
273
2
274
3
275
0
276
0
277
2
278
46
279
2
280
0
281
0
282
0
283
0
284
8
285
0
286
0
288
1
289
3
290
0
340
4C
371
-2
372
-2
  0
DIMSTYLE
105
7D
330
4
100
AcDbSymbolTableRecord
100
AcDbDimStyleTableRecord
  2
EZ_M_50_H25_CM
 70
0
 40
1.0
 41
0.125
 42
0.0625
 43
3.75
 44
0.1875
 45
0.0
 46
0.0
 47
0.0
 48
0.0
 49
2.5
140
0.125
141
2.5
142
0.0625
143
0.03937007874
144
100.0
145
0.0
146
0.5
147
0.05
148
0.0
 69
0
 70
0
 71
0
 72
0
 73
0
 74
0
 75
0
 76
0
 77
1
 78
12
 79
3
170
0
171
3
172
1
173
0
174
0
175
0
176
0
177
0
178
0
179
2
271
2
272
2
273
2
274
3
275
0
276
0
277
2
278
46
279
2
280
0
281
0
282
0
283
0
284
8
285
0
286
0
288
1
289
3
290
0
340
4C
371
-2
372
-2
  0
DIMSTYLE
105
7E
330
4
100
AcDbSymbolTableRecord
100
AcDbDimStyleTableRecord
  2
EZ_M_25_H25_CM
 70
0
 40
1.0
 41
0.0625
 42
0.03125
 43
3.75
 44
0.09375
 45
0.0
 46
0.0
 47
0.0
 48
0.0
 49
2.5
140
0.0625
141
2.5
142
0.03125
143
0.03937007874
144
100.0
145
0.0
146
0.5
147
0.025
148
0.0
 69
0
 70
0
 71
0
 72
0
 73
0
 74
0
 75
0
 76
0
 77
1
 78
12
 79
3
170
0
171
3
172
1
173
0
174
0
175
0
176
0
177
0
178
0
179
2
271
2
272
2
273
2
274
3
275
0
276
0
277
2
278
46
279
2
280
0
281
0
282
0
283
0
284
8
285
0
286
0
288
1
289
3
290
0
340
4C
371
-2
372
-2
  0
DIMSTYLE
105
7F
330
4
100
AcDbSymbolTableRecord
100
AcDbDimStyleTableRecord
  2
EZ_M_20_H25_CM
 70
0
 40
1.0
 41
0.05
 42
0.025
 43
3.75
 44
0.07500000000000001
 45
0.0
 46
0.0
 47
0.0
 48
0.0
 49
2.5
140
0.05
141
2.5
142
0.025
143
0.03937007874
144
100.0
145
0.0
146
0.5
147
0.020000000000000004
148
0.0
 69
0
 70
0
 71
0
 72
0
 73
0
 74
0
 75
0
 76
0
 77
1
 78
12
 79
3
170
0
171
3
172
1
173
0
174
0
175
0
176
0
177
0
178
0
179
2
271
2
272
2
273
2
274
3
275
0
276
0
277
2
278
46
279
2
280
0
281
0
282
0
283
0
284
8
285
0
286
0
288
1
289
3
290
0
340
4C
371
-2
372
-2
  0
DIMSTYLE
105
80
330
4
100
AcDbSymbolTableRecord
100
AcDbDimStyleTableRecord
  2
EZ_M_10_H25_CM
 70
0
 40
1.0
 41
0.025
 42
0.0125
 43
3.75
 44
0.037500000000000006
 45
0.0
 46
0.0
 47
0.0
 48
0.0
 49
2.5
140
0.025
141
2.5
142
0.0125
143
0.03937007874
144
100.0
145
0.0
146
0.5
147
0.010000000000000002
148
0.0
 69
0
 70
0
 71
0
 72
0
 73
0
 74
0
 75
0
 76
0
 77
1
 78
12
 79
3
170
0
171
3
172
1
173
0
174
0
175
0
176
0
177
0
178
0
179
2
271
2
272
2
273
2
274
3
275
0
276
0
277
2
278
46
279
2
280
0
281
0
282
0
283
0
284
8
285
0
286
0
288
1
289
3
290
0
340
4C
371
-2
372
-2
  0
DIMSTYLE
105
81
330
4
100
AcDbSymbolTableRecord
100
AcDbDimStyleTableRecord
  2
EZ_M_5_H25_CM
 70
0
 40
1.0
 41
0.0125
 42
0.00625
 43
3.75
 44
0.018750000000000003
 45
0.0
 46
0.0
 47
0.0
 48
0.0
 49
2.5
140
0.0125
141
2.5
142
0.00625
143
0.03937007874
144
100.0
145
0.0
146
0.5
147
0.005000000000000001
148
0.0
 69
0
 70
0
 71
0
 72
0
 73
0
 74
0
 75
0
 76
0
 77
1
 78
12
 79
3
170
0
171
3
172
1
173
0
174
0
175
0
176
0
177
0
178
0
179
2
271
2
272
2
273
2
274
3
275
0
276
0
277
2
278
46
279
2
280
0
281
0
282
0
283
0
284
8
285
0
286
0
288
1
289
3
290
0
340
4C
371
-2
372
-2
  0
DIMSTYLE
105
82
330
4
100
AcDbSymbolTableRecord
100
AcDbDimStyleTableRecord
  2
EZ_M_1_H25_CM
 70
0
 40
1.0
 41
0.0025
 42
0.00125
 43
3.75
 44
0.00375
 45
0.0
 46
0.0
 47
0.0
 48
0.0
 49
2.5
140
0.0025
141
2.5
142
0.00125
143
0.03937007874
144
100.0
145
0.0
146
0.5
147
0.001
148
0.0
 69
0
 70
0
 71
0
 72
0
 73
0
 74
0
 75
0
 76
0
 77
1
 78
12
 79
3
170
0
171
3
172
1
173
0
174
0
175
0
176
0
177
0
178
0
179
2
271
2
272
2
273
2
274
3
275
0
276
0
277
2
278
46
279
2
280
0
281
0
282
0
283
0
284
8
285
0
286
0
288
1
289
3
290
0
340
4C
371
-2
372
-2
  0
DIMSTYLE
105
83
330
4
100
AcDbSymbolTableRecord
100
AcDbDimStyleTableRecord
  2
EZ_RADIUS
 70
0
 40
1.0
 41
0.25
 42
0.125
 43
3.75
 44
0.375
 45
0.0
 46
0.0
 47
0.0
 48
0.0
 49
2.5
140
0.25
141
0.0
142
0.0
143
0.03937007874
144
100.0
145
0.0
146
0.5
147
0.1
148
0.0
 69
0
 70
0
 71
0
 72
0
 73
0
 74
0
 75
0
 76
0
 77
1
 78
12
 79
3
170
0
171
3
172
0
173
0
174
0
175
0
176
0
177
0
178
0
179
2
271
2
272
2
273
2
274
3
275
0
276
0
277
2
278
46
279
1
280
0
281
0
282
0
283
0
284
8
285
0
286
0
288
1
289
3
290
0
340
4C
342
84
371
-2
372
-2
  0
DIMSTYLE
105
88
330
4
100
AcDbSymbolTableRecord
100
AcDbDimStyleTableRecord
  2
EZ_RADIUS_INSIDE
 70
0
 40
1.0
 41
0.25
 42
0.125
 43
3.75
 44
0.375
 45
0.0
 46
0.0
 47
0.0
 48
0.0
 49
2.5
140
0.25
141
0.0
142
0.0
143
0.03937007874
144
100.0
145
0.0
146
0.5
147
0.1
148
0.0
 69
0
 70
0
 71
0
 72
0
 73
0
 74
0
 75
0
 76
0
 77
0
 78
12
 79
3
170
0
171
3
172
0
173
0
174
1
175
0
176
0
177
0
178
0
179
2
271
2
272
2
273
2
274
3
275
0
276
0
277
2
278
46
279
0
280
0
281
0
282
0
283
0
284
8
285
0
286
0
288
1
289
0
290
0
340
4C
342
84
371
-2
372
-2
  0
DIMSTYLE
105
89
330
4
100
AcDbSymbolTableRecord
100
AcDbDimStyleTableRecord
  2
EZ_CURVED
 70
0
 40
1.0
 41
0.25
 42
0.125
 43
3.75
 44
0.375
 45
0.0
 46
0.0
 47
0.0
 48
0.0
 49
2.5
140
0.25
141
2.5
142
0.0
143
0.03937007874
144
100.0
145
0.0
146
0.5
147
0.1
148
0.0
 69
0
 70
0
 71
0
 72
0
 73
0
 74
0
 75
0
 76
0
 77
1
 78
12
 79
2
 90
2
170
0
171
3
172
1
173
0
174
0
175
0
176
0
177
0
178
0
179
2
271
2
272
2
273
2
274
3
275
0
276
0
277
2
278
46
279
2
280
0
281
0
282
0
283
0
284
8
285
0
286
0
288
1
289
3
290
0
340
4C
371
-2
372
-2
  0
ENDTAB
  0
TABLE
  2
BLOCK_RECORD
  5
9
330
0
100
AcDbSymbolTable
 70
5
  0
BLOCK_RECORD
  5
17
330
9
100
AcDbSymbolTableRecord
100
AcDbBlockTableRecord
  2
*Model_Space
340
1A
 70
0
280
1
281
0
  0
BLOCK_RECORD
  5
1B
330
9
100
AcDbSymbolTableRecord
100
AcDbBlockTableRecord
  2
*Paper_Space
340
1E
 70
0
280
1
281
0
  0
BLOCK_RECORD
  5
74
330
9
100
AcDbSymbolTableRecord
100
AcDbBlockTableRecord
  2
_ARCHTICK
340
0
 70
0
280
1
281
0
  0
BLOCK_RECORD
  5
78
330
9
100
AcDbSymbolTableRecord
100
AcDbBlockTableRecord
  2
_CLOSEDFILLED
340
0
 70
0
280
1
281
0
  0
BLOCK_RECORD
  5
84
330
9
100
AcDbSymbolTableRecord
100
AcDbBlockTableRecord
  2
_CLOSEDBLANK
340
0
 70
0
280
1
281
0
  0
ENDTAB
  0
ENDSEC
  0
SECTION
  2
BLOCKS
  0
BLOCK
  5
18
330
17
100
AcDbEntity
  8
0
100
AcDbBlockBegin
  2
*Model_Space
 70
0
 10
0.0
 20
0.0
 30
0.0
  3
*Model_Space
  1

  0
ENDBLK
  5
19
330
17
100
AcDbEntity
  8
0
100
AcDbBlockEnd
  0
BLOCK
  5
1C
330
1B
100
AcDbEntity
  8
0
100
AcDbBlockBegin
  2
*Paper_Space
 70
0
 10
0.0
 20
0.0
 30
0.0
  3
*Paper_Space
  1

  0
ENDBLK
  5
1D
330
1B
100
AcDbEntity
  8
0
100
AcDbBlockEnd
  0
BLOCK
  5
75
330
74
100
AcDbEntity
  8
0
100
AcDbBlockBegin
  2
_ARCHTICK
 70
0
 10
0.0
 20
0.0
 30
0.0
  3
_ARCHTICK
  1

  0
LWPOLYLINE
  5
77
330
74
100
AcDbEntity
  8
0
  6
BYBLOCK
 62
0
100
AcDbPolyline
 90
2
 70
0
 43
0.15
 10
-0.5
 20
-0.5
 10
0.5
 20
0.5
  0
ENDBLK
  5
76
330
74
100
AcDbEntity
  8
0
100
AcDbBlockEnd
  0
BLOCK
  5
79
330
78
100
AcDbEntity
  8
0
100
AcDbBlockBegin
  2
_CLOSEDFILLED
 70
0
 10
0.0
 20
0.0
 30
0.0
  3
_CLOSEDFILLED
  1

  0
SOLID
  5
7B
330
78
100
AcDbEntity
  8
0
  6
BYBLOCK
 62
0
100
AcDbTrace
 10
-1.0
 20
0.16439898372402537
 30
0.0
 11
0.0
 21
0.0
 31
0.0
 12
-1.0
 22
-0.16439898372402537
 32
0.0
 13
-1.0
 23
-0.16439898372402537
 33
0.0
  0
ENDBLK
  5
7A
330
78
100
AcDbEntity
  8
0
100
AcDbBlockEnd
  0
BLOCK
  5
85
330
84
100
AcDbEntity
  8
0
100
AcDbBlockBegin
  2
_CLOSEDBLANK
 70
0
 10
0.0
 20
0.0
 30
0.0
  3
_CLOSEDBLANK
  1

  0
LWPOLYLINE
  5
87
330
84
100
AcDbEntity
  8
0
  6
BYBLOCK
 62
0
100
AcDbPolyline
 90
3
 70
1
 10
-1.0
 20
0.16439898372402537
 10
0.0
 20
0.0
 10
-1.0
 20
-0.16439898372402537
  0
ENDBLK
  5
86
330
84
100
AcDbEntity
  8
0
100
AcDbBlockEnd
  0
ENDSEC
  0
SECTION
  2
ENTITIES
  0
LWPOLYLINE
  5
8D
330
17
100
AcDbEntity
  8
BLINDING-GROUND-BEAMS
100
AcDbPolyline
 90
280
 70
1
 10
-42.93
 20
43.76
 10
-43.04
 20
43.830000000000005
 10
-43.06
 20
43.910000000000004
 10
-43.04
 20
43.93
 10
-43.04
 20
43.970000000000006
 10
-42.97
 20
44.02
 10
-42.93
 20
44.02
 10
-42.85
 20
44.06
 10
-42.81
 20
44.06
 10
-42.79
 20
44.080000000000005
 10
-42.75
 20
44.080000000000005
 10
-42.690000000000005
 20
44.12
 10
-42.65
 20
44.12
 10
-42.57
 20
44.160000000000004
 10
-42.47
 20
44.18
 10
-42.410000000000004
 20
44.220000000000006
 10
-42.25
 20
44.26
 10
-42.17
 20
44.300000000000004
 10
-42.13
 20
44.300000000000004
 10
-42.07
 20
44.34
 10
-41.970000000000006
 20
44.36
 10
-41.89
 20
44.4
 10
-41.85
 20
44.4
 10
-41.79
 20
44.440000000000005
 10
-41.690000000000005
 20
44.46
 10
-41.61
 20
44.5
 10
-41.57
 20
44.5
 10
-41.51
 20
44.54
 10
-41.470000000000006
 20
44.54
 10
-41.45
 20
44.56
 10
-41.410000000000004
 20
44.56
 10
-41.39
 20
44.580000000000005
 10
-41.29
 20
44.6
 10
-41.27
 20
44.62
 10
-41.230000000000004
 20
44.62
 10
-41.17
 20
44.660000000000004
 10
-41.13
 20
44.660000000000004
 10
-41.050000000000004
 20
44.7
 10
-41.01
 20
44.7
 10
-40.99
 20
44.720000000000006
 10
-40.95
 20
44.720000000000006
 10
-40.89
 20
44.76
 10
-40.85
 20
44.76
 10
-40.77
 20
44.800000000000004
 10
-40.67
 20
44.82
 10
-40.61
 20
44.86
 10
-40.57
 20
44.86
 10
-40.550000000000004
 20
44.88
 10
-40.51
 20
44.88
 10
-40.43
 20
44.92
 10
-40.39
 20
44.92
 10
-40.37
 20
44.940000000000005
 10
-40.330000000000005
 20
44.940000000000005
 10
-40.27
 20
44.980000000000004
 10
-40.17
 20
45.0
 10
-40.09
 20
45.04
 10
-40.050000000000004
 20
45.04
 10
-39.99
 20
45.080000000000005
 10
-39.830000000000005
 20
45.12
 10
-39.81
 20
45.14
 10
-39.77
 20
45.14
 10
-39.71
 20
45.18
 10
-39.67
 20
45.18
 10
-39.65
 20
45.2
 10
-39.61
 20
45.2
 10
-39.59
 20
45.220000000000006
 10
-39.49
 20
45.24
 10
-39.470000000000006
 20
45.26
 10
-39.43
 20
45.26
 10
-39.37
 20
45.300000000000004
 10
-39.27
 20
45.32
 10
-39.190000000000005
 20
45.36
 10
-39.15
 20
45.36
 10
-39.09
 20
45.4
 10
-39.050000000000004
 20
45.4
 10
-39.03
 20
45.42
 10
-38.99
 20
45.42
 10
-38.910000000000004
 20
45.46
 10
-38.87
 20
45.46
 10
-38.81
 20
45.5
 10
-38.77
 20
45.5
 10
-38.75
 20
45.52
 10
-38.71
 20
45.52
 10
-38.63
 20
45.56
 10
-38.59
 20
45.56
 10
-38.57
 20
45.580000000000005
 10
-38.53
 20
45.580000000000005
 10
-38.470000000000006
 20
45.62
 10
-38.43
 20
45.62
 10
-38.35
 20
45.660000000000004
 10
-38.25
 20
45.68
 10
-38.190000000000005
 20
45.720000000000006
 10
-38.15
 20
45.720000000000006
 10
-38.13
 20
45.74
 10
-37.970000000000006
 20
45.78
 10
-37.910000000000004
 20
45.82
 10
-37.87
 20
45.82
 10
-37.85
 20
45.84
 10
-37.75
 20
45.86
 10
-37.67
 20
45.9
 10
-37.63
 20
45.9
 10
-37.57
 20
45.940000000000005
 10
-37.470000000000006
 20
45.96
 10
-37.39
 20
46.0
 10
-37.35
 20
46.0
 10
-37.29
 20
46.04
 10
-37.25
 20
46.04
 10
-37.17
 20
46.080000000000005
 10
-37.07
 20
46.1
 10
-37.01
 20
46.14
 10
-36.85
 20
46.18
 10
-36.77
 20
46.220000000000006
 10
-36.730000000000004
 20
46.220000000000006
 10
-36.67
 20
46.26
 10
-36.63
 20
46.26
 10
-36.550000000000004
 20
46.300000000000004
 10
-36.45
 20
46.32
 10
-36.39
 20
46.36
 10
-36.35
 20
46.36
 10
-36.330000000000005
 20
46.38
 10
-36.17
 20
46.42
 10
-36.11
 20
46.46
 10
-36.07
 20
46.46
 10
-36.050000000000004
 20
46.480000000000004
 10
-36.01
 20
46.480000000000004
 10
-35.93
 20
46.52
 10
-35.830000000000005
 20
46.54
 10
-35.77
 20
46.580000000000005
 10
-35.61
 20
46.62
 10
-35.59
 20
46.64
 10
-35.550000000000004
 20
46.64
 10
-35.49
 20
46.68
 10
-35.45
 20
46.68
 10
-35.37
 20
46.720000000000006
 10
-35.27
 20
46.74
 10
-35.21
 20
46.78
 10
-35.17
 20
46.78
 10
-35.09
 20
46.82
 10
-35.01
 20
46.82
 10
-34.89
 20
46.88
 10
-34.82
 20
46.95
 10
-34.78
 20
47.03
 10
-34.78
 20
47.11
 10
-34.76
 20
47.11
 10
-34.76
 20
46.45
 10
-34.720000000000006
 20
46.37
 10
-34.660000000000004
 20
46.35
 10
-34.690000000000005
 20
46.32
 10
-34.77
 20
46.32
 10
-34.85
 20
46.28
 10
-34.89
 20
46.28
 10
-34.910000000000004
 20
46.26
 10
-35.07
 20
46.220000000000006
 10
-35.13
 20
46.18
 10
-35.230000000000004
 20
46.160000000000004
 10
-35.25
 20
46.14
 10
-35.29
 20
46.14
 10
-35.37
 20
46.1
 10
-35.410000000000004
 20
46.1
 10
-35.470000000000006
 20
46.06
 10
-35.63
 20
46.02
 10
-35.71
 20
45.980000000000004
 10
-35.75
 20
45.980000000000004
 10
-35.81
 20
45.940000000000005
 10
-35.85
 20
45.940000000000005
 10
-35.93
 20
45.9
 10
-36.09
 20
45.86
 10
-36.15
 20
45.82
 10
-36.190000000000005
 20
45.82
 10
-36.27
 20
45.78
 10
-36.31
 20
45.78
 10
-36.330000000000005
 20
45.76
 10
-36.43
 20
45.74
 10
-36.49
 20
45.7
 10
-36.53
 20
45.7
 10
-36.550000000000004
 20
45.68
 10
-36.71
 20
45.64
 10
-36.77
 20
45.6
 10
-36.87
 20
45.580000000000005
 10
-36.89
 20
45.56
 10
-36.93
 20
45.56
 10
-37.01
 20
45.52
 10
-37.050000000000004
 20
45.52
 10
-37.11
 20
45.480000000000004
 10
-37.15
 20
45.480000000000004
 10
-37.17
 20
45.46
 10
-37.21
 20
45.46
 10
-37.29
 20
45.42
 10
-37.330000000000005
 20
45.42
 10
-37.35
 20
45.4
 10
-37.39
 20
45.4
 10
-37.45
 20
45.36
 10
-37.550000000000004
 20
45.34
 10
-37.57
 20
45.32
 10
-37.67
 20
45.300000000000004
 10
-37.690000000000005
 20
45.28
 10
-37.730000000000004
 20
45.28
 10
-37.79
 20
45.24
 10
-37.830000000000005
 20
45.24
 10
-37.910000000000004
 20
45.2
 10
-37.95
 20
45.2
 10
-37.970000000000006
 20
45.18
 10
-38.07
 20
45.160000000000004
 10
-38.13
 20
45.12
 10
-38.29
 20
45.080000000000005
 10
-38.37
 20
45.04
 10
-38.410000000000004
 20
45.04
 10
-38.470000000000006
 20
45.0
 10
-38.57
 20
44.980000000000004
 10
-38.65
 20
44.940000000000005
 10
-38.690000000000005
 20
44.940000000000005
 10
-38.71
 20
44.92
 10
-38.75
 20
44.92
 10
-38.81
 20
44.88
 10
-38.970000000000006
 20
44.84
 10
-39.050000000000004
 20
44.800000000000004
 10
-39.09
 20
44.800000000000004
 10
-39.15
 20
44.76
 10
-39.190000000000005
 20
44.76
 10
-39.21
 20
44.74
 10
-39.37
 20
44.7
 10
-39.39
 20
44.68
 10
-39.43
 20
44.68
 10
-39.49
 20
44.64
 10
-39.53
 20
44.64
 10
-39.550000000000004
 20
44.62
 10
-39.59
 20
44.62
 10
-39.67
 20
44.580000000000005
 10
-39.71
 20
44.580000000000005
 10
-39.730000000000004
 20
44.56
 10
-39.77
 20
44.56
 10
-39.830000000000005
 20
44.52
 10
-39.99
 20
44.480000000000004
 10
-40.07
 20
44.440000000000005
 10
-40.11
 20
44.440000000000005
 10
-40.17
 20
44.4
 10
-40.27
 20
44.38
 10
-40.29
 20
44.36
 10
-40.39
 20
44.34
 10
-40.410000000000004
 20
44.32
 10
-40.45
 20
44.32
 10
-40.57
 20
44.26
 10
-40.730000000000004
 20
44.220000000000006
 10
-40.79
 20
44.18
 10
-40.830000000000005
 20
44.18
 10
-40.910000000000004
 20
44.14
 10
-40.95
 20
44.14
 10
-40.970000000000006
 20
44.12
 10
-41.07
 20
44.1
 10
-41.13
 20
44.06
 10
-41.29
 20
44.02
 10
-41.37
 20
43.98
 10
-41.410000000000004
 20
43.98
 10
-41.470000000000006
 20
43.940000000000005
 10
-41.57
 20
43.92
 10
-41.59
 20
43.9
 10
-41.75
 20
43.86000000000001
 10
-41.81
 20
43.82
 10
-41.910000000000004
 20
43.800000000000004
 10
-41.93
 20
43.78
 10
-41.970000000000006
 20
43.78
 10
-42.050000000000004
 20
43.74
 10
-42.09
 20
43.74
 10
-42.17
 20
43.7
 10
-42.24
 20
43.63
 10
-42.26
 20
43.57
 10
-42.29
 20
43.54
 10
-42.330000000000005
 20
43.54
 10
-42.35
 20
43.52
 10
-42.39
 20
43.54
 10
-42.47
 20
43.54
 10
-42.49
 20
43.56
 10
-42.59
 20
43.56
 10
-42.61
 20
43.54
 10
-42.63
 20
43.56
 10
-42.67
 20
43.56
 10
-42.730000000000004
 20
43.62
 10
-42.75
 20
43.62
 10
-42.79
 20
43.660000000000004
 10
-42.870000000000005
 20
43.7
  0
HATCH
  5
8E
330
17
100
AcDbEntity
  8
BLINDING-GROUND-BEAMS-HATCH
 62
7
100
AcDbHatch
 10
0.0
 20
0.0
 30
0.0
210
0.0
220
0.0
230
1.0
  2
ANSI31
 70
0
 71
0
 91
1
 92
3
 72
0
 73
1
 93
280
 10
-42.93
 20
43.76
 10
-43.04
 20
43.830000000000005
 10
-43.06
 20
43.910000000000004
 10
-43.04
 20
43.93
 10
-43.04
 20
43.970000000000006
 10
-42.97
 20
44.02
 10
-42.93
 20
44.02
 10
-42.85
 20
44.06
 10
-42.81
 20
44.06
 10
-42.79
 20
44.080000000000005
 10
-42.75
 20
44.080000000000005
 10
-42.690000000000005
 20
44.12
 10
-42.65
 20
44.12
 10
-42.57
 20
44.160000000000004
 10
-42.47
 20
44.18
 10
-42.410000000000004
 20
44.220000000000006
 10
-42.25
 20
44.26
 10
-42.17
 20
44.300000000000004
 10
-42.13
 20
44.300000000000004
 10
-42.07
 20
44.34
 10
-41.970000000000006
 20
44.36
 10
-41.89
 20
44.4
 10
-41.85
 20
44.4
 10
-41.79
 20
44.440000000000005
 10
-41.690000000000005
 20
44.46
 10
-41.61
 20
44.5
 10
-41.57
 20
44.5
 10
-41.51
 20
44.54
 10
-41.470000000000006
 20
44.54
 10
-41.45
 20
44.56
 10
-41.410000000000004
 20
44.56
 10
-41.39
 20
44.580000000000005
 10
-41.29
 20
44.6
 10
-41.27
 20
44.62
 10
-41.230000000000004
 20
44.62
 10
-41.17
 20
44.660000000000004
 10
-41.13
 20
44.660000000000004
 10
-41.050000000000004
 20
44.7
 10
-41.01
 20
44.7
 10
-40.99
 20
44.720000000000006
 10
-40.95
 20
44.720000000000006
 10
-40.89
 20
44.76
 10
-40.85
 20
44.76
 10
-40.77
 20
44.800000000000004
 10
-40.67
 20
44.82
 10
-40.61
 20
44.86
 10
-40.57
 20
44.86
 10
-40.550000000000004
 20
44.88
 10
-40.51
 20
44.88
 10
-40.43
 20
44.92
 10
-40.39
 20
44.92
 10
-40.37
 20
44.940000000000005
 10
-40.330000000000005
 20
44.940000000000005
 10
-40.27
 20
44.980000000000004
 10
-40.17
 20
45.0
 10
-40.09
 20
45.04
 10
-40.050000000000004
 20
45.04
 10
-39.99
 20
45.080000000000005
 10
-39.830000000000005
 20
45.12
 10
-39.81
 20
45.14
 10
-39.77
 20
45.14
 10
-39.71
 20
45.18
 10
-39.67
 20
45.18
 10
-39.65
 20
45.2
 10
-39.61
 20
45.2
 10
-39.59
 20
45.220000000000006
 10
-39.49
 20
45.24
 10
-39.470000000000006
 20
45.26
 10
-39.43
 20
45.26
 10
-39.37
 20
45.300000000000004
 10
-39.27
 20
45.32
 10
-39.190000000000005
 20
45.36
 10
-39.15
 20
45.36
 10
-39.09
 20
45.4
 10
-39.050000000000004
 20
45.4
 10
-39.03
 20
45.42
 10
-38.99
 20
45.42
 10
-38.910000000000004
 20
45.46
 10
-38.87
 20
45.46
 10
-38.81
 20
45.5
 10
-38.77
 20
45.5
 10
-38.75
 20
45.52
 10
-38.71
 20
45.52
 10
-38.63
 20
45.56
 10
-38.59
 20
45.56
 10
-38.57
 20
45.580000000000005
 10
-38.53
 20
45.580000000000005
 10
-38.470000000000006
 20
45.62
 10
-38.43
 20
45.62
 10
-38.35
 20
45.660000000000004
 10
-38.25
 20
45.68
 10
-38.190000000000005
 20
45.720000000000006
 10
-38.15
 20
45.720000000000006
 10
-38.13
 20
45.74
 10
-37.970000000000006
 20
45.78
 10
-37.910000000000004
 20
45.82
 10
-37.87
 20
45.82
 10
-37.85
 20
45.84
 10
-37.75
 20
45.86
 10
-37.67
 20
45.9
 10
-37.63
 20
45.9
 10
-37.57
 20
45.940000000000005
 10
-37.470000000000006
 20
45.96
 10
-37.39
 20
46.0
 10
-37.35
 20
46.0
 10
-37.29
 20
46.04
 10
-37.25
 20
46.04
 10
-37.17
 20
46.080000000000005
 10
-37.07
 20
46.1
 10
-37.01
 20
46.14
 10
-36.85
 20
46.18
 10
-36.77
 20
46.220000000000006
 10
-36.730000000000004
 20
46.220000000000006
 10
-36.67
 20
46.26
 10
-36.63
 20
46.26
 10
-36.550000000000004
 20
46.300000000000004
 10
-36.45
 20
46.32
 10
-36.39
 20
46.36
 10
-36.35
 20
46.36
 10
-36.330000000000005
 20
46.38
 10
-36.17
 20
46.42
 10
-36.11
 20
46.46
 10
-36.07
 20
46.46
 10
-36.050000000000004
 20
46.480000000000004
 10
-36.01
 20
46.480000000000004
 10
-35.93
 20
46.52
 10
-35.830000000000005
 20
46.54
 10
-35.77
 20
46.580000000000005
 10
-35.61
 20
46.62
 10
-35.59
 20
46.64
 10
-35.550000000000004
 20
46.64
 10
-35.49
 20
46.68
 10
-35.45
 20
46.68
 10
-35.37
 20
46.720000000000006
 10
-35.27
 20
46.74
 10
-35.21
 20
46.78
 10
-35.17
 20
46.78
 10
-35.09
 20
46.82
 10
-35.01
 20
46.82
 10
-34.89
 20
46.88
 10
-34.82
 20
46.95
 10
-34.78
 20
47.03
 10
-34.78
 20
47.11
 10
-34.76
 20
47.11
 10
-34.76
 20
46.45
 10
-34.720000000000006
 20
46.37
 10
-34.660000000000004
 20
46.35
 10
-34.690000000000005
 20
46.32
 10
-34.77
 20
46.32
 10
-34.85
 20
46.28
 10
-34.89
 20
46.28
 10
-34.910000000000004
 20
46.26
 10
-35.07
 20
46.220000000000006
 10
-35.13
 20
46.18
 10
-35.230000000000004
 20
46.160000000000004
 10
-35.25
 20
46.14
 10
-35.29
 20
46.14
 10
-35.37
 20
46.1
 10
-35.410000000000004
 20
46.1
 10
-35.470000000000006
 20
46.06
 10
-35.63
 20
46.02
 10
-35.71
 20
45.980000000000004
 10
-35.75
 20
45.980000000000004
 10
-35.81
 20
45.940000000000005
 10
-35.85
 20
45.940000000000005
 10
-35.93
 20
45.9
 10
-36.09
 20
45.86
 10
-36.15
 20
45.82
 10
-36.190000000000005
 20
45.82
 10
-36.27
 20
45.78
 10
-36.31
 20
45.78
 10
-36.330000000000005
 20
45.76
 10
-36.43
 20
45.74
 10
-36.49
 20
45.7
 10
-36.53
 20
45.7
 10
-36.550000000000004
 20
45.68
 10
-36.71
 20
45.64
 10
-36.77
 20
45.6
 10
-36.87
 20
45.580000000000005
 10
-36.89
 20
45.56
 10
-36.93
 20
45.56
 10
-37.01
 20
45.52
 10
-37.050000000000004
 20
45.52
 10
-37.11
 20
45.480000000000004
 10
-37.15
 20
45.480000000000004
 10
-37.17
 20
45.46
 10
-37.21
 20
45.46
 10
-37.29
 20
45.42
 10
-37.330000000000005
 20
45.42
 10
-37.35
 20
45.4
 10
-37.39
 20
45.4
 10
-37.45
 20
45.36
 10
-37.550000000000004
 20
45.34
 10
-37.57
 20
45.32
 10
-37.67
 20
45.300000000000004
 10
-37.690000000000005
 20
45.28
 10
-37.730000000000004
 20
45.28
 10
-37.79
 20
45.24
 10
-37.830000000000005
 20
45.24
 10
-37.910000000000004
 20
45.2
 10
-37.95
 20
45.2
 10
-37.970000000000006
 20
45.18
 10
-38.07
 20
45.160000000000004
 10
-38.13
 20
45.12
 10
-38.29
 20
45.080000000000005
 10
-38.37
 20
45.04
 10
-38.410000000000004
 20
45.04
 10
-38.470000000000006
 20
45.0
 10
-38.57
 20
44.980000000000004
 10
-38.65
 20
44.940000000000005
 10
-38.690000000000005
 20
44.940000000000005
 10
-38.71
 20
44.92
 10
-38.75
 20
44.92
 10
-38.81
 20
44.88
 10
-38.970000000000006
 20
44.84
 10
-39.050000000000004
 20
44.800000000000004
 10
-39.09
 20
44.800000000000004
 10
-39.15
 20
44.76
 10
-39.190000000000005
 20
44.76
 10
-39.21
 20
44.74
 10
-39.37
 20
44.7
 10
-39.39
 20
44.68
 10
-39.43
 20
44.68
 10
-39.49
 20
44.64
 10
-39.53
 20
44.64
 10
-39.550000000000004
 20
44.62
 10
-39.59
 20
44.62
 10
-39.67
 20
44.580000000000005
 10
-39.71
 20
44.580000000000005
 10
-39.730000000000004
 20
44.56
 10
-39.77
 20
44.56
 10
-39.830000000000005
 20
44.52
 10
-39.99
 20
44.480000000000004
 10
-40.07
 20
44.440000000000005
 10
-40.11
 20
44.440000000000005
 10
-40.17
 20
44.4
 10
-40.27
 20
44.38
 10
-40.29
 20
44.36
 10
-40.39
 20
44.34
 10
-40.410000000000004
 20
44.32
 10
-40.45
 20
44.32
 10
-40.57
 20
44.26
 10
-40.730000000000004
 20
44.220000000000006
 10
-40.79
 20
44.18
 10
-40.830000000000005
 20
44.18
 10
-40.910000000000004
 20
44.14
 10
-40.95
 20
44.14
 10
-40.970000000000006
 20
44.12
 10
-41.07
 20
44.1
 10
-41.13
 20
44.06
 10
-41.29
 20
44.02
 10
-41.37
 20
43.98
 10
-41.410000000000004
 20
43.98
 10
-41.470000000000006
 20
43.940000000000005
 10
-41.57
 20
43.92
 10
-41.59
 20
43.9
 10
-41.75
 20
43.86000000000001
 10
-41.81
 20
43.82
 10
-41.910000000000004
 20
43.800000000000004
 10
-41.93
 20
43.78
 10
-41.970000000000006
 20
43.78
 10
-42.050000000000004
 20
43.74
 10
-42.09
 20
43.74
 10
-42.17
 20
43.7
 10
-42.24
 20
43.63
 10
-42.26
 20
43.57
 10
-42.29
 20
43.54
 10
-42.330000000000005
 20
43.54
 10
-42.35
 20
43.52
 10
-42.39
 20
43.54
 10
-42.47
 20
43.54
 10
-42.49
 20
43.56
 10
-42.59
 20
43.56
 10
-42.61
 20
43.54
 10
-42.63
 20
43.56
 10
-42.67
 20
43.56
 10
-42.730000000000004
 20
43.62
 10
-42.75
 20
43.62
 10
-42.79
 20
43.660000000000004
 10
-42.870000000000005
 20
43.7
 97
0
 75
1
 76
1
 52
0.0
 41
0.03
 77
0
 78
1
 53
45.0
 43
0.0
 44
0.0
 45
-0.0673519209
 46
0.0673519209
 79
0
 98
0
  0
LWPOLYLINE
  5
8F
330
17
100
AcDbEntity
  8
BLINDING-GROUND-BEAMS
100
AcDbPolyline
 90
18
 70
1
 10
-40.220000000000006
 20
39.77
 10
-32.050000000000004
 20
39.78
 10
-32.03
 20
39.800000000000004
 10
-31.95
 20
39.800000000000004
 10
-31.869999999999997
 20
39.839999999999996
 10
-31.799999999999997
 20
39.910000000000004
 10
-31.759999999999998
 20
39.99
 10
-31.749999999999996
 20
40.080000000000005
 10
-31.74
 20
39.35
 10
-31.7
 20
39.27
 10
-39.87
 20
39.26
 10
-39.89
 20
39.24
 10
-39.970000000000006
 20
39.24
 10
-40.050000000000004
 20
39.2
 10
-40.12
 20
39.13
 10
-40.160000000000004
 20
39.050000000000004
 10
-40.17
 20
38.96
 10
-40.18
 20
39.690000000000005
  0
HATCH
  5
90
330
17
100
AcDbEntity
  8
BLINDING-GROUND-BEAMS-HATCH
 62
7
100
AcDbHatch
 10
0.0
 20
0.0
 30
0.0
210
0.0
220
0.0
230
1.0
  2
ANSI31
 70
0
 71
0
 91
1
 92
3
 72
0
 73
1
 93
18
 10
-40.220000000000006
 20
39.77
 10
-32.050000000000004
 20
39.78
 10
-32.03
 20
39.800000000000004
 10
-31.95
 20
39.800000000000004
 10
-31.869999999999997
 20
39.839999999999996
 10
-31.799999999999997
 20
39.910000000000004
 10
-31.759999999999998
 20
39.99
 10
-31.749999999999996
 20
40.080000000000005
 10
-31.74
 20
39.35
 10
-31.7
 20
39.27
 10
-39.87
 20
39.26
 10
-39.89
 20
39.24
 10
-39.970000000000006
 20
39.24
 10
-40.050000000000004
 20
39.2
 10
-40.12
 20
39.13
 10
-40.160000000000004
 20
39.050000000000004
 10
-40.17
 20
38.96
 10
-40.18
 20
39.690000000000005
 97
0
 75
1
 76
1
 52
0.0
 41
0.03
 77
0
 78
1
 53
45.0
 43
0.0
 44
0.0
 45
-0.0673519209
 46
0.0673519209
 79
0
 98
0
  0
LWPOLYLINE
  5
91
330
17
100
AcDbEntity
  8
BLINDING-GROUND-BEAMS
100
AcDbPolyline
 90
18
 70
1
 10
-37.24
 20
30.77
 10
-29.169999999999998
 20
30.779999999999998
 10
-29.15
 20
30.799999999999997
 10
-29.069999999999997
 20
30.799999999999997
 10
-28.99
 20
30.839999999999996
 10
-28.939999999999998
 20
30.889999999999997
 10
-28.88
 20
30.99
 10
-28.869999999999997
 20
31.08
 10
-28.86
 20
30.349999999999998
 10
-28.819999999999997
 20
30.27
 10
-36.89
 20
30.259999999999998
 10
-36.910000000000004
 20
30.24
 10
-36.99
 20
30.24
 10
-37.080000000000005
 20
30.189999999999998
 10
-37.14
 20
30.13
 10
-37.18
 20
30.049999999999997
 10
-37.190000000000005
 20
29.959999999999997
 10
-37.2
 20
30.689999999999998
  0
HATCH
  5
92
330
17
100
AcDbEntity
  8
BLINDING-GROUND-BEAMS-HATCH
 62
7
100
AcDbHatch
 10
0.0
 20
0.0
 30
0.0
210
0.0
220
0.0
230
1.0
  2
ANSI31
 70
0
 71
0
 91
1
 92
3
 72
0
 73
1
 93
18
 10
-37.24
 20
30.77
 10
-29.169999999999998
 20
30.779999999999998
 10
-29.15
 20
30.799999999999997
 10
-29.069999999999997
 20
30.799999999999997
 10
-28.99
 20
30.839999999999996
 10
-28.939999999999998
 20
30.889999999999997
 10
-28.88
 20
30.99
 10
-28.869999999999997
 20
31.08
 10
-28.86
 20
30.349999999999998
 10
-28.819999999999997
 20
30.27
 10
-36.89
 20
30.259999999999998
 10
-36.910000000000004
 20
30.24
 10
-36.99
 20
30.24
 10
-37.080000000000005
 20
30.189999999999998
 10
-37.14
 20
30.13
 10
-37.18
 20
30.049999999999997
 10
-37.190000000000005
 20
29.959999999999997
 10
-37.2
 20
30.689999999999998
 97
0
 75
1
 76
1
 52
0.0
 41
0.03
 77
0
 78
1
 53
45.0
 43
0.0
 44
0.0
 45
-0.0673519209
 46
0.0673519209
 79
0
 98
0
  0
LWPOLYLINE
  5
93
330
17
100
AcDbEntity
  8
BLINDING-GROUND-BEAMS
100
AcDbPolyline
 90
18
 70
1
 10
-34.24
 20
21.77
 10
-26.29
 20
21.779999999999998
 10
-26.27
 20
21.8
 10
-26.189999999999998
 20
21.8
 10
-26.089999999999996
 20
21.859999999999996
 10
-26.04
 20
21.91
 10
-25.999999999999996
 20
21.99
 10
-25.99
 20
22.079999999999995
 10
-25.979999999999997
 20
21.349999999999998
 10
-25.939999999999998
 20
21.27
 10
-33.89
 20
21.259999999999994
 10
-33.910000000000004
 20
21.24
 10
-33.99
 20
21.24
 10
-34.07
 20
21.2
 10
-34.160000000000004
 20
21.09
 10
-34.18
 20
21.05
 10
-34.190000000000005
 20
20.959999999999997
 10
-34.2
 20
21.689999999999994
  0
HATCH
  5
94
330
17
100
AcDbEntity
  8
BLINDING-GROUND-BEAMS-HATCH
 62
7
100
AcDbHatch
 10
0.0
 20
0.0
 30
0.0
210
0.0
220
0.0
230
1.0
  2
ANSI31
 70
0
 71
0
 91
1
 92
3
 72
0
 73
1
 93
18
 10
-34.24
 20
21.77
 10
-26.29
 20
21.779999999999998
 10
-26.27
 20
21.8
 10
-26.189999999999998
 20
21.8
 10
-26.089999999999996
 20
21.859999999999996
 10
-26.04
 20
21.91
 10
-25.999999999999996
 20
21.99
 10
-25.99
 20
22.079999999999995
 10
-25.979999999999997
 20
21.349999999999998
 10
-25.939999999999998
 20
21.27
 10
-33.89
 20
21.259999999999994
 10
-33.910000000000004
 20
21.24
 10
-33.99
 20
21.24
 10
-34.07
 20
21.2
 10
-34.160000000000004
 20
21.09
 10
-34.18
 20
21.05
 10
-34.190000000000005
 20
20.959999999999997
 10
-34.2
 20
21.689999999999994
 97
0
 75
1
 76
1
 52
0.0
 41
0.03
 77
0
 78
1
 53
45.0
 43
0.0
 44
0.0
 45
-0.0673519209
 46
0.0673519209
 79
0
 98
0
  0
LWPOLYLINE
  5
95
330
17
100
AcDbEntity
  8
BLINDING-GROUND-BEAMS
100
AcDbPolyline
 90
150
 70
1
 10
-25.65
 20
49.2
 10
-25.549999999999997
 20
49.06
 10
-25.47
 20
49.02
 10
-25.389999999999997
 20
49.02
 10
-25.369999999999997
 20
49.0
 10
-25.229999999999997
 20
49.0
 10
-25.209999999999997
 20
49.02
 10
-25.049999999999997
 20
49.02
 10
-25.029999999999998
 20
49.04
 10
-24.849999999999998
 20
49.04
 10
-24.83
 20
49.06
 10
-24.669999999999998
 20
49.06
 10
-24.65
 20
49.080000000000005
 10
-24.49
 20
49.080000000000005
 10
-24.47
 20
49.1
 10
-24.29
 20
49.1
 10
-24.27
 20
49.12
 10
-24.11
 20
49.12
 10
-24.089999999999996
 20
49.14
 10
-23.929999999999996
 20
49.14
 10
-23.909999999999997
 20
49.160000000000004
 10
-23.729999999999997
 20
49.160000000000004
 10
-23.709999999999997
 20
49.18
 10
-23.549999999999997
 20
49.18
 10
-23.529999999999998
 20
49.2
 10
-23.369999999999997
 20
49.2
 10
-23.349999999999998
 20
49.220000000000006
 10
-23.169999999999998
 20
49.220000000000006
 10
-23.15
 20
49.24
 10
-22.99
 20
49.24
 10
-22.97
 20
49.26
 10
-22.79
 20
49.26
 10
-22.77
 20
49.28
 10
-22.61
 20
49.28
 10
-22.589999999999996
 20
49.300000000000004
 10
-22.429999999999996
 20
49.300000000000004
 10
-22.409999999999997
 20
49.32
 10
-22.229999999999997
 20
49.32
 10
-22.209999999999997
 20
49.34
 10
-21.869999999999997
 20
49.36
 10
-21.849999999999998
 20
49.38
 10
-21.669999999999998
 20
49.38
 10
-21.65
 20
49.4
 10
-21.49
 20
49.4
 10
-21.47
 20
49.42
 10
-21.31
 20
49.42
 10
-21.29
 20
49.440000000000005
 10
-21.11
 20
49.440000000000005
 10
-21.089999999999996
 20
49.46
 10
-20.929999999999996
 20
49.46
 10
-20.909999999999997
 20
49.480000000000004
 10
-20.729999999999997
 20
49.480000000000004
 10
-20.709999999999997
 20
49.5
 10
-20.549999999999997
 20
49.5
 10
-20.529999999999998
 20
49.52
 10
-20.369999999999997
 20
49.52
 10
-20.349999999999998
 20
49.54
 10
-20.169999999999998
 20
49.54
 10
-20.15
 20
49.56
 10
-19.99
 20
49.56
 10
-19.97
 20
49.580000000000005
 10
-19.81
 20
49.580000000000005
 10
-19.79
 20
49.6
 10
-19.61
 20
49.6
 10
-19.589999999999996
 20
49.62
 10
-19.429999999999996
 20
49.62
 10
-19.409999999999997
 20
49.64
 10
-19.249999999999996
 20
49.64
 10
-19.229999999999997
 20
49.660000000000004
 10
-19.049999999999997
 20
49.660000000000004
 10
-19.029999999999998
 20
49.68
 10
-18.709999999999997
 20
49.7
 10
-18.689999999999998
 20
49.720000000000006
 10
-18.61
 20
49.720000000000006
 10
-18.529999999999998
 20
49.76
 10
-18.459999999999997
 20
49.830000000000005
 10
-18.439999999999998
 20
49.89
 10
-18.419999999999998
 20
49.89
 10
-18.429999999999996
 20
48.980000000000004
 10
-18.459999999999997
 20
49.050000000000004
 10
-18.499999999999996
 20
49.09
 10
-18.61
 20
49.160000000000004
 10
-18.689999999999998
 20
49.160000000000004
 10
-18.709999999999997
 20
49.18
 10
-18.849999999999998
 20
49.18
 10
-18.869999999999997
 20
49.160000000000004
 10
-19.029999999999998
 20
49.160000000000004
 10
-19.049999999999997
 20
49.14
 10
-19.229999999999997
 20
49.14
 10
-19.249999999999996
 20
49.12
 10
-19.409999999999997
 20
49.12
 10
-19.429999999999996
 20
49.1
 10
-19.589999999999996
 20
49.1
 10
-19.61
 20
49.080000000000005
 10
-19.79
 20
49.080000000000005
 10
-19.81
 20
49.06
 10
-19.97
 20
49.06
 10
-19.99
 20
49.04
 10
-20.15
 20
49.04
 10
-20.169999999999998
 20
49.02
 10
-20.349999999999998
 20
49.02
 10
-20.369999999999997
 20
49.0
 10
-20.709999999999997
 20
48.980000000000004
 10
-20.729999999999997
 20
48.96
 10
-20.909999999999997
 20
48.96
 10
-20.929999999999996
 20
48.940000000000005
 10
-21.089999999999996
 20
48.940000000000005
 10
-21.11
 20
48.92
 10
-21.29
 20
48.92
 10
-21.31
 20
48.9
 10
-21.65
 20
48.88
 10
-21.669999999999998
 20
48.86
 10
-21.849999999999998
 20
48.86
 10
-21.869999999999997
 20
48.84
 10
-22.029999999999998
 20
48.84
 10
-22.049999999999997
 20
48.82
 10
-22.209999999999997
 20
48.82
 10
-22.229999999999997
 20
48.800000000000004
 10
-22.409999999999997
 20
48.800000000000004
 10
-22.429999999999996
 20
48.78
 10
-22.589999999999996
 20
48.78
 10
-22.61
 20
48.76
 10
-22.77
 20
48.76
 10
-22.79
 20
48.74
 10
-22.97
 20
48.74
 10
-22.99
 20
48.720000000000006
 10
-23.15
 20
48.720000000000006
 10
-23.169999999999998
 20
48.7
 10
-23.349999999999998
 20
48.7
 10
-23.369999999999997
 20
48.68
 10
-23.709999999999997
 20
48.660000000000004
 10
-23.729999999999997
 20
48.64
 10
-23.909999999999997
 20
48.64
 10
-23.929999999999996
 20
48.62
 10
-24.27
 20
48.6
 10
-24.29
 20
48.580000000000005
 10
-24.47
 20
48.580000000000005
 10
-24.49
 20
48.56
 10
-24.65
 20
48.56
 10
-24.669999999999998
 20
48.54
 10
-24.83
 20
48.54
 10
-24.849999999999998
 20
48.52
 10
-25.029999999999998
 20
48.52
 10
-25.049999999999997
 20
48.5
 10
-25.369999999999997
 20
48.480000000000004
 10
-25.389999999999997
 20
48.46
 10
-25.47
 20
48.46
 10
-25.549999999999997
 20
48.42
 10
-25.619999999999997
 20
48.35
 10
-25.65
 20
48.28
  0
HATCH
  5
96
330
17
100
AcDbEntity
  8
BLINDING-GROUND-BEAMS-HATCH
 62
7
100
AcDbHatch
 10
0.0
 20
0.0
 30
0.0
210
0.0
220
0.0
230
1.0
  2
ANSI31
 70
0
 71
0
 91
1
 92
3
 72
0
 73
1
 93
150
 10
-25.65
 20
49.2
 10
-25.549999999999997
 20
49.06
 10
-25.47
 20
49.02
 10
-25.389999999999997
 20
49.02
 10
-25.369999999999997
 20
49.0
 10
-25.229999999999997
 20
49.0
 10
-25.209999999999997
 20
49.02
 10
-25.049999999999997
 20
49.02
 10
-25.029999999999998
 20
49.04
 10
-24.849999999999998
 20
49.04
 10
-24.83
 20
49.06
 10
-24.669999999999998
 20
49.06
 10
-24.65
 20
49.080000000000005
 10
-24.49
 20
49.080000000000005
 10
-24.47
 20
49.1
 10
-24.29
 20
49.1
 10
-24.27
 20
49.12
 10
-24.11
 20
49.12
 10
-24.089999999999996
 20
49.14
 10
-23.929999999999996
 20
49.14
 10
-23.909999999999997
 20
49.160000000000004
 10
-23.729999999999997
 20
49.160000000000004
 10
-23.709999999999997
 20
49.18
 10
-23.549999999999997
 20
49.18
 10
-23.529999999999998
 20
49.2
 10
-23.369999999999997
 20
49.2
 10
-23.349999999999998
 20
49.220000000000006
 10
-23.169999999999998
 20
49.220000000000006
 10
-23.15
 20
49.24
 10
-22.99
 20
49.24
 10
-22.97
 20
49.26
 10
-22.79
 20
49.26
 10
-22.77
 20
49.28
 10
-22.61
 20
49.28
 10
-22.589999999999996
 20
49.300000000000004
 10
-22.429999999999996
 20
49.300000000000004
 10
-22.409999999999997
 20
49.32
 10
-22.229999999999997
 20
49.32
 10
-22.209999999999997
 20
49.34
 10
-21.869999999999997
 20
49.36
 10
-21.849999999999998
 20
49.38
 10
-21.669999999999998
 20
49.38
 10
-21.65
 20
49.4
 10
-21.49
 20
49.4
 10
-21.47
 20
49.42
 10
-21.31
 20
49.42
 10
-21.29
 20
49.440000000000005
 10
-21.11
 20
49.440000000000005
 10
-21.089999999999996
 20
49.46
 10
-20.929999999999996
 20
49.46
 10
-20.909999999999997
 20
49.480000000000004
 10
-20.729999999999997
 20
49.480000000000004
 10
-20.709999999999997
 20
49.5
 10
-20.549999999999997
 20
49.5
 10
-20.529999999999998
 20
49.52
 10
-20.369999999999997
 20
49.52
 10
-20.349999999999998
 20
49.54
 10
-20.169999999999998
 20
49.54
 10
-20.15
 20
49.56
 10
-19.99
 20
49.56
 10
-19.97
 20
49.580000000000005
 10
-19.81
 20
49.580000000000005
 10
-19.79
 20
49.6
 10
-19.61
 20
49.6
 10
-19.589999999999996
 20
49.62
 10
-19.429999999999996
 20
49.62
 10
-19.409999999999997
 20
49.64
 10
-19.249999999999996
 20
49.64
 10
-19.229999999999997
 20
49.660000000000004
 10
-19.049999999999997
 20
49.660000000000004
 10
-19.029999999999998
 20
49.68
 10
-18.709999999999997
 20
49.7
 10
-18.689999999999998
 20
49.720000000000006
 10
-18.61
 20
49.720000000000006
 10
-18.529999999999998
 20
49.76
 10
-18.459999999999997
 20
49.830000000000005
 10
-18.439999999999998
 20
49.89
 10
-18.419999999999998
 20
49.89
 10
-18.429999999999996
 20
48.980000000000004
 10
-18.459999999999997
 20
49.050000000000004
 10
-18.499999999999996
 20
49.09
 10
-18.61
 20
49.160000000000004
 10
-18.689999999999998
 20
49.160000000000004
 10
-18.709999999999997
 20
49.18
 10
-18.849999999999998
 20
49.18
 10
-18.869999999999997
 20
49.160000000000004
 10
-19.029999999999998
 20
49.160000000000004
 10
-19.049999999999997
 20
49.14
 10
-19.229999999999997
 20
49.14
 10
-19.249999999999996
 20
49.12
 10
-19.409999999999997
 20
49.12
 10
-19.429999999999996
 20
49.1
 10
-19.589999999999996
 20
49.1
 10
-19.61
 20
49.080000000000005
 10
-19.79
 20
49.080000000000005
 10
-19.81
 20
49.06
 10
-19.97
 20
49.06
 10
-19.99
 20
49.04
 10
-20.15
 20
49.04
 10
-20.169999999999998
 20
49.02
 10
-20.349999999999998
 20
49.02
 10
-20.369999999999997
 20
49.0
 10
-20.709999999999997
 20
48.980000000000004
 10
-20.729999999999997
 20
48.96
 10
-20.909999999999997
 20
48.96
 10
-20.929999999999996
 20
48.940000000000005
 10
-21.089999999999996
 20
48.940000000000005
 10
-21.11
 20
48.92
 10
-21.29
 20
48.92
 10
-21.31
 20
48.9
 10
-21.65
 20
48.88
 10
-21.669999999999998
 20
48.86
 10
-21.849999999999998
 20
48.86
 10
-21.869999999999997
 20
48.84
 10
-22.029999999999998
 20
48.84
 10
-22.049999999999997
 20
48.82
 10
-22.209999999999997
 20
48.82
 10
-22.229999999999997
 20
48.800000000000004
 10
-22.409999999999997
 20
48.800000000000004
 10
-22.429999999999996
 20
48.78
 10
-22.589999999999996
 20
48.78
 10
-22.61
 20
48.76
 10
-22.77
 20
48.76
 10
-22.79
 20
48.74
 10
-22.97
 20
48.74
 10
-22.99
 20
48.720000000000006
 10
-23.15
 20
48.720000000000006
 10
-23.169999999999998
 20
48.7
 10
-23.349999999999998
 20
48.7
 10
-23.369999999999997
 20
48.68
 10
-23.709999999999997
 20
48.660000000000004
 10
-23.729999999999997
 20
48.64
 10
-23.909999999999997
 20
48.64
 10
-23.929999999999996
 20
48.62
 10
-24.27
 20
48.6
 10
-24.29
 20
48.580000000000005
 10
-24.47
 20
48.580000000000005
 10
-24.49
 20
48.56
 10
-24.65
 20
48.56
 10
-24.669999999999998
 20
48.54
 10
-24.83
 20
48.54
 10
-24.849999999999998
 20
48.52
 10
-25.029999999999998
 20
48.52
 10
-25.049999999999997
 20
48.5
 10
-25.369999999999997
 20
48.480000000000004
 10
-25.389999999999997
 20
48.46
 10
-25.47
 20
48.46
 10
-25.549999999999997
 20
48.42
 10
-25.619999999999997
 20
48.35
 10
-25.65
 20
48.28
 97
0
 75
1
 76
1
 52
0.0
 41
0.03
 77
0
 78
1
 53
45.0
 43
0.0
 44
0.0
 45
-0.0673519209
 46
0.0673519209
 79
0
 98
0
  0
LWPOLYLINE
  5
97
330
17
100
AcDbEntity
  8
BLINDING-GROUND-BEAMS
100
AcDbPolyline
 90
26
 70
1
 10
-0.20999999999999885
 20
49.46
 10
-6.770000000000001
 20
49.46
 10
-6.789999999999997
 20
49.440000000000005
 10
-6.870000000000003
 20
49.440000000000005
 10
-6.950000000000001
 20
49.4
 10
-7.020000000000001
 20
49.330000000000005
 10
-7.0500000000000025
 20
49.26
 10
-7.0600000000000005
 20
50.17
 10
-7.039999999999997
 20
50.17
 10
-7.020000000000001
 20
50.11
 10
-6.950000000000001
 20
50.04
 10
-6.870000000000003
 20
50.0
 10
-6.789999999999997
 20
50.0
 10
-6.770000000000001
 20
49.980000000000004
 10
-0.20999999999999885
 20
49.980000000000004
 10
-0.18999999999999573
 20
50.0
 10
-0.10999999999999745
 20
50.0
 10
-0.029999999999999145
 20
50.04
 10
0.04000000000000114
 20
50.11
 10
0.060000000000004265
 20
50.17
 10
0.08000000000000028
 20
50.17
 10
0.07000000000000227
 20
49.26
 10
0.04000000000000114
 20
49.330000000000005
 10
-0.029999999999999145
 20
49.4
 10
-0.10999999999999745
 20
49.440000000000005
 10
-0.18999999999999573
 20
49.440000000000005
  0
HATCH
  5
98
330
17
100
AcDbEntity
  8
BLINDING-GROUND-BEAMS-HATCH
 62
7
100
AcDbHatch
 10
0.0
 20
0.0
 30
0.0
210
0.0
220
0.0
230
1.0
  2
ANSI31
 70
0
 71
0
 91
1
 92
3
 72
0
 73
1
 93
26
 10
-0.20999999999999885
 20
49.46
 10
-6.770000000000001
 20
49.46
 10
-6.789999999999997
 20
49.440000000000005
 10
-6.870000000000003
 20
49.440000000000005
 10
-6.950000000000001
 20
49.4
 10
-7.020000000000001
 20
49.330000000000005
 10
-7.0500000000000025
 20
49.26
 10
-7.0600000000000005
 20
50.17
 10
-7.039999999999997
 20
50.17
 10
-7.020000000000001
 20
50.11
 10
-6.950000000000001
 20
50.04
 10
-6.870000000000003
 20
50.0
 10
-6.789999999999997
 20
50.0
 10
-6.770000000000001
 20
49.980000000000004
 10
-0.20999999999999885
 20
49.980000000000004
 10
-0.18999999999999573
 20
50.0
 10
-0.10999999999999745
 20
50.0
 10
-0.029999999999999145
 20
50.04
 10
0.04000000000000114
 20
50.11
 10
0.060000000000004265
 20
50.17
 10
0.08000000000000028
 20
50.17
 10
0.07000000000000227
 20
49.26
 10
0.04000000000000114
 20
49.330000000000005
 10
-0.029999999999999145
 20
49.4
 10
-0.10999999999999745
 20
49.440000000000005
 10
-0.18999999999999573
 20
49.440000000000005
 97
0
 75
1
 76
1
 52
0.0
 41
0.03
 77
0
 78
1
 53
45.0
 43
0.0
 44
0.0
 45
-0.0673519209
 46
0.0673519209
 79
0
 98
0
  0
LWPOLYLINE
  5
99
330
17
100
AcDbEntity
  8
BLINDING-GROUND-BEAMS
100
AcDbPolyline
 90
22
 70
1
 10
-26.119999999999997
 20
39.77
 10
-19.209999999999997
 20
39.78
 10
-19.189999999999998
 20
39.800000000000004
 10
-19.11
 20
39.800000000000004
 10
-19.029999999999998
 20
39.839999999999996
 10
-18.959999999999997
 20
39.910000000000004
 10
-18.929999999999996
 20
39.98
 10
-18.919999999999998
 20
39.07
 10
-18.939999999999998
 20
39.07
 10
-18.959999999999997
 20
39.13
 10
-19.029999999999998
 20
39.2
 10
-19.11
 20
39.24
 10
-19.189999999999998
 20
39.24
 10
-19.209999999999997
 20
39.26
 10
-25.77
 20
39.26
 10
-25.79
 20
39.24
 10
-25.869999999999997
 20
39.24
 10
-25.959999999999997
 20
39.190000000000005
 10
-26.02
 20
39.13
 10
-26.06
 20
39.050000000000004
 10
-26.069999999999997
 20
38.96
 10
-26.08
 20
39.690000000000005
  0
HATCH
  5
9A
330
17
100
AcDbEntity
  8
BLINDING-GROUND-BEAMS-HATCH
 62
7
100
AcDbHatch
 10
0.0
 20
0.0
 30
0.0
210
0.0
220
0.0
230
1.0
  2
ANSI31
 70
0
 71
0
 91
1
 92
3
 72
0
 73
1
 93
22
 10
-26.119999999999997
 20
39.77
 10
-19.209999999999997
 20
39.78
 10
-19.189999999999998
 20
39.800000000000004
 10
-19.11
 20
39.800000000000004
 10
-19.029999999999998
 20
39.839999999999996
 10
-18.959999999999997
 20
39.910000000000004
 10
-18.929999999999996
 20
39.98
 10
-18.919999999999998
 20
39.07
 10
-18.939999999999998
 20
39.07
 10
-18.959999999999997
 20
39.13
 10
-19.029999999999998
 20
39.2
 10
-19.11
 20
39.24
 10
-19.189999999999998
 20
39.24
 10
-19.209999999999997
 20
39.26
 10
-25.77
 20
39.26
 10
-25.79
 20
39.24
 10
-25.869999999999997
 20
39.24
 10
-25.959999999999997
 20
39.190000000000005
 10
-26.02
 20
39.13
 10
-26.06
 20
39.050000000000004
 10
-26.069999999999997
 20
38.96
 10
-26.08
 20
39.690000000000005
 97
0
 75
1
 76
1
 52
0.0
 41
0.03
 77
0
 78
1
 53
45.0
 43
0.0
 44
0.0
 45
-0.0673519209
 46
0.0673519209
 79
0
 98
0
  0
LWPOLYLINE
  5
9B
330
17
100
AcDbEntity
  8
BLINDING-GROUND-BEAMS
100
AcDbPolyline
 90
56
 70
1
 10
-10.649999999999997
 20
4.980000000000002
 10
-10.620000000000003
 20
4.910000000000002
 10
-10.550000000000002
 20
4.840000000000002
 10
-10.469999999999997
 20
4.8000000000000025
 10
-10.389999999999999
 20
4.8000000000000025
 10
-10.370000000000003
 20
4.779999999999999
 10
-9.709999999999999
 20
4.779999999999999
 10
-9.689999999999996
 20
4.8000000000000025
 10
-9.609999999999998
 20
4.8000000000000025
 10
-9.53
 20
4.840000000000002
 10
-9.459999999999999
 20
4.910000000000002
 10
-9.42
 20
4.99
 10
-9.42
 20
5.0699999999999985
 10
-9.399999999999997
 20
5.090000000000002
 10
-9.399999999999997
 20
6.3299999999999965
 10
-9.42
 20
6.35
 10
-9.42
 20
6.429999999999998
 10
-9.459999999999999
 20
6.509999999999996
 10
-9.53
 20
6.5799999999999965
 10
-9.6
 20
6.609999999999998
 10
-8.689999999999996
 20
6.619999999999996
 10
-8.689999999999996
 20
6.6
 10
-8.749999999999998
 20
6.5799999999999965
 10
-8.819999999999999
 20
6.509999999999996
 10
-8.859999999999998
 20
6.429999999999998
 10
-8.859999999999998
 20
6.35
 10
-8.88
 20
6.3299999999999965
 10
-8.88
 20
5.090000000000002
 10
-8.859999999999998
 20
5.0699999999999985
 10
-8.859999999999998
 20
4.99
 10
-8.819999999999999
 20
4.910000000000002
 10
-8.749999999999998
 20
4.840000000000002
 10
-8.67
 20
4.8000000000000025
 10
-8.590000000000002
 20
4.8000000000000025
 10
-8.569999999999999
 20
4.779999999999999
 10
-5.969999999999997
 20
4.779999999999999
 10
-5.950000000000001
 20
4.8000000000000025
 10
-5.870000000000003
 20
4.8000000000000025
 10
-5.759999999999996
 20
4.869999999999996
 10
-5.719999999999997
 20
4.910000000000002
 10
-5.679999999999998
 20
4.99
 10
-5.67
 20
5.0799999999999965
 10
-5.660000000000002
 20
4.35
 10
-5.639999999999999
 20
4.3299999999999965
 10
-5.639999999999999
 20
4.289999999999997
 10
-5.609999999999998
 20
4.259999999999996
 10
-5.5600000000000005
 20
4.249999999999998
 10
-5.649999999999997
 20
4.24
 10
-5.67
 20
4.259999999999996
 10
-10.370000000000003
 20
4.259999999999996
 10
-10.389999999999999
 20
4.24
 10
-10.469999999999997
 20
4.24
 10
-10.550000000000002
 20
4.200000000000001
 10
-10.620000000000003
 20
4.130000000000001
 10
-10.649999999999997
 20
4.0600000000000005
 10
-10.660000000000002
 20
4.969999999999997
  0
HATCH
  5
9C
330
17
100
AcDbEntity
  8
BLINDING-GROUND-BEAMS-HATCH
 62
7
100
AcDbHatch
 10
0.0
 20
0.0
 30
0.0
210
0.0
220
0.0
230
1.0
  2
ANSI31
 70
0
 71
0
 91
1
 92
3
 72
0
 73
1
 93
56
 10
-10.649999999999997
 20
4.980000000000002
 10
-10.620000000000003
 20
4.910000000000002
 10
-10.550000000000002
 20
4.840000000000002
 10
-10.469999999999997
 20
4.8000000000000025
 10
-10.389999999999999
 20
4.8000000000000025
 10
-10.370000000000003
 20
4.779999999999999
 10
-9.709999999999999
 20
4.779999999999999
 10
-9.689999999999996
 20
4.8000000000000025
 10
-9.609999999999998
 20
4.8000000000000025
 10
-9.53
 20
4.840000000000002
 10
-9.459999999999999
 20
4.910000000000002
 10
-9.42
 20
4.99
 10
-9.42
 20
5.0699999999999985
 10
-9.399999999999997
 20
5.090000000000002
 10
-9.399999999999997
 20
6.3299999999999965
 10
-9.42
 20
6.35
 10
-9.42
 20
6.429999999999998
 10
-9.459999999999999
 20
6.509999999999996
 10
-9.53
 20
6.5799999999999965
 10
-9.6
 20
6.609999999999998
 10
-8.689999999999996
 20
6.619999999999996
 10
-8.689999999999996
 20
6.6
 10
-8.749999999999998
 20
6.5799999999999965
 10
-8.819999999999999
 20
6.509999999999996
 10
-8.859999999999998
 20
6.429999999999998
 10
-8.859999999999998
 20
6.35
 10
-8.88
 20
6.3299999999999965
 10
-8.88
 20
5.090000000000002
 10
-8.859999999999998
 20
5.0699999999999985
 10
-8.859999999999998
 20
4.99
 10
-8.819999999999999
 20
4.910000000000002
 10
-8.749999999999998
 20
4.840000000000002
 10
-8.67
 20
4.8000000000000025
 10
-8.590000000000002
 20
4.8000000000000025
 10
-8.569999999999999
 20
4.779999999999999
 10
-5.969999999999997
 20
4.779999999999999
 10
-5.950000000000001
 20
4.8000000000000025
 10
-5.870000000000003
 20
4.8000000000000025
 10
-5.759999999999996
 20
4.869999999999996
 10
-5.719999999999997
 20
4.910000000000002
 10
-5.679999999999998
 20
4.99
 10
-5.67
 20
5.0799999999999965
 10
-5.660000000000002
 20
4.35
 10
-5.639999999999999
 20
4.3299999999999965
 10
-5.639999999999999
 20
4.289999999999997
 10
-5.609999999999998
 20
4.259999999999996
 10
-5.5600000000000005
 20
4.249999999999998
 10
-5.649999999999997
 20
4.24
 10
-5.67
 20
4.259999999999996
 10
-10.370000000000003
 20
4.259999999999996
 10
-10.389999999999999
 20
4.24
 10
-10.469999999999997
 20
4.24
 10
-10.550000000000002
 20
4.200000000000001
 10
-10.620000000000003
 20
4.130000000000001
 10
-10.649999999999997
 20
4.0600000000000005
 10
-10.660000000000002
 20
4.969999999999997
 97
0
 75
1
 76
1
 52
0.0
 41
0.03
 77
0
 78
1
 53
45.0
 43
0.0
 44
0.0
 45
-0.0673519209
 46
0.0673519209
 79
0
 98
0
  0
LWPOLYLINE
  5
9D
330
17
100
AcDbEntity
  8
BLINDING-GROUND-BEAMS
100
AcDbPolyline
 90
24
 70
1
 10
-16.8
 20
11.889999999999999
 10
-16.66
 20
11.99
 10
-16.62
 20
12.069999999999999
 10
-16.62
 20
12.149999999999997
 10
-16.599999999999998
 20
12.17
 10
-16.599999999999998
 20
18.529999999999998
 10
-16.62
 20
18.55
 10
-16.62
 20
18.63
 10
-16.66
 20
18.709999999999997
 10
-16.73
 20
18.779999999999998
 10
-16.8
 20
18.81
 10
-15.889999999999999
 20
18.819999999999997
 10
-15.889999999999999
 20
18.8
 10
-15.950000000000001
 20
18.779999999999998
 10
-16.02
 20
18.709999999999997
 10
-16.06
 20
18.63
 10
-16.06
 20
18.55
 10
-16.079999999999995
 20
18.529999999999998
 10
-16.079999999999995
 20
12.17
 10
-16.06
 20
12.149999999999997
 10
-16.06
 20
12.069999999999999
 10
-16.02
 20
11.99
 10
-15.950000000000001
 20
11.92
 10
-15.88
 20
11.889999999999999
  0
HATCH
  5
9E
330
17
100
AcDbEntity
  8
BLINDING-GROUND-BEAMS-HATCH
 62
7
100
AcDbHatch
 10
0.0
 20
0.0
 30
0.0
210
0.0
220
0.0
230
1.0
  2
ANSI31
 70
0
 71
0
 91
1
 92
3
 72
0
 73
1
 93
24
 10
-16.8
 20
11.889999999999999
 10
-16.66
 20
11.99
 10
-16.62
 20
12.069999999999999
 10
-16.62
 20
12.149999999999997
 10
-16.599999999999998
 20
12.17
 10
-16.599999999999998
 20
18.529999999999998
 10
-16.62
 20
18.55
 10
-16.62
 20
18.63
 10
-16.66
 20
18.709999999999997
 10
-16.73
 20
18.779999999999998
 10
-16.8
 20
18.81
 10
-15.889999999999999
 20
18.819999999999997
 10
-15.889999999999999
 20
18.8
 10
-15.950000000000001
 20
18.779999999999998
 10
-16.02
 20
18.709999999999997
 10
-16.06
 20
18.63
 10
-16.06
 20
18.55
 10
-16.079999999999995
 20
18.529999999999998
 10
-16.079999999999995
 20
12.17
 10
-16.06
 20
12.149999999999997
 10
-16.06
 20
12.069999999999999
 10
-16.02
 20
11.99
 10
-15.950000000000001
 20
11.92
 10
-15.88
 20
11.889999999999999
 97
0
 75
1
 76
1
 52
0.0
 41
0.03
 77
0
 78
1
 53
45.0
 43
0.0
 44
0.0
 45
-0.0673519209
 46
0.0673519209
 79
0
 98
0
  0
LWPOLYLINE
  5
9F
330
17
100
AcDbEntity
  8
BLINDING-GROUND-BEAMS
100
AcDbPolyline
 90
235
 70
1
 10
-19.72
 20
11.889999999999999
 10
-20.7
 20
11.889999999999999
 10
-20.61
 20
11.939999999999996
 10
-20.56
 20
11.99
 10
-20.52
 20
12.069999999999999
 10
-20.52
 20
12.149999999999997
 10
-20.499999999999996
 20
12.17
 10
-20.499999999999996
 20
12.209999999999999
 10
-20.52
 20
12.230000000000002
 10
-20.52
 20
12.31
 10
-20.54
 20
12.329999999999997
 10
-20.54
 20
12.370000000000003
 10
-20.56
 20
12.389999999999999
 10
-20.58
 20
12.49
 10
-20.599999999999998
 20
12.509999999999996
 10
-20.599999999999998
 20
12.569999999999999
 10
-20.639999999999997
 20
12.649999999999997
 10
-20.679999999999996
 20
12.81
 10
-20.7
 20
12.829999999999997
 10
-20.72
 20
12.929999999999998
 10
-20.74
 20
12.950000000000001
 10
-20.74
 20
13.009999999999996
 10
-20.759999999999998
 20
13.03
 10
-20.779999999999998
 20
13.13
 10
-20.799999999999997
 20
13.149999999999997
 10
-20.839999999999996
 20
13.31
 10
-20.86
 20
13.329999999999997
 10
-20.86
 20
13.370000000000003
 10
-20.88
 20
13.389999999999999
 10
-20.88
 20
13.450000000000001
 10
-20.9
 20
13.469999999999997
 10
-20.9
 20
13.509999999999996
 10
-20.919999999999998
 20
13.53
 10
-20.939999999999998
 20
13.63
 10
-20.959999999999997
 20
13.649999999999997
 10
-20.999999999999996
 20
13.81
 10
-21.02
 20
13.829999999999997
 10
-21.02
 20
13.889999999999999
 10
-21.06
 20
13.969999999999997
 10
-21.099999999999998
 20
14.13
 10
-21.119999999999997
 20
14.149999999999997
 10
-21.139999999999997
 20
14.249999999999998
 10
-21.159999999999997
 20
14.270000000000001
 10
-21.159999999999997
 20
14.329999999999997
 10
-21.2
 20
14.410000000000002
 10
-21.2
 20
14.450000000000001
 10
-21.22
 20
14.469999999999997
 10
-21.259999999999998
 20
14.63
 10
-21.279999999999998
 20
14.649999999999997
 10
-21.279999999999998
 20
14.689999999999996
 10
-21.299999999999997
 20
14.709999999999999
 10
-21.299999999999997
 20
14.770000000000001
 10
-21.319999999999997
 20
14.789999999999997
 10
-21.339999999999996
 20
14.889999999999999
 10
-21.36
 20
14.910000000000002
 10
-21.36
 20
14.950000000000001
 10
-21.38
 20
14.969999999999997
 10
-21.38
 20
15.009999999999996
 10
-21.419999999999998
 20
15.090000000000002
 10
-21.419999999999998
 20
15.13
 10
-21.439999999999998
 20
15.149999999999997
 10
-21.439999999999998
 20
15.209999999999999
 10
-21.479999999999997
 20
15.289999999999997
 10
-21.499999999999996
 20
15.389999999999999
 10
-21.52
 20
15.410000000000002
 10
-21.52
 20
15.450000000000001
 10
-21.54
 20
15.469999999999997
 10
-21.56
 20
15.569999999999999
 10
-21.58
 20
15.590000000000002
 10
-21.58
 20
15.649999999999997
 10
-21.599999999999998
 20
15.67
 10
-21.619999999999997
 20
15.770000000000001
 10
-21.639999999999997
 20
15.789999999999997
 10
-21.639999999999997
 20
15.829999999999997
 10
-21.679999999999996
 20
15.910000000000002
 10
-21.679999999999996
 20
15.950000000000001
 10
-21.72
 20
16.029999999999998
 10
-21.72
 20
16.09
 10
-21.74
 20
16.109999999999996
 10
-21.74
 20
16.149999999999995
 10
-21.759999999999998
 20
16.169999999999998
 10
-21.779999999999998
 20
16.27
 10
-21.799999999999997
 20
16.289999999999996
 10
-21.839999999999996
 20
16.45
 10
-21.86
 20
16.469999999999995
 10
-21.86
 20
16.529999999999998
 10
-21.9
 20
16.609999999999996
 10
-21.939999999999998
 20
16.77
 10
-21.959999999999997
 20
16.789999999999996
 10
-21.979999999999997
 20
16.889999999999997
 10
-21.999999999999996
 20
16.91
 10
-21.999999999999996
 20
16.969999999999995
 10
-22.02
 20
16.99
 10
-22.04
 20
17.09
 10
-22.06
 20
17.109999999999996
 10
-22.06
 20
17.149999999999995
 10
-22.099999999999998
 20
17.23
 10
-22.099999999999998
 20
17.27
 10
-22.139999999999997
 20
17.349999999999998
 10
-22.139999999999997
 20
17.41
 10
-22.159999999999997
 20
17.429999999999996
 10
-22.179999999999996
 20
17.529999999999998
 10
-22.2
 20
17.55
 10
-22.2
 20
17.59
 10
-22.22
 20
17.609999999999996
 10
-22.22
 20
17.649999999999995
 10
-22.259999999999998
 20
17.73
 10
-22.259999999999998
 20
17.77
 10
-22.279999999999998
 20
17.789999999999996
 10
-22.279999999999998
 20
17.849999999999998
 10
-22.319999999999997
 20
17.929999999999996
 10
-22.339999999999996
 20
18.029999999999998
 10
-22.36
 20
18.05
 10
-22.36
 20
18.09
 10
-22.38
 20
18.109999999999996
 10
-22.38
 20
18.149999999999995
 10
-22.419999999999998
 20
18.23
 10
-22.49
 20
18.3
 10
-22.569999999999997
 20
18.34
 10
-22.65
 20
18.34
 10
-22.65
 20
18.359999999999996
 10
-21.99
 20
18.359999999999996
 10
-21.909999999999997
 20
18.399999999999995
 10
-21.88
 20
18.349999999999998
 10
-21.88
 20
18.27
 10
-21.839999999999996
 20
18.189999999999994
 10
-21.839999999999996
 20
18.149999999999995
 10
-21.819999999999997
 20
18.13
 10
-21.779999999999998
 20
17.969999999999995
 10
-21.759999999999998
 20
17.95
 10
-21.759999999999998
 20
17.91
 10
-21.74
 20
17.889999999999997
 10
-21.74
 20
17.829999999999995
 10
-21.72
 20
17.81
 10
-21.7
 20
17.709999999999997
 10
-21.679999999999996
 20
17.689999999999994
 10
-21.679999999999996
 20
17.649999999999995
 10
-21.659999999999997
 20
17.63
 10
-21.659999999999997
 20
17.59
 10
-21.619999999999997
 20
17.509999999999994
 10
-21.619999999999997
 20
17.469999999999995
 10
-21.599999999999998
 20
17.45
 10
-21.599999999999998
 20
17.389999999999997
 10
-21.58
 20
17.37
 10
-21.58
 20
17.329999999999995
 10
-21.56
 20
17.31
 10
-21.52
 20
17.149999999999995
 10
-21.499999999999996
 20
17.13
 10
-21.459999999999997
 20
16.969999999999995
 10
-21.439999999999998
 20
16.95
 10
-21.439999999999998
 20
16.889999999999997
 10
-21.419999999999998
 20
16.87
 10
-21.419999999999998
 20
16.829999999999995
 10
-21.4
 20
16.81
 10
-21.36
 20
16.649999999999995
 10
-21.339999999999996
 20
16.63
 10
-21.299999999999997
 20
16.469999999999995
 10
-21.279999999999998
 20
16.45
 10
-21.279999999999998
 20
16.389999999999997
 10
-21.259999999999998
 20
16.37
 10
-21.259999999999998
 20
16.329999999999995
 10
-21.24
 20
16.31
 10
-21.2
 20
16.149999999999995
 10
-21.179999999999996
 20
16.13
 10
-21.179999999999996
 20
16.09
 10
-21.139999999999997
 20
16.009999999999994
 10
-21.139999999999997
 20
15.950000000000001
 10
-21.119999999999997
 20
15.929999999999998
 10
-21.099999999999998
 20
15.829999999999997
 10
-21.08
 20
15.81
 10
-21.08
 20
15.770000000000001
 10
-21.04
 20
15.689999999999996
 10
-21.04
 20
15.649999999999997
 10
-21.02
 20
15.63
 10
-21.02
 20
15.590000000000002
 10
-20.979999999999997
 20
15.509999999999996
 10
-20.979999999999997
 20
15.450000000000001
 10
-20.959999999999997
 20
15.429999999999998
 10
-20.939999999999998
 20
15.329999999999997
 10
-20.919999999999998
 20
15.31
 10
-20.919999999999998
 20
15.270000000000001
 10
-20.88
 20
15.189999999999996
 10
-20.88
 20
15.149999999999997
 10
-20.86
 20
15.13
 10
-20.86
 20
15.090000000000002
 10
-20.819999999999997
 20
15.009999999999996
 10
-20.819999999999997
 20
14.950000000000001
 10
-20.799999999999997
 20
14.929999999999998
 10
-20.779999999999998
 20
14.829999999999997
 10
-20.759999999999998
 20
14.81
 10
-20.759999999999998
 20
14.770000000000001
 10
-20.72
 20
14.689999999999996
 10
-20.72
 20
14.649999999999997
 10
-20.7
 20
14.63
 10
-20.7
 20
14.590000000000002
 10
-20.659999999999997
 20
14.509999999999996
 10
-20.659999999999997
 20
14.450000000000001
 10
-20.619999999999997
 20
14.370000000000003
 10
-20.619999999999997
 20
14.329999999999997
 10
-20.599999999999998
 20
14.31
 10
-20.56
 20
14.149999999999997
 10
-20.54
 20
14.13
 10
-20.54
 20
14.090000000000002
 10
-20.52
 20
14.069999999999999
 10
-20.52
 20
14.009999999999996
 10
-20.499999999999996
 20
13.99
 10
-20.459999999999997
 20
13.829999999999997
 10
-20.439999999999998
 20
13.81
 10
-20.4
 20
13.649999999999997
 10
-20.36
 20
13.569999999999999
 10
-20.36
 20
13.509999999999996
 10
-20.339999999999996
 20
13.49
 10
-20.299999999999997
 20
13.329999999999997
 10
-20.279999999999998
 20
13.31
 10
-20.24
 20
13.149999999999997
 10
-20.2
 20
13.069999999999999
 10
-20.2
 20
13.009999999999996
 10
-20.179999999999996
 20
12.99
 10
-20.139999999999997
 20
12.829999999999997
 10
-20.119999999999997
 20
12.81
 10
-20.08
 20
12.649999999999997
 10
-20.06
 20
12.63
 10
-20.06
 20
12.569999999999999
 10
-20.04
 20
12.550000000000002
 10
-20.04
 20
12.509999999999996
 10
-20.02
 20
12.49
 10
-20.02
 20
12.450000000000001
 10
-19.979999999999997
 20
12.370000000000003
 10
-19.979999999999997
 20
12.329999999999997
 10
-19.959999999999997
 20
12.31
 10
-19.919999999999998
 20
12.149999999999997
 10
-19.9
 20
12.13
 10
-19.9
 20
12.069999999999999
 10
-19.86
 20
11.99
 10
-19.81
 20
11.939999999999996
  0
HATCH
  5
A0
330
17
100
AcDbEntity
  8
BLINDING-GROUND-BEAMS-HATCH
 62
7
100
AcDbHatch
 10
0.0
 20
0.0
 30
0.0
210
0.0
220
0.0
230
1.0
  2
ANSI31
 70
0
 71
0
 91
1
 92
3
 72
0
 73
1
 93
235
 10
-19.72
 20
11.889999999999999
 10
-20.7
 20
11.889999999999999
 10
-20.61
 20
11.939999999999996
 10
-20.56
 20
11.99
 10
-20.52
 20
12.069999999999999
 10
-20.52
 20
12.149999999999997
 10
-20.499999999999996
 20
12.17
 10
-20.499999999999996
 20
12.209999999999999
 10
-20.52
 20
12.230000000000002
 10
-20.52
 20
12.31
 10
-20.54
 20
12.329999999999997
 10
-20.54
 20
12.370000000000003
 10
-20.56
 20
12.389999999999999
 10
-20.58
 20
12.49
 10
-20.599999999999998
 20
12.509999999999996
 10
-20.599999999999998
 20
12.569999999999999
 10
-20.639999999999997
 20
12.649999999999997
 10
-20.679999999999996
 20
12.81
 10
-20.7
 20
12.829999999999997
 10
-20.72
 20
12.929999999999998
 10
-20.74
 20
12.950000000000001
 10
-20.74
 20
13.009999999999996
 10
-20.759999999999998
 20
13.03
 10
-20.779999999999998
 20
13.13
 10
-20.799999999999997
 20
13.149999999999997
 10
-20.839999999999996
 20
13.31
 10
-20.86
 20
13.329999999999997
 10
-20.86
 20
13.370000000000003
 10
-20.88
 20
13.389999999999999
 10
-20.88
 20
13.450000000000001
 10
-20.9
 20
13.469999999999997
 10
-20.9
 20
13.509999999999996
 10
-20.919999999999998
 20
13.53
 10
-20.939999999999998
 20
13.63
 10
-20.959999999999997
 20
13.649999999999997
 10
-20.999999999999996
 20
13.81
 10
-21.02
 20
13.829999999999997
 10
-21.02
 20
13.889999999999999
 10
-21.06
 20
13.969999999999997
 10
-21.099999999999998
 20
14.13
 10
-21.119999999999997
 20
14.149999999999997
 10
-21.139999999999997
 20
14.249999999999998
 10
-21.159999999999997
 20
14.270000000000001
 10
-21.159999999999997
 20
14.329999999999997
 10
-21.2
 20
14.410000000000002
 10
-21.2
 20
14.450000000000001
 10
-21.22
 20
14.469999999999997
 10
-21.259999999999998
 20
14.63
 10
-21.279999999999998
 20
14.649999999999997
 10
-21.279999999999998
 20
14.689999999999996
 10
-21.299999999999997
 20
14.709999999999999
 10
-21.299999999999997
 20
14.770000000000001
 10
-21.319999999999997
 20
14.789999999999997
 10
-21.339999999999996
 20
14.889999999999999
 10
-21.36
 20
14.910000000000002
 10
-21.36
 20
14.950000000000001
 10
-21.38
 20
14.969999999999997
 10
-21.38
 20
15.009999999999996
 10
-21.419999999999998
 20
15.090000000000002
 10
-21.419999999999998
 20
15.13
 10
-21.439999999999998
 20
15.149999999999997
 10
-21.439999999999998
 20
15.209999999999999
 10
-21.479999999999997
 20
15.289999999999997
 10
-21.499999999999996
 20
15.389999999999999
 10
-21.52
 20
15.410000000000002
 10
-21.52
 20
15.450000000000001
 10
-21.54
 20
15.469999999999997
 10
-21.56
 20
15.569999999999999
 10
-21.58
 20
15.590000000000002
 10
-21.58
 20
15.649999999999997
 10
-21.599999999999998
 20
15.67
 10
-21.619999999999997
 20
15.770000000000001
 10
-21.639999999999997
 20
15.789999999999997
 10
-21.639999999999997
 20
15.829999999999997
 10
-21.679999999999996
 20
15.910000000000002
 10
-21.679999999999996
 20
15.950000000000001
 10
-21.72
 20
16.029999999999998
 10
-21.72
 20
16.09
 10
-21.74
 20
16.109999999999996
 10
-21.74
 20
16.149999999999995
 10
-21.759999999999998
 20
16.169999999999998
 10
-21.779999999999998
 20
16.27
 10
-21.799999999999997
 20
16.289999999999996
 10
-21.839999999999996
 20
16.45
 10
-21.86
 20
16.469999999999995
 10
-21.86
 20
16.529999999999998
 10
-21.9
 20
16.609999999999996
 10
-21.939999999999998
 20
16.77
 10
-21.959999999999997
 20
16.789999999999996
 10
-21.979999999999997
 20
16.889999999999997
 10
-21.999999999999996
 20
16.91
 10
-21.999999999999996
 20
16.969999999999995
 10
-22.02
 20
16.99
 10
-22.04
 20
17.09
 10
-22.06
 20
17.109999999999996
 10
-22.06
 20
17.149999999999995
 10
-22.099999999999998
 20
17.23
 10
-22.099999999999998
 20
17.27
 10
-22.139999999999997
 20
17.349999999999998
 10
-22.139999999999997
 20
17.41
 10
-22.159999999999997
 20
17.429999999999996
 10
-22.179999999999996
 20
17.529999999999998
 10
-22.2
 20
17.55
 10
-22.2
 20
17.59
 10
-22.22
 20
17.609999999999996
 10
-22.22
 20
17.649999999999995
 10
-22.259999999999998
 20
17.73
 10
-22.259999999999998
 20
17.77
 10
-22.279999999999998
 20
17.789999999999996
 10
-22.279999999999998
 20
17.849999999999998
 10
-22.319999999999997
 20
17.929999999999996
 10
-22.339999999999996
 20
18.029999999999998
 10
-22.36
 20
18.05
 10
-22.36
 20
18.09
 10
-22.38
 20
18.109999999999996
 10
-22.38
 20
18.149999999999995
 10
-22.419999999999998
 20
18.23
 10
-22.49
 20
18.3
 10
-22.569999999999997
 20
18.34
 10
-22.65
 20
18.34
 10
-22.65
 20
18.359999999999996
 10
-21.99
 20
18.359999999999996
 10
-21.909999999999997
 20
18.399999999999995
 10
-21.88
 20
18.349999999999998
 10
-21.88
 20
18.27
 10
-21.839999999999996
 20
18.189999999999994
 10
-21.839999999999996
 20
18.149999999999995
 10
-21.819999999999997
 20
18.13
 10
-21.779999999999998
 20
17.969999999999995
 10
-21.759999999999998
 20
17.95
 10
-21.759999999999998
 20
17.91
 10
-21.74
 20
17.889999999999997
 10
-21.74
 20
17.829999999999995
 10
-21.72
 20
17.81
 10
-21.7
 20
17.709999999999997
 10
-21.679999999999996
 20
17.689999999999994
 10
-21.679999999999996
 20
17.649999999999995
 10
-21.659999999999997
 20
17.63
 10
-21.659999999999997
 20
17.59
 10
-21.619999999999997
 20
17.509999999999994
 10
-21.619999999999997
 20
17.469999999999995
 10
-21.599999999999998
 20
17.45
 10
-21.599999999999998
 20
17.389999999999997
 10
-21.58
 20
17.37
 10
-21.58
 20
17.329999999999995
 10
-21.56
 20
17.31
 10
-21.52
 20
17.149999999999995
 10
-21.499999999999996
 20
17.13
 10
-21.459999999999997
 20
16.969999999999995
 10
-21.439999999999998
 20
16.95
 10
-21.439999999999998
 20
16.889999999999997
 10
-21.419999999999998
 20
16.87
 10
-21.419999999999998
 20
16.829999999999995
 10
-21.4
 20
16.81
 10
-21.36
 20
16.649999999999995
 10
-21.339999999999996
 20
16.63
 10
-21.299999999999997
 20
16.469999999999995
 10
-21.279999999999998
 20
16.45
 10
-21.279999999999998
 20
16.389999999999997
 10
-21.259999999999998
 20
16.37
 10
-21.259999999999998
 20
16.329999999999995
 10
-21.24
 20
16.31
 10
-21.2
 20
16.149999999999995
 10
-21.179999999999996
 20
16.13
 10
-21.179999999999996
 20
16.09
 10
-21.139999999999997
 20
16.009999999999994
 10
-21.139999999999997
 20
15.950000000000001
 10
-21.119999999999997
 20
15.929999999999998
 10
-21.099999999999998
 20
15.829999999999997
 10
-21.08
 20
15.81
 10
-21.08
 20
15.770000000000001
 10
-21.04
 20
15.689999999999996
 10
-21.04
 20
15.649999999999997
 10
-21.02
 20
15.63
 10
-21.02
 20
15.590000000000002
 10
-20.979999999999997
 20
15.509999999999996
 10
-20.979999999999997
 20
15.450000000000001
 10
-20.959999999999997
 20
15.429999999999998
 10
-20.939999999999998
 20
15.329999999999997
 10
-20.919999999999998
 20
15.31
 10
-20.919999999999998
 20
15.270000000000001
 10
-20.88
 20
15.189999999999996
 10
-20.88
 20
15.149999999999997
 10
-20.86
 20
15.13
 10
-20.86
 20
15.090000000000002
 10
-20.819999999999997
 20
15.009999999999996
 10
-20.819999999999997
 20
14.950000000000001
 10
-20.799999999999997
 20
14.929999999999998
 10
-20.779999999999998
 20
14.829999999999997
 10
-20.759999999999998
 20
14.81
 10
-20.759999999999998
 20
14.770000000000001
 10
-20.72
 20
14.689999999999996
 10
-20.72
 20
14.649999999999997
 10
-20.7
 20
14.63
 10
-20.7
 20
14.590000000000002
 10
-20.659999999999997
 20
14.509999999999996
 10
-20.659999999999997
 20
14.450000000000001
 10
-20.619999999999997
 20
14.370000000000003
 10
-20.619999999999997
 20
14.329999999999997
 10
-20.599999999999998
 20
14.31
 10
-20.56
 20
14.149999999999997
 10
-20.54
 20
14.13
 10
-20.54
 20
14.090000000000002
 10
-20.52
 20
14.069999999999999
 10
-20.52
 20
14.009999999999996
 10
-20.499999999999996
 20
13.99
 10
-20.459999999999997
 20
13.829999999999997
 10
-20.439999999999998
 20
13.81
 10
-20.4
 20
13.649999999999997
 10
-20.36
 20
13.569999999999999
 10
-20.36
 20
13.509999999999996
 10
-20.339999999999996
 20
13.49
 10
-20.299999999999997
 20
13.329999999999997
 10
-20.279999999999998
 20
13.31
 10
-20.24
 20
13.149999999999997
 10
-20.2
 20
13.069999999999999
 10
-20.2
 20
13.009999999999996
 10
-20.179999999999996
 20
12.99
 10
-20.139999999999997
 20
12.829999999999997
 10
-20.119999999999997
 20
12.81
 10
-20.08
 20
12.649999999999997
 10
-20.06
 20
12.63
 10
-20.06
 20
12.569999999999999
 10
-20.04
 20
12.550000000000002
 10
-20.04
 20
12.509999999999996
 10
-20.02
 20
12.49
 10
-20.02
 20
12.450000000000001
 10
-19.979999999999997
 20
12.370000000000003
 10
-19.979999999999997
 20
12.329999999999997
 10
-19.959999999999997
 20
12.31
 10
-19.919999999999998
 20
12.149999999999997
 10
-19.9
 20
12.13
 10
-19.9
 20
12.069999999999999
 10
-19.86
 20
11.99
 10
-19.81
 20
11.939999999999996
 97
0
 75
1
 76
1
 52
0.0
 41
0.03
 77
0
 78
1
 53
45.0
 43
0.0
 44
0.0
 45
-0.0673519209
 46
0.0673519209
 79
0
 98
0
  0
LWPOLYLINE
  5
A1
330
17
100
AcDbEntity
  8
BLINDING-GROUND-BEAMS
100
AcDbPolyline
 90
25
 70
1
 10
1.6000000000000034
 20
11.829999999999997
 10
1.6700000000000037
 20
11.859999999999998
 10
1.740000000000004
 20
11.929999999999998
 10
1.7800000000000031
 20
12.009999999999996
 10
1.7800000000000031
 20
12.090000000000002
 10
1.7999999999999992
 20
12.109999999999998
 10
1.7999999999999992
 20
17.829999999999995
 10
1.7800000000000031
 20
17.849999999999998
 10
1.7800000000000031
 20
17.929999999999996
 10
1.740000000000004
 20
18.009999999999994
 10
1.6700000000000037
 20
18.079999999999995
 10
1.6000000000000034
 20
18.109999999999996
 10
2.51
 20
18.12
 10
2.51
 20
18.099999999999998
 10
2.4499999999999975
 20
18.079999999999995
 10
2.3800000000000043
 20
18.009999999999994
 10
2.339999999999998
 20
17.929999999999996
 10
2.339999999999998
 20
17.849999999999998
 10
2.320000000000002
 20
17.829999999999995
 10
2.320000000000002
 20
12.109999999999998
 10
2.339999999999998
 20
12.090000000000002
 10
2.339999999999998
 20
12.009999999999996
 10
2.3800000000000043
 20
11.929999999999998
 10
2.4499999999999975
 20
11.859999999999998
 10
2.519999999999998
 20
11.829999999999997
  0
HATCH
  5
A2
330
17
100
AcDbEntity
  8
BLINDING-GROUND-BEAMS-HATCH
 62
7
100
AcDbHatch
 10
0.0
 20
0.0
 30
0.0
210
0.0
220
0.0
230
1.0
  2
ANSI31
 70
0
 71
0
 91
1
 92
3
 72
0
 73
1
 93
25
 10
1.6000000000000034
 20
11.829999999999997
 10
1.6700000000000037
 20
11.859999999999998
 10
1.740000000000004
 20
11.929999999999998
 10
1.7800000000000031
 20
12.009999999999996
 10
1.7800000000000031
 20
12.090000000000002
 10
1.7999999999999992
 20
12.109999999999998
 10
1.7999999999999992
 20
17.829999999999995
 10
1.7800000000000031
 20
17.849999999999998
 10
1.7800000000000031
 20
17.929999999999996
 10
1.740000000000004
 20
18.009999999999994
 10
1.6700000000000037
 20
18.079999999999995
 10
1.6000000000000034
 20
18.109999999999996
 10
2.51
 20
18.12
 10
2.51
 20
18.099999999999998
 10
2.4499999999999975
 20
18.079999999999995
 10
2.3800000000000043
 20
18.009999999999994
 10
2.339999999999998
 20
17.929999999999996
 10
2.339999999999998
 20
17.849999999999998
 10
2.320000000000002
 20
17.829999999999995
 10
2.320000000000002
 20
12.109999999999998
 10
2.339999999999998
 20
12.090000000000002
 10
2.339999999999998
 20
12.009999999999996
 10
2.3800000000000043
 20
11.929999999999998
 10
2.4499999999999975
 20
11.859999999999998
 10
2.519999999999998
 20
11.829999999999997
 97
0
 75
1
 76
1
 52
0.0
 41
0.03
 77
0
 78
1
 53
45.0
 43
0.0
 44
0.0
 45
-0.0673519209
 46
0.0673519209
 79
0
 98
0
  0
LWPOLYLINE
  5
A3
330
17
100
AcDbEntity
  8
BLINDING-GROUND-BEAMS
100
AcDbPolyline
 90
105
 70
1
 10
-25.659999999999997
 20
55.53
 10
-25.639999999999997
 20
55.53
 10
-25.619999999999997
 20
55.47
 10
-25.549999999999997
 20
55.4
 10
-25.47
 20
55.36
 10
-25.389999999999997
 20
55.36
 10
-25.369999999999997
 20
55.34
 10
-25.349999999999998
 20
55.36
 10
-25.15
 20
55.36
 10
-25.13
 20
55.38
 10
-24.729999999999997
 20
55.4
 10
-24.709999999999997
 20
55.42
 10
-24.509999999999998
 20
55.42
 10
-24.49
 20
55.440000000000005
 10
-24.069999999999997
 20
55.46
 10
-24.049999999999997
 20
55.480000000000004
 10
-23.63
 20
55.5
 10
-23.61
 20
55.52
 10
-23.409999999999997
 20
55.52
 10
-23.389999999999997
 20
55.54
 10
-23.209999999999997
 20
55.54
 10
-23.189999999999998
 20
55.56
 10
-22.99
 20
55.56
 10
-22.97
 20
55.580000000000005
 10
-22.549999999999997
 20
55.6
 10
-22.529999999999998
 20
55.620000000000005
 10
-22.11
 20
55.64
 10
-22.089999999999996
 20
55.660000000000004
 10
-21.889999999999997
 20
55.660000000000004
 10
-21.869999999999997
 20
55.68
 10
-21.689999999999998
 20
55.68
 10
-21.669999999999998
 20
55.7
 10
-21.47
 20
55.7
 10
-21.45
 20
55.72
 10
-21.249999999999996
 20
55.72
 10
-21.229999999999997
 20
55.74
 10
-20.81
 20
55.76
 10
-20.79
 20
55.78
 10
-20.589999999999996
 20
55.78
 10
-20.569999999999997
 20
55.800000000000004
 10
-20.369999999999997
 20
55.800000000000004
 10
-20.349999999999998
 20
55.82
 10
-20.169999999999998
 20
55.82
 10
-20.15
 20
55.84
 10
-19.729999999999997
 20
55.86
 10
-19.709999999999997
 20
55.88
 10
-19.63
 20
55.88
 10
-19.549999999999997
 20
55.92
 10
-19.459999999999997
 20
56.010000000000005
 10
-19.439999999999998
 20
56.07
 10
-19.429999999999996
 20
56.080000000000005
 10
-19.419999999999998
 20
56.07
 10
-19.429999999999996
 20
55.160000000000004
 10
-19.459999999999997
 20
55.230000000000004
 10
-19.529999999999998
 20
55.300000000000004
 10
-19.61
 20
55.34
 10
-19.689999999999998
 20
55.34
 10
-19.709999999999997
 20
55.36
 10
-19.729999999999997
 20
55.34
 10
-19.929999999999996
 20
55.34
 10
-19.95
 20
55.32
 10
-20.349999999999998
 20
55.300000000000004
 10
-20.369999999999997
 20
55.28
 10
-20.569999999999997
 20
55.28
 10
-20.589999999999996
 20
55.26
 10
-20.79
 20
55.26
 10
-20.81
 20
55.24
 10
-21.009999999999998
 20
55.24
 10
-21.029999999999998
 20
55.22
 10
-21.45
 20
55.2
 10
-21.47
 20
55.18
 10
-21.669999999999998
 20
55.18
 10
-21.689999999999998
 20
55.160000000000004
 10
-21.869999999999997
 20
55.160000000000004
 10
-21.889999999999997
 20
55.14
 10
-22.089999999999996
 20
55.14
 10
-22.11
 20
55.120000000000005
 10
-22.31
 20
55.120000000000005
 10
-22.33
 20
55.1
 10
-22.749999999999996
 20
55.080000000000005
 10
-22.77
 20
55.06
 10
-22.97
 20
55.06
 10
-22.99
 20
55.04
 10
-23.189999999999998
 20
55.04
 10
-23.209999999999997
 20
55.02
 10
-23.389999999999997
 20
55.02
 10
-23.409999999999997
 20
55.0
 10
-23.61
 20
55.0
 10
-23.63
 20
54.980000000000004
 10
-23.83
 20
54.980000000000004
 10
-23.849999999999998
 20
54.96
 10
-24.27
 20
54.940000000000005
 10
-24.29
 20
54.92
 10
-24.49
 20
54.92
 10
-24.509999999999998
 20
54.9
 10
-24.709999999999997
 20
54.9
 10
-24.729999999999997
 20
54.88
 10
-24.909999999999997
 20
54.88
 10
-24.929999999999996
 20
54.86
 10
-25.349999999999998
 20
54.84
 10
-25.369999999999997
 20
54.82
 10
-25.45
 20
54.82
 10
-25.529999999999998
 20
54.78
 10
-25.619999999999997
 20
54.690000000000005
 10
-25.65
 20
54.620000000000005
  0
HATCH
  5
A4
330
17
100
AcDbEntity
  8
BLINDING-GROUND-BEAMS-HATCH
 62
7
100
AcDbHatch
 10
0.0
 20
0.0
 30
0.0
210
0.0
220
0.0
230
1.0
  2
ANSI31
 70
0
 71
0
 91
1
 92
3
 72
0
 73
1
 93
105
 10
-25.659999999999997
 20
55.53
 10
-25.639999999999997
 20
55.53
 10
-25.619999999999997
 20
55.47
 10
-25.549999999999997
 20
55.4
 10
-25.47
 20
55.36
 10
-25.389999999999997
 20
55.36
 10
-25.369999999999997
 20
55.34
 10
-25.349999999999998
 20
55.36
 10
-25.15
 20
55.36
 10
-25.13
 20
55.38
 10
-24.729999999999997
 20
55.4
 10
-24.709999999999997
 20
55.42
 10
-24.509999999999998
 20
55.42
 10
-24.49
 20
55.440000000000005
 10
-24.069999999999997
 20
55.46
 10
-24.049999999999997
 20
55.480000000000004
 10
-23.63
 20
55.5
 10
-23.61
 20
55.52
 10
-23.409999999999997
 20
55.52
 10
-23.389999999999997
 20
55.54
 10
-23.209999999999997
 20
55.54
 10
-23.189999999999998
 20
55.56
 10
-22.99
 20
55.56
 10
-22.97
 20
55.580000000000005
 10
-22.549999999999997
 20
55.6
 10
-22.529999999999998
 20
55.620000000000005
 10
-22.11
 20
55.64
 10
-22.089999999999996
 20
55.660000000000004
 10
-21.889999999999997
 20
55.660000000000004
 10
-21.869999999999997
 20
55.68
 10
-21.689999999999998
 20
55.68
 10
-21.669999999999998
 20
55.7
 10
-21.47
 20
55.7
 10
-21.45
 20
55.72
 10
-21.249999999999996
 20
55.72
 10
-21.229999999999997
 20
55.74
 10
-20.81
 20
55.76
 10
-20.79
 20
55.78
 10
-20.589999999999996
 20
55.78
 10
-20.569999999999997
 20
55.800000000000004
 10
-20.369999999999997
 20
55.800000000000004
 10
-20.349999999999998
 20
55.82
 10
-20.169999999999998
 20
55.82
 10
-20.15
 20
55.84
 10
-19.729999999999997
 20
55.86
 10
-19.709999999999997
 20
55.88
 10
-19.63
 20
55.88
 10
-19.549999999999997
 20
55.92
 10
-19.459999999999997
 20
56.010000000000005
 10
-19.439999999999998
 20
56.07
 10
-19.429999999999996
 20
56.080000000000005
 10
-19.419999999999998
 20
56.07
 10
-19.429999999999996
 20
55.160000000000004
 10
-19.459999999999997
 20
55.230000000000004
 10
-19.529999999999998
 20
55.300000000000004
 10
-19.61
 20
55.34
 10
-19.689999999999998
 20
55.34
 10
-19.709999999999997
 20
55.36
 10
-19.729999999999997
 20
55.34
 10
-19.929999999999996
 20
55.34
 10
-19.95
 20
55.32
 10
-20.349999999999998
 20
55.300000000000004
 10
-20.369999999999997
 20
55.28
 10
-20.569999999999997
 20
55.28
 10
-20.589999999999996
 20
55.26
 10
-20.79
 20
55.26
 10
-20.81
 20
55.24
 10
-21.009999999999998
 20
55.24
 10
-21.029999999999998
 20
55.22
 10
-21.45
 20
55.2
 10
-21.47
 20
55.18
 10
-21.669999999999998
 20
55.18
 10
-21.689999999999998
 20
55.160000000000004
 10
-21.869999999999997
 20
55.160000000000004
 10
-21.889999999999997
 20
55.14
 10
-22.089999999999996
 20
55.14
 10
-22.11
 20
55.120000000000005
 10
-22.31
 20
55.120000000000005
 10
-22.33
 20
55.1
 10
-22.749999999999996
 20
55.080000000000005
 10
-22.77
 20
55.06
 10
-22.97
 20
55.06
 10
-22.99
 20
55.04
 10
-23.189999999999998
 20
55.04
 10
-23.209999999999997
 20
55.02
 10
-23.389999999999997
 20
55.02
 10
-23.409999999999997
 20
55.0
 10
-23.61
 20
55.0
 10
-23.63
 20
54.980000000000004
 10
-23.83
 20
54.980000000000004
 10
-23.849999999999998
 20
54.96
 10
-24.27
 20
54.940000000000005
 10
-24.29
 20
54.92
 10
-24.49
 20
54.92
 10
-24.509999999999998
 20
54.9
 10
-24.709999999999997
 20
54.9
 10
-24.729999999999997
 20
54.88
 10
-24.909999999999997
 20
54.88
 10
-24.929999999999996
 20
54.86
 10
-25.349999999999998
 20
54.84
 10
-25.369999999999997
 20
54.82
 10
-25.45
 20
54.82
 10
-25.529999999999998
 20
54.78
 10
-25.619999999999997
 20
54.690000000000005
 10
-25.65
 20
54.620000000000005
 97
0
 75
1
 76
1
 52
0.0
 41
0.03
 77
0
 78
1
 53
45.0
 43
0.0
 44
0.0
 45
-0.0673519209
 46
0.0673519209
 79
0
 98
0
  0
LWPOLYLINE
  5
A5
330
17
100
AcDbEntity
  8
BLINDING-GROUND-BEAMS
100
AcDbPolyline
 90
25
 70
1
 10
-9.6
 20
11.889999999999999
 10
-9.53
 20
11.92
 10
-9.459999999999999
 20
11.99
 10
-9.42
 20
12.069999999999999
 10
-9.42
 20
12.149999999999997
 10
-9.399999999999997
 20
12.17
 10
-9.399999999999997
 20
17.73
 10
-9.42
 20
17.749999999999996
 10
-9.42
 20
17.829999999999995
 10
-9.459999999999999
 20
17.91
 10
-9.53
 20
17.98
 10
-9.6
 20
18.009999999999994
 10
-8.689999999999996
 20
18.02
 10
-8.689999999999996
 20
17.999999999999996
 10
-8.749999999999998
 20
17.98
 10
-8.819999999999999
 20
17.91
 10
-8.859999999999998
 20
17.829999999999995
 10
-8.859999999999998
 20
17.749999999999996
 10
-8.88
 20
17.73
 10
-8.88
 20
12.17
 10
-8.859999999999998
 20
12.149999999999997
 10
-8.859999999999998
 20
12.069999999999999
 10
-8.819999999999999
 20
11.99
 10
-8.749999999999998
 20
11.92
 10
-8.679999999999998
 20
11.889999999999999
  0
HATCH
  5
A6
330
17
100
AcDbEntity
  8
BLINDING-GROUND-BEAMS-HATCH
 62
7
100
AcDbHatch
 10
0.0
 20
0.0
 30
0.0
210
0.0
220
0.0
230
1.0
  2
ANSI31
 70
0
 71
0
 91
1
 92
3
 72
0
 73
1
 93
25
 10
-9.6
 20
11.889999999999999
 10
-9.53
 20
11.92
 10
-9.459999999999999
 20
11.99
 10
-9.42
 20
12.069999999999999
 10
-9.42
 20
12.149999999999997
 10
-9.399999999999997
 20
12.17
 10
-9.399999999999997
 20
17.73
 10
-9.42
 20
17.749999999999996
 10
-9.42
 20
17.829999999999995
 10
-9.459999999999999
 20
17.91
 10
-9.53
 20
17.98
 10
-9.6
 20
18.009999999999994
 10
-8.689999999999996
 20
18.02
 10
-8.689999999999996
 20
17.999999999999996
 10
-8.749999999999998
 20
17.98
 10
-8.819999999999999
 20
17.91
 10
-8.859999999999998
 20
17.829999999999995
 10
-8.859999999999998
 20
17.749999999999996
 10
-8.88
 20
17.73
 10
-8.88
 20
12.17
 10
-8.859999999999998
 20
12.149999999999997
 10
-8.859999999999998
 20
12.069999999999999
 10
-8.819999999999999
 20
11.99
 10
-8.749999999999998
 20
11.92
 10
-8.679999999999998
 20
11.889999999999999
 97
0
 75
1
 76
1
 52
0.0
 41
0.03
 77
0
 78
1
 53
45.0
 43
0.0
 44
0.0
 45
-0.0673519209
 46
0.0673519209
 79
0
 98
0
  0
LWPOLYLINE
  5
A7
330
17
100
AcDbEntity
  8
BLINDING-GROUND-BEAMS
100
AcDbPolyline
 90
26
 70
1
 10
-1.3100000000000003
 20
39.26
 10
-5.67
 20
39.26
 10
-5.689999999999996
 20
39.24
 10
-5.770000000000001
 20
39.24
 10
-5.85
 20
39.2
 10
-5.92
 20
39.13
 10
-5.950000000000001
 20
39.06
 10
-5.959999999999999
 20
39.970000000000006
 10
-5.939999999999996
 20
39.970000000000006
 10
-5.92
 20
39.910000000000004
 10
-5.85
 20
39.839999999999996
 10
-5.770000000000001
 20
39.800000000000004
 10
-5.689999999999996
 20
39.800000000000004
 10
-5.67
 20
39.78
 10
-1.3100000000000003
 20
39.78
 10
-1.2899999999999971
 20
39.800000000000004
 10
-1.2099999999999989
 20
39.800000000000004
 10
-1.1300000000000006
 20
39.839999999999996
 10
-1.0600000000000003
 20
39.910000000000004
 10
-1.0299999999999991
 20
39.98
 10
-1.0200000000000011
 20
39.07
 10
-1.0399999999999971
 20
39.07
 10
-1.0600000000000003
 20
39.13
 10
-1.1300000000000006
 20
39.2
 10
-1.2099999999999989
 20
39.24
 10
-1.2899999999999971
 20
39.24
  0
HATCH
  5
A8
330
17
100
AcDbEntity
  8
BLINDING-GROUND-BEAMS-HATCH
 62
7
100
AcDbHatch
 10
0.0
 20
0.0
 30
0.0
210
0.0
220
0.0
230
1.0
  2
ANSI31
 70
0
 71
0
 91
1
 92
3
 72
0
 73
1
 93
26
 10
-1.3100000000000003
 20
39.26
 10
-5.67
 20
39.26
 10
-5.689999999999996
 20
39.24
 10
-5.770000000000001
 20
39.24
 10
-5.85
 20
39.2
 10
-5.92
 20
39.13
 10
-5.950000000000001
 20
39.06
 10
-5.959999999999999
 20
39.970000000000006
 10
-5.939999999999996
 20
39.970000000000006
 10
-5.92
 20
39.910000000000004
 10
-5.85
 20
39.839999999999996
 10
-5.770000000000001
 20
39.800000000000004
 10
-5.689999999999996
 20
39.800000000000004
 10
-5.67
 20
39.78
 10
-1.3100000000000003
 20
39.78
 10
-1.2899999999999971
 20
39.800000000000004
 10
-1.2099999999999989
 20
39.800000000000004
 10
-1.1300000000000006
 20
39.839999999999996
 10
-1.0600000000000003
 20
39.910000000000004
 10
-1.0299999999999991
 20
39.98
 10
-1.0200000000000011
 20
39.07
 10
-1.0399999999999971
 20
39.07
 10
-1.0600000000000003
 20
39.13
 10
-1.1300000000000006
 20
39.2
 10
-1.2099999999999989
 20
39.24
 10
-1.2899999999999971
 20
39.24
 97
0
 75
1
 76
1
 52
0.0
 41
0.03
 77
0
 78
1
 53
45.0
 43
0.0
 44
0.0
 45
-0.0673519209
 46
0.0673519209
 79
0
 98
0
  0
LWPOLYLINE
  5
A9
330
17
100
AcDbEntity
  8
BLINDING-GROUND-BEAMS
100
AcDbPolyline
 90
27
 70
1
 10
-1.3100000000000003
 20
43.720000000000006
 10
-5.67
 20
43.720000000000006
 10
-5.689999999999996
 20
43.7
 10
-5.770000000000001
 20
43.7
 10
-5.85
 20
43.660000000000004
 10
-5.92
 20
43.59
 10
-5.950000000000001
 20
43.52
 10
-5.959999999999999
 20
44.43
 10
-5.950000000000001
 20
44.440000000000005
 10
-5.939999999999996
 20
44.43
 10
-5.92
 20
44.37
 10
-5.85
 20
44.300000000000004
 10
-5.770000000000001
 20
44.26
 10
-5.689999999999996
 20
44.26
 10
-5.67
 20
44.24
 10
-1.3100000000000003
 20
44.24
 10
-1.2899999999999971
 20
44.26
 10
-1.2099999999999989
 20
44.26
 10
-1.1300000000000006
 20
44.300000000000004
 10
-1.0600000000000003
 20
44.37
 10
-1.0299999999999991
 20
44.440000000000005
 10
-1.0200000000000011
 20
43.53
 10
-1.0399999999999971
 20
43.53
 10
-1.0600000000000003
 20
43.59
 10
-1.1300000000000006
 20
43.660000000000004
 10
-1.2099999999999989
 20
43.7
 10
-1.2899999999999971
 20
43.7
  0
HATCH
  5
AA
330
17
100
AcDbEntity
  8
BLINDING-GROUND-BEAMS-HATCH
 62
7
100
AcDbHatch
 10
0.0
 20
0.0
 30
0.0
210
0.0
220
0.0
230
1.0
  2
ANSI31
 70
0
 71
0
 91
1
 92
3
 72
0
 73
1
 93
27
 10
-1.3100000000000003
 20
43.720000000000006
 10
-5.67
 20
43.720000000000006
 10
-5.689999999999996
 20
43.7
 10
-5.770000000000001
 20
43.7
 10
-5.85
 20
43.660000000000004
 10
-5.92
 20
43.59
 10
-5.950000000000001
 20
43.52
 10
-5.959999999999999
 20
44.43
 10
-5.950000000000001
 20
44.440000000000005
 10
-5.939999999999996
 20
44.43
 10
-5.92
 20
44.37
 10
-5.85
 20
44.300000000000004
 10
-5.770000000000001
 20
44.26
 10
-5.689999999999996
 20
44.26
 10
-5.67
 20
44.24
 10
-1.3100000000000003
 20
44.24
 10
-1.2899999999999971
 20
44.26
 10
-1.2099999999999989
 20
44.26
 10
-1.1300000000000006
 20
44.300000000000004
 10
-1.0600000000000003
 20
44.37
 10
-1.0299999999999991
 20
44.440000000000005
 10
-1.0200000000000011
 20
43.53
 10
-1.0399999999999971
 20
43.53
 10
-1.0600000000000003
 20
43.59
 10
-1.1300000000000006
 20
43.660000000000004
 10
-1.2099999999999989
 20
43.7
 10
-1.2899999999999971
 20
43.7
 97
0
 75
1
 76
1
 52
0.0
 41
0.03
 77
0
 78
1
 53
45.0
 43
0.0
 44
0.0
 45
-0.0673519209
 46
0.0673519209
 79
0
 98
0
  0
LWPOLYLINE
  5
AB
330
17
100
AcDbEntity
  8
BLINDING-GROUND-BEAMS
100
AcDbPolyline
 90
28
 70
1
 10
20.150000000000002
 20
43.720000000000006
 10
15.449999999999998
 20
43.720000000000006
 10
15.430000000000001
 20
43.74
 10
15.389999999999995
 20
43.74
 10
15.359999999999994
 20
43.77
 10
15.359999999999994
 20
43.81
 10
15.339999999999998
 20
43.830000000000005
 10
15.359999999999994
 20
43.87
 10
15.359999999999994
 20
43.95
 10
15.380000000000004
 20
43.970000000000006
 10
15.339999999999998
 20
44.13
 10
15.359999999999994
 20
44.15
 10
15.359999999999994
 20
44.190000000000005
 10
15.389999999999995
 20
44.220000000000006
 10
15.430000000000001
 20
44.220000000000006
 10
15.449999999999998
 20
44.24
 10
20.01
 20
44.24
 10
20.029999999999998
 20
44.26
 10
20.11000000000001
 20
44.26
 10
20.22000000000001
 20
44.330000000000005
 10
20.26
 20
44.37
 10
20.300000000000008
 20
44.45
 10
20.31
 20
44.54
 10
20.320000000000004
 20
43.71
 10
20.34
 20
43.67
 10
20.31
 20
43.660000000000004
 10
20.249999999999996
 20
43.7
 10
20.169999999999998
 20
43.7
  0
HATCH
  5
AC
330
17
100
AcDbEntity
  8
BLINDING-GROUND-BEAMS-HATCH
 62
7
100
AcDbHatch
 10
0.0
 20
0.0
 30
0.0
210
0.0
220
0.0
230
1.0
  2
ANSI31
 70
0
 71
0
 91
1
 92
3
 72
0
 73
1
 93
28
 10
20.150000000000002
 20
43.720000000000006
 10
15.449999999999998
 20
43.720000000000006
 10
15.430000000000001
 20
43.74
 10
15.389999999999995
 20
43.74
 10
15.359999999999994
 20
43.77
 10
15.359999999999994
 20
43.81
 10
15.339999999999998
 20
43.830000000000005
 10
15.359999999999994
 20
43.87
 10
15.359999999999994
 20
43.95
 10
15.380000000000004
 20
43.970000000000006
 10
15.339999999999998
 20
44.13
 10
15.359999999999994
 20
44.15
 10
15.359999999999994
 20
44.190000000000005
 10
15.389999999999995
 20
44.220000000000006
 10
15.430000000000001
 20
44.220000000000006
 10
15.449999999999998
 20
44.24
 10
20.01
 20
44.24
 10
20.029999999999998
 20
44.26
 10
20.11000000000001
 20
44.26
 10
20.22000000000001
 20
44.330000000000005
 10
20.26
 20
44.37
 10
20.300000000000008
 20
44.45
 10
20.31
 20
44.54
 10
20.320000000000004
 20
43.71
 10
20.34
 20
43.67
 10
20.31
 20
43.660000000000004
 10
20.249999999999996
 20
43.7
 10
20.169999999999998
 20
43.7
 97
0
 75
1
 76
1
 52
0.0
 41
0.03
 77
0
 78
1
 53
45.0
 43
0.0
 44
0.0
 45
-0.0673519209
 46
0.0673519209
 79
0
 98
0
  0
LWPOLYLINE
  5
AD
330
17
100
AcDbEntity
  8
BLINDING-GROUND-BEAMS
100
AcDbPolyline
 90
27
 70
1
 10
17.23
 20
9.119999999999996
 10
12.97
 20
9.119999999999996
 10
12.950000000000005
 20
9.1
 10
12.87
 20
9.1
 10
12.790000000000001
 20
9.06
 10
12.72
 20
8.99
 10
12.69
 20
8.92
 10
12.680000000000001
 20
9.829999999999997
 10
12.69
 20
9.840000000000002
 10
12.700000000000005
 20
9.829999999999997
 10
12.72
 20
9.770000000000001
 10
12.790000000000001
 20
9.700000000000001
 10
12.87
 20
9.660000000000002
 10
12.950000000000005
 20
9.660000000000002
 10
12.97
 20
9.639999999999999
 10
17.23
 20
9.639999999999999
 10
17.249999999999996
 20
9.660000000000002
 10
17.33000000000001
 20
9.660000000000002
 10
17.410000000000007
 20
9.700000000000001
 10
17.48
 20
9.770000000000001
 10
17.51
 20
9.840000000000002
 10
17.520000000000007
 20
8.929999999999998
 10
17.499999999999996
 20
8.929999999999998
 10
17.48
 20
8.99
 10
17.410000000000007
 20
9.06
 10
17.33000000000001
 20
9.1
 10
17.249999999999996
 20
9.1
  0
HATCH
  5
AE
330
17
100
AcDbEntity
  8
BLINDING-GROUND-BEAMS-HATCH
 62
7
100
AcDbHatch
 10
0.0
 20
0.0
 30
0.0
210
0.0
220
0.0
230
1.0
  2
ANSI31
 70
0
 71
0
 91
1
 92
3
 72
0
 73
1
 93
27
 10
17.23
 20
9.119999999999996
 10
12.97
 20
9.119999999999996
 10
12.950000000000005
 20
9.1
 10
12.87
 20
9.1
 10
12.790000000000001
 20
9.06
 10
12.72
 20
8.99
 10
12.69
 20
8.92
 10
12.680000000000001
 20
9.829999999999997
 10
12.69
 20
9.840000000000002
 10
12.700000000000005
 20
9.829999999999997
 10
12.72
 20
9.770000000000001
 10
12.790000000000001
 20
9.700000000000001
 10
12.87
 20
9.660000000000002
 10
12.950000000000005
 20
9.660000000000002
 10
12.97
 20
9.639999999999999
 10
17.23
 20
9.639999999999999
 10
17.249999999999996
 20
9.660000000000002
 10
17.33000000000001
 20
9.660000000000002
 10
17.410000000000007
 20
9.700000000000001
 10
17.48
 20
9.770000000000001
 10
17.51
 20
9.840000000000002
 10
17.520000000000007
 20
8.929999999999998
 10
17.499999999999996
 20
8.929999999999998
 10
17.48
 20
8.99
 10
17.410000000000007
 20
9.06
 10
17.33000000000001
 20
9.1
 10
17.249999999999996
 20
9.1
 97
0
 75
1
 76
1
 52
0.0
 41
0.03
 77
0
 78
1
 53
45.0
 43
0.0
 44
0.0
 45
-0.0673519209
 46
0.0673519209
 79
0
 98
0
  0
LWPOLYLINE
  5
AF
330
17
100
AcDbEntity
  8
BLINDING-GROUND-BEAMS
100
AcDbPolyline
 90
26
 70
1
 10
-1.3100000000000003
 20
30.259999999999998
 10
-5.429999999999998
 20
30.259999999999998
 10
-5.450000000000001
 20
30.24
 10
-5.529999999999999
 20
30.24
 10
-5.609999999999998
 20
30.2
 10
-5.679999999999998
 20
30.13
 10
-5.709999999999999
 20
30.06
 10
-5.719999999999997
 20
30.97
 10
-5.700000000000001
 20
30.97
 10
-5.679999999999998
 20
30.909999999999997
 10
-5.609999999999998
 20
30.839999999999996
 10
-5.529999999999999
 20
30.799999999999997
 10
-5.450000000000001
 20
30.799999999999997
 10
-5.429999999999998
 20
30.779999999999998
 10
-1.3100000000000003
 20
30.779999999999998
 10
-1.2899999999999971
 20
30.799999999999997
 10
-1.2099999999999989
 20
30.799999999999997
 10
-1.1300000000000006
 20
30.839999999999996
 10
-1.0600000000000003
 20
30.909999999999997
 10
-1.0299999999999991
 20
30.979999999999997
 10
-1.0200000000000011
 20
30.069999999999997
 10
-1.0399999999999971
 20
30.069999999999997
 10
-1.0600000000000003
 20
30.13
 10
-1.1300000000000006
 20
30.2
 10
-1.2099999999999989
 20
30.24
 10
-1.2899999999999971
 20
30.24
  0
HATCH
  5
B0
330
17
100
AcDbEntity
  8
BLINDING-GROUND-BEAMS-HATCH
 62
7
100
AcDbHatch
 10
0.0
 20
0.0
 30
0.0
210
0.0
220
0.0
230
1.0
  2
ANSI31
 70
0
 71
0
 91
1
 92
3
 72
0
 73
1
 93
26
 10
-1.3100000000000003
 20
30.259999999999998
 10
-5.429999999999998
 20
30.259999999999998
 10
-5.450000000000001
 20
30.24
 10
-5.529999999999999
 20
30.24
 10
-5.609999999999998
 20
30.2
 10
-5.679999999999998
 20
30.13
 10
-5.709999999999999
 20
30.06
 10
-5.719999999999997
 20
30.97
 10
-5.700000000000001
 20
30.97
 10
-5.679999999999998
 20
30.909999999999997
 10
-5.609999999999998
 20
30.839999999999996
 10
-5.529999999999999
 20
30.799999999999997
 10
-5.450000000000001
 20
30.799999999999997
 10
-5.429999999999998
 20
30.779999999999998
 10
-1.3100000000000003
 20
30.779999999999998
 10
-1.2899999999999971
 20
30.799999999999997
 10
-1.2099999999999989
 20
30.799999999999997
 10
-1.1300000000000006
 20
30.839999999999996
 10
-1.0600000000000003
 20
30.909999999999997
 10
-1.0299999999999991
 20
30.979999999999997
 10
-1.0200000000000011
 20
30.069999999999997
 10
-1.0399999999999971
 20
30.069999999999997
 10
-1.0600000000000003
 20
30.13
 10
-1.1300000000000006
 20
30.2
 10
-1.2099999999999989
 20
30.24
 10
-1.2899999999999971
 20
30.24
 97
0
 75
1
 76
1
 52
0.0
 41
0.03
 77
0
 78
1
 53
45.0
 43
0.0
 44
0.0
 45
-0.0673519209
 46
0.0673519209
 79
0
 98
0
  0
LWPOLYLINE
  5
B1
330
17
100
AcDbEntity
  8
BLINDING-GROUND-BEAMS
100
AcDbPolyline
 90
27
 70
1
 10
-1.5699999999999983
 20
21.259999999999994
 10
-5.3299999999999965
 20
21.259999999999994
 10
-5.35
 20
21.24
 10
-5.429999999999998
 20
21.24
 10
-5.509999999999996
 20
21.2
 10
-5.5799999999999965
 20
21.13
 10
-5.609999999999998
 20
21.06
 10
-5.620000000000003
 20
21.969999999999995
 10
-5.609999999999998
 20
21.98
 10
-5.6
 20
21.969999999999995
 10
-5.5799999999999965
 20
21.91
 10
-5.509999999999996
 20
21.84
 10
-5.429999999999998
 20
21.8
 10
-5.35
 20
21.8
 10
-5.3299999999999965
 20
21.779999999999998
 10
-1.5699999999999983
 20
21.779999999999998
 10
-1.5500000000000023
 20
21.8
 10
-1.4699999999999969
 20
21.8
 10
-1.3899999999999986
 20
21.84
 10
-1.3199999999999983
 20
21.91
 10
-1.2899999999999971
 20
21.98
 10
-1.2799999999999991
 20
21.069999999999997
 10
-1.3000000000000023
 20
21.069999999999997
 10
-1.3199999999999983
 20
21.13
 10
-1.3899999999999986
 20
21.2
 10
-1.4699999999999969
 20
21.24
 10
-1.5500000000000023
 20
21.24
  0
HATCH
  5
B2
330
17
100
AcDbEntity
  8
BLINDING-GROUND-BEAMS-HATCH
 62
7
100
AcDbHatch
 10
0.0
 20
0.0
 30
0.0
210
0.0
220
0.0
230
1.0
  2
ANSI31
 70
0
 71
0
 91
1
 92
3
 72
0
 73
1
 93
27
 10
-1.5699999999999983
 20
21.259999999999994
 10
-5.3299999999999965
 20
21.259999999999994
 10
-5.35
 20
21.24
 10
-5.429999999999998
 20
21.24
 10
-5.509999999999996
 20
21.2
 10
-5.5799999999999965
 20
21.13
 10
-5.609999999999998
 20
21.06
 10
-5.620000000000003
 20
21.969999999999995
 10
-5.609999999999998
 20
21.98
 10
-5.6
 20
21.969999999999995
 10
-5.5799999999999965
 20
21.91
 10
-5.509999999999996
 20
21.84
 10
-5.429999999999998
 20
21.8
 10
-5.35
 20
21.8
 10
-5.3299999999999965
 20
21.779999999999998
 10
-1.5699999999999983
 20
21.779999999999998
 10
-1.5500000000000023
 20
21.8
 10
-1.4699999999999969
 20
21.8
 10
-1.3899999999999986
 20
21.84
 10
-1.3199999999999983
 20
21.91
 10
-1.2899999999999971
 20
21.98
 10
-1.2799999999999991
 20
21.069999999999997
 10
-1.3000000000000023
 20
21.069999999999997
 10
-1.3199999999999983
 20
21.13
 10
-1.3899999999999986
 20
21.2
 10
-1.4699999999999969
 20
21.24
 10
-1.5500000000000023
 20
21.24
 97
0
 75
1
 76
1
 52
0.0
 41
0.03
 77
0
 78
1
 53
45.0
 43
0.0
 44
0.0
 45
-0.0673519209
 46
0.0673519209
 79
0
 98
0
  0
LWPOLYLINE
  5
B3
330
17
100
AcDbEntity
  8
BLINDING-GROUND-BEAMS
100
AcDbPolyline
 90
23
 70
1
 10
-23.2
 20
30.689999999999998
 10
-23.24
 20
30.77
 10
-23.229999999999997
 20
30.779999999999998
 10
-19.27
 20
30.779999999999998
 10
-19.249999999999996
 20
30.799999999999997
 10
-19.169999999999998
 20
30.799999999999997
 10
-19.089999999999996
 20
30.839999999999996
 10
-19.019999999999996
 20
30.909999999999997
 10
-18.99
 20
30.979999999999997
 10
-18.979999999999997
 20
30.069999999999997
 10
-18.999999999999996
 20
30.069999999999997
 10
-19.019999999999996
 20
30.13
 10
-19.089999999999996
 20
30.2
 10
-19.169999999999998
 20
30.24
 10
-19.249999999999996
 20
30.24
 10
-19.27
 20
30.259999999999998
 10
-22.889999999999997
 20
30.259999999999998
 10
-22.909999999999997
 20
30.24
 10
-22.99
 20
30.24
 10
-23.069999999999997
 20
30.2
 10
-23.119999999999997
 20
30.15
 10
-23.179999999999996
 20
30.049999999999997
 10
-23.189999999999998
 20
29.959999999999997
  0
HATCH
  5
B4
330
17
100
AcDbEntity
  8
BLINDING-GROUND-BEAMS-HATCH
 62
7
100
AcDbHatch
 10
0.0
 20
0.0
 30
0.0
210
0.0
220
0.0
230
1.0
  2
ANSI31
 70
0
 71
0
 91
1
 92
3
 72
0
 73
1
 93
23
 10
-23.2
 20
30.689999999999998
 10
-23.24
 20
30.77
 10
-23.229999999999997
 20
30.779999999999998
 10
-19.27
 20
30.779999999999998
 10
-19.249999999999996
 20
30.799999999999997
 10
-19.169999999999998
 20
30.799999999999997
 10
-19.089999999999996
 20
30.839999999999996
 10
-19.019999999999996
 20
30.909999999999997
 10
-18.99
 20
30.979999999999997
 10
-18.979999999999997
 20
30.069999999999997
 10
-18.999999999999996
 20
30.069999999999997
 10
-19.019999999999996
 20
30.13
 10
-19.089999999999996
 20
30.2
 10
-19.169999999999998
 20
30.24
 10
-19.249999999999996
 20
30.24
 10
-19.27
 20
30.259999999999998
 10
-22.889999999999997
 20
30.259999999999998
 10
-22.909999999999997
 20
30.24
 10
-22.99
 20
30.24
 10
-23.069999999999997
 20
30.2
 10
-23.119999999999997
 20
30.15
 10
-23.179999999999996
 20
30.049999999999997
 10
-23.189999999999998
 20
29.959999999999997
 97
0
 75
1
 76
1
 52
0.0
 41
0.03
 77
0
 78
1
 53
45.0
 43
0.0
 44
0.0
 45
-0.0673519209
 46
0.0673519209
 79
0
 98
0
  0
LWPOLYLINE
  5
B5
330
17
100
AcDbEntity
  8
BLINDING-GROUND-BEAMS
100
AcDbPolyline
 90
27
 70
1
 10
14.930000000000001
 20
0.5799999999999963
 10
14.800000000000006
 20
0.5900000000000014
 10
14.87
 20
0.6199999999999954
 10
14.940000000000007
 20
0.6899999999999957
 10
14.979999999999999
 20
0.7700000000000011
 10
14.979999999999999
 20
0.8499999999999994
 10
14.999999999999995
 20
0.8699999999999954
 10
14.999999999999995
 20
4.469999999999997
 10
14.979999999999999
 20
4.49
 10
14.979999999999999
 20
4.5699999999999985
 10
14.940000000000007
 20
4.649999999999997
 10
14.87
 20
4.719999999999997
 10
14.800000000000006
 20
4.749999999999998
 10
15.710000000000003
 20
4.759999999999996
 10
15.720000000000008
 20
4.749999999999998
 10
15.710000000000003
 20
4.74
 10
15.65
 20
4.719999999999997
 10
15.580000000000007
 20
4.649999999999997
 10
15.540000000000001
 20
4.5699999999999985
 10
15.540000000000001
 20
4.49
 10
15.520000000000005
 20
4.469999999999997
 10
15.520000000000005
 20
0.8699999999999954
 10
15.540000000000001
 20
0.8499999999999994
 10
15.540000000000001
 20
0.7700000000000011
 10
15.580000000000007
 20
0.6899999999999957
 10
15.65
 20
0.6199999999999954
 10
15.720000000000008
 20
0.5900000000000014
  0
HATCH
  5
B6
330
17
100
AcDbEntity
  8
BLINDING-GROUND-BEAMS-HATCH
 62
7
100
AcDbHatch
 10
0.0
 20
0.0
 30
0.0
210
0.0
220
0.0
230
1.0
  2
ANSI31
 70
0
 71
0
 91
1
 92
3
 72
0
 73
1
 93
27
 10
14.930000000000001
 20
0.5799999999999963
 10
14.800000000000006
 20
0.5900000000000014
 10
14.87
 20
0.6199999999999954
 10
14.940000000000007
 20
0.6899999999999957
 10
14.979999999999999
 20
0.7700000000000011
 10
14.979999999999999
 20
0.8499999999999994
 10
14.999999999999995
 20
0.8699999999999954
 10
14.999999999999995
 20
4.469999999999997
 10
14.979999999999999
 20
4.49
 10
14.979999999999999
 20
4.5699999999999985
 10
14.940000000000007
 20
4.649999999999997
 10
14.87
 20
4.719999999999997
 10
14.800000000000006
 20
4.749999999999998
 10
15.710000000000003
 20
4.759999999999996
 10
15.720000000000008
 20
4.749999999999998
 10
15.710000000000003
 20
4.74
 10
15.65
 20
4.719999999999997
 10
15.580000000000007
 20
4.649999999999997
 10
15.540000000000001
 20
4.5699999999999985
 10
15.540000000000001
 20
4.49
 10
15.520000000000005
 20
4.469999999999997
 10
15.520000000000005
 20
0.8699999999999954
 10
15.540000000000001
 20
0.8499999999999994
 10
15.540000000000001
 20
0.7700000000000011
 10
15.580000000000007
 20
0.6899999999999957
 10
15.65
 20
0.6199999999999954
 10
15.720000000000008
 20
0.5900000000000014
 97
0
 75
1
 76
1
 52
0.0
 41
0.03
 77
0
 78
1
 53
45.0
 43
0.0
 44
0.0
 45
-0.0673519209
 46
0.0673519209
 79
0
 98
0
  0
LWPOLYLINE
  5
B7
330
17
100
AcDbEntity
  8
BLINDING-GROUND-BEAMS
100
AcDbPolyline
 90
26
 70
1
 10
19.290000000000003
 20
0.5799999999999963
 10
19.139999999999997
 20
0.5900000000000014
 10
19.210000000000004
 20
0.6199999999999954
 10
19.279999999999998
 20
0.6899999999999957
 10
19.320000000000004
 20
0.7700000000000011
 10
19.320000000000004
 20
0.8499999999999994
 10
19.34
 20
0.8699999999999954
 10
19.34
 20
4.469999999999997
 10
19.320000000000004
 20
4.49
 10
19.320000000000004
 20
4.5699999999999985
 10
19.279999999999998
 20
4.649999999999997
 10
19.210000000000004
 20
4.719999999999997
 10
19.139999999999997
 20
4.749999999999998
 10
20.050000000000008
 20
4.759999999999996
 10
20.050000000000008
 20
4.74
 10
19.990000000000006
 20
4.719999999999997
 10
19.919999999999998
 20
4.649999999999997
 10
19.880000000000006
 20
4.5699999999999985
 10
19.880000000000006
 20
4.49
 10
19.86000000000001
 20
4.469999999999997
 10
19.86000000000001
 20
0.8699999999999954
 10
19.880000000000006
 20
0.8499999999999994
 10
19.880000000000006
 20
0.7700000000000011
 10
19.919999999999998
 20
0.6899999999999957
 10
19.990000000000006
 20
0.6199999999999954
 10
20.06
 20
0.5900000000000014
  0
HATCH
  5
B8
330
17
100
AcDbEntity
  8
BLINDING-GROUND-BEAMS-HATCH
 62
7
100
AcDbHatch
 10
0.0
 20
0.0
 30
0.0
210
0.0
220
0.0
230
1.0
  2
ANSI31
 70
0
 71
0
 91
1
 92
3
 72
0
 73
1
 93
26
 10
19.290000000000003
 20
0.5799999999999963
 10
19.139999999999997
 20
0.5900000000000014
 10
19.210000000000004
 20
0.6199999999999954
 10
19.279999999999998
 20
0.6899999999999957
 10
19.320000000000004
 20
0.7700000000000011
 10
19.320000000000004
 20
0.8499999999999994
 10
19.34
 20
0.8699999999999954
 10
19.34
 20
4.469999999999997
 10
19.320000000000004
 20
4.49
 10
19.320000000000004
 20
4.5699999999999985
 10
19.279999999999998
 20
4.649999999999997
 10
19.210000000000004
 20
4.719999999999997
 10
19.139999999999997
 20
4.749999999999998
 10
20.050000000000008
 20
4.759999999999996
 10
20.050000000000008
 20
4.74
 10
19.990000000000006
 20
4.719999999999997
 10
19.919999999999998
 20
4.649999999999997
 10
19.880000000000006
 20
4.5699999999999985
 10
19.880000000000006
 20
4.49
 10
19.86000000000001
 20
4.469999999999997
 10
19.86000000000001
 20
0.8699999999999954
 10
19.880000000000006
 20
0.8499999999999994
 10
19.880000000000006
 20
0.7700000000000011
 10
19.919999999999998
 20
0.6899999999999957
 10
19.990000000000006
 20
0.6199999999999954
 10
20.06
 20
0.5900000000000014
 97
0
 75
1
 76
1
 52
0.0
 41
0.03
 77
0
 78
1
 53
45.0
 43
0.0
 44
0.0
 45
-0.0673519209
 46
0.0673519209
 79
0
 98
0
  0
LWPOLYLINE
  5
B9
330
17
100
AcDbEntity
  8
BLINDING-GROUND-BEAMS
100
AcDbPolyline
 90
26
 70
1
 10
10.87
 20
0.5799999999999963
 10
10.699999999999998
 20
0.5900000000000014
 10
10.769999999999998
 20
0.6199999999999954
 10
10.839999999999998
 20
0.6899999999999957
 10
10.880000000000004
 20
0.7700000000000011
 10
10.880000000000004
 20
0.8499999999999994
 10
10.9
 20
0.8699999999999954
 10
10.9
 20
4.469999999999997
 10
10.880000000000004
 20
4.49
 10
10.880000000000004
 20
4.5699999999999985
 10
10.839999999999998
 20
4.649999999999997
 10
10.769999999999998
 20
4.719999999999997
 10
10.699999999999998
 20
4.749999999999998
 10
11.610000000000001
 20
4.759999999999996
 10
11.610000000000001
 20
4.74
 10
11.549999999999999
 20
4.719999999999997
 10
11.479999999999999
 20
4.649999999999997
 10
11.44
 20
4.5699999999999985
 10
11.44
 20
4.49
 10
11.420000000000003
 20
4.469999999999997
 10
11.420000000000003
 20
0.8699999999999954
 10
11.44
 20
0.8499999999999994
 10
11.44
 20
0.7700000000000011
 10
11.479999999999999
 20
0.6899999999999957
 10
11.549999999999999
 20
0.6199999999999954
 10
11.62
 20
0.5900000000000014
  0
HATCH
  5
BA
330
17
100
AcDbEntity
  8
BLINDING-GROUND-BEAMS-HATCH
 62
7
100
AcDbHatch
 10
0.0
 20
0.0
 30
0.0
210
0.0
220
0.0
230
1.0
  2
ANSI31
 70
0
 71
0
 91
1
 92
3
 72
0
 73
1
 93
26
 10
10.87
 20
0.5799999999999963
 10
10.699999999999998
 20
0.5900000000000014
 10
10.769999999999998
 20
0.6199999999999954
 10
10.839999999999998
 20
0.6899999999999957
 10
10.880000000000004
 20
0.7700000000000011
 10
10.880000000000004
 20
0.8499999999999994
 10
10.9
 20
0.8699999999999954
 10
10.9
 20
4.469999999999997
 10
10.880000000000004
 20
4.49
 10
10.880000000000004
 20
4.5699999999999985
 10
10.839999999999998
 20
4.649999999999997
 10
10.769999999999998
 20
4.719999999999997
 10
10.699999999999998
 20
4.749999999999998
 10
11.610000000000001
 20
4.759999999999996
 10
11.610000000000001
 20
4.74
 10
11.549999999999999
 20
4.719999999999997
 10
11.479999999999999
 20
4.649999999999997
 10
11.44
 20
4.5699999999999985
 10
11.44
 20
4.49
 10
11.420000000000003
 20
4.469999999999997
 10
11.420000000000003
 20
0.8699999999999954
 10
11.44
 20
0.8499999999999994
 10
11.44
 20
0.7700000000000011
 10
11.479999999999999
 20
0.6899999999999957
 10
11.549999999999999
 20
0.6199999999999954
 10
11.62
 20
0.5900000000000014
 97
0
 75
1
 76
1
 52
0.0
 41
0.03
 77
0
 78
1
 53
45.0
 43
0.0
 44
0.0
 45
-0.0673519209
 46
0.0673519209
 79
0
 98
0
  0
LWPOLYLINE
  5
BB
330
17
100
AcDbEntity
  8
BLINDING-GROUND-BEAMS
100
AcDbPolyline
 90
25
 70
1
 10
20.749999999999996
 20
5.619999999999996
 10
20.749999999999996
 20
6.539999999999997
 10
20.779999999999998
 20
6.469999999999997
 10
20.850000000000005
 20
6.399999999999997
 10
20.930000000000003
 20
6.359999999999998
 10
21.01
 20
6.359999999999998
 10
21.029999999999998
 20
6.340000000000002
 10
24.490000000000006
 20
6.340000000000002
 10
24.51
 20
6.359999999999998
 10
24.59
 20
6.359999999999998
 10
24.669999999999998
 20
6.399999999999997
 10
24.740000000000006
 20
6.469999999999997
 10
24.779999999999998
 20
6.5500000000000025
 10
24.790000000000003
 20
6.639999999999999
 10
24.800000000000008
 20
5.709999999999999
 10
24.790000000000003
 20
5.700000000000001
 10
24.73
 20
5.759999999999996
 10
24.650000000000002
 20
5.8000000000000025
 10
24.570000000000004
 20
5.8000000000000025
 10
24.550000000000008
 20
5.8199999999999985
 10
21.029999999999998
 20
5.8199999999999985
 10
21.01
 20
5.8000000000000025
 10
20.930000000000003
 20
5.8000000000000025
 10
20.850000000000005
 20
5.759999999999996
 10
20.779999999999998
 20
5.689999999999996
  0
HATCH
  5
BC
330
17
100
AcDbEntity
  8
BLINDING-GROUND-BEAMS-HATCH
 62
7
100
AcDbHatch
 10
0.0
 20
0.0
 30
0.0
210
0.0
220
0.0
230
1.0
  2
ANSI31
 70
0
 71
0
 91
1
 92
3
 72
0
 73
1
 93
25
 10
20.749999999999996
 20
5.619999999999996
 10
20.749999999999996
 20
6.539999999999997
 10
20.779999999999998
 20
6.469999999999997
 10
20.850000000000005
 20
6.399999999999997
 10
20.930000000000003
 20
6.359999999999998
 10
21.01
 20
6.359999999999998
 10
21.029999999999998
 20
6.340000000000002
 10
24.490000000000006
 20
6.340000000000002
 10
24.51
 20
6.359999999999998
 10
24.59
 20
6.359999999999998
 10
24.669999999999998
 20
6.399999999999997
 10
24.740000000000006
 20
6.469999999999997
 10
24.779999999999998
 20
6.5500000000000025
 10
24.790000000000003
 20
6.639999999999999
 10
24.800000000000008
 20
5.709999999999999
 10
24.790000000000003
 20
5.700000000000001
 10
24.73
 20
5.759999999999996
 10
24.650000000000002
 20
5.8000000000000025
 10
24.570000000000004
 20
5.8000000000000025
 10
24.550000000000008
 20
5.8199999999999985
 10
21.029999999999998
 20
5.8199999999999985
 10
21.01
 20
5.8000000000000025
 10
20.930000000000003
 20
5.8000000000000025
 10
20.850000000000005
 20
5.759999999999996
 10
20.779999999999998
 20
5.689999999999996
 97
0
 75
1
 76
1
 52
0.0
 41
0.03
 77
0
 78
1
 53
45.0
 43
0.0
 44
0.0
 45
-0.0673519209
 46
0.0673519209
 79
0
 98
0
  0
LWPOLYLINE
  5
BD
330
17
100
AcDbEntity
  8
BLINDING-GROUND-BEAMS
100
AcDbPolyline
 90
167
 70
1
 10
-33.720000000000006
 20
12.730000000000002
 10
-33.74
 20
12.829999999999997
 10
-33.76
 20
12.85
 10
-33.76
 20
12.889999999999999
 10
-33.78
 20
12.910000000000002
 10
-33.78
 20
12.950000000000001
 10
-33.800000000000004
 20
12.969999999999997
 10
-33.800000000000004
 20
13.009999999999996
 10
-33.82
 20
13.03
 10
-33.82
 20
13.069999999999999
 10
-33.84
 20
13.090000000000002
 10
-33.84
 20
13.13
 10
-33.86000000000001
 20
13.149999999999997
 10
-33.86000000000001
 20
13.189999999999996
 10
-33.88
 20
13.209999999999999
 10
-33.88
 20
13.249999999999998
 10
-33.9
 20
13.270000000000001
 10
-33.9
 20
13.31
 10
-33.92
 20
13.329999999999997
 10
-33.92
 20
13.370000000000003
 10
-33.940000000000005
 20
13.389999999999999
 10
-33.940000000000005
 20
13.429999999999998
 10
-33.96
 20
13.450000000000001
 10
-33.96
 20
13.49
 10
-33.98
 20
13.509999999999996
 10
-33.98
 20
13.550000000000002
 10
-34.0
 20
13.569999999999999
 10
-34.0
 20
13.609999999999998
 10
-34.02
 20
13.63
 10
-34.02
 20
13.67
 10
-34.04
 20
13.689999999999996
 10
-34.04
 20
13.730000000000002
 10
-34.06
 20
13.749999999999998
 10
-34.06
 20
13.789999999999997
 10
-34.080000000000005
 20
13.81
 10
-34.080000000000005
 20
13.85
 10
-34.1
 20
13.870000000000003
 10
-34.1
 20
13.910000000000002
 10
-34.12
 20
13.929999999999998
 10
-34.12
 20
13.969999999999997
 10
-34.14
 20
13.99
 10
-34.14
 20
14.03
 10
-34.160000000000004
 20
14.050000000000002
 10
-34.160000000000004
 20
14.109999999999998
 10
-34.2
 20
14.189999999999996
 10
-34.2
 20
14.230000000000002
 10
-34.220000000000006
 20
14.249999999999998
 10
-34.26
 20
14.410000000000002
 10
-34.28
 20
14.429999999999998
 10
-34.32
 20
14.590000000000002
 10
-34.34
 20
14.609999999999998
 10
-34.36
 20
14.709999999999999
 10
-34.38
 20
14.730000000000002
 10
-34.4
 20
14.829999999999997
 10
-34.42
 20
14.85
 10
-34.42
 20
14.889999999999999
 10
-34.440000000000005
 20
14.910000000000002
 10
-34.46
 20
15.009999999999996
 10
-34.5
 20
15.090000000000002
 10
-34.5
 20
15.13
 10
-34.52
 20
15.149999999999997
 10
-34.54
 20
15.249999999999998
 10
-34.56
 20
15.270000000000001
 10
-34.56
 20
15.31
 10
-34.580000000000005
 20
15.329999999999997
 10
-34.580000000000005
 20
15.370000000000003
 10
-34.62
 20
15.450000000000001
 10
-34.62
 20
15.49
 10
-34.64
 20
15.509999999999996
 10
-34.64
 20
15.550000000000002
 10
-34.660000000000004
 20
15.569999999999999
 10
-34.68
 20
15.67
 10
-34.7
 20
15.689999999999996
 10
-34.7
 20
15.730000000000002
 10
-34.74
 20
15.81
 10
-34.74
 20
15.85
 10
-34.800000000000004
 20
15.969999999999997
 10
-34.87
 20
16.039999999999996
 10
-34.95
 20
16.079999999999995
 10
-35.03
 20
16.079999999999995
 10
-35.03
 20
16.099999999999998
 10
-34.37
 20
16.099999999999998
 10
-34.29
 20
16.139999999999997
 10
-34.26
 20
16.109999999999996
 10
-34.26
 20
16.029999999999998
 10
-34.220000000000006
 20
15.950000000000001
 10
-34.220000000000006
 20
15.910000000000002
 10
-34.2
 20
15.889999999999999
 10
-34.2
 20
15.85
 10
-34.18
 20
15.829999999999997
 10
-34.18
 20
15.770000000000001
 10
-34.14
 20
15.689999999999996
 10
-34.14
 20
15.649999999999997
 10
-34.12
 20
15.63
 10
-34.080000000000005
 20
15.469999999999997
 10
-34.06
 20
15.450000000000001
 10
-34.02
 20
15.289999999999997
 10
-34.0
 20
15.270000000000001
 10
-34.0
 20
15.230000000000002
 10
-33.98
 20
15.209999999999999
 10
-33.940000000000005
 20
15.050000000000002
 10
-33.92
 20
15.03
 10
-33.92
 20
14.99
 10
-33.9
 20
14.969999999999997
 10
-33.9
 20
14.929999999999998
 10
-33.86000000000001
 20
14.85
 10
-33.86000000000001
 20
14.81
 10
-33.84
 20
14.789999999999997
 10
-33.84
 20
14.730000000000002
 10
-33.82
 20
14.709999999999999
 10
-33.800000000000004
 20
14.609999999999998
 10
-33.76
 20
14.53
 10
-33.720000000000006
 20
14.370000000000003
 10
-33.7
 20
14.35
 10
-33.660000000000004
 20
14.189999999999996
 10
-33.62
 20
14.109999999999998
 10
-33.580000000000005
 20
13.950000000000001
 10
-33.56
 20
13.929999999999998
 10
-33.56
 20
13.889999999999999
 10
-33.54
 20
13.870000000000003
 10
-33.52
 20
13.770000000000001
 10
-33.5
 20
13.749999999999998
 10
-33.5
 20
13.689999999999996
 10
-33.48
 20
13.67
 10
-33.440000000000005
 20
13.509999999999996
 10
-33.42
 20
13.49
 10
-33.42
 20
13.450000000000001
 10
-33.4
 20
13.429999999999998
 10
-33.38
 20
13.329999999999997
 10
-33.36000000000001
 20
13.31
 10
-33.36000000000001
 20
13.270000000000001
 10
-33.34
 20
13.249999999999998
 10
-33.34
 20
13.209999999999999
 10
-33.32
 20
13.189999999999996
 10
-33.300000000000004
 20
13.090000000000002
 10
-33.28
 20
13.069999999999999
 10
-33.28
 20
13.03
 10
-33.26
 20
13.009999999999996
 10
-33.26
 20
12.969999999999997
 10
-33.220000000000006
 20
12.889999999999999
 10
-33.220000000000006
 20
12.85
 10
-33.2
 20
12.829999999999997
 10
-33.2
 20
12.789999999999997
 10
-33.160000000000004
 20
12.709999999999999
 10
-33.160000000000004
 20
12.649999999999997
 10
-33.14
 20
12.63
 10
-33.12
 20
12.53
 10
-33.06
 20
12.410000000000002
 10
-32.99
 20
12.340000000000002
 10
-32.910000000000004
 20
12.300000000000002
 10
-32.82
 20
12.289999999999997
 10
-33.470000000000006
 20
12.28
 10
-33.550000000000004
 20
12.24
 10
-33.580000000000005
 20
12.270000000000001
 10
-33.580000000000005
 20
12.35
 10
-33.6
 20
12.370000000000003
 10
-33.6
 20
12.410000000000002
 10
-33.62
 20
12.429999999999998
 10
-33.62
 20
12.469999999999997
 10
-33.64
 20
12.49
 10
-33.64
 20
12.53
 10
-33.660000000000004
 20
12.550000000000002
 10
-33.660000000000004
 20
12.590000000000002
 10
-33.68
 20
12.609999999999998
 10
-33.68
 20
12.649999999999997
 10
-33.7
 20
12.67
 10
-33.7
 20
12.709999999999999
  0
HATCH
  5
BE
330
17
100
AcDbEntity
  8
BLINDING-GROUND-BEAMS-HATCH
 62
7
100
AcDbHatch
 10
0.0
 20
0.0
 30
0.0
210
0.0
220
0.0
230
1.0
  2
ANSI31
 70
0
 71
0
 91
1
 92
3
 72
0
 73
1
 93
167
 10
-33.720000000000006
 20
12.730000000000002
 10
-33.74
 20
12.829999999999997
 10
-33.76
 20
12.85
 10
-33.76
 20
12.889999999999999
 10
-33.78
 20
12.910000000000002
 10
-33.78
 20
12.950000000000001
 10
-33.800000000000004
 20
12.969999999999997
 10
-33.800000000000004
 20
13.009999999999996
 10
-33.82
 20
13.03
 10
-33.82
 20
13.069999999999999
 10
-33.84
 20
13.090000000000002
 10
-33.84
 20
13.13
 10
-33.86000000000001
 20
13.149999999999997
 10
-33.86000000000001
 20
13.189999999999996
 10
-33.88
 20
13.209999999999999
 10
-33.88
 20
13.249999999999998
 10
-33.9
 20
13.270000000000001
 10
-33.9
 20
13.31
 10
-33.92
 20
13.329999999999997
 10
-33.92
 20
13.370000000000003
 10
-33.940000000000005
 20
13.389999999999999
 10
-33.940000000000005
 20
13.429999999999998
 10
-33.96
 20
13.450000000000001
 10
-33.96
 20
13.49
 10
-33.98
 20
13.509999999999996
 10
-33.98
 20
13.550000000000002
 10
-34.0
 20
13.569999999999999
 10
-34.0
 20
13.609999999999998
 10
-34.02
 20
13.63
 10
-34.02
 20
13.67
 10
-34.04
 20
13.689999999999996
 10
-34.04
 20
13.730000000000002
 10
-34.06
 20
13.749999999999998
 10
-34.06
 20
13.789999999999997
 10
-34.080000000000005
 20
13.81
 10
-34.080000000000005
 20
13.85
 10
-34.1
 20
13.870000000000003
 10
-34.1
 20
13.910000000000002
 10
-34.12
 20
13.929999999999998
 10
-34.12
 20
13.969999999999997
 10
-34.14
 20
13.99
 10
-34.14
 20
14.03
 10
-34.160000000000004
 20
14.050000000000002
 10
-34.160000000000004
 20
14.109999999999998
 10
-34.2
 20
14.189999999999996
 10
-34.2
 20
14.230000000000002
 10
-34.220000000000006
 20
14.249999999999998
 10
-34.26
 20
14.410000000000002
 10
-34.28
 20
14.429999999999998
 10
-34.32
 20
14.590000000000002
 10
-34.34
 20
14.609999999999998
 10
-34.36
 20
14.709999999999999
 10
-34.38
 20
14.730000000000002
 10
-34.4
 20
14.829999999999997
 10
-34.42
 20
14.85
 10
-34.42
 20
14.889999999999999
 10
-34.440000000000005
 20
14.910000000000002
 10
-34.46
 20
15.009999999999996
 10
-34.5
 20
15.090000000000002
 10
-34.5
 20
15.13
 10
-34.52
 20
15.149999999999997
 10
-34.54
 20
15.249999999999998
 10
-34.56
 20
15.270000000000001
 10
-34.56
 20
15.31
 10
-34.580000000000005
 20
15.329999999999997
 10
-34.580000000000005
 20
15.370000000000003
 10
-34.62
 20
15.450000000000001
 10
-34.62
 20
15.49
 10
-34.64
 20
15.509999999999996
 10
-34.64
 20
15.550000000000002
 10
-34.660000000000004
 20
15.569999999999999
 10
-34.68
 20
15.67
 10
-34.7
 20
15.689999999999996
 10
-34.7
 20
15.730000000000002
 10
-34.74
 20
15.81
 10
-34.74
 20
15.85
 10
-34.800000000000004
 20
15.969999999999997
 10
-34.87
 20
16.039999999999996
 10
-34.95
 20
16.079999999999995
 10
-35.03
 20
16.079999999999995
 10
-35.03
 20
16.099999999999998
 10
-34.37
 20
16.099999999999998
 10
-34.29
 20
16.139999999999997
 10
-34.26
 20
16.109999999999996
 10
-34.26
 20
16.029999999999998
 10
-34.220000000000006
 20
15.950000000000001
 10
-34.220000000000006
 20
15.910000000000002
 10
-34.2
 20
15.889999999999999
 10
-34.2
 20
15.85
 10
-34.18
 20
15.829999999999997
 10
-34.18
 20
15.770000000000001
 10
-34.14
 20
15.689999999999996
 10
-34.14
 20
15.649999999999997
 10
-34.12
 20
15.63
 10
-34.080000000000005
 20
15.469999999999997
 10
-34.06
 20
15.450000000000001
 10
-34.02
 20
15.289999999999997
 10
-34.0
 20
15.270000000000001
 10
-34.0
 20
15.230000000000002
 10
-33.98
 20
15.209999999999999
 10
-33.940000000000005
 20
15.050000000000002
 10
-33.92
 20
15.03
 10
-33.92
 20
14.99
 10
-33.9
 20
14.969999999999997
 10
-33.9
 20
14.929999999999998
 10
-33.86000000000001
 20
14.85
 10
-33.86000000000001
 20
14.81
 10
-33.84
 20
14.789999999999997
 10
-33.84
 20
14.730000000000002
 10
-33.82
 20
14.709999999999999
 10
-33.800000000000004
 20
14.609999999999998
 10
-33.76
 20
14.53
 10
-33.720000000000006
 20
14.370000000000003
 10
-33.7
 20
14.35
 10
-33.660000000000004
 20
14.189999999999996
 10
-33.62
 20
14.109999999999998
 10
-33.580000000000005
 20
13.950000000000001
 10
-33.56
 20
13.929999999999998
 10
-33.56
 20
13.889999999999999
 10
-33.54
 20
13.870000000000003
 10
-33.52
 20
13.770000000000001
 10
-33.5
 20
13.749999999999998
 10
-33.5
 20
13.689999999999996
 10
-33.48
 20
13.67
 10
-33.440000000000005
 20
13.509999999999996
 10
-33.42
 20
13.49
 10
-33.42
 20
13.450000000000001
 10
-33.4
 20
13.429999999999998
 10
-33.38
 20
13.329999999999997
 10
-33.36000000000001
 20
13.31
 10
-33.36000000000001
 20
13.270000000000001
 10
-33.34
 20
13.249999999999998
 10
-33.34
 20
13.209999999999999
 10
-33.32
 20
13.189999999999996
 10
-33.300000000000004
 20
13.090000000000002
 10
-33.28
 20
13.069999999999999
 10
-33.28
 20
13.03
 10
-33.26
 20
13.009999999999996
 10
-33.26
 20
12.969999999999997
 10
-33.220000000000006
 20
12.889999999999999
 10
-33.220000000000006
 20
12.85
 10
-33.2
 20
12.829999999999997
 10
-33.2
 20
12.789999999999997
 10
-33.160000000000004
 20
12.709999999999999
 10
-33.160000000000004
 20
12.649999999999997
 10
-33.14
 20
12.63
 10
-33.12
 20
12.53
 10
-33.06
 20
12.410000000000002
 10
-32.99
 20
12.340000000000002
 10
-32.910000000000004
 20
12.300000000000002
 10
-32.82
 20
12.289999999999997
 10
-33.470000000000006
 20
12.28
 10
-33.550000000000004
 20
12.24
 10
-33.580000000000005
 20
12.270000000000001
 10
-33.580000000000005
 20
12.35
 10
-33.6
 20
12.370000000000003
 10
-33.6
 20
12.410000000000002
 10
-33.62
 20
12.429999999999998
 10
-33.62
 20
12.469999999999997
 10
-33.64
 20
12.49
 10
-33.64
 20
12.53
 10
-33.660000000000004
 20
12.550000000000002
 10
-33.660000000000004
 20
12.590000000000002
 10
-33.68
 20
12.609999999999998
 10
-33.68
 20
12.649999999999997
 10
-33.7
 20
12.67
 10
-33.7
 20
12.709999999999999
 97
0
 75
1
 76
1
 52
0.0
 41
0.03
 77
0
 78
1
 53
45.0
 43
0.0
 44
0.0
 45
-0.0673519209
 46
0.0673519209
 79
0
 98
0
  0
LWPOLYLINE
  5
BF
330
17
100
AcDbEntity
  8
BLINDING-GROUND-BEAMS
100
AcDbPolyline
 90
26
 70
1
 10
-16.59
 20
33.18
 10
-16.8
 20
33.190000000000005
 10
-16.73
 20
33.220000000000006
 10
-16.66
 20
33.29
 10
-16.62
 20
33.37
 10
-16.62
 20
33.45
 10
-16.599999999999998
 20
33.470000000000006
 10
-16.599999999999998
 20
36.77
 10
-16.62
 20
36.79
 10
-16.62
 20
36.87
 10
-16.66
 20
36.95
 10
-16.73
 20
37.02
 10
-16.8
 20
37.050000000000004
 10
-15.889999999999999
 20
37.06
 10
-15.889999999999999
 20
37.04
 10
-15.950000000000001
 20
37.02
 10
-16.02
 20
36.95
 10
-16.06
 20
36.87
 10
-16.06
 20
36.79
 10
-16.079999999999995
 20
36.77
 10
-16.079999999999995
 20
33.470000000000006
 10
-16.06
 20
33.45
 10
-16.06
 20
33.37
 10
-16.02
 20
33.29
 10
-15.950000000000001
 20
33.220000000000006
 10
-15.88
 20
33.190000000000005
  0
HATCH
  5
C0
330
17
100
AcDbEntity
  8
BLINDING-GROUND-BEAMS-HATCH
 62
7
100
AcDbHatch
 10
0.0
 20
0.0
 30
0.0
210
0.0
220
0.0
230
1.0
  2
ANSI31
 70
0
 71
0
 91
1
 92
3
 72
0
 73
1
 93
26
 10
-16.59
 20
33.18
 10
-16.8
 20
33.190000000000005
 10
-16.73
 20
33.220000000000006
 10
-16.66
 20
33.29
 10
-16.62
 20
33.37
 10
-16.62
 20
33.45
 10
-16.599999999999998
 20
33.470000000000006
 10
-16.599999999999998
 20
36.77
 10
-16.62
 20
36.79
 10
-16.62
 20
36.87
 10
-16.66
 20
36.95
 10
-16.73
 20
37.02
 10
-16.8
 20
37.050000000000004
 10
-15.889999999999999
 20
37.06
 10
-15.889999999999999
 20
37.04
 10
-15.950000000000001
 20
37.02
 10
-16.02
 20
36.95
 10
-16.06
 20
36.87
 10
-16.06
 20
36.79
 10
-16.079999999999995
 20
36.77
 10
-16.079999999999995
 20
33.470000000000006
 10
-16.06
 20
33.45
 10
-16.06
 20
33.37
 10
-16.02
 20
33.29
 10
-15.950000000000001
 20
33.220000000000006
 10
-15.88
 20
33.190000000000005
 97
0
 75
1
 76
1
 52
0.0
 41
0.03
 77
0
 78
1
 53
45.0
 43
0.0
 44
0.0
 45
-0.0673519209
 46
0.0673519209
 79
0
 98
0
  0
LWPOLYLINE
  5
C1
330
17
100
AcDbEntity
  8
BLINDING-GROUND-BEAMS
100
AcDbPolyline
 90
25
 70
1
 10
-15.88
 20
24.189999999999994
 10
-16.8
 20
24.189999999999994
 10
-16.73
 20
24.219999999999995
 10
-16.66
 20
24.289999999999996
 10
-16.62
 20
24.37
 10
-16.62
 20
24.45
 10
-16.599999999999998
 20
24.469999999999995
 10
-16.599999999999998
 20
27.529999999999998
 10
-16.62
 20
27.55
 10
-16.62
 20
27.63
 10
-16.66
 20
27.709999999999997
 10
-16.73
 20
27.779999999999998
 10
-16.8
 20
27.81
 10
-15.889999999999999
 20
27.819999999999997
 10
-15.889999999999999
 20
27.8
 10
-15.950000000000001
 20
27.779999999999998
 10
-16.02
 20
27.709999999999997
 10
-16.06
 20
27.63
 10
-16.06
 20
27.55
 10
-16.079999999999995
 20
27.529999999999998
 10
-16.079999999999995
 20
24.469999999999995
 10
-16.06
 20
24.45
 10
-16.06
 20
24.37
 10
-16.02
 20
24.289999999999996
 10
-15.950000000000001
 20
24.219999999999995
  0
HATCH
  5
C2
330
17
100
AcDbEntity
  8
BLINDING-GROUND-BEAMS-HATCH
 62
7
100
AcDbHatch
 10
0.0
 20
0.0
 30
0.0
210
0.0
220
0.0
230
1.0
  2
ANSI31
 70
0
 71
0
 91
1
 92
3
 72
0
 73
1
 93
25
 10
-15.88
 20
24.189999999999994
 10
-16.8
 20
24.189999999999994
 10
-16.73
 20
24.219999999999995
 10
-16.66
 20
24.289999999999996
 10
-16.62
 20
24.37
 10
-16.62
 20
24.45
 10
-16.599999999999998
 20
24.469999999999995
 10
-16.599999999999998
 20
27.529999999999998
 10
-16.62
 20
27.55
 10
-16.62
 20
27.63
 10
-16.66
 20
27.709999999999997
 10
-16.73
 20
27.779999999999998
 10
-16.8
 20
27.81
 10
-15.889999999999999
 20
27.819999999999997
 10
-15.889999999999999
 20
27.8
 10
-15.950000000000001
 20
27.779999999999998
 10
-16.02
 20
27.709999999999997
 10
-16.06
 20
27.63
 10
-16.06
 20
27.55
 10
-16.079999999999995
 20
27.529999999999998
 10
-16.079999999999995
 20
24.469999999999995
 10
-16.06
 20
24.45
 10
-16.06
 20
24.37
 10
-16.02
 20
24.289999999999996
 10
-15.950000000000001
 20
24.219999999999995
 97
0
 75
1
 76
1
 52
0.0
 41
0.03
 77
0
 78
1
 53
45.0
 43
0.0
 44
0.0
 45
-0.0673519209
 46
0.0673519209
 79
0
 98
0
  0
LWPOLYLINE
  5
C3
330
17
100
AcDbEntity
  8
BLINDING-GROUND-BEAMS
100
AcDbPolyline
 90
23
 70
1
 10
-29.189999999999998
 20
42.96
 10
-29.2
 20
46.03
 10
-29.22
 20
46.050000000000004
 10
-29.22
 20
46.13
 10
-29.259999999999998
 20
46.21
 10
-29.33
 20
46.28
 10
-29.4
 20
46.31
 10
-28.49
 20
46.32
 10
-28.479999999999997
 20
46.31
 10
-28.49
 20
46.300000000000004
 10
-28.549999999999997
 20
46.28
 10
-28.619999999999997
 20
46.21
 10
-28.659999999999997
 20
46.13
 10
-28.659999999999997
 20
46.050000000000004
 10
-28.68
 20
46.03
 10
-28.68
 20
43.31
 10
-28.659999999999997
 20
43.29
 10
-28.659999999999997
 20
43.21
 10
-28.61
 20
43.12
 10
-28.549999999999997
 20
43.06
 10
-28.47
 20
43.02
 10
-28.38
 20
43.01
 10
-29.11
 20
43.0
  0
HATCH
  5
C4
330
17
100
AcDbEntity
  8
BLINDING-GROUND-BEAMS-HATCH
 62
7
100
AcDbHatch
 10
0.0
 20
0.0
 30
0.0
210
0.0
220
0.0
230
1.0
  2
ANSI31
 70
0
 71
0
 91
1
 92
3
 72
0
 73
1
 93
23
 10
-29.189999999999998
 20
42.96
 10
-29.2
 20
46.03
 10
-29.22
 20
46.050000000000004
 10
-29.22
 20
46.13
 10
-29.259999999999998
 20
46.21
 10
-29.33
 20
46.28
 10
-29.4
 20
46.31
 10
-28.49
 20
46.32
 10
-28.479999999999997
 20
46.31
 10
-28.49
 20
46.300000000000004
 10
-28.549999999999997
 20
46.28
 10
-28.619999999999997
 20
46.21
 10
-28.659999999999997
 20
46.13
 10
-28.659999999999997
 20
46.050000000000004
 10
-28.68
 20
46.03
 10
-28.68
 20
43.31
 10
-28.659999999999997
 20
43.29
 10
-28.659999999999997
 20
43.21
 10
-28.61
 20
43.12
 10
-28.549999999999997
 20
43.06
 10
-28.47
 20
43.02
 10
-28.38
 20
43.01
 10
-29.11
 20
43.0
 97
0
 75
1
 76
1
 52
0.0
 41
0.03
 77
0
 78
1
 53
45.0
 43
0.0
 44
0.0
 45
-0.0673519209
 46
0.0673519209
 79
0
 98
0
  0
LWPOLYLINE
  5
C5
330
17
100
AcDbEntity
  8
BLINDING-GROUND-BEAMS
100
AcDbPolyline
 90
26
 70
1
 10
1.8699999999999994
 20
33.62
 10
1.6000000000000034
 20
33.63
 10
1.6700000000000037
 20
33.660000000000004
 10
1.740000000000004
 20
33.73
 10
1.7800000000000031
 20
33.81
 10
1.7800000000000031
 20
33.89
 10
1.7999999999999992
 20
33.910000000000004
 10
1.7999999999999992
 20
36.57
 10
1.7800000000000031
 20
36.589999999999996
 10
1.7800000000000031
 20
36.67
 10
1.740000000000004
 20
36.75
 10
1.6700000000000037
 20
36.82
 10
1.6000000000000034
 20
36.85
 10
2.51
 20
36.86000000000001
 10
2.51
 20
36.839999999999996
 10
2.4499999999999975
 20
36.82
 10
2.3800000000000043
 20
36.75
 10
2.339999999999998
 20
36.67
 10
2.339999999999998
 20
36.589999999999996
 10
2.320000000000002
 20
36.57
 10
2.320000000000002
 20
33.910000000000004
 10
2.339999999999998
 20
33.89
 10
2.339999999999998
 20
33.81
 10
2.3800000000000043
 20
33.73
 10
2.4499999999999975
 20
33.660000000000004
 10
2.519999999999998
 20
33.63
  0
HATCH
  5
C6
330
17
100
AcDbEntity
  8
BLINDING-GROUND-BEAMS-HATCH
 62
7
100
AcDbHatch
 10
0.0
 20
0.0
 30
0.0
210
0.0
220
0.0
230
1.0
  2
ANSI31
 70
0
 71
0
 91
1
 92
3
 72
0
 73
1
 93
26
 10
1.8699999999999994
 20
33.62
 10
1.6000000000000034
 20
33.63
 10
1.6700000000000037
 20
33.660000000000004
 10
1.740000000000004
 20
33.73
 10
1.7800000000000031
 20
33.81
 10
1.7800000000000031
 20
33.89
 10
1.7999999999999992
 20
33.910000000000004
 10
1.7999999999999992
 20
36.57
 10
1.7800000000000031
 20
36.589999999999996
 10
1.7800000000000031
 20
36.67
 10
1.740000000000004
 20
36.75
 10
1.6700000000000037
 20
36.82
 10
1.6000000000000034
 20
36.85
 10
2.51
 20
36.86000000000001
 10
2.51
 20
36.839999999999996
 10
2.4499999999999975
 20
36.82
 10
2.3800000000000043
 20
36.75
 10
2.339999999999998
 20
36.67
 10
2.339999999999998
 20
36.589999999999996
 10
2.320000000000002
 20
36.57
 10
2.320000000000002
 20
33.910000000000004
 10
2.339999999999998
 20
33.89
 10
2.339999999999998
 20
33.81
 10
2.3800000000000043
 20
33.73
 10
2.4499999999999975
 20
33.660000000000004
 10
2.519999999999998
 20
33.63
 97
0
 75
1
 76
1
 52
0.0
 41
0.03
 77
0
 78
1
 53
45.0
 43
0.0
 44
0.0
 45
-0.0673519209
 46
0.0673519209
 79
0
 98
0
  0
LWPOLYLINE
  5
C7
330
17
100
AcDbEntity
  8
BLINDING-GROUND-BEAMS
100
AcDbPolyline
 90
27
 70
1
 10
-11.410000000000002
 20
49.46
 10
-13.870000000000003
 20
49.46
 10
-13.889999999999999
 20
49.440000000000005
 10
-13.969999999999997
 20
49.440000000000005
 10
-14.050000000000002
 20
49.4
 10
-14.120000000000003
 20
49.330000000000005
 10
-14.149999999999997
 20
49.26
 10
-14.160000000000002
 20
50.17
 10
-14.139999999999999
 20
50.17
 10
-14.120000000000003
 20
50.11
 10
-14.050000000000002
 20
50.04
 10
-13.969999999999997
 20
50.0
 10
-13.889999999999999
 20
50.0
 10
-13.870000000000003
 20
49.980000000000004
 10
-11.410000000000002
 20
49.980000000000004
 10
-11.389999999999999
 20
50.0
 10
-11.31
 20
50.0
 10
-11.230000000000002
 20
50.04
 10
-11.160000000000002
 20
50.11
 10
-11.13
 20
50.18
 10
-11.120000000000003
 20
49.27
 10
-11.13
 20
49.26
 10
-11.139999999999999
 20
49.27
 10
-11.160000000000002
 20
49.330000000000005
 10
-11.230000000000002
 20
49.4
 10
-11.31
 20
49.440000000000005
 10
-11.389999999999999
 20
49.440000000000005
  0
HATCH
  5
C8
330
17
100
AcDbEntity
  8
BLINDING-GROUND-BEAMS-HATCH
 62
7
100
AcDbHatch
 10
0.0
 20
0.0
 30
0.0
210
0.0
220
0.0
230
1.0
  2
ANSI31
 70
0
 71
0
 91
1
 92
3
 72
0
 73
1
 93
27
 10
-11.410000000000002
 20
49.46
 10
-13.870000000000003
 20
49.46
 10
-13.889999999999999
 20
49.440000000000005
 10
-13.969999999999997
 20
49.440000000000005
 10
-14.050000000000002
 20
49.4
 10
-14.120000000000003
 20
49.330000000000005
 10
-14.149999999999997
 20
49.26
 10
-14.160000000000002
 20
50.17
 10
-14.139999999999999
 20
50.17
 10
-14.120000000000003
 20
50.11
 10
-14.050000000000002
 20
50.04
 10
-13.969999999999997
 20
50.0
 10
-13.889999999999999
 20
50.0
 10
-13.870000000000003
 20
49.980000000000004
 10
-11.410000000000002
 20
49.980000000000004
 10
-11.389999999999999
 20
50.0
 10
-11.31
 20
50.0
 10
-11.230000000000002
 20
50.04
 10
-11.160000000000002
 20
50.11
 10
-11.13
 20
50.18
 10
-11.120000000000003
 20
49.27
 10
-11.13
 20
49.26
 10
-11.139999999999999
 20
49.27
 10
-11.160000000000002
 20
49.330000000000005
 10
-11.230000000000002
 20
49.4
 10
-11.31
 20
49.440000000000005
 10
-11.389999999999999
 20
49.440000000000005
 97
0
 75
1
 76
1
 52
0.0
 41
0.03
 77
0
 78
1
 53
45.0
 43
0.0
 44
0.0
 45
-0.0673519209
 46
0.0673519209
 79
0
 98
0
  0
LWPOLYLINE
  5
C9
330
17
100
AcDbEntity
  8
BLINDING-GROUND-BEAMS
100
AcDbPolyline
 90
25
 70
1
 10
21.389999999999997
 20
8.92
 10
21.389999999999997
 20
9.840000000000002
 10
21.419999999999998
 20
9.770000000000001
 10
21.490000000000006
 20
9.700000000000001
 10
21.570000000000004
 20
9.660000000000002
 10
21.650000000000002
 20
9.660000000000002
 10
21.669999999999998
 20
9.639999999999999
 10
24.11000000000001
 20
9.639999999999999
 10
24.130000000000006
 20
9.660000000000002
 10
24.210000000000004
 20
9.660000000000002
 10
24.300000000000008
 20
9.709999999999999
 10
24.36000000000001
 20
9.770000000000001
 10
24.400000000000002
 20
9.85
 10
24.410000000000007
 20
9.939999999999996
 10
24.419999999999998
 20
9.109999999999998
 10
24.44000000000001
 20
9.069999999999999
 10
24.410000000000007
 20
9.06
 10
24.350000000000005
 20
9.1
 10
24.270000000000007
 20
9.1
 10
24.249999999999996
 20
9.119999999999996
 10
21.669999999999998
 20
9.119999999999996
 10
21.650000000000002
 20
9.1
 10
21.570000000000004
 20
9.1
 10
21.490000000000006
 20
9.06
 10
21.419999999999998
 20
8.99
  0
HATCH
  5
CA
330
17
100
AcDbEntity
  8
BLINDING-GROUND-BEAMS-HATCH
 62
7
100
AcDbHatch
 10
0.0
 20
0.0
 30
0.0
210
0.0
220
0.0
230
1.0
  2
ANSI31
 70
0
 71
0
 91
1
 92
3
 72
0
 73
1
 93
25
 10
21.389999999999997
 20
8.92
 10
21.389999999999997
 20
9.840000000000002
 10
21.419999999999998
 20
9.770000000000001
 10
21.490000000000006
 20
9.700000000000001
 10
21.570000000000004
 20
9.660000000000002
 10
21.650000000000002
 20
9.660000000000002
 10
21.669999999999998
 20
9.639999999999999
 10
24.11000000000001
 20
9.639999999999999
 10
24.130000000000006
 20
9.660000000000002
 10
24.210000000000004
 20
9.660000000000002
 10
24.300000000000008
 20
9.709999999999999
 10
24.36000000000001
 20
9.770000000000001
 10
24.400000000000002
 20
9.85
 10
24.410000000000007
 20
9.939999999999996
 10
24.419999999999998
 20
9.109999999999998
 10
24.44000000000001
 20
9.069999999999999
 10
24.410000000000007
 20
9.06
 10
24.350000000000005
 20
9.1
 10
24.270000000000007
 20
9.1
 10
24.249999999999996
 20
9.119999999999996
 10
21.669999999999998
 20
9.119999999999996
 10
21.650000000000002
 20
9.1
 10
21.570000000000004
 20
9.1
 10
21.490000000000006
 20
9.06
 10
21.419999999999998
 20
8.99
 97
0
 75
1
 76
1
 52
0.0
 41
0.03
 77
0
 78
1
 53
45.0
 43
0.0
 44
0.0
 45
-0.0673519209
 46
0.0673519209
 79
0
 98
0
  0
LWPOLYLINE
  5
CB
330
17
100
AcDbEntity
  8
BLINDING-GROUND-BEAMS
100
AcDbPolyline
 90
25
 70
1
 10
-8.679999999999998
 20
33.89
 10
-9.6
 20
33.89
 10
-9.53
 20
33.92
 10
-9.459999999999999
 20
33.99
 10
-9.42
 20
34.07
 10
-9.42
 20
34.15
 10
-9.399999999999997
 20
34.17
 10
-9.399999999999997
 20
36.57
 10
-9.42
 20
36.589999999999996
 10
-9.42
 20
36.67
 10
-9.459999999999999
 20
36.75
 10
-9.53
 20
36.82
 10
-9.6
 20
36.85
 10
-8.689999999999996
 20
36.86000000000001
 10
-8.689999999999996
 20
36.839999999999996
 10
-8.749999999999998
 20
36.82
 10
-8.819999999999999
 20
36.75
 10
-8.859999999999998
 20
36.67
 10
-8.859999999999998
 20
36.589999999999996
 10
-8.88
 20
36.57
 10
-8.88
 20
34.17
 10
-8.859999999999998
 20
34.15
 10
-8.859999999999998
 20
34.07
 10
-8.819999999999999
 20
33.99
 10
-8.749999999999998
 20
33.92
  0
HATCH
  5
CC
330
17
100
AcDbEntity
  8
BLINDING-GROUND-BEAMS-HATCH
 62
7
100
AcDbHatch
 10
0.0
 20
0.0
 30
0.0
210
0.0
220
0.0
230
1.0
  2
ANSI31
 70
0
 71
0
 91
1
 92
3
 72
0
 73
1
 93
25
 10
-8.679999999999998
 20
33.89
 10
-9.6
 20
33.89
 10
-9.53
 20
33.92
 10
-9.459999999999999
 20
33.99
 10
-9.42
 20
34.07
 10
-9.42
 20
34.15
 10
-9.399999999999997
 20
34.17
 10
-9.399999999999997
 20
36.57
 10
-9.42
 20
36.589999999999996
 10
-9.42
 20
36.67
 10
-9.459999999999999
 20
36.75
 10
-9.53
 20
36.82
 10
-9.6
 20
36.85
 10
-8.689999999999996
 20
36.86000000000001
 10
-8.689999999999996
 20
36.839999999999996
 10
-8.749999999999998
 20
36.82
 10
-8.819999999999999
 20
36.75
 10
-8.859999999999998
 20
36.67
 10
-8.859999999999998
 20
36.589999999999996
 10
-8.88
 20
36.57
 10
-8.88
 20
34.17
 10
-8.859999999999998
 20
34.15
 10
-8.859999999999998
 20
34.07
 10
-8.819999999999999
 20
33.99
 10
-8.749999999999998
 20
33.92
 97
0
 75
1
 76
1
 52
0.0
 41
0.03
 77
0
 78
1
 53
45.0
 43
0.0
 44
0.0
 45
-0.0673519209
 46
0.0673519209
 79
0
 98
0
  0
LWPOLYLINE
  5
CD
330
17
100
AcDbEntity
  8
BLINDING-GROUND-BEAMS
100
AcDbPolyline
 90
28
 70
1
 10
18.01
 20
39.26
 10
15.449999999999998
 20
39.26
 10
15.430000000000001
 20
39.28
 10
15.389999999999995
 20
39.28
 10
15.359999999999994
 20
39.31
 10
15.359999999999994
 20
39.35
 10
15.339999999999998
 20
39.37
 10
15.359999999999994
 20
39.410000000000004
 10
15.359999999999994
 20
39.49
 10
15.380000000000004
 20
39.51
 10
15.339999999999998
 20
39.67
 10
15.359999999999994
 20
39.690000000000005
 10
15.359999999999994
 20
39.73
 10
15.389999999999995
 20
39.76
 10
15.430000000000001
 20
39.76
 10
15.449999999999998
 20
39.78
 10
17.87
 20
39.78
 10
17.889999999999997
 20
39.800000000000004
 10
17.97000000000001
 20
39.800000000000004
 10
18.08000000000001
 20
39.87
 10
18.12
 20
39.910000000000004
 10
18.160000000000007
 20
39.99
 10
18.169999999999998
 20
40.080000000000005
 10
18.180000000000003
 20
39.25
 10
18.2
 20
39.21
 10
18.169999999999998
 20
39.2
 10
18.109999999999996
 20
39.24
 10
18.029999999999998
 20
39.24
  0
HATCH
  5
CE
330
17
100
AcDbEntity
  8
BLINDING-GROUND-BEAMS-HATCH
 62
7
100
AcDbHatch
 10
0.0
 20
0.0
 30
0.0
210
0.0
220
0.0
230
1.0
  2
ANSI31
 70
0
 71
0
 91
1
 92
3
 72
0
 73
1
 93
28
 10
18.01
 20
39.26
 10
15.449999999999998
 20
39.26
 10
15.430000000000001
 20
39.28
 10
15.389999999999995
 20
39.28
 10
15.359999999999994
 20
39.31
 10
15.359999999999994
 20
39.35
 10
15.339999999999998
 20
39.37
 10
15.359999999999994
 20
39.410000000000004
 10
15.359999999999994
 20
39.49
 10
15.380000000000004
 20
39.51
 10
15.339999999999998
 20
39.67
 10
15.359999999999994
 20
39.690000000000005
 10
15.359999999999994
 20
39.73
 10
15.389999999999995
 20
39.76
 10
15.430000000000001
 20
39.76
 10
15.449999999999998
 20
39.78
 10
17.87
 20
39.78
 10
17.889999999999997
 20
39.800000000000004
 10
17.97000000000001
 20
39.800000000000004
 10
18.08000000000001
 20
39.87
 10
18.12
 20
39.910000000000004
 10
18.160000000000007
 20
39.99
 10
18.169999999999998
 20
40.080000000000005
 10
18.180000000000003
 20
39.25
 10
18.2
 20
39.21
 10
18.169999999999998
 20
39.2
 10
18.109999999999996
 20
39.24
 10
18.029999999999998
 20
39.24
 97
0
 75
1
 76
1
 52
0.0
 41
0.03
 77
0
 78
1
 53
45.0
 43
0.0
 44
0.0
 45
-0.0673519209
 46
0.0673519209
 79
0
 98
0
  0
LWPOLYLINE
  5
CF
330
17
100
AcDbEntity
  8
BLINDING-GROUND-BEAMS
100
AcDbPolyline
 90
62
 70
1
 10
19.820000000000004
 20
17.009999999999994
 10
19.820000000000004
 20
17.209999999999997
 10
19.84
 20
17.23
 10
19.84
 20
17.41
 10
19.86000000000001
 20
17.429999999999996
 10
19.86000000000001
 20
17.63
 10
19.880000000000006
 20
17.649999999999995
 10
19.880000000000006
 20
17.849999999999998
 10
19.900000000000002
 20
17.87
 10
19.900000000000002
 20
18.069999999999997
 10
19.919999999999998
 20
18.09
 10
19.919999999999998
 20
18.289999999999996
 10
19.94000000000001
 20
18.31
 10
19.94000000000001
 20
18.509999999999994
 10
19.960000000000004
 20
18.529999999999998
 10
19.960000000000004
 20
18.709999999999997
 10
19.98
 20
18.73
 10
19.98
 20
18.91
 10
19.960000000000004
 20
18.929999999999996
 10
19.960000000000004
 20
19.009999999999994
 10
19.910000000000007
 20
19.099999999999998
 10
19.850000000000005
 20
19.16
 10
19.770000000000007
 20
19.2
 10
19.680000000000003
 20
19.209999999999997
 10
20.550000000000008
 20
19.219999999999995
 10
20.59
 20
19.24
 10
20.600000000000005
 20
19.209999999999997
 10
20.540000000000003
 20
19.109999999999996
 10
20.540000000000003
 20
19.029999999999998
 10
20.520000000000007
 20
19.009999999999994
 10
20.520000000000007
 20
18.81
 10
20.499999999999996
 20
18.789999999999996
 10
20.499999999999996
 20
18.59
 10
20.48
 20
18.569999999999997
 10
20.48
 20
18.389999999999997
 10
20.460000000000004
 20
18.37
 10
20.460000000000004
 20
18.169999999999998
 10
20.44000000000001
 20
18.149999999999995
 10
20.44000000000001
 20
17.95
 10
20.419999999999998
 20
17.929999999999996
 10
20.419999999999998
 20
17.749999999999996
 10
20.400000000000002
 20
17.73
 10
20.400000000000002
 20
17.529999999999998
 10
20.380000000000006
 20
17.509999999999994
 10
20.380000000000006
 20
17.31
 10
20.36000000000001
 20
17.289999999999996
 10
20.36000000000001
 20
17.109999999999996
 10
20.34
 20
17.09
 10
20.34
 20
16.99
 10
20.36000000000001
 20
16.969999999999995
 10
20.36000000000001
 20
16.889999999999997
 10
20.419999999999998
 20
16.789999999999996
 10
20.47000000000001
 20
16.74
 10
20.550000000000008
 20
16.7
 10
20.639999999999997
 20
16.689999999999994
 10
19.889999999999997
 20
16.679999999999996
 10
19.87
 20
16.66
 10
19.83000000000001
 20
16.66
 10
19.790000000000003
 20
16.62
 10
19.779999999999998
 20
16.77
 10
19.800000000000008
 20
16.789999999999996
 10
19.800000000000008
 20
16.99
  0
HATCH
  5
D0
330
17
100
AcDbEntity
  8
BLINDING-GROUND-BEAMS-HATCH
 62
7
100
AcDbHatch
 10
0.0
 20
0.0
 30
0.0
210
0.0
220
0.0
230
1.0
  2
ANSI31
 70
0
 71
0
 91
1
 92
3
 72
0
 73
1
 93
62
 10
19.820000000000004
 20
17.009999999999994
 10
19.820000000000004
 20
17.209999999999997
 10
19.84
 20
17.23
 10
19.84
 20
17.41
 10
19.86000000000001
 20
17.429999999999996
 10
19.86000000000001
 20
17.63
 10
19.880000000000006
 20
17.649999999999995
 10
19.880000000000006
 20
17.849999999999998
 10
19.900000000000002
 20
17.87
 10
19.900000000000002
 20
18.069999999999997
 10
19.919999999999998
 20
18.09
 10
19.919999999999998
 20
18.289999999999996
 10
19.94000000000001
 20
18.31
 10
19.94000000000001
 20
18.509999999999994
 10
19.960000000000004
 20
18.529999999999998
 10
19.960000000000004
 20
18.709999999999997
 10
19.98
 20
18.73
 10
19.98
 20
18.91
 10
19.960000000000004
 20
18.929999999999996
 10
19.960000000000004
 20
19.009999999999994
 10
19.910000000000007
 20
19.099999999999998
 10
19.850000000000005
 20
19.16
 10
19.770000000000007
 20
19.2
 10
19.680000000000003
 20
19.209999999999997
 10
20.550000000000008
 20
19.219999999999995
 10
20.59
 20
19.24
 10
20.600000000000005
 20
19.209999999999997
 10
20.540000000000003
 20
19.109999999999996
 10
20.540000000000003
 20
19.029999999999998
 10
20.520000000000007
 20
19.009999999999994
 10
20.520000000000007
 20
18.81
 10
20.499999999999996
 20
18.789999999999996
 10
20.499999999999996
 20
18.59
 10
20.48
 20
18.569999999999997
 10
20.48
 20
18.389999999999997
 10
20.460000000000004
 20
18.37
 10
20.460000000000004
 20
18.169999999999998
 10
20.44000000000001
 20
18.149999999999995
 10
20.44000000000001
 20
17.95
 10
20.419999999999998
 20
17.929999999999996
 10
20.419999999999998
 20
17.749999999999996
 10
20.400000000000002
 20
17.73
 10
20.400000000000002
 20
17.529999999999998
 10
20.380000000000006
 20
17.509999999999994
 10
20.380000000000006
 20
17.31
 10
20.36000000000001
 20
17.289999999999996
 10
20.36000000000001
 20
17.109999999999996
 10
20.34
 20
17.09
 10
20.34
 20
16.99
 10
20.36000000000001
 20
16.969999999999995
 10
20.36000000000001
 20
16.889999999999997
 10
20.419999999999998
 20
16.789999999999996
 10
20.47000000000001
 20
16.74
 10
20.550000000000008
 20
16.7
 10
20.639999999999997
 20
16.689999999999994
 10
19.889999999999997
 20
16.679999999999996
 10
19.87
 20
16.66
 10
19.83000000000001
 20
16.66
 10
19.790000000000003
 20
16.62
 10
19.779999999999998
 20
16.77
 10
19.800000000000008
 20
16.789999999999996
 10
19.800000000000008
 20
16.99
 97
0
 75
1
 76
1
 52
0.0
 41
0.03
 77
0
 78
1
 53
45.0
 43
0.0
 44
0.0
 45
-0.0673519209
 46
0.0673519209
 79
0
 98
0
  0
LWPOLYLINE
  5
D1
330
17
100
AcDbEntity
  8
BLINDING-GROUND-BEAMS
100
AcDbPolyline
 90
28
 70
1
 10
17.81
 20
30.259999999999998
 10
15.449999999999998
 20
30.259999999999998
 10
15.430000000000001
 20
30.279999999999998
 10
15.389999999999995
 20
30.279999999999998
 10
15.359999999999994
 20
30.31
 10
15.359999999999994
 20
30.349999999999998
 10
15.339999999999998
 20
30.369999999999997
 10
15.359999999999994
 20
30.409999999999997
 10
15.359999999999994
 20
30.49
 10
15.380000000000004
 20
30.509999999999998
 10
15.339999999999998
 20
30.669999999999998
 10
15.359999999999994
 20
30.689999999999998
 10
15.359999999999994
 20
30.729999999999997
 10
15.389999999999995
 20
30.759999999999998
 10
15.430000000000001
 20
30.759999999999998
 10
15.449999999999998
 20
30.779999999999998
 10
17.669999999999998
 20
30.779999999999998
 10
17.69000000000001
 20
30.799999999999997
 10
17.770000000000007
 20
30.799999999999997
 10
17.850000000000005
 20
30.839999999999996
 10
17.94000000000001
 20
30.95
 10
17.960000000000004
 20
30.99
 10
17.97000000000001
 20
31.08
 10
17.98
 20
30.249999999999996
 10
17.999999999999996
 20
30.209999999999997
 10
17.97000000000001
 20
30.2
 10
17.910000000000007
 20
30.24
 10
17.83000000000001
 20
30.24
  0
HATCH
  5
D2
330
17
100
AcDbEntity
  8
BLINDING-GROUND-BEAMS-HATCH
 62
7
100
AcDbHatch
 10
0.0
 20
0.0
 30
0.0
210
0.0
220
0.0
230
1.0
  2
ANSI31
 70
0
 71
0
 91
1
 92
3
 72
0
 73
1
 93
28
 10
17.81
 20
30.259999999999998
 10
15.449999999999998
 20
30.259999999999998
 10
15.430000000000001
 20
30.279999999999998
 10
15.389999999999995
 20
30.279999999999998
 10
15.359999999999994
 20
30.31
 10
15.359999999999994
 20
30.349999999999998
 10
15.339999999999998
 20
30.369999999999997
 10
15.359999999999994
 20
30.409999999999997
 10
15.359999999999994
 20
30.49
 10
15.380000000000004
 20
30.509999999999998
 10
15.339999999999998
 20
30.669999999999998
 10
15.359999999999994
 20
30.689999999999998
 10
15.359999999999994
 20
30.729999999999997
 10
15.389999999999995
 20
30.759999999999998
 10
15.430000000000001
 20
30.759999999999998
 10
15.449999999999998
 20
30.779999999999998
 10
17.669999999999998
 20
30.779999999999998
 10
17.69000000000001
 20
30.799999999999997
 10
17.770000000000007
 20
30.799999999999997
 10
17.850000000000005
 20
30.839999999999996
 10
17.94000000000001
 20
30.95
 10
17.960000000000004
 20
30.99
 10
17.97000000000001
 20
31.08
 10
17.98
 20
30.249999999999996
 10
17.999999999999996
 20
30.209999999999997
 10
17.97000000000001
 20
30.2
 10
17.910000000000007
 20
30.24
 10
17.83000000000001
 20
30.24
 97
0
 75
1
 76
1
 52
0.0
 41
0.03
 77
0
 78
1
 53
45.0
 43
0.0
 44
0.0
 45
-0.0673519209
 46
0.0673519209
 79
0
 98
0
  0
LWPOLYLINE
  5
D3
330
17
100
AcDbEntity
  8
BLINDING-GROUND-BEAMS
100
AcDbPolyline
 90
25
 70
1
 10
2.519999999999998
 20
24.889999999999997
 10
1.6000000000000034
 20
24.889999999999997
 10
1.6700000000000037
 20
24.919999999999998
 10
1.740000000000004
 20
24.99
 10
1.7800000000000031
 20
25.069999999999997
 10
1.7800000000000031
 20
25.149999999999995
 10
1.7999999999999992
 20
25.169999999999998
 10
1.7999999999999992
 20
27.069999999999997
 10
1.7800000000000031
 20
27.09
 10
1.7800000000000031
 20
27.169999999999998
 10
1.740000000000004
 20
27.249999999999996
 10
1.6700000000000037
 20
27.319999999999997
 10
1.6000000000000034
 20
27.349999999999998
 10
2.51
 20
27.359999999999996
 10
2.51
 20
27.34
 10
2.4499999999999975
 20
27.319999999999997
 10
2.3800000000000043
 20
27.249999999999996
 10
2.339999999999998
 20
27.169999999999998
 10
2.339999999999998
 20
27.09
 10
2.320000000000002
 20
27.069999999999997
 10
2.320000000000002
 20
25.169999999999998
 10
2.339999999999998
 20
25.149999999999995
 10
2.339999999999998
 20
25.069999999999997
 10
2.3800000000000043
 20
24.99
 10
2.4499999999999975
 20
24.919999999999998
  0
HATCH
  5
D4
330
17
100
AcDbEntity
  8
BLINDING-GROUND-BEAMS-HATCH
 62
7
100
AcDbHatch
 10
0.0
 20
0.0
 30
0.0
210
0.0
220
0.0
230
1.0
  2
ANSI31
 70
0
 71
0
 91
1
 92
3
 72
0
 73
1
 93
25
 10
2.519999999999998
 20
24.889999999999997
 10
1.6000000000000034
 20
24.889999999999997
 10
1.6700000000000037
 20
24.919999999999998
 10
1.740000000000004
 20
24.99
 10
1.7800000000000031
 20
25.069999999999997
 10
1.7800000000000031
 20
25.149999999999995
 10
1.7999999999999992
 20
25.169999999999998
 10
1.7999999999999992
 20
27.069999999999997
 10
1.7800000000000031
 20
27.09
 10
1.7800000000000031
 20
27.169999999999998
 10
1.740000000000004
 20
27.249999999999996
 10
1.6700000000000037
 20
27.319999999999997
 10
1.6000000000000034
 20
27.349999999999998
 10
2.51
 20
27.359999999999996
 10
2.51
 20
27.34
 10
2.4499999999999975
 20
27.319999999999997
 10
2.3800000000000043
 20
27.249999999999996
 10
2.339999999999998
 20
27.169999999999998
 10
2.339999999999998
 20
27.09
 10
2.320000000000002
 20
27.069999999999997
 10
2.320000000000002
 20
25.169999999999998
 10
2.339999999999998
 20
25.149999999999995
 10
2.339999999999998
 20
25.069999999999997
 10
2.3800000000000043
 20
24.99
 10
2.4499999999999975
 20
24.919999999999998
 97
0
 75
1
 76
1
 52
0.0
 41
0.03
 77
0
 78
1
 53
45.0
 43
0.0
 44
0.0
 45
-0.0673519209
 46
0.0673519209
 79
0
 98
0
  0
LWPOLYLINE
  5
D5
330
17
100
AcDbEntity
  8
BLINDING-GROUND-BEAMS
100
AcDbPolyline
 90
28
 70
1
 10
17.669999999999998
 20
21.259999999999994
 10
15.449999999999998
 20
21.259999999999994
 10
15.430000000000001
 20
21.279999999999998
 10
15.389999999999995
 20
21.279999999999998
 10
15.359999999999994
 20
21.31
 10
15.359999999999994
 20
21.349999999999998
 10
15.339999999999998
 20
21.37
 10
15.359999999999994
 20
21.41
 10
15.359999999999994
 20
21.49
 10
15.380000000000004
 20
21.509999999999994
 10
15.339999999999998
 20
21.669999999999998
 10
15.359999999999994
 20
21.689999999999994
 10
15.359999999999994
 20
21.73
 10
15.389999999999995
 20
21.759999999999994
 10
15.430000000000001
 20
21.759999999999994
 10
15.449999999999998
 20
21.779999999999998
 10
17.529999999999998
 20
21.779999999999998
 10
17.550000000000008
 20
21.8
 10
17.630000000000006
 20
21.8
 10
17.72000000000001
 20
21.849999999999998
 10
17.779999999999998
 20
21.91
 10
17.820000000000004
 20
21.99
 10
17.83000000000001
 20
22.079999999999995
 10
17.84
 20
21.249999999999996
 10
17.859999999999996
 20
21.209999999999997
 10
17.83000000000001
 20
21.2
 10
17.770000000000007
 20
21.24
 10
17.69000000000001
 20
21.24
  0
HATCH
  5
D6
330
17
100
AcDbEntity
  8
BLINDING-GROUND-BEAMS-HATCH
 62
7
100
AcDbHatch
 10
0.0
 20
0.0
 30
0.0
210
0.0
220
0.0
230
1.0
  2
ANSI31
 70
0
 71
0
 91
1
 92
3
 72
0
 73
1
 93
28
 10
17.669999999999998
 20
21.259999999999994
 10
15.449999999999998
 20
21.259999999999994
 10
15.430000000000001
 20
21.279999999999998
 10
15.389999999999995
 20
21.279999999999998
 10
15.359999999999994
 20
21.31
 10
15.359999999999994
 20
21.349999999999998
 10
15.339999999999998
 20
21.37
 10
15.359999999999994
 20
21.41
 10
15.359999999999994
 20
21.49
 10
15.380000000000004
 20
21.509999999999994
 10
15.339999999999998
 20
21.669999999999998
 10
15.359999999999994
 20
21.689999999999994
 10
15.359999999999994
 20
21.73
 10
15.389999999999995
 20
21.759999999999994
 10
15.430000000000001
 20
21.759999999999994
 10
15.449999999999998
 20
21.779999999999998
 10
17.529999999999998
 20
21.779999999999998
 10
17.550000000000008
 20
21.8
 10
17.630000000000006
 20
21.8
 10
17.72000000000001
 20
21.849999999999998
 10
17.779999999999998
 20
21.91
 10
17.820000000000004
 20
21.99
 10
17.83000000000001
 20
22.079999999999995
 10
17.84
 20
21.249999999999996
 10
17.859999999999996
 20
21.209999999999997
 10
17.83000000000001
 20
21.2
 10
17.770000000000007
 20
21.24
 10
17.69000000000001
 20
21.24
 97
0
 75
1
 76
1
 52
0.0
 41
0.03
 77
0
 78
1
 53
45.0
 43
0.0
 44
0.0
 45
-0.0673519209
 46
0.0673519209
 79
0
 98
0
  0
LWPOLYLINE
  5
D7
330
17
100
AcDbEntity
  8
BLINDING-GROUND-BEAMS
100
AcDbPolyline
 90
25
 70
1
 10
6.33
 20
49.440000000000005
 10
4.4300000000000015
 20
49.46
 10
4.409999999999998
 20
49.440000000000005
 10
4.33
 20
49.440000000000005
 10
4.250000000000002
 20
49.4
 10
4.1800000000000015
 20
49.330000000000005
 10
4.15
 20
49.26
 10
4.140000000000002
 20
50.17
 10
4.159999999999998
 20
50.17
 10
4.1800000000000015
 20
50.11
 10
4.250000000000002
 20
50.04
 10
4.33
 20
50.0
 10
4.409999999999998
 20
50.0
 10
4.4300000000000015
 20
49.980000000000004
 10
6.229999999999999
 20
49.980000000000004
 10
6.250000000000002
 20
50.0
 10
6.33
 20
50.0
 10
6.409999999999998
 20
50.04
 10
6.479999999999999
 20
50.11
 10
6.51
 20
50.18
 10
6.519999999999998
 20
49.27
 10
6.51
 20
49.26
 10
6.500000000000002
 20
49.27
 10
6.479999999999999
 20
49.330000000000005
 10
6.409999999999998
 20
49.4
  0
HATCH
  5
D8
330
17
100
AcDbEntity
  8
BLINDING-GROUND-BEAMS-HATCH
 62
7
100
AcDbHatch
 10
0.0
 20
0.0
 30
0.0
210
0.0
220
0.0
230
1.0
  2
ANSI31
 70
0
 71
0
 91
1
 92
3
 72
0
 73
1
 93
25
 10
6.33
 20
49.440000000000005
 10
4.4300000000000015
 20
49.46
 10
4.409999999999998
 20
49.440000000000005
 10
4.33
 20
49.440000000000005
 10
4.250000000000002
 20
49.4
 10
4.1800000000000015
 20
49.330000000000005
 10
4.15
 20
49.26
 10
4.140000000000002
 20
50.17
 10
4.159999999999998
 20
50.17
 10
4.1800000000000015
 20
50.11
 10
4.250000000000002
 20
50.04
 10
4.33
 20
50.0
 10
4.409999999999998
 20
50.0
 10
4.4300000000000015
 20
49.980000000000004
 10
6.229999999999999
 20
49.980000000000004
 10
6.250000000000002
 20
50.0
 10
6.33
 20
50.0
 10
6.409999999999998
 20
50.04
 10
6.479999999999999
 20
50.11
 10
6.51
 20
50.18
 10
6.519999999999998
 20
49.27
 10
6.51
 20
49.26
 10
6.500000000000002
 20
49.27
 10
6.479999999999999
 20
49.330000000000005
 10
6.409999999999998
 20
49.4
 97
0
 75
1
 76
1
 52
0.0
 41
0.03
 77
0
 78
1
 53
45.0
 43
0.0
 44
0.0
 45
-0.0673519209
 46
0.0673519209
 79
0
 98
0
  0
LWPOLYLINE
  5
D9
330
17
100
AcDbEntity
  8
BLINDING-GROUND-BEAMS
100
AcDbPolyline
 90
27
 70
1
 10
18.31
 20
5.8000000000000025
 10
18.290000000000003
 20
5.8199999999999985
 10
16.669999999999998
 20
5.8199999999999985
 10
16.650000000000002
 20
5.8000000000000025
 10
16.570000000000004
 20
5.8000000000000025
 10
16.490000000000006
 20
5.759999999999996
 10
16.419999999999998
 20
5.689999999999996
 10
16.389999999999997
 20
5.619999999999996
 10
16.380000000000006
 20
6.529999999999999
 10
16.400000000000002
 20
6.529999999999999
 10
16.419999999999998
 20
6.469999999999997
 10
16.490000000000006
 20
6.399999999999997
 10
16.570000000000004
 20
6.359999999999998
 10
16.650000000000002
 20
6.359999999999998
 10
16.669999999999998
 20
6.340000000000002
 10
18.290000000000003
 20
6.340000000000002
 10
18.31
 20
6.359999999999998
 10
18.389999999999997
 20
6.359999999999998
 10
18.47000000000001
 20
6.399999999999997
 10
18.540000000000003
 20
6.469999999999997
 10
18.570000000000004
 20
6.539999999999997
 10
18.58000000000001
 20
5.630000000000001
 10
18.570000000000004
 20
5.619999999999996
 10
18.56
 20
5.630000000000001
 10
18.540000000000003
 20
5.689999999999996
 10
18.47000000000001
 20
5.759999999999996
 10
18.389999999999997
 20
5.8000000000000025
  0
HATCH
  5
DA
330
17
100
AcDbEntity
  8
BLINDING-GROUND-BEAMS-HATCH
 62
7
100
AcDbHatch
 10
0.0
 20
0.0
 30
0.0
210
0.0
220
0.0
230
1.0
  2
ANSI31
 70
0
 71
0
 91
1
 92
3
 72
0
 73
1
 93
27
 10
18.31
 20
5.8000000000000025
 10
18.290000000000003
 20
5.8199999999999985
 10
16.669999999999998
 20
5.8199999999999985
 10
16.650000000000002
 20
5.8000000000000025
 10
16.570000000000004
 20
5.8000000000000025
 10
16.490000000000006
 20
5.759999999999996
 10
16.419999999999998
 20
5.689999999999996
 10
16.389999999999997
 20
5.619999999999996
 10
16.380000000000006
 20
6.529999999999999
 10
16.400000000000002
 20
6.529999999999999
 10
16.419999999999998
 20
6.469999999999997
 10
16.490000000000006
 20
6.399999999999997
 10
16.570000000000004
 20
6.359999999999998
 10
16.650000000000002
 20
6.359999999999998
 10
16.669999999999998
 20
6.340000000000002
 10
18.290000000000003
 20
6.340000000000002
 10
18.31
 20
6.359999999999998
 10
18.389999999999997
 20
6.359999999999998
 10
18.47000000000001
 20
6.399999999999997
 10
18.540000000000003
 20
6.469999999999997
 10
18.570000000000004
 20
6.539999999999997
 10
18.58000000000001
 20
5.630000000000001
 10
18.570000000000004
 20
5.619999999999996
 10
18.56
 20
5.630000000000001
 10
18.540000000000003
 20
5.689999999999996
 10
18.47000000000001
 20
5.759999999999996
 10
18.389999999999997
 20
5.8000000000000025
 97
0
 75
1
 76
1
 52
0.0
 41
0.03
 77
0
 78
1
 53
45.0
 43
0.0
 44
0.0
 45
-0.0673519209
 46
0.0673519209
 79
0
 98
0
  0
LWPOLYLINE
  5
DB
330
17
100
AcDbEntity
  8
BLINDING-GROUND-BEAMS
100
AcDbPolyline
 90
25
 70
1
 10
-8.679999999999998
 20
24.99
 10
-9.6
 20
24.99
 10
-9.53
 20
25.02
 10
-9.459999999999999
 20
25.09
 10
-9.42
 20
25.169999999999998
 10
-9.42
 20
25.249999999999996
 10
-9.399999999999997
 20
25.27
 10
-9.399999999999997
 20
26.829999999999995
 10
-9.42
 20
26.849999999999998
 10
-9.42
 20
26.929999999999996
 10
-9.459999999999999
 20
27.009999999999994
 10
-9.53
 20
27.079999999999995
 10
-9.590000000000002
 20
27.099999999999998
 10
-9.590000000000002
 20
27.12
 10
-8.679999999999998
 20
27.109999999999996
 10
-8.749999999999998
 20
27.079999999999995
 10
-8.819999999999999
 20
27.009999999999994
 10
-8.859999999999998
 20
26.929999999999996
 10
-8.859999999999998
 20
26.849999999999998
 10
-8.88
 20
26.829999999999995
 10
-8.88
 20
25.27
 10
-8.859999999999998
 20
25.249999999999996
 10
-8.859999999999998
 20
25.169999999999998
 10
-8.819999999999999
 20
25.09
 10
-8.749999999999998
 20
25.02
  0
HATCH
  5
DC
330
17
100
AcDbEntity
  8
BLINDING-GROUND-BEAMS-HATCH
 62
7
100
AcDbHatch
 10
0.0
 20
0.0
 30
0.0
210
0.0
220
0.0
230
1.0
  2
ANSI31
 70
0
 71
0
 91
1
 92
3
 72
0
 73
1
 93
25
 10
-8.679999999999998
 20
24.99
 10
-9.6
 20
24.99
 10
-9.53
 20
25.02
 10
-9.459999999999999
 20
25.09
 10
-9.42
 20
25.169999999999998
 10
-9.42
 20
25.249999999999996
 10
-9.399999999999997
 20
25.27
 10
-9.399999999999997
 20
26.829999999999995
 10
-9.42
 20
26.849999999999998
 10
-9.42
 20
26.929999999999996
 10
-9.459999999999999
 20
27.009999999999994
 10
-9.53
 20
27.079999999999995
 10
-9.590000000000002
 20
27.099999999999998
 10
-9.590000000000002
 20
27.12
 10
-8.679999999999998
 20
27.109999999999996
 10
-8.749999999999998
 20
27.079999999999995
 10
-8.819999999999999
 20
27.009999999999994
 10
-8.859999999999998
 20
26.929999999999996
 10
-8.859999999999998
 20
26.849999999999998
 10
-8.88
 20
26.829999999999995
 10
-8.88
 20
25.27
 10
-8.859999999999998
 20
25.249999999999996
 10
-8.859999999999998
 20
25.169999999999998
 10
-8.819999999999999
 20
25.09
 10
-8.749999999999998
 20
25.02
 97
0
 75
1
 76
1
 52
0.0
 41
0.03
 77
0
 78
1
 53
45.0
 43
0.0
 44
0.0
 45
-0.0673519209
 46
0.0673519209
 79
0
 98
0
  0
LWPOLYLINE
  5
DD
330
17
100
AcDbEntity
  8
BLINDING-GROUND-BEAMS
100
AcDbPolyline
 90
24
 70
1
 10
12.44
 20
21.45
 10
12.450000000000005
 20
21.98
 10
12.479999999999999
 20
21.91
 10
12.549999999999999
 20
21.84
 10
12.630000000000004
 20
21.8
 10
12.710000000000003
 20
21.8
 10
12.729999999999999
 20
21.779999999999998
 10
14.389999999999995
 20
21.779999999999998
 10
14.470000000000008
 20
21.74
 10
14.479999999999999
 20
21.689999999999994
 10
14.499999999999995
 20
21.669999999999998
 10
14.479999999999999
 20
21.63
 10
14.479999999999999
 20
21.55
 10
14.460000000000003
 20
21.529999999999998
 10
14.499999999999995
 20
21.37
 10
14.479999999999999
 20
21.349999999999998
 10
14.470000000000008
 20
21.3
 10
14.389999999999995
 20
21.259999999999994
 10
12.729999999999999
 20
21.259999999999994
 10
12.710000000000003
 20
21.24
 10
12.630000000000004
 20
21.24
 10
12.549999999999999
 20
21.2
 10
12.479999999999999
 20
21.13
 10
12.450000000000005
 20
21.06
  0
HATCH
  5
DE
330
17
100
AcDbEntity
  8
BLINDING-GROUND-BEAMS-HATCH
 62
7
100
AcDbHatch
 10
0.0
 20
0.0
 30
0.0
210
0.0
220
0.0
230
1.0
  2
ANSI31
 70
0
 71
0
 91
1
 92
3
 72
0
 73
1
 93
24
 10
12.44
 20
21.45
 10
12.450000000000005
 20
21.98
 10
12.479999999999999
 20
21.91
 10
12.549999999999999
 20
21.84
 10
12.630000000000004
 20
21.8
 10
12.710000000000003
 20
21.8
 10
12.729999999999999
 20
21.779999999999998
 10
14.389999999999995
 20
21.779999999999998
 10
14.470000000000008
 20
21.74
 10
14.479999999999999
 20
21.689999999999994
 10
14.499999999999995
 20
21.669999999999998
 10
14.479999999999999
 20
21.63
 10
14.479999999999999
 20
21.55
 10
14.460000000000003
 20
21.529999999999998
 10
14.499999999999995
 20
21.37
 10
14.479999999999999
 20
21.349999999999998
 10
14.470000000000008
 20
21.3
 10
14.389999999999995
 20
21.259999999999994
 10
12.729999999999999
 20
21.259999999999994
 10
12.710000000000003
 20
21.24
 10
12.630000000000004
 20
21.24
 10
12.549999999999999
 20
21.2
 10
12.479999999999999
 20
21.13
 10
12.450000000000005
 20
21.06
 97
0
 75
1
 76
1
 52
0.0
 41
0.03
 77
0
 78
1
 53
45.0
 43
0.0
 44
0.0
 45
-0.0673519209
 46
0.0673519209
 79
0
 98
0
  0
LWPOLYLINE
  5
DF
330
17
100
AcDbEntity
  8
BLINDING-GROUND-BEAMS
100
AcDbPolyline
 90
24
 70
1
 10
12.44
 20
30.429999999999996
 10
12.450000000000005
 20
30.979999999999997
 10
12.479999999999999
 20
30.909999999999997
 10
12.549999999999999
 20
30.839999999999996
 10
12.630000000000004
 20
30.799999999999997
 10
12.710000000000003
 20
30.799999999999997
 10
12.729999999999999
 20
30.779999999999998
 10
14.389999999999995
 20
30.779999999999998
 10
14.470000000000008
 20
30.74
 10
14.479999999999999
 20
30.689999999999998
 10
14.499999999999995
 20
30.669999999999998
 10
14.479999999999999
 20
30.63
 10
14.479999999999999
 20
30.549999999999997
 10
14.460000000000003
 20
30.529999999999998
 10
14.499999999999995
 20
30.369999999999997
 10
14.479999999999999
 20
30.349999999999998
 10
14.470000000000008
 20
30.299999999999997
 10
14.389999999999995
 20
30.259999999999998
 10
12.729999999999999
 20
30.259999999999998
 10
12.710000000000003
 20
30.24
 10
12.630000000000004
 20
30.24
 10
12.549999999999999
 20
30.2
 10
12.479999999999999
 20
30.13
 10
12.450000000000005
 20
30.06
  0
HATCH
  5
E0
330
17
100
AcDbEntity
  8
BLINDING-GROUND-BEAMS-HATCH
 62
7
100
AcDbHatch
 10
0.0
 20
0.0
 30
0.0
210
0.0
220
0.0
230
1.0
  2
ANSI31
 70
0
 71
0
 91
1
 92
3
 72
0
 73
1
 93
24
 10
12.44
 20
30.429999999999996
 10
12.450000000000005
 20
30.979999999999997
 10
12.479999999999999
 20
30.909999999999997
 10
12.549999999999999
 20
30.839999999999996
 10
12.630000000000004
 20
30.799999999999997
 10
12.710000000000003
 20
30.799999999999997
 10
12.729999999999999
 20
30.779999999999998
 10
14.389999999999995
 20
30.779999999999998
 10
14.470000000000008
 20
30.74
 10
14.479999999999999
 20
30.689999999999998
 10
14.499999999999995
 20
30.669999999999998
 10
14.479999999999999
 20
30.63
 10
14.479999999999999
 20
30.549999999999997
 10
14.460000000000003
 20
30.529999999999998
 10
14.499999999999995
 20
30.369999999999997
 10
14.479999999999999
 20
30.349999999999998
 10
14.470000000000008
 20
30.299999999999997
 10
14.389999999999995
 20
30.259999999999998
 10
12.729999999999999
 20
30.259999999999998
 10
12.710000000000003
 20
30.24
 10
12.630000000000004
 20
30.24
 10
12.549999999999999
 20
30.2
 10
12.479999999999999
 20
30.13
 10
12.450000000000005
 20
30.06
 97
0
 75
1
 76
1
 52
0.0
 41
0.03
 77
0
 78
1
 53
45.0
 43
0.0
 44
0.0
 45
-0.0673519209
 46
0.0673519209
 79
0
 98
0
  0
LWPOLYLINE
  5
E1
330
17
100
AcDbEntity
  8
BLINDING-GROUND-BEAMS
100
AcDbPolyline
 90
27
 70
1
 10
14.029999999999996
 20
5.8000000000000025
 10
13.950000000000005
 20
5.8000000000000025
 10
13.930000000000001
 20
5.8199999999999985
 10
12.570000000000002
 20
5.8199999999999985
 10
12.549999999999999
 20
5.8000000000000025
 10
12.47
 20
5.8000000000000025
 10
12.390000000000002
 20
5.759999999999996
 10
12.320000000000002
 20
5.689999999999996
 10
12.290000000000001
 20
5.619999999999996
 10
12.280000000000003
 20
6.529999999999999
 10
12.299999999999999
 20
6.529999999999999
 10
12.320000000000002
 20
6.469999999999997
 10
12.390000000000002
 20
6.399999999999997
 10
12.47
 20
6.359999999999998
 10
12.549999999999999
 20
6.359999999999998
 10
12.570000000000002
 20
6.340000000000002
 10
13.930000000000001
 20
6.340000000000002
 10
13.950000000000005
 20
6.359999999999998
 10
14.029999999999996
 20
6.359999999999998
 10
14.109999999999994
 20
6.399999999999997
 10
14.180000000000001
 20
6.469999999999997
 10
14.210000000000003
 20
6.539999999999997
 10
14.220000000000008
 20
5.630000000000001
 10
14.210000000000003
 20
5.619999999999996
 10
14.199999999999998
 20
5.630000000000001
 10
14.180000000000001
 20
5.689999999999996
 10
14.109999999999994
 20
5.759999999999996
  0
HATCH
  5
E2
330
17
100
AcDbEntity
  8
BLINDING-GROUND-BEAMS-HATCH
 62
7
100
AcDbHatch
 10
0.0
 20
0.0
 30
0.0
210
0.0
220
0.0
230
1.0
  2
ANSI31
 70
0
 71
0
 91
1
 92
3
 72
0
 73
1
 93
27
 10
14.029999999999996
 20
5.8000000000000025
 10
13.950000000000005
 20
5.8000000000000025
 10
13.930000000000001
 20
5.8199999999999985
 10
12.570000000000002
 20
5.8199999999999985
 10
12.549999999999999
 20
5.8000000000000025
 10
12.47
 20
5.8000000000000025
 10
12.390000000000002
 20
5.759999999999996
 10
12.320000000000002
 20
5.689999999999996
 10
12.290000000000001
 20
5.619999999999996
 10
12.280000000000003
 20
6.529999999999999
 10
12.299999999999999
 20
6.529999999999999
 10
12.320000000000002
 20
6.469999999999997
 10
12.390000000000002
 20
6.399999999999997
 10
12.47
 20
6.359999999999998
 10
12.549999999999999
 20
6.359999999999998
 10
12.570000000000002
 20
6.340000000000002
 10
13.930000000000001
 20
6.340000000000002
 10
13.950000000000005
 20
6.359999999999998
 10
14.029999999999996
 20
6.359999999999998
 10
14.109999999999994
 20
6.399999999999997
 10
14.180000000000001
 20
6.469999999999997
 10
14.210000000000003
 20
6.539999999999997
 10
14.220000000000008
 20
5.630000000000001
 10
14.210000000000003
 20
5.619999999999996
 10
14.199999999999998
 20
5.630000000000001
 10
14.180000000000001
 20
5.689999999999996
 10
14.109999999999994
 20
5.759999999999996
 97
0
 75
1
 76
1
 52
0.0
 41
0.03
 77
0
 78
1
 53
45.0
 43
0.0
 44
0.0
 45
-0.0673519209
 46
0.0673519209
 79
0
 98
0
  0
LWPOLYLINE
  5
E3
330
17
100
AcDbEntity
  8
BLINDING-GROUND-BEAMS
100
AcDbPolyline
 90
23
 70
1
 10
12.69
 20
39.06
 10
12.69
 20
39.98
 10
12.72
 20
39.910000000000004
 10
12.790000000000001
 20
39.839999999999996
 10
12.87
 20
39.800000000000004
 10
12.950000000000005
 20
39.800000000000004
 10
12.97
 20
39.78
 10
14.389999999999995
 20
39.78
 10
14.470000000000008
 20
39.74
 10
14.479999999999999
 20
39.690000000000005
 10
14.499999999999995
 20
39.67
 10
14.479999999999999
 20
39.63
 10
14.479999999999999
 20
39.550000000000004
 10
14.460000000000003
 20
39.53
 10
14.499999999999995
 20
39.37
 10
14.479999999999999
 20
39.35
 10
14.470000000000008
 20
39.300000000000004
 10
14.389999999999995
 20
39.26
 10
12.97
 20
39.26
 10
12.950000000000005
 20
39.24
 10
12.87
 20
39.24
 10
12.790000000000001
 20
39.2
 10
12.72
 20
39.13
  0
HATCH
  5
E4
330
17
100
AcDbEntity
  8
BLINDING-GROUND-BEAMS-HATCH
 62
7
100
AcDbHatch
 10
0.0
 20
0.0
 30
0.0
210
0.0
220
0.0
230
1.0
  2
ANSI31
 70
0
 71
0
 91
1
 92
3
 72
0
 73
1
 93
23
 10
12.69
 20
39.06
 10
12.69
 20
39.98
 10
12.72
 20
39.910000000000004
 10
12.790000000000001
 20
39.839999999999996
 10
12.87
 20
39.800000000000004
 10
12.950000000000005
 20
39.800000000000004
 10
12.97
 20
39.78
 10
14.389999999999995
 20
39.78
 10
14.470000000000008
 20
39.74
 10
14.479999999999999
 20
39.690000000000005
 10
14.499999999999995
 20
39.67
 10
14.479999999999999
 20
39.63
 10
14.479999999999999
 20
39.550000000000004
 10
14.460000000000003
 20
39.53
 10
14.499999999999995
 20
39.37
 10
14.479999999999999
 20
39.35
 10
14.470000000000008
 20
39.300000000000004
 10
14.389999999999995
 20
39.26
 10
12.97
 20
39.26
 10
12.950000000000005
 20
39.24
 10
12.87
 20
39.24
 10
12.790000000000001
 20
39.2
 10
12.72
 20
39.13
 97
0
 75
1
 76
1
 52
0.0
 41
0.03
 77
0
 78
1
 53
45.0
 43
0.0
 44
0.0
 45
-0.0673519209
 46
0.0673519209
 79
0
 98
0
  0
LWPOLYLINE
  5
E5
330
17
100
AcDbEntity
  8
BLINDING-GROUND-BEAMS
100
AcDbPolyline
 90
23
 70
1
 10
12.69
 20
43.52
 10
12.69
 20
44.440000000000005
 10
12.72
 20
44.37
 10
12.790000000000001
 20
44.300000000000004
 10
12.87
 20
44.26
 10
12.950000000000005
 20
44.26
 10
12.97
 20
44.24
 10
14.389999999999995
 20
44.24
 10
14.470000000000008
 20
44.2
 10
14.479999999999999
 20
44.15
 10
14.499999999999995
 20
44.13
 10
14.479999999999999
 20
44.09
 10
14.479999999999999
 20
44.01
 10
14.460000000000003
 20
43.99
 10
14.499999999999995
 20
43.830000000000005
 10
14.479999999999999
 20
43.81
 10
14.470000000000008
 20
43.76
 10
14.389999999999995
 20
43.720000000000006
 10
12.97
 20
43.720000000000006
 10
12.950000000000005
 20
43.7
 10
12.87
 20
43.7
 10
12.790000000000001
 20
43.660000000000004
 10
12.72
 20
43.59
  0
HATCH
  5
E6
330
17
100
AcDbEntity
  8
BLINDING-GROUND-BEAMS-HATCH
 62
7
100
AcDbHatch
 10
0.0
 20
0.0
 30
0.0
210
0.0
220
0.0
230
1.0
  2
ANSI31
 70
0
 71
0
 91
1
 92
3
 72
0
 73
1
 93
23
 10
12.69
 20
43.52
 10
12.69
 20
44.440000000000005
 10
12.72
 20
44.37
 10
12.790000000000001
 20
44.300000000000004
 10
12.87
 20
44.26
 10
12.950000000000005
 20
44.26
 10
12.97
 20
44.24
 10
14.389999999999995
 20
44.24
 10
14.470000000000008
 20
44.2
 10
14.479999999999999
 20
44.15
 10
14.499999999999995
 20
44.13
 10
14.479999999999999
 20
44.09
 10
14.479999999999999
 20
44.01
 10
14.460000000000003
 20
43.99
 10
14.499999999999995
 20
43.830000000000005
 10
14.479999999999999
 20
43.81
 10
14.470000000000008
 20
43.76
 10
14.389999999999995
 20
43.720000000000006
 10
12.97
 20
43.720000000000006
 10
12.950000000000005
 20
43.7
 10
12.87
 20
43.7
 10
12.790000000000001
 20
43.660000000000004
 10
12.72
 20
43.59
 97
0
 75
1
 76
1
 52
0.0
 41
0.03
 77
0
 78
1
 53
45.0
 43
0.0
 44
0.0
 45
-0.0673519209
 46
0.0673519209
 79
0
 98
0
  0
LWPOLYLINE
  5
E7
330
17
100
AcDbEntity
  8
BLINDING-GROUND-BEAMS
100
AcDbPolyline
 90
26
 70
1
 10
-15.88
 20
46.09
 10
-16.8
 20
46.09
 10
-16.73
 20
46.12
 10
-16.66
 20
46.190000000000005
 10
-16.62
 20
46.27
 10
-16.62
 20
46.35
 10
-16.599999999999998
 20
46.37
 10
-16.599999999999998
 20
47.37
 10
-16.62
 20
47.39
 10
-16.62
 20
47.470000000000006
 10
-16.66
 20
47.550000000000004
 10
-16.73
 20
47.62
 10
-16.789999999999996
 20
47.64
 10
-16.8
 20
47.65
 10
-16.789999999999996
 20
47.660000000000004
 10
-15.88
 20
47.65
 10
-15.950000000000001
 20
47.62
 10
-16.02
 20
47.550000000000004
 10
-16.06
 20
47.470000000000006
 10
-16.06
 20
47.39
 10
-16.079999999999995
 20
47.37
 10
-16.079999999999995
 20
46.37
 10
-16.06
 20
46.35
 10
-16.06
 20
46.27
 10
-16.02
 20
46.190000000000005
 10
-15.950000000000001
 20
46.12
  0
HATCH
  5
E8
330
17
100
AcDbEntity
  8
BLINDING-GROUND-BEAMS-HATCH
 62
7
100
AcDbHatch
 10
0.0
 20
0.0
 30
0.0
210
0.0
220
0.0
230
1.0
  2
ANSI31
 70
0
 71
0
 91
1
 92
3
 72
0
 73
1
 93
26
 10
-15.88
 20
46.09
 10
-16.8
 20
46.09
 10
-16.73
 20
46.12
 10
-16.66
 20
46.190000000000005
 10
-16.62
 20
46.27
 10
-16.62
 20
46.35
 10
-16.599999999999998
 20
46.37
 10
-16.599999999999998
 20
47.37
 10
-16.62
 20
47.39
 10
-16.62
 20
47.470000000000006
 10
-16.66
 20
47.550000000000004
 10
-16.73
 20
47.62
 10
-16.789999999999996
 20
47.64
 10
-16.8
 20
47.65
 10
-16.789999999999996
 20
47.660000000000004
 10
-15.88
 20
47.65
 10
-15.950000000000001
 20
47.62
 10
-16.02
 20
47.550000000000004
 10
-16.06
 20
47.470000000000006
 10
-16.06
 20
47.39
 10
-16.079999999999995
 20
47.37
 10
-16.079999999999995
 20
46.37
 10
-16.06
 20
46.35
 10
-16.06
 20
46.27
 10
-16.02
 20
46.190000000000005
 10
-15.950000000000001
 20
46.12
 97
0
 75
1
 76
1
 52
0.0
 41
0.03
 77
0
 78
1
 53
45.0
 43
0.0
 44
0.0
 45
-0.0673519209
 46
0.0673519209
 79
0
 98
0
  0
LWPOLYLINE
  5
E9
330
17
100
AcDbEntity
  8
BLINDING-GROUND-BEAMS
100
AcDbPolyline
 90
26
 70
1
 10
-12.329999999999997
 20
39.2
 10
-12.410000000000002
 20
39.24
 10
-12.49
 20
39.24
 10
-12.509999999999996
 20
39.26
 10
-13.370000000000003
 20
39.26
 10
-13.389999999999999
 20
39.24
 10
-13.469999999999997
 20
39.24
 10
-13.550000000000002
 20
39.2
 10
-13.620000000000003
 20
39.13
 10
-13.649999999999997
 20
39.06
 10
-13.660000000000002
 20
39.970000000000006
 10
-13.639999999999999
 20
39.970000000000006
 10
-13.620000000000003
 20
39.910000000000004
 10
-13.550000000000002
 20
39.839999999999996
 10
-13.469999999999997
 20
39.800000000000004
 10
-13.389999999999999
 20
39.800000000000004
 10
-13.370000000000003
 20
39.78
 10
-12.509999999999996
 20
39.78
 10
-12.49
 20
39.800000000000004
 10
-12.410000000000002
 20
39.800000000000004
 10
-12.329999999999997
 20
39.839999999999996
 10
-12.259999999999996
 20
39.910000000000004
 10
-12.230000000000002
 20
39.98
 10
-12.219999999999997
 20
39.970000000000006
 10
-12.230000000000002
 20
39.06
 10
-12.259999999999996
 20
39.13
  0
HATCH
  5
EA
330
17
100
AcDbEntity
  8
BLINDING-GROUND-BEAMS-HATCH
 62
7
100
AcDbHatch
 10
0.0
 20
0.0
 30
0.0
210
0.0
220
0.0
230
1.0
  2
ANSI31
 70
0
 71
0
 91
1
 92
3
 72
0
 73
1
 93
26
 10
-12.329999999999997
 20
39.2
 10
-12.410000000000002
 20
39.24
 10
-12.49
 20
39.24
 10
-12.509999999999996
 20
39.26
 10
-13.370000000000003
 20
39.26
 10
-13.389999999999999
 20
39.24
 10
-13.469999999999997
 20
39.24
 10
-13.550000000000002
 20
39.2
 10
-13.620000000000003
 20
39.13
 10
-13.649999999999997
 20
39.06
 10
-13.660000000000002
 20
39.970000000000006
 10
-13.639999999999999
 20
39.970000000000006
 10
-13.620000000000003
 20
39.910000000000004
 10
-13.550000000000002
 20
39.839999999999996
 10
-13.469999999999997
 20
39.800000000000004
 10
-13.389999999999999
 20
39.800000000000004
 10
-13.370000000000003
 20
39.78
 10
-12.509999999999996
 20
39.78
 10
-12.49
 20
39.800000000000004
 10
-12.410000000000002
 20
39.800000000000004
 10
-12.329999999999997
 20
39.839999999999996
 10
-12.259999999999996
 20
39.910000000000004
 10
-12.230000000000002
 20
39.98
 10
-12.219999999999997
 20
39.970000000000006
 10
-12.230000000000002
 20
39.06
 10
-12.259999999999996
 20
39.13
 97
0
 75
1
 76
1
 52
0.0
 41
0.03
 77
0
 78
1
 53
45.0
 43
0.0
 44
0.0
 45
-0.0673519209
 46
0.0673519209
 79
0
 98
0
  0
LWPOLYLINE
  5
EB
330
17
100
AcDbEntity
  8
BLINDING-GROUND-BEAMS
100
AcDbPolyline
 90
27
 70
1
 10
-12.329999999999997
 20
43.660000000000004
 10
-12.410000000000002
 20
43.7
 10
-12.49
 20
43.7
 10
-12.509999999999996
 20
43.720000000000006
 10
-13.370000000000003
 20
43.720000000000006
 10
-13.389999999999999
 20
43.7
 10
-13.469999999999997
 20
43.7
 10
-13.550000000000002
 20
43.660000000000004
 10
-13.620000000000003
 20
43.59
 10
-13.649999999999997
 20
43.52
 10
-13.660000000000002
 20
44.43
 10
-13.649999999999997
 20
44.440000000000005
 10
-13.639999999999999
 20
44.43
 10
-13.620000000000003
 20
44.37
 10
-13.550000000000002
 20
44.300000000000004
 10
-13.469999999999997
 20
44.26
 10
-13.389999999999999
 20
44.26
 10
-13.370000000000003
 20
44.24
 10
-12.509999999999996
 20
44.24
 10
-12.49
 20
44.26
 10
-12.410000000000002
 20
44.26
 10
-12.329999999999997
 20
44.300000000000004
 10
-12.259999999999996
 20
44.37
 10
-12.230000000000002
 20
44.440000000000005
 10
-12.219999999999997
 20
44.43
 10
-12.230000000000002
 20
43.52
 10
-12.259999999999996
 20
43.59
  0
HATCH
  5
EC
330
17
100
AcDbEntity
  8
BLINDING-GROUND-BEAMS-HATCH
 62
7
100
AcDbHatch
 10
0.0
 20
0.0
 30
0.0
210
0.0
220
0.0
230
1.0
  2
ANSI31
 70
0
 71
0
 91
1
 92
3
 72
0
 73
1
 93
27
 10
-12.329999999999997
 20
43.660000000000004
 10
-12.410000000000002
 20
43.7
 10
-12.49
 20
43.7
 10
-12.509999999999996
 20
43.720000000000006
 10
-13.370000000000003
 20
43.720000000000006
 10
-13.389999999999999
 20
43.7
 10
-13.469999999999997
 20
43.7
 10
-13.550000000000002
 20
43.660000000000004
 10
-13.620000000000003
 20
43.59
 10
-13.649999999999997
 20
43.52
 10
-13.660000000000002
 20
44.43
 10
-13.649999999999997
 20
44.440000000000005
 10
-13.639999999999999
 20
44.43
 10
-13.620000000000003
 20
44.37
 10
-13.550000000000002
 20
44.300000000000004
 10
-13.469999999999997
 20
44.26
 10
-13.389999999999999
 20
44.26
 10
-13.370000000000003
 20
44.24
 10
-12.509999999999996
 20
44.24
 10
-12.49
 20
44.26
 10
-12.410000000000002
 20
44.26
 10
-12.329999999999997
 20
44.300000000000004
 10
-12.259999999999996
 20
44.37
 10
-12.230000000000002
 20
44.440000000000005
 10
-12.219999999999997
 20
44.43
 10
-12.230000000000002
 20
43.52
 10
-12.259999999999996
 20
43.59
 97
0
 75
1
 76
1
 52
0.0
 41
0.03
 77
0
 78
1
 53
45.0
 43
0.0
 44
0.0
 45
-0.0673519209
 46
0.0673519209
 79
0
 98
0
  0
LWPOLYLINE
  5
ED
330
17
100
AcDbEntity
  8
BLINDING-GROUND-BEAMS
100
AcDbPolyline
 90
24
 70
1
 10
-20.31
 20
20.959999999999997
 10
-20.319999999999997
 20
21.689999999999994
 10
-20.36
 20
21.77
 10
-20.349999999999998
 20
21.779999999999998
 10
-19.27
 20
21.779999999999998
 10
-19.249999999999996
 20
21.8
 10
-19.169999999999998
 20
21.8
 10
-19.089999999999996
 20
21.84
 10
-19.019999999999996
 20
21.91
 10
-18.999999999999996
 20
21.969999999999995
 10
-18.99
 20
21.98
 10
-18.979999999999997
 20
21.969999999999995
 10
-18.99
 20
21.06
 10
-19.019999999999996
 20
21.13
 10
-19.089999999999996
 20
21.2
 10
-19.169999999999998
 20
21.24
 10
-19.249999999999996
 20
21.24
 10
-19.27
 20
21.259999999999994
 10
-20.009999999999998
 20
21.259999999999994
 10
-20.029999999999998
 20
21.24
 10
-20.11
 20
21.24
 10
-20.189999999999998
 20
21.2
 10
-20.259999999999998
 20
21.13
 10
-20.299999999999997
 20
21.05
  0
HATCH
  5
EE
330
17
100
AcDbEntity
  8
BLINDING-GROUND-BEAMS-HATCH
 62
7
100
AcDbHatch
 10
0.0
 20
0.0
 30
0.0
210
0.0
220
0.0
230
1.0
  2
ANSI31
 70
0
 71
0
 91
1
 92
3
 72
0
 73
1
 93
24
 10
-20.31
 20
20.959999999999997
 10
-20.319999999999997
 20
21.689999999999994
 10
-20.36
 20
21.77
 10
-20.349999999999998
 20
21.779999999999998
 10
-19.27
 20
21.779999999999998
 10
-19.249999999999996
 20
21.8
 10
-19.169999999999998
 20
21.8
 10
-19.089999999999996
 20
21.84
 10
-19.019999999999996
 20
21.91
 10
-18.999999999999996
 20
21.969999999999995
 10
-18.99
 20
21.98
 10
-18.979999999999997
 20
21.969999999999995
 10
-18.99
 20
21.06
 10
-19.019999999999996
 20
21.13
 10
-19.089999999999996
 20
21.2
 10
-19.169999999999998
 20
21.24
 10
-19.249999999999996
 20
21.24
 10
-19.27
 20
21.259999999999994
 10
-20.009999999999998
 20
21.259999999999994
 10
-20.029999999999998
 20
21.24
 10
-20.11
 20
21.24
 10
-20.189999999999998
 20
21.2
 10
-20.259999999999998
 20
21.13
 10
-20.299999999999997
 20
21.05
 97
0
 75
1
 76
1
 52
0.0
 41
0.03
 77
0
 78
1
 53
45.0
 43
0.0
 44
0.0
 45
-0.0673519209
 46
0.0673519209
 79
0
 98
0
  0
LWPOLYLINE
  5
EF
330
17
100
AcDbEntity
  8
BLINDING-GROUND-BEAMS
100
AcDbPolyline
 90
25
 70
1
 10
2.519999999999998
 20
46.49
 10
1.6000000000000034
 20
46.49
 10
1.6700000000000037
 20
46.52
 10
1.740000000000004
 20
46.59
 10
1.7800000000000031
 20
46.67
 10
1.7800000000000031
 20
46.75
 10
1.7999999999999992
 20
46.77
 10
1.7999999999999992
 20
47.470000000000006
 10
1.7800000000000031
 20
47.49
 10
1.7800000000000031
 20
47.57
 10
1.740000000000004
 20
47.65
 10
1.6700000000000037
 20
47.720000000000006
 10
1.6100000000000014
 20
47.74
 10
1.6100000000000014
 20
47.76
 10
2.519999999999998
 20
47.75
 10
2.4499999999999975
 20
47.720000000000006
 10
2.3800000000000043
 20
47.65
 10
2.339999999999998
 20
47.57
 10
2.339999999999998
 20
47.49
 10
2.320000000000002
 20
47.470000000000006
 10
2.320000000000002
 20
46.77
 10
2.339999999999998
 20
46.75
 10
2.339999999999998
 20
46.67
 10
2.4000000000000004
 20
46.57
 10
2.4499999999999975
 20
46.52
  0
HATCH
  5
F0
330
17
100
AcDbEntity
  8
BLINDING-GROUND-BEAMS-HATCH
 62
7
100
AcDbHatch
 10
0.0
 20
0.0
 30
0.0
210
0.0
220
0.0
230
1.0
  2
ANSI31
 70
0
 71
0
 91
1
 92
3
 72
0
 73
1
 93
25
 10
2.519999999999998
 20
46.49
 10
1.6000000000000034
 20
46.49
 10
1.6700000000000037
 20
46.52
 10
1.740000000000004
 20
46.59
 10
1.7800000000000031
 20
46.67
 10
1.7800000000000031
 20
46.75
 10
1.7999999999999992
 20
46.77
 10
1.7999999999999992
 20
47.470000000000006
 10
1.7800000000000031
 20
47.49
 10
1.7800000000000031
 20
47.57
 10
1.740000000000004
 20
47.65
 10
1.6700000000000037
 20
47.720000000000006
 10
1.6100000000000014
 20
47.74
 10
1.6100000000000014
 20
47.76
 10
2.519999999999998
 20
47.75
 10
2.4499999999999975
 20
47.720000000000006
 10
2.3800000000000043
 20
47.65
 10
2.339999999999998
 20
47.57
 10
2.339999999999998
 20
47.49
 10
2.320000000000002
 20
47.470000000000006
 10
2.320000000000002
 20
46.77
 10
2.339999999999998
 20
46.75
 10
2.339999999999998
 20
46.67
 10
2.4000000000000004
 20
46.57
 10
2.4499999999999975
 20
46.52
 97
0
 75
1
 76
1
 52
0.0
 41
0.03
 77
0
 78
1
 53
45.0
 43
0.0
 44
0.0
 45
-0.0673519209
 46
0.0673519209
 79
0
 98
0
  0
LWPOLYLINE
  5
F1
330
17
100
AcDbEntity
  8
BLINDING-GROUND-BEAMS
100
AcDbPolyline
 90
25
 70
1
 10
-8.679999999999998
 20
46.49
 10
-9.6
 20
46.49
 10
-9.53
 20
46.52
 10
-9.459999999999999
 20
46.59
 10
-9.42
 20
46.67
 10
-9.42
 20
46.75
 10
-9.399999999999997
 20
46.77
 10
-9.399999999999997
 20
47.470000000000006
 10
-9.42
 20
47.49
 10
-9.42
 20
47.57
 10
-9.459999999999999
 20
47.65
 10
-9.53
 20
47.720000000000006
 10
-9.590000000000002
 20
47.74
 10
-9.590000000000002
 20
47.76
 10
-8.679999999999998
 20
47.75
 10
-8.749999999999998
 20
47.720000000000006
 10
-8.819999999999999
 20
47.65
 10
-8.859999999999998
 20
47.57
 10
-8.859999999999998
 20
47.49
 10
-8.88
 20
47.470000000000006
 10
-8.88
 20
46.77
 10
-8.859999999999998
 20
46.75
 10
-8.859999999999998
 20
46.67
 10
-8.800000000000002
 20
46.57
 10
-8.749999999999998
 20
46.52
  0
HATCH
  5
F2
330
17
100
AcDbEntity
  8
BLINDING-GROUND-BEAMS-HATCH
 62
7
100
AcDbHatch
 10
0.0
 20
0.0
 30
0.0
210
0.0
220
0.0
230
1.0
  2
ANSI31
 70
0
 71
0
 91
1
 92
3
 72
0
 73
1
 93
25
 10
-8.679999999999998
 20
46.49
 10
-9.6
 20
46.49
 10
-9.53
 20
46.52
 10
-9.459999999999999
 20
46.59
 10
-9.42
 20
46.67
 10
-9.42
 20
46.75
 10
-9.399999999999997
 20
46.77
 10
-9.399999999999997
 20
47.470000000000006
 10
-9.42
 20
47.49
 10
-9.42
 20
47.57
 10
-9.459999999999999
 20
47.65
 10
-9.53
 20
47.720000000000006
 10
-9.590000000000002
 20
47.74
 10
-9.590000000000002
 20
47.76
 10
-8.679999999999998
 20
47.75
 10
-8.749999999999998
 20
47.720000000000006
 10
-8.819999999999999
 20
47.65
 10
-8.859999999999998
 20
47.57
 10
-8.859999999999998
 20
47.49
 10
-8.88
 20
47.470000000000006
 10
-8.88
 20
46.77
 10
-8.859999999999998
 20
46.75
 10
-8.859999999999998
 20
46.67
 10
-8.800000000000002
 20
46.57
 10
-8.749999999999998
 20
46.52
 97
0
 75
1
 76
1
 52
0.0
 41
0.03
 77
0
 78
1
 53
45.0
 43
0.0
 44
0.0
 45
-0.0673519209
 46
0.0673519209
 79
0
 98
0
  0
LWPOLYLINE
  5
F3
330
17
100
AcDbEntity
  8
BLINDING-GROUND-BEAMS
100
AcDbPolyline
 90
24
 70
1
 10
-12.520000000000001
 20
30.13
 10
-12.67
 20
30.24
 10
-12.749999999999998
 20
30.24
 10
-12.770000000000001
 20
30.259999999999998
 10
-13.329999999999997
 20
30.259999999999998
 10
-13.35
 20
30.24
 10
-13.429999999999998
 20
30.24
 10
-13.509999999999996
 20
30.2
 10
-13.579999999999997
 20
30.13
 10
-13.609999999999998
 20
30.06
 10
-13.620000000000003
 20
30.97
 10
-13.6
 20
30.97
 10
-13.579999999999997
 20
30.909999999999997
 10
-13.509999999999996
 20
30.839999999999996
 10
-13.429999999999998
 20
30.799999999999997
 10
-13.35
 20
30.799999999999997
 10
-13.329999999999997
 20
30.779999999999998
 10
-12.770000000000001
 20
30.779999999999998
 10
-12.749999999999998
 20
30.799999999999997
 10
-12.67
 20
30.799999999999997
 10
-12.590000000000002
 20
30.839999999999996
 10
-12.520000000000001
 20
30.909999999999997
 10
-12.49
 20
30.979999999999997
 10
-12.49
 20
30.06
  0
HATCH
  5
F4
330
17
100
AcDbEntity
  8
BLINDING-GROUND-BEAMS-HATCH
 62
7
100
AcDbHatch
 10
0.0
 20
0.0
 30
0.0
210
0.0
220
0.0
230
1.0
  2
ANSI31
 70
0
 71
0
 91
1
 92
3
 72
0
 73
1
 93
24
 10
-12.520000000000001
 20
30.13
 10
-12.67
 20
30.24
 10
-12.749999999999998
 20
30.24
 10
-12.770000000000001
 20
30.259999999999998
 10
-13.329999999999997
 20
30.259999999999998
 10
-13.35
 20
30.24
 10
-13.429999999999998
 20
30.24
 10
-13.509999999999996
 20
30.2
 10
-13.579999999999997
 20
30.13
 10
-13.609999999999998
 20
30.06
 10
-13.620000000000003
 20
30.97
 10
-13.6
 20
30.97
 10
-13.579999999999997
 20
30.909999999999997
 10
-13.509999999999996
 20
30.839999999999996
 10
-13.429999999999998
 20
30.799999999999997
 10
-13.35
 20
30.799999999999997
 10
-13.329999999999997
 20
30.779999999999998
 10
-12.770000000000001
 20
30.779999999999998
 10
-12.749999999999998
 20
30.799999999999997
 10
-12.67
 20
30.799999999999997
 10
-12.590000000000002
 20
30.839999999999996
 10
-12.520000000000001
 20
30.909999999999997
 10
-12.49
 20
30.979999999999997
 10
-12.49
 20
30.06
 97
0
 75
1
 76
1
 52
0.0
 41
0.03
 77
0
 78
1
 53
45.0
 43
0.0
 44
0.0
 45
-0.0673519209
 46
0.0673519209
 79
0
 98
0
  0
LWPOLYLINE
  5
F5
330
17
100
AcDbEntity
  8
BLINDING-GROUND-BEAMS
100
AcDbPolyline
 90
27
 70
1
 10
-12.620000000000003
 20
21.13
 10
-12.689999999999996
 20
21.2
 10
-12.770000000000001
 20
21.24
 10
-12.85
 20
21.24
 10
-12.870000000000003
 20
21.259999999999994
 10
-13.329999999999997
 20
21.259999999999994
 10
-13.35
 20
21.24
 10
-13.429999999999998
 20
21.24
 10
-13.509999999999996
 20
21.2
 10
-13.579999999999997
 20
21.13
 10
-13.609999999999998
 20
21.06
 10
-13.620000000000003
 20
21.969999999999995
 10
-13.609999999999998
 20
21.98
 10
-13.6
 20
21.969999999999995
 10
-13.579999999999997
 20
21.91
 10
-13.509999999999996
 20
21.84
 10
-13.429999999999998
 20
21.8
 10
-13.35
 20
21.8
 10
-13.329999999999997
 20
21.779999999999998
 10
-12.870000000000003
 20
21.779999999999998
 10
-12.85
 20
21.8
 10
-12.770000000000001
 20
21.8
 10
-12.689999999999996
 20
21.84
 10
-12.620000000000003
 20
21.91
 10
-12.590000000000002
 20
21.98
 10
-12.579999999999997
 20
21.969999999999995
 10
-12.590000000000002
 20
21.06
  0
HATCH
  5
F6
330
17
100
AcDbEntity
  8
BLINDING-GROUND-BEAMS-HATCH
 62
7
100
AcDbHatch
 10
0.0
 20
0.0
 30
0.0
210
0.0
220
0.0
230
1.0
  2
ANSI31
 70
0
 71
0
 91
1
 92
3
 72
0
 73
1
 93
27
 10
-12.620000000000003
 20
21.13
 10
-12.689999999999996
 20
21.2
 10
-12.770000000000001
 20
21.24
 10
-12.85
 20
21.24
 10
-12.870000000000003
 20
21.259999999999994
 10
-13.329999999999997
 20
21.259999999999994
 10
-13.35
 20
21.24
 10
-13.429999999999998
 20
21.24
 10
-13.509999999999996
 20
21.2
 10
-13.579999999999997
 20
21.13
 10
-13.609999999999998
 20
21.06
 10
-13.620000000000003
 20
21.969999999999995
 10
-13.609999999999998
 20
21.98
 10
-13.6
 20
21.969999999999995
 10
-13.579999999999997
 20
21.91
 10
-13.509999999999996
 20
21.84
 10
-13.429999999999998
 20
21.8
 10
-13.35
 20
21.8
 10
-13.329999999999997
 20
21.779999999999998
 10
-12.870000000000003
 20
21.779999999999998
 10
-12.85
 20
21.8
 10
-12.770000000000001
 20
21.8
 10
-12.689999999999996
 20
21.84
 10
-12.620000000000003
 20
21.91
 10
-12.590000000000002
 20
21.98
 10
-12.579999999999997
 20
21.969999999999995
 10
-12.590000000000002
 20
21.06
 97
0
 75
1
 76
1
 52
0.0
 41
0.03
 77
0
 78
1
 53
45.0
 43
0.0
 44
0.0
 45
-0.0673519209
 46
0.0673519209
 79
0
 98
0
  0
LWPOLYLINE
  5
F7
330
17
100
AcDbEntity
  8
BLINDING-GROUND-BEAMS
100
AcDbPolyline
 90
25
 70
1
 10
6.119999999999999
 20
30.15
 10
6.070000000000002
 20
30.2
 10
5.990000000000004
 20
30.24
 10
5.909999999999998
 20
30.24
 10
5.890000000000002
 20
30.259999999999998
 10
5.530000000000003
 20
30.259999999999998
 10
5.51
 20
30.24
 10
5.4300000000000015
 20
30.24
 10
5.350000000000003
 20
30.2
 10
5.280000000000003
 20
30.13
 10
5.250000000000002
 20
30.06
 10
5.240000000000004
 20
30.97
 10
5.26
 20
30.97
 10
5.280000000000003
 20
30.909999999999997
 10
5.350000000000003
 20
30.839999999999996
 10
5.4300000000000015
 20
30.799999999999997
 10
5.51
 20
30.799999999999997
 10
5.530000000000003
 20
30.779999999999998
 10
5.890000000000002
 20
30.779999999999998
 10
5.909999999999998
 20
30.799999999999997
 10
5.990000000000004
 20
30.799999999999997
 10
6.070000000000002
 20
30.839999999999996
 10
6.140000000000002
 20
30.909999999999997
 10
6.1700000000000035
 20
30.979999999999997
 10
6.1700000000000035
 20
30.06
  0
HATCH
  5
F8
330
17
100
AcDbEntity
  8
BLINDING-GROUND-BEAMS-HATCH
 62
7
100
AcDbHatch
 10
0.0
 20
0.0
 30
0.0
210
0.0
220
0.0
230
1.0
  2
ANSI31
 70
0
 71
0
 91
1
 92
3
 72
0
 73
1
 93
25
 10
6.119999999999999
 20
30.15
 10
6.070000000000002
 20
30.2
 10
5.990000000000004
 20
30.24
 10
5.909999999999998
 20
30.24
 10
5.890000000000002
 20
30.259999999999998
 10
5.530000000000003
 20
30.259999999999998
 10
5.51
 20
30.24
 10
5.4300000000000015
 20
30.24
 10
5.350000000000003
 20
30.2
 10
5.280000000000003
 20
30.13
 10
5.250000000000002
 20
30.06
 10
5.240000000000004
 20
30.97
 10
5.26
 20
30.97
 10
5.280000000000003
 20
30.909999999999997
 10
5.350000000000003
 20
30.839999999999996
 10
5.4300000000000015
 20
30.799999999999997
 10
5.51
 20
30.799999999999997
 10
5.530000000000003
 20
30.779999999999998
 10
5.890000000000002
 20
30.779999999999998
 10
5.909999999999998
 20
30.799999999999997
 10
5.990000000000004
 20
30.799999999999997
 10
6.070000000000002
 20
30.839999999999996
 10
6.140000000000002
 20
30.909999999999997
 10
6.1700000000000035
 20
30.979999999999997
 10
6.1700000000000035
 20
30.06
 97
0
 75
1
 76
1
 52
0.0
 41
0.03
 77
0
 78
1
 53
45.0
 43
0.0
 44
0.0
 45
-0.0673519209
 46
0.0673519209
 79
0
 98
0
  0
LWPOLYLINE
  5
F9
330
17
100
AcDbEntity
  8
BLINDING-GROUND-BEAMS
100
AcDbPolyline
 90
26
 70
1
 10
-8.81
 20
51.82
 10
-9.6
 20
51.830000000000005
 10
-9.53
 20
51.86
 10
-9.459999999999999
 20
51.93
 10
-9.42
 20
52.01
 10
-9.42
 20
52.09
 10
-9.399999999999997
 20
52.11
 10
-9.399999999999997
 20
52.47
 10
-9.42
 20
52.49
 10
-9.42
 20
52.57
 10
-9.459999999999999
 20
52.65
 10
-9.53
 20
52.72
 10
-9.590000000000002
 20
52.74
 10
-9.590000000000002
 20
52.76
 10
-8.679999999999998
 20
52.75
 10
-8.749999999999998
 20
52.72
 10
-8.819999999999999
 20
52.65
 10
-8.859999999999998
 20
52.57
 10
-8.859999999999998
 20
52.49
 10
-8.88
 20
52.47
 10
-8.88
 20
52.11
 10
-8.859999999999998
 20
52.09
 10
-8.859999999999998
 20
52.01
 10
-8.819999999999999
 20
51.93
 10
-8.749999999999998
 20
51.86
 10
-8.679999999999998
 20
51.830000000000005
  0
HATCH
  5
FA
330
17
100
AcDbEntity
  8
BLINDING-GROUND-BEAMS-HATCH
 62
7
100
AcDbHatch
 10
0.0
 20
0.0
 30
0.0
210
0.0
220
0.0
230
1.0
  2
ANSI31
 70
0
 71
0
 91
1
 92
3
 72
0
 73
1
 93
26
 10
-8.81
 20
51.82
 10
-9.6
 20
51.830000000000005
 10
-9.53
 20
51.86
 10
-9.459999999999999
 20
51.93
 10
-9.42
 20
52.01
 10
-9.42
 20
52.09
 10
-9.399999999999997
 20
52.11
 10
-9.399999999999997
 20
52.47
 10
-9.42
 20
52.49
 10
-9.42
 20
52.57
 10
-9.459999999999999
 20
52.65
 10
-9.53
 20
52.72
 10
-9.590000000000002
 20
52.74
 10
-9.590000000000002
 20
52.76
 10
-8.679999999999998
 20
52.75
 10
-8.749999999999998
 20
52.72
 10
-8.819999999999999
 20
52.65
 10
-8.859999999999998
 20
52.57
 10
-8.859999999999998
 20
52.49
 10
-8.88
 20
52.47
 10
-8.88
 20
52.11
 10
-8.859999999999998
 20
52.09
 10
-8.859999999999998
 20
52.01
 10
-8.819999999999999
 20
51.93
 10
-8.749999999999998
 20
51.86
 10
-8.679999999999998
 20
51.830000000000005
 97
0
 75
1
 76
1
 52
0.0
 41
0.03
 77
0
 78
1
 53
45.0
 43
0.0
 44
0.0
 45
-0.0673519209
 46
0.0673519209
 79
0
 98
0
  0
LWPOLYLINE
  5
FB
330
17
100
AcDbEntity
  8
BLINDING-GROUND-BEAMS
100
AcDbPolyline
 90
26
 70
1
 10
2.4099999999999984
 20
51.82
 10
1.6000000000000034
 20
51.830000000000005
 10
1.6700000000000037
 20
51.86
 10
1.740000000000004
 20
51.93
 10
1.7800000000000031
 20
52.01
 10
1.7800000000000031
 20
52.09
 10
1.7999999999999992
 20
52.11
 10
1.7999999999999992
 20
52.47
 10
1.7800000000000031
 20
52.49
 10
1.7800000000000031
 20
52.57
 10
1.740000000000004
 20
52.65
 10
1.6700000000000037
 20
52.72
 10
1.6100000000000014
 20
52.74
 10
1.6100000000000014
 20
52.76
 10
2.519999999999998
 20
52.75
 10
2.4499999999999975
 20
52.72
 10
2.3800000000000043
 20
52.65
 10
2.339999999999998
 20
52.57
 10
2.339999999999998
 20
52.49
 10
2.320000000000002
 20
52.47
 10
2.320000000000002
 20
52.11
 10
2.339999999999998
 20
52.09
 10
2.339999999999998
 20
52.01
 10
2.3800000000000043
 20
51.93
 10
2.4499999999999975
 20
51.86
 10
2.519999999999998
 20
51.830000000000005
  0
HATCH
  5
FC
330
17
100
AcDbEntity
  8
BLINDING-GROUND-BEAMS-HATCH
 62
7
100
AcDbHatch
 10
0.0
 20
0.0
 30
0.0
210
0.0
220
0.0
230
1.0
  2
ANSI31
 70
0
 71
0
 91
1
 92
3
 72
0
 73
1
 93
26
 10
2.4099999999999984
 20
51.82
 10
1.6000000000000034
 20
51.830000000000005
 10
1.6700000000000037
 20
51.86
 10
1.740000000000004
 20
51.93
 10
1.7800000000000031
 20
52.01
 10
1.7800000000000031
 20
52.09
 10
1.7999999999999992
 20
52.11
 10
1.7999999999999992
 20
52.47
 10
1.7800000000000031
 20
52.49
 10
1.7800000000000031
 20
52.57
 10
1.740000000000004
 20
52.65
 10
1.6700000000000037
 20
52.72
 10
1.6100000000000014
 20
52.74
 10
1.6100000000000014
 20
52.76
 10
2.519999999999998
 20
52.75
 10
2.4499999999999975
 20
52.72
 10
2.3800000000000043
 20
52.65
 10
2.339999999999998
 20
52.57
 10
2.339999999999998
 20
52.49
 10
2.320000000000002
 20
52.47
 10
2.320000000000002
 20
52.11
 10
2.339999999999998
 20
52.09
 10
2.339999999999998
 20
52.01
 10
2.3800000000000043
 20
51.93
 10
2.4499999999999975
 20
51.86
 10
2.519999999999998
 20
51.830000000000005
 97
0
 75
1
 76
1
 52
0.0
 41
0.03
 77
0
 78
1
 53
45.0
 43
0.0
 44
0.0
 45
-0.0673519209
 46
0.0673519209
 79
0
 98
0
  0
LWPOLYLINE
  5
FD
330
17
100
AcDbEntity
  8
BLINDING-GROUND-BEAMS
100
AcDbPolyline
 90
26
 70
1
 10
-15.88
 20
51.93
 10
-16.8
 20
51.93
 10
-16.73
 20
51.96
 10
-16.66
 20
52.03
 10
-16.62
 20
52.11
 10
-16.62
 20
52.190000000000005
 10
-16.599999999999998
 20
52.21
 10
-16.599999999999998
 20
52.47
 10
-16.62
 20
52.49
 10
-16.62
 20
52.57
 10
-16.66
 20
52.65
 10
-16.73
 20
52.72
 10
-16.789999999999996
 20
52.74
 10
-16.8
 20
52.75
 10
-16.789999999999996
 20
52.76
 10
-15.88
 20
52.75
 10
-15.950000000000001
 20
52.72
 10
-16.02
 20
52.65
 10
-16.06
 20
52.57
 10
-16.06
 20
52.49
 10
-16.079999999999995
 20
52.47
 10
-16.079999999999995
 20
52.21
 10
-16.06
 20
52.190000000000005
 10
-16.06
 20
52.11
 10
-15.999999999999998
 20
52.01
 10
-15.950000000000001
 20
51.96
  0
HATCH
  5
FE
330
17
100
AcDbEntity
  8
BLINDING-GROUND-BEAMS-HATCH
 62
7
100
AcDbHatch
 10
0.0
 20
0.0
 30
0.0
210
0.0
220
0.0
230
1.0
  2
ANSI31
 70
0
 71
0
 91
1
 92
3
 72
0
 73
1
 93
26
 10
-15.88
 20
51.93
 10
-16.8
 20
51.93
 10
-16.73
 20
51.96
 10
-16.66
 20
52.03
 10
-16.62
 20
52.11
 10
-16.62
 20
52.190000000000005
 10
-16.599999999999998
 20
52.21
 10
-16.599999999999998
 20
52.47
 10
-16.62
 20
52.49
 10
-16.62
 20
52.57
 10
-16.66
 20
52.65
 10
-16.73
 20
52.72
 10
-16.789999999999996
 20
52.74
 10
-16.8
 20
52.75
 10
-16.789999999999996
 20
52.76
 10
-15.88
 20
52.75
 10
-15.950000000000001
 20
52.72
 10
-16.02
 20
52.65
 10
-16.06
 20
52.57
 10
-16.06
 20
52.49
 10
-16.079999999999995
 20
52.47
 10
-16.079999999999995
 20
52.21
 10
-16.06
 20
52.190000000000005
 10
-16.06
 20
52.11
 10
-15.999999999999998
 20
52.01
 10
-15.950000000000001
 20
51.96
 97
0
 75
1
 76
1
 52
0.0
 41
0.03
 77
0
 78
1
 53
45.0
 43
0.0
 44
0.0
 45
-0.0673519209
 46
0.0673519209
 79
0
 98
0
  0
LWPOLYLINE
  5
FF
330
17
100
AcDbEntity
  8
BLINDING-GROUND-BEAMS
100
AcDbPolyline
 90
27
 70
1
 10
6.1700000000000035
 20
21.06
 10
6.140000000000002
 20
21.13
 10
6.070000000000002
 20
21.2
 10
5.990000000000004
 20
21.24
 10
5.909999999999998
 20
21.24
 10
5.890000000000002
 20
21.259999999999994
 10
5.769999999999998
 20
21.259999999999994
 10
5.750000000000002
 20
21.24
 10
5.6700000000000035
 20
21.24
 10
5.589999999999998
 20
21.2
 10
5.519999999999998
 20
21.13
 10
5.500000000000002
 20
21.069999999999997
 10
5.479999999999999
 20
21.069999999999997
 10
5.490000000000004
 20
21.98
 10
5.519999999999998
 20
21.91
 10
5.589999999999998
 20
21.84
 10
5.6700000000000035
 20
21.8
 10
5.750000000000002
 20
21.8
 10
5.769999999999998
 20
21.779999999999998
 10
5.890000000000002
 20
21.779999999999998
 10
5.909999999999998
 20
21.8
 10
5.990000000000004
 20
21.8
 10
6.070000000000002
 20
21.84
 10
6.140000000000002
 20
21.91
 10
6.159999999999998
 20
21.969999999999995
 10
6.1700000000000035
 20
21.98
 10
6.1800000000000015
 20
21.969999999999995
  0
HATCH
  5
100
330
17
100
AcDbEntity
  8
BLINDING-GROUND-BEAMS-HATCH
 62
7
100
AcDbHatch
 10
0.0
 20
0.0
 30
0.0
210
0.0
220
0.0
230
1.0
  2
ANSI31
 70
0
 71
0
 91
1
 92
3
 72
0
 73
1
 93
27
 10
6.1700000000000035
 20
21.06
 10
6.140000000000002
 20
21.13
 10
6.070000000000002
 20
21.2
 10
5.990000000000004
 20
21.24
 10
5.909999999999998
 20
21.24
 10
5.890000000000002
 20
21.259999999999994
 10
5.769999999999998
 20
21.259999999999994
 10
5.750000000000002
 20
21.24
 10
5.6700000000000035
 20
21.24
 10
5.589999999999998
 20
21.2
 10
5.519999999999998
 20
21.13
 10
5.500000000000002
 20
21.069999999999997
 10
5.479999999999999
 20
21.069999999999997
 10
5.490000000000004
 20
21.98
 10
5.519999999999998
 20
21.91
 10
5.589999999999998
 20
21.84
 10
5.6700000000000035
 20
21.8
 10
5.750000000000002
 20
21.8
 10
5.769999999999998
 20
21.779999999999998
 10
5.890000000000002
 20
21.779999999999998
 10
5.909999999999998
 20
21.8
 10
5.990000000000004
 20
21.8
 10
6.070000000000002
 20
21.84
 10
6.140000000000002
 20
21.91
 10
6.159999999999998
 20
21.969999999999995
 10
6.1700000000000035
 20
21.98
 10
6.1800000000000015
 20
21.969999999999995
 97
0
 75
1
 76
1
 52
0.0
 41
0.03
 77
0
 78
1
 53
45.0
 43
0.0
 44
0.0
 45
-0.0673519209
 46
0.0673519209
 79
0
 98
0
  0
LWPOLYLINE
  5
101
330
17
100
AcDbEntity
  8
BLINDING-GROUND-BEAMS
100
AcDbPolyline
 90
21
 70
1
 10
5.909999999999998
 20
39.06
 10
5.810000000000004
 20
39.2
 10
5.729999999999999
 20
39.24
 10
5.530000000000003
 20
39.26
 10
5.51
 20
39.24
 10
5.4300000000000015
 20
39.24
 10
5.350000000000003
 20
39.2
 10
5.280000000000003
 20
39.13
 10
5.26
 20
39.07
 10
5.240000000000004
 20
39.07
 10
5.250000000000002
 20
39.98
 10
5.280000000000003
 20
39.910000000000004
 10
5.350000000000003
 20
39.839999999999996
 10
5.4300000000000015
 20
39.800000000000004
 10
5.51
 20
39.800000000000004
 10
5.530000000000003
 20
39.78
 10
5.729999999999999
 20
39.800000000000004
 10
5.810000000000004
 20
39.839999999999996
 10
5.880000000000004
 20
39.910000000000004
 10
5.9
 20
39.970000000000006
 10
5.9200000000000035
 20
39.970000000000006
  0
HATCH
  5
102
330
17
100
AcDbEntity
  8
BLINDING-GROUND-BEAMS-HATCH
 62
7
100
AcDbHatch
 10
0.0
 20
0.0
 30
0.0
210
0.0
220
0.0
230
1.0
  2
ANSI31
 70
0
 71
0
 91
1
 92
3
 72
0
 73
1
 93
21
 10
5.909999999999998
 20
39.06
 10
5.810000000000004
 20
39.2
 10
5.729999999999999
 20
39.24
 10
5.530000000000003
 20
39.26
 10
5.51
 20
39.24
 10
5.4300000000000015
 20
39.24
 10
5.350000000000003
 20
39.2
 10
5.280000000000003
 20
39.13
 10
5.26
 20
39.07
 10
5.240000000000004
 20
39.07
 10
5.250000000000002
 20
39.98
 10
5.280000000000003
 20
39.910000000000004
 10
5.350000000000003
 20
39.839999999999996
 10
5.4300000000000015
 20
39.800000000000004
 10
5.51
 20
39.800000000000004
 10
5.530000000000003
 20
39.78
 10
5.729999999999999
 20
39.800000000000004
 10
5.810000000000004
 20
39.839999999999996
 10
5.880000000000004
 20
39.910000000000004
 10
5.9
 20
39.970000000000006
 10
5.9200000000000035
 20
39.970000000000006
 97
0
 75
1
 76
1
 52
0.0
 41
0.03
 77
0
 78
1
 53
45.0
 43
0.0
 44
0.0
 45
-0.0673519209
 46
0.0673519209
 79
0
 98
0
  0
LWPOLYLINE
  5
103
330
17
100
AcDbEntity
  8
BLINDING-GROUND-BEAMS
100
AcDbPolyline
 90
24
 70
1
 10
5.9
 20
43.53
 10
5.880000000000004
 20
43.59
 10
5.810000000000004
 20
43.660000000000004
 10
5.729999999999999
 20
43.7
 10
5.65
 20
43.7
 10
5.630000000000004
 20
43.720000000000006
 10
5.4300000000000015
 20
43.7
 10
5.350000000000003
 20
43.660000000000004
 10
5.280000000000003
 20
43.59
 10
5.26
 20
43.53
 10
5.240000000000004
 20
43.53
 10
5.250000000000002
 20
44.440000000000005
 10
5.280000000000003
 20
44.37
 10
5.350000000000003
 20
44.300000000000004
 10
5.4300000000000015
 20
44.26
 10
5.51
 20
44.26
 10
5.530000000000003
 20
44.24
 10
5.729999999999999
 20
44.26
 10
5.810000000000004
 20
44.300000000000004
 10
5.880000000000004
 20
44.37
 10
5.9
 20
44.43
 10
5.909999999999998
 20
44.440000000000005
 10
5.9200000000000035
 20
44.43
 10
5.9200000000000035
 20
43.53
  0
HATCH
  5
104
330
17
100
AcDbEntity
  8
BLINDING-GROUND-BEAMS-HATCH
 62
7
100
AcDbHatch
 10
0.0
 20
0.0
 30
0.0
210
0.0
220
0.0
230
1.0
  2
ANSI31
 70
0
 71
0
 91
1
 92
3
 72
0
 73
1
 93
24
 10
5.9
 20
43.53
 10
5.880000000000004
 20
43.59
 10
5.810000000000004
 20
43.660000000000004
 10
5.729999999999999
 20
43.7
 10
5.65
 20
43.7
 10
5.630000000000004
 20
43.720000000000006
 10
5.4300000000000015
 20
43.7
 10
5.350000000000003
 20
43.660000000000004
 10
5.280000000000003
 20
43.59
 10
5.26
 20
43.53
 10
5.240000000000004
 20
43.53
 10
5.250000000000002
 20
44.440000000000005
 10
5.280000000000003
 20
44.37
 10
5.350000000000003
 20
44.300000000000004
 10
5.4300000000000015
 20
44.26
 10
5.51
 20
44.26
 10
5.530000000000003
 20
44.24
 10
5.729999999999999
 20
44.26
 10
5.810000000000004
 20
44.300000000000004
 10
5.880000000000004
 20
44.37
 10
5.9
 20
44.43
 10
5.909999999999998
 20
44.440000000000005
 10
5.9200000000000035
 20
44.43
 10
5.9200000000000035
 20
43.53
 97
0
 75
1
 76
1
 52
0.0
 41
0.03
 77
0
 78
1
 53
45.0
 43
0.0
 44
0.0
 45
-0.0673519209
 46
0.0673519209
 79
0
 98
0
  0
MTEXT
  5
105
330
17
100
AcDbEntity
  8
BLINDING-LABEL
100
AcDbMText
 10
-50.0
 20
66.0
 30
0.0
 40
0.5
 71
7
  1
BLINDING UNDER GROUND BEAMS (100 mm projection each side)\Pbeam concrete = 80.74 m²\Pbeam blinding = 117.24 m²  (volume @ 100 mm = 11.72 m³)
  0
ENDSEC
  0
SECTION
  2
OBJECTS
  0
DICTIONARY
  5
A
330
0
100
AcDbDictionary
281
1
  3
ACAD_COLOR
350
B
  3
ACAD_GROUP
350
C
  3
ACAD_LAYOUT
350
D
  3
ACAD_MATERIAL
350
E
  3
ACAD_MLEADERSTYLE
350
F
  3
ACAD_MLINESTYLE
350
10
  3
ACAD_PLOTSETTINGS
350
11
  3
ACAD_PLOTSTYLENAME
350
12
  3
ACAD_SCALELIST
350
14
  3
ACAD_TABLESTYLE
350
15
  3
ACAD_VISUALSTYLE
350
16
  3
EZDXF_META
350
2D
  0
DICTIONARY
  5
B
330
A
100
AcDbDictionary
281
1
  0
DICTIONARY
  5
C
330
A
100
AcDbDictionary
281
1
  0
DICTIONARY
  5
D
330
A
100
AcDbDictionary
281
1
  3
Model
350
1A
  3
Layout1
350
1E
  0
DICTIONARY
  5
E
330
A
100
AcDbDictionary
281
1
  3
ByBlock
350
1F
  3
ByLayer
350
20
  3
Global
350
21
  0
DICTIONARY
  5
F
330
A
100
AcDbDictionary
281
1
  3
Standard
350
2C
  0
DICTIONARY
  5
10
330
A
100
AcDbDictionary
281
1
  3
Standard
350
22
  0
DICTIONARY
  5
11
330
A
100
AcDbDictionary
281
1
  0
ACDBDICTIONARYWDFLT
  5
12
330
A
100
AcDbDictionary
281
1
  3
Normal
350
13
100
AcDbDictionaryWithDefault
340
13
  0
ACDBPLACEHOLDER
  5
13
330
12
  0
DICTIONARY
  5
14
330
A
100
AcDbDictionary
281
1
  0
DICTIONARY
  5
15
330
A
100
AcDbDictionary
281
1
  0
DICTIONARY
  5
16
330
A
100
AcDbDictionary
281
1
  3
2dWireframe
350
5A
  3
Basic
350
5B
  3
Brighten
350
5C
  3
ColorChange
350
5D
  3
Conceptual
350
5E
  3
Dim
350
5F
  3
EdgeColorOff
350
60
  3
Facepattern
350
61
  3
Flat
350
62
  3
FlatWithEdges
350
63
  3
Gouraud
350
64
  3
GouraudWithEdges
350
65
  3
Hidden
350
66
  3
JitterOff
350
67
  3
Linepattern
350
68
  3
Modeling
350
69
  3
OverhangOff
350
6A
  3
Realistic
350
6B
  3
Shaded
350
6C
  3
Shaded with edges
350
6D
  3
Shades of Gray
350
6E
  3
Sketchy
350
6F
  3
Thicken
350
70
  3
Wireframe
350
71
  3
X-Ray
350
72
  0
LAYOUT
  5
1A
330
D
100
AcDbPlotSettings
  1

  4
A3
  6

 40
7.5
 41
20.0
 42
7.5
 43
20.0
 44
420.0
 45
297.0
 46
0.0
 47
0.0
 48
0.0
 49
0.0
140
0.0
141
0.0
142
1.0
143
1.0
 70
1024
 72
1
 73
0
 74
5
  7

 75
16
 76
0
 77
2
 78
300
147
1.0
148
0.0
149
0.0
100
AcDbLayout
  1
Model
 70
1
 71
0
 10
0.0
 20
0.0
 11
420.0
 21
297.0
 12
0.0
 22
0.0
 32
0.0
 14
1e+20
 24
1e+20
 34
1e+20
 15
-1e+20
 25
-1e+20
 35
-1e+20
146
0.0
 13
0.0
 23
0.0
 33
0.0
 16
1.0
 26
0.0
 36
0.0
 17
0.0
 27
1.0
 37
0.0
 76
1
330
17
  0
LAYOUT
  5
1E
330
D
100
AcDbPlotSettings
  1

  4
A3
  6

 40
7.5
 41
20.0
 42
7.5
 43
20.0
 44
420.0
 45
297.0
 46
0.0
 47
0.0
 48
0.0
 49
0.0
140
0.0
141
0.0
142
1.0
143
1.0
 70
0
 72
1
 73
0
 74
5
  7

 75
16
 76
0
 77
2
 78
300
147
1.0
148
0.0
149
0.0
100
AcDbLayout
  1
Layout1
 70
1
 71
1
 10
0.0
 20
0.0
 11
420.0
 21
297.0
 12
0.0
 22
0.0
 32
0.0
 14
1e+20
 24
1e+20
 34
1e+20
 15
-1e+20
 25
-1e+20
 35
-1e+20
146
0.0
 13
0.0
 23
0.0
 33
0.0
 16
1.0
 26
0.0
 36
0.0
 17
0.0
 27
1.0
 37
0.0
 76
1
330
1B
  0
MATERIAL
  5
1F
102
{ACAD_REACTORS
330
E
102
}
330
E
100
AcDbMaterial
  1
ByBlock
  2

 70
0
 40
1.0
 71
1
 41
1.0
 91
-1023410177
 42
1.0
 72
1
  3

 73
1
 74
1
 75
1
 44
0.5
 73
0
 45
1.0
 46
1.0
 77
1
  4

 78
1
 79
1
170
1
 48
1.0
171
1
  6

172
1
173
1
174
1
140
1.0
141
1.0
175
1
  7

176
1
177
1
178
1
143
1.0
179
1
  8

270
1
271
1
272
1
145
1.0
146
1.0
273
1
  9

274
1
275
1
276
1
 42
1.0
 72
1
  3

 73
1
 74
1
 75
1
 94
63
  0
MATERIAL
  5
20
102
{ACAD_REACTORS
330
E
102
}
330
E
100
AcDbMaterial
  1
ByLayer
  2

 70
0
 40
1.0
 71
1
 41
1.0
 91
-1023410177
 42
1.0
 72
1
  3

 73
1
 74
1
 75
1
 44
0.5
 73
0
 45
1.0
 46
1.0
 77
1
  4

 78
1
 79
1
170
1
 48
1.0
171
1
  6

172
1
173
1
174
1
140
1.0
141
1.0
175
1
  7

176
1
177
1
178
1
143
1.0
179
1
  8

270
1
271
1
272
1
145
1.0
146
1.0
273
1
  9

274
1
275
1
276
1
 42
1.0
 72
1
  3

 73
1
 74
1
 75
1
 94
63
  0
MATERIAL
  5
21
102
{ACAD_REACTORS
330
E
102
}
330
E
100
AcDbMaterial
  1
Global
  2

 70
0
 40
1.0
 71
1
 41
1.0
 91
-1023410177
 42
1.0
 72
1
  3

 73
1
 74
1
 75
1
 44
0.5
 73
0
 45
1.0
 46
1.0
 77
1
  4

 78
1
 79
1
170
1
 48
1.0
171
1
  6

172
1
173
1
174
1
140
1.0
141
1.0
175
1
  7

176
1
177
1
178
1
143
1.0
179
1
  8

270
1
271
1
272
1
145
1.0
146
1.0
273
1
  9

274
1
275
1
276
1
 42
1.0
 72
1
  3

 73
1
 74
1
 75
1
 94
63
  0
MLINESTYLE
  5
22
102
{ACAD_REACTORS
330
10
102
}
330
10
100
AcDbMlineStyle
  2
Standard
 70
0
  3

 62
256
 51
90.0
 52
90.0
 71
2
 49
0.5
 62
256
  6
BYLAYER
 49
-0.5
 62
256
  6
BYLAYER
  0
MLEADERSTYLE
  5
2C
102
{ACAD_REACTORS
330
F
102
}
330
F
100
AcDbMLeaderStyle
179
2
170
2
171
1
172
0
 90
2
 40
0.0
 41
0.0
173
1
 91
-1056964608
 92
-2
290
1
 42
2.0
291
1
 43
8.0
  3
Standard
 44
4.0
300

342
29
174
1
175
1
176
0
178
1
 93
-1056964608
 45
4.0
292
0
297
0
 46
4.0
 94
-1056964608
 47
1.0
 49
1.0
140
1.0
294
1
141
0.0
177
0
142
1.0
295
0
296
0
143
3.75
271
0
272
9
273
9
  0
DICTIONARY
  5
2D
330
A
100
AcDbDictionary
280
1
281
1
  3
CREATED_BY_EZDXF
350
2E
  3
WRITTEN_BY_EZDXF
350
108
  0
DICTIONARYVAR
  5
2E
330
2D
100
DictionaryVariables
280
0
  1
1.4.4 @ 2026-10-03T16:14:12.195704+00:00
  0
VISUALSTYLE
  5
5A
102
{ACAD_REACTORS
330
16
102
}
330
16
100
AcDbVisualStyle
  2
2dWireframe
 70
4
177
3
291
0
 70
58
 90
2
176
1
 90
2
176
1
 90
0
176
1
 90
0
176
1
 40
0.6
176
1
 40
30.0
176
1
 62
7
420
16777215
176
1
 90
1
176
1
 90
4
176
1
 62
7
176
1
 62
257
176
1
 90
1
176
1
 90
1
176
1
 40
1.0
176
1
 90
8
176
1
 62
7
176
1
 40
1.0
176
1
 90
1
176
1
 90
6
176
1
 90
2
176
1
 62
7
176
1
 90
5
176
1
 90
0
176
1
 90
0
176
1
290
0
176
1
 90
1
176
1
 40
0.0
176
1
 90
0
176
1
290
1
176
1
290
1
176
1
290
0
176
1
290
0
176
1
290
0
176
1
290
0
176
1
290
0
176
1
290
0
176
1
290
0
176
1
 90
50
176
1
 40
0.0
176
1
 40
1.0
176
1
 90
0
176
1
 62
18
420
0
176
1
 90
50
176
1
 90
3
176
1
 62
5
420
255
176
1
290
0
176
1
 90
50
176
1
 90
50
176
1
 90
50
176
1
290
0
176
1
 90
50
176
1
 62
256
176
0
 40
1.0
176
0
 90
2
176
1
  1
strokes_ogs.tif
176
1
290
0
176
1
 40
1.0
176
1
 40
1.0
176
1
  0
VISUALSTYLE
  5
5B
102
{ACAD_REACTORS
330
16
102
}
330
16
100
AcDbVisualStyle
  2
Basic
 70
7
177
3
291
1
 70
58
 90
2
176
1
 90
2
176
1
 90
0
176
1
 90
1
176
1
 40
0.6
176
1
 40
30.0
176
1
 62
7
420
16777215
176
1
 90
1
176
1
 90
4
176
1
 62
7
176
1
 62
257
176
1
 90
1
176
1
 90
1
176
1
 40
1.0
176
1
 90
8
176
1
 62
7
176
1
 40
1.0
176
1
 90
1
176
1
 90
6
176
1
 90
2
176
1
 62
7
176
1
 90
5
176
1
 90
0
176
1
 90
0
176
1
290
0
176
1
 90
1
176
1
 40
0.0
176
1
 90
0
176
1
290
0
176
1
290
1
176
1
290
1
176
1
290
0
176
1
290
0
176
1
290
0
176
1
290
0
176
1
290
0
176
1
290
0
176
1
 90
50
176
1
 40
0.0
176
1
 40
1.0
176
1
 90
0
176
1
 62
18
420
0
176
1
 90
50
176
1
 90
3
176
1
 62
5
420
255
176
1
290
0
176
1
 90
50
176
1
 90
50
176
1
 90
50
176
1
290
0
176
1
 90
50
176
1
 62
256
176
0
 40
1.0
176
0
 90
2
176
1
  1
strokes_ogs.tif
176
1
290
0
176
1
 40
1.0
176
1
 40
1.0
176
1
  0
VISUALSTYLE
  5
5C
102
{ACAD_REACTORS
330
16
102
}
330
16
100
AcDbVisualStyle
  2
Brighten
 70
12
177
3
291
1
 70
58
 90
2
176
1
 90
2
176
1
 90
0
176
1
 90
2
176
1
 40
0.6
176
1
 40
30.0
176
1
 62
7
420
16777215
176
1
 90
1
176
1
 90
4
176
1
 62
7
176
1
 62
257
176
1
 90
1
176
1
 90
1
176
1
 40
1.0
176
1
 90
8
176
1
 62
7
176
1
 40
1.0
176
1
 90
1
176
1
 90
6
176
1
 90
2
176
1
 62
7
176
1
 90
5
176
1
 90
0
176
1
 90
0
176
1
290
0
176
1
 90
1
176
1
 40
0.0
176
1
 90
0
176
1
290
0
176
1
290
1
176
1
290
1
176
1
290
0
176
1
290
0
176
1
290
0
176
1
290
0
176
1
290
0
176
1
290
0
176
1
 90
50
176
1
 40
0.0
176
1
 40
1.0
176
1
 90
0
176
1
 62
18
420
0
176
1
 90
50
176
1
 90
3
176
1
 62
5
420
255
176
1
290
0
176
1
 90
50
176
1
 90
50
176
1
 90
50
176
1
290
0
176
1
 90
50
176
1
 62
256
176
0
 40
1.0
176
0
 90
2
176
1
  1
strokes_ogs.tif
176
1
290
0
176
1
 40
1.0
176
1
 40
1.0
176
1
  0
VISUALSTYLE
  5
5D
102
{ACAD_REACTORS
330
16
102
}
330
16
100
AcDbVisualStyle
  2
ColorChange
 70
16
177
3
291
1
 70
58
 90
2
176
1
 90
2
176
1
 90
0
176
1
 90
2
176
1
 40
0.6
176
1
 40
30.0
176
1
 62
7
420
16777215
176
1
 90
1
176
1
 90
4
176
1
 62
7
176
1
 62
257
176
1
 90
1
176
1
 90
1
176
1
 40
1.0
176
1
 90
8
176
1
 62
7
176
1
 40
1.0
176
1
 90
1
176
1
 90
6
176
1
 90
2
176
1
 62
7
176
1
 90
5
176
1
 90
0
176
1
 90
0
176
1
290
0
176
1
 90
1
176
1
 40
0.0
176
1
 90
0
176
1
290
0
176
1
290
1
176
1
290
1
176
1
290
0
176
1
290
0
176
1
290
0
176
1
290
0
176
1
290
0
176
1
290
0
176
1
 90
50
176
1
 40
0.0
176
1
 40
1.0
176
1
 90
0
176
1
 62
18
420
0
176
1
 90
50
176
1
 90
3
176
1
 62
5
420
255
176
1
290
0
176
1
 90
50
176
1
 90
50
176
1
 90
50
176
1
290
0
176
1
 90
50
176
1
 62
256
176
0
 40
1.0
176
0
 90
2
176
1
  1
strokes_ogs.tif
176
1
290
0
176
1
 40
1.0
176
1
 40
1.0
176
1
  0
VISUALSTYLE
  5
5E
102
{ACAD_REACTORS
330
16
102
}
330
16
100
AcDbVisualStyle
  2
Conceptual
 70
9
177
3
291
0
 70
58
 90
2
176
1
 90
2
176
1
 90
0
176
1
 90
3
176
1
 40
0.6
176
1
 40
30.0
176
1
 62
7
420
16777215
176
1
 90
1
176
1
 90
4
176
1
 62
7
176
1
 62
257
176
1
 90
1
176
1
 90
1
176
1
 40
1.0
176
1
 90
8
176
1
 62
7
176
1
 40
1.0
176
1
 90
1
176
1
 90
6
176
1
 90
2
176
1
 62
7
176
1
 90
5
176
1
 90
0
176
1
 90
0
176
1
290
0
176
1
 90
1
176
1
 40
0.0
176
1
 90
0
176
1
290
0
176
1
290
1
176
1
290
1
176
1
290
0
176
1
290
0
176
1
290
0
176
1
290
0
176
1
290
0
176
1
290
0
176
1
 90
50
176
1
 40
0.0
176
1
 40
1.0
176
1
 90
0
176
1
 62
18
420
0
176
1
 90
50
176
1
 90
3
176
1
 62
5
420
255
176
1
290
0
176
1
 90
50
176
1
 90
50
176
1
 90
50
176
1
290
0
176
1
 90
50
176
1
 62
256
176
0
 40
1.0
176
0
 90
2
176
1
  1
strokes_ogs.tif
176
1
290
0
176
1
 40
1.0
176
1
 40
1.0
176
1
  0
VISUALSTYLE
  5
5F
102
{ACAD_REACTORS
330
16
102
}
330
16
100
AcDbVisualStyle
  2
Dim
 70
11
177
3
291
1
 70
58
 90
2
176
1
 90
2
176
1
 90
0
176
1
 90
2
176
1
 40
0.6
176
1
 40
30.0
176
1
 62
7
420
16777215
176
1
 90
1
176
1
 90
4
176
1
 62
7
176
1
 62
257
176
1
 90
1
176
1
 90
1
176
1
 40
1.0
176
1
 90
8
176
1
 62
7
176
1
 40
1.0
176
1
 90
1
176
1
 90
6
176
1
 90
2
176
1
 62
7
176
1
 90
5
176
1
 90
0
176
1
 90
0
176
1
290
0
176
1
 90
1
176
1
 40
0.0
176
1
 90
0
176
1
290
0
176
1
290
1
176
1
290
1
176
1
290
0
176
1
290
0
176
1
290
0
176
1
290
0
176
1
290
0
176
1
290
0
176
1
 90
50
176
1
 40
0.0
176
1
 40
1.0
176
1
 90
0
176
1
 62
18
420
0
176
1
 90
50
176
1
 90
3
176
1
 62
5
420
255
176
1
290
0
176
1
 90
50
176
1
 90
50
176
1
 90
50
176
1
290
0
176
1
 90
50
176
1
 62
256
176
0
 40
1.0
176
0
 90
2
176
1
  1
strokes_ogs.tif
176
1
290
0
176
1
 40
1.0
176
1
 40
1.0
176
1
  0
VISUALSTYLE
  5
60
102
{ACAD_REACTORS
330
16
102
}
330
16
100
AcDbVisualStyle
  2
EdgeColorOff
 70
22
177
3
291
1
 70
58
 90
2
176
1
 90
2
176
1
 90
0
176
1
 90
2
176
1
 40
0.6
176
1
 40
30.0
176
1
 62
7
420
16777215
176
1
 90
1
176
1
 90
4
176
1
 62
7
176
1
 62
257
176
1
 90
1
176
1
 90
1
176
1
 40
1.0
176
1
 90
8
176
1
 62
7
176
1
 40
1.0
176
1
 90
1
176
1
 90
6
176
1
 90
2
176
1
 62
7
176
1
 90
5
176
1
 90
0
176
1
 90
0
176
1
290
0
176
1
 90
1
176
1
 40
0.0
176
1
 90
0
176
1
290
0
176
1
290
1
176
1
290
1
176
1
290
0
176
1
290
0
176
1
290
0
176
1
290
0
176
1
290
0
176
1
290
0
176
1
 90
50
176
1
 40
0.0
176
1
 40
1.0
176
1
 90
0
176
1
 62
18
420
0
176
1
 90
50
176
1
 90
3
176
1
 62
5
420
255
176
1
290
0
176
1
 90
50
176
1
 90
50
176
1
 90
50
176
1
290
0
176
1
 90
50
176
1
 62
256
176
0
 40
1.0
176
0
 90
2
176
1
  1
strokes_ogs.tif
176
1
290
0
176
1
 40
1.0
176
1
 40
1.0
176
1
  0
VISUALSTYLE
  5
61
102
{ACAD_REACTORS
330
16
102
}
330
16
100
AcDbVisualStyle
  2
Facepattern
 70
15
177
3
291
1
 70
58
 90
2
176
1
 90
2
176
1
 90
0
176
1
 90
2
176
1
 40
0.6
176
1
 40
30.0
176
1
 62
7
420
16777215
176
1
 90
1
176
1
 90
4
176
1
 62
7
176
1
 62
257
176
1
 90
1
176
1
 90
1
176
1
 40
1.0
176
1
 90
8
176
1
 62
7
176
1
 40
1.0
176
1
 90
1
176
1
 90
6
176
1
 90
2
176
1
 62
7
176
1
 90
5
176
1
 90
0
176
1
 90
0
176
1
290
0
176
1
 90
1
176
1
 40
0.0
176
1
 90
0
176
1
290
0
176
1
290
1
176
1
290
1
176
1
290
0
176
1
290
0
176
1
290
0
176
1
290
0
176
1
290
0
176
1
290
0
176
1
 90
50
176
1
 40
0.0
176
1
 40
1.0
176
1
 90
0
176
1
 62
18
420
0
176
1
 90
50
176
1
 90
3
176
1
 62
5
420
255
176
1
290
0
176
1
 90
50
176
1
 90
50
176
1
 90
50
176
1
290
0
176
1
 90
50
176
1
 62
256
176
0
 40
1.0
176
0
 90
2
176
1
  1
strokes_ogs.tif
176
1
290
0
176
1
 40
1.0
176
1
 40
1.0
176
1
  0
VISUALSTYLE
  5
62
102
{ACAD_REACTORS
330
16
102
}
330
16
100
AcDbVisualStyle
  2
Flat
 70
0
177
3
291
1
 70
58
 90
2
176
1
 90
2
176
1
 90
0
176
1
 90
2
176
1
 40
0.6
176
1
 40
30.0
176
1
 62
7
420
16777215
176
1
 90
1
176
1
 90
4
176
1
 62
7
176
1
 62
257
176
1
 90
1
176
1
 90
1
176
1
 40
1.0
176
1
 90
8
176
1
 62
7
176
1
 40
1.0
176
1
 90
1
176
1
 90
6
176
1
 90
2
176
1
 62
7
176
1
 90
5
176
1
 90
0
176
1
 90
0
176
1
290
0
176
1
 90
1
176
1
 40
0.0
176
1
 90
0
176
1
290
0
176
1
290
1
176
1
290
1
176
1
290
0
176
1
290
0
176
1
290
0
176
1
290
0
176
1
290
0
176
1
290
0
176
1
 90
50
176
1
 40
0.0
176
1
 40
1.0
176
1
 90
0
176
1
 62
18
420
0
176
1
 90
50
176
1
 90
3
176
1
 62
5
420
255
176
1
290
0
176
1
 90
50
176
1
 90
50
176
1
 90
50
176
1
290
0
176
1
 90
50
176
1
 62
256
176
0
 40
1.0
176
0
 90
2
176
1
  1
strokes_ogs.tif
176
1
290
0
176
1
 40
1.0
176
1
 40
1.0
176
1
  0
VISUALSTYLE
  5
63
102
{ACAD_REACTORS
330
16
102
}
330
16
100
AcDbVisualStyle
  2
FlatWithEdges
 70
1
177
3
291
1
 70
58
 90
2
176
1
 90
2
176
1
 90
0
176
1
 90
2
176
1
 40
0.6
176
1
 40
30.0
176
1
 62
7
420
16777215
176
1
 90
1
176
1
 90
4
176
1
 62
7
176
1
 62
257
176
1
 90
1
176
1
 90
1
176
1
 40
1.0
176
1
 90
8
176
1
 62
7
176
1
 40
1.0
176
1
 90
1
176
1
 90
6
176
1
 90
2
176
1
 62
7
176
1
 90
5
176
1
 90
0
176
1
 90
0
176
1
290
0
176
1
 90
1
176
1
 40
0.0
176
1
 90
0
176
1
290
0
176
1
290
1
176
1
290
1
176
1
290
0
176
1
290
0
176
1
290
0
176
1
290
0
176
1
290
0
176
1
290
0
176
1
 90
50
176
1
 40
0.0
176
1
 40
1.0
176
1
 90
0
176
1
 62
18
420
0
176
1
 90
50
176
1
 90
3
176
1
 62
5
420
255
176
1
290
0
176
1
 90
50
176
1
 90
50
176
1
 90
50
176
1
290
0
176
1
 90
50
176
1
 62
256
176
0
 40
1.0
176
0
 90
2
176
1
  1
strokes_ogs.tif
176
1
290
0
176
1
 40
1.0
176
1
 40
1.0
176
1
  0
VISUALSTYLE
  5
64
102
{ACAD_REACTORS
330
16
102
}
330
16
100
AcDbVisualStyle
  2
Gouraud
 70
2
177
3
291
1
 70
58
 90
2
176
1
 90
2
176
1
 90
0
176
1
 90
2
176
1
 40
0.6
176
1
 40
30.0
176
1
 62
7
420
16777215
176
1
 90
1
176
1
 90
4
176
1
 62
7
176
1
 62
257
176
1
 90
1
176
1
 90
1
176
1
 40
1.0
176
1
 90
8
176
1
 62
7
176
1
 40
1.0
176
1
 90
1
176
1
 90
6
176
1
 90
2
176
1
 62
7
176
1
 90
5
176
1
 90
0
176
1
 90
0
176
1
290
0
176
1
 90
1
176
1
 40
0.0
176
1
 90
0
176
1
290
0
176
1
290
1
176
1
290
1
176
1
290
0
176
1
290
0
176
1
290
0
176
1
290
0
176
1
290
0
176
1
290
0
176
1
 90
50
176
1
 40
0.0
176
1
 40
1.0
176
1
 90
0
176
1
 62
18
420
0
176
1
 90
50
176
1
 90
3
176
1
 62
5
420
255
176
1
290
0
176
1
 90
50
176
1
 90
50
176
1
 90
50
176
1
290
0
176
1
 90
50
176
1
 62
256
176
0
 40
1.0
176
0
 90
2
176
1
  1
strokes_ogs.tif
176
1
290
0
176
1
 40
1.0
176
1
 40
1.0
176
1
  0
VISUALSTYLE
  5
65
102
{ACAD_REACTORS
330
16
102
}
330
16
100
AcDbVisualStyle
  2
GouraudWithEdges
 70
3
177
3
291
1
 70
58
 90
2
176
1
 90
2
176
1
 90
0
176
1
 90
2
176
1
 40
0.6
176
1
 40
30.0
176
1
 62
7
420
16777215
176
1
 90
1
176
1
 90
4
176
1
 62
7
176
1
 62
257
176
1
 90
1
176
1
 90
1
176
1
 40
1.0
176
1
 90
8
176
1
 62
7
176
1
 40
1.0
176
1
 90
1
176
1
 90
6
176
1
 90
2
176
1
 62
7
176
1
 90
5
176
1
 90
0
176
1
 90
0
176
1
290
0
176
1
 90
1
176
1
 40
0.0
176
1
 90
0
176
1
290
0
176
1
290
1
176
1
290
1
176
1
290
0
176
1
290
0
176
1
290
0
176
1
290
0
176
1
290
0
176
1
290
0
176
1
 90
50
176
1
 40
0.0
176
1
 40
1.0
176
1
 90
0
176
1
 62
18
420
0
176
1
 90
50
176
1
 90
3
176
1
 62
5
420
255
176
1
290
0
176
1
 90
50
176
1
 90
50
176
1
 90
50
176
1
290
0
176
1
 90
50
176
1
 62
256
176
0
 40
1.0
176
0
 90
2
176
1
  1
strokes_ogs.tif
176
1
290
0
176
1
 40
1.0
176
1
 40
1.0
176
1
  0
VISUALSTYLE
  5
66
102
{ACAD_REACTORS
330
16
102
}
330
16
100
AcDbVisualStyle
  2
Hidden
 70
6
177
3
291
0
 70
58
 90
2
176
1
 90
2
176
1
 90
0
176
1
 90
1
176
1
 40
0.6
176
1
 40
30.0
176
1
 62
7
420
16777215
176
1
 90
1
176
1
 90
4
176
1
 62
7
176
1
 62
257
176
1
 90
1
176
1
 90
1
176
1
 40
1.0
176
1
 90
8
176
1
 62
7
176
1
 40
1.0
176
1
 90
1
176
1
 90
6
176
1
 90
2
176
1
 62
7
176
1
 90
5
176
1
 90
0
176
1
 90
0
176
1
290
0
176
1
 90
1
176
1
 40
0.0
176
1
 90
0
176
1
290
0
176
1
290
1
176
1
290
1
176
1
290
0
176
1
290
0
176
1
290
0
176
1
290
0
176
1
290
0
176
1
290
0
176
1
 90
50
176
1
 40
0.0
176
1
 40
1.0
176
1
 90
0
176
1
 62
18
420
0
176
1
 90
50
176
1
 90
3
176
1
 62
5
420
255
176
1
290
0
176
1
 90
50
176
1
 90
50
176
1
 90
50
176
1
290
0
176
1
 90
50
176
1
 62
256
176
0
 40
1.0
176
0
 90
2
176
1
  1
strokes_ogs.tif
176
1
290
0
176
1
 40
1.0
176
1
 40
1.0
176
1
  0
VISUALSTYLE
  5
67
102
{ACAD_REACTORS
330
16
102
}
330
16
100
AcDbVisualStyle
  2
JitterOff
 70
20
177
3
291
1
 70
58
 90
2
176
1
 90
2
176
1
 90
0
176
1
 90
2
176
1
 40
0.6
176
1
 40
30.0
176
1
 62
7
420
16777215
176
1
 90
1
176
1
 90
4
176
1
 62
7
176
1
 62
257
176
1
 90
1
176
1
 90
1
176
1
 40
1.0
176
1
 90
8
176
1
 62
7
176
1
 40
1.0
176
1
 90
1
176
1
 90
6
176
1
 90
2
176
1
 62
7
176
1
 90
5
176
1
 90
0
176
1
 90
0
176
1
290
0
176
1
 90
1
176
1
 40
0.0
176
1
 90
0
176
1
290
0
176
1
290
1
176
1
290
1
176
1
290
0
176
1
290
0
176
1
290
0
176
1
290
0
176
1
290
0
176
1
290
0
176
1
 90
50
176
1
 40
0.0
176
1
 40
1.0
176
1
 90
0
176
1
 62
18
420
0
176
1
 90
50
176
1
 90
3
176
1
 62
5
420
255
176
1
290
0
176
1
 90
50
176
1
 90
50
176
1
 90
50
176
1
290
0
176
1
 90
50
176
1
 62
256
176
0
 40
1.0
176
0
 90
2
176
1
  1
strokes_ogs.tif
176
1
290
0
176
1
 40
1.0
176
1
 40
1.0
176
1
  0
VISUALSTYLE
  5
68
102
{ACAD_REACTORS
330
16
102
}
330
16
100
AcDbVisualStyle
  2
Linepattern
 70
14
177
3
291
1
 70
58
 90
2
176
1
 90
2
176
1
 90
0
176
1
 90
2
176
1
 40
0.6
176
1
 40
30.0
176
1
 62
7
420
16777215
176
1
 90
1
176
1
 90
4
176
1
 62
7
176
1
 62
257
176
1
 90
1
176
1
 90
1
176
1
 40
1.0
176
1
 90
8
176
1
 62
7
176
1
 40
1.0
176
1
 90
1
176
1
 90
6
176
1
 90
2
176
1
 62
7
176
1
 90
5
176
1
 90
0
176
1
 90
0
176
1
290
0
176
1
 90
1
176
1
 40
0.0
176
1
 90
0
176
1
290
0
176
1
290
1
176
1
290
1
176
1
290
0
176
1
290
0
176
1
290
0
176
1
290
0
176
1
290
0
176
1
290
0
176
1
 90
50
176
1
 40
0.0
176
1
 40
1.0
176
1
 90
0
176
1
 62
18
420
0
176
1
 90
50
176
1
 90
3
176
1
 62
5
420
255
176
1
290
0
176
1
 90
50
176
1
 90
50
176
1
 90
50
176
1
290
0
176
1
 90
50
176
1
 62
256
176
0
 40
1.0
176
0
 90
2
176
1
  1
strokes_ogs.tif
176
1
290
0
176
1
 40
1.0
176
1
 40
1.0
176
1
  0
VISUALSTYLE
  5
69
102
{ACAD_REACTORS
330
16
102
}
330
16
100
AcDbVisualStyle
  2
Modeling
 70
10
177
3
291
0
 70
58
 90
2
176
1
 90
2
176
1
 90
0
176
1
 90
2
176
1
 40
0.6
176
1
 40
30.0
176
1
 62
7
420
16777215
176
1
 90
1
176
1
 90
4
176
1
 62
7
176
1
 62
257
176
1
 90
1
176
1
 90
1
176
1
 40
1.0
176
1
 90
8
176
1
 62
7
176
1
 40
1.0
176
1
 90
1
176
1
 90
6
176
1
 90
2
176
1
 62
7
176
1
 90
5
176
1
 90
0
176
1
 90
0
176
1
290
0
176
1
 90
1
176
1
 40
0.0
176
1
 90
0
176
1
290
0
176
1
290
1
176
1
290
1
176
1
290
0
176
1
290
0
176
1
290
0
176
1
290
0
176
1
290
0
176
1
290
0
176
1
 90
50
176
1
 40
0.0
176
1
 40
1.0
176
1
 90
0
176
1
 62
18
420
0
176
1
 90
50
176
1
 90
3
176
1
 62
5
420
255
176
1
290
0
176
1
 90
50
176
1
 90
50
176
1
 90
50
176
1
290
0
176
1
 90
50
176
1
 62
256
176
0
 40
1.0
176
0
 90
2
176
1
  1
strokes_ogs.tif
176
1
290
0
176
1
 40
1.0
176
1
 40
1.0
176
1
  0
VISUALSTYLE
  5
6A
102
{ACAD_REACTORS
330
16
102
}
330
16
100
AcDbVisualStyle
  2
OverhangOff
 70
21
177
3
291
1
 70
58
 90
2
176
1
 90
2
176
1
 90
0
176
1
 90
2
176
1
 40
0.6
176
1
 40
30.0
176
1
 62
7
420
16777215
176
1
 90
1
176
1
 90
4
176
1
 62
7
176
1
 62
257
176
1
 90
1
176
1
 90
1
176
1
 40
1.0
176
1
 90
8
176
1
 62
7
176
1
 40
1.0
176
1
 90
1
176
1
 90
6
176
1
 90
2
176
1
 62
7
176
1
 90
5
176
1
 90
0
176
1
 90
0
176
1
290
0
176
1
 90
1
176
1
 40
0.0
176
1
 90
0
176
1
290
0
176
1
290
1
176
1
290
1
176
1
290
0
176
1
290
0
176
1
290
0
176
1
290
0
176
1
290
0
176
1
290
0
176
1
 90
50
176
1
 40
0.0
176
1
 40
1.0
176
1
 90
0
176
1
 62
18
420
0
176
1
 90
50
176
1
 90
3
176
1
 62
5
420
255
176
1
290
0
176
1
 90
50
176
1
 90
50
176
1
 90
50
176
1
290
0
176
1
 90
50
176
1
 62
256
176
0
 40
1.0
176
0
 90
2
176
1
  1
strokes_ogs.tif
176
1
290
0
176
1
 40
1.0
176
1
 40
1.0
176
1
  0
VISUALSTYLE
  5
6B
102
{ACAD_REACTORS
330
16
102
}
330
16
100
AcDbVisualStyle
  2
Realistic
 70
8
177
3
291
0
 70
58
 90
2
176
1
 90
2
176
1
 90
0
176
1
 90
2
176
1
 40
0.6
176
1
 40
30.0
176
1
 62
7
420
16777215
176
1
 90
1
176
1
 90
4
176
1
 62
7
176
1
 62
257
176
1
 90
1
176
1
 90
1
176
1
 40
1.0
176
1
 90
8
176
1
 62
7
176
1
 40
1.0
176
1
 90
1
176
1
 90
6
176
1
 90
2
176
1
 62
7
176
1
 90
5
176
1
 90
0
176
1
 90
0
176
1
290
0
176
1
 90
1
176
1
 40
0.0
176
1
 90
0
176
1
290
0
176
1
290
1
176
1
290
1
176
1
290
0
176
1
290
0
176
1
290
0
176
1
290
0
176
1
290
0
176
1
290
0
176
1
 90
50
176
1
 40
0.0
176
1
 40
1.0
176
1
 90
0
176
1
 62
18
420
0
176
1
 90
50
176
1
 90
3
176
1
 62
5
420
255
176
1
290
0
176
1
 90
50
176
1
 90
50
176
1
 90
50
176
1
290
0
176
1
 90
50
176
1
 62
256
176
0
 40
1.0
176
0
 90
2
176
1
  1
strokes_ogs.tif
176
1
290
0
176
1
 40
1.0
176
1
 40
1.0
176
1
  0
VISUALSTYLE
  5
6C
102
{ACAD_REACTORS
330
16
102
}
330
16
100
AcDbVisualStyle
  2
Shaded
 70
27
177
3
291
0
 70
58
 90
2
176
1
 90
2
176
1
 90
0
176
1
 90
2
176
1
 40
0.6
176
1
 40
30.0
176
1
 62
7
420
16777215
176
1
 90
1
176
1
 90
4
176
1
 62
7
176
1
 62
257
176
1
 90
1
176
1
 90
1
176
1
 40
1.0
176
1
 90
8
176
1
 62
7
176
1
 40
1.0
176
1
 90
1
176
1
 90
6
176
1
 90
2
176
1
 62
7
176
1
 90
5
176
1
 90
0
176
1
 90
0
176
1
290
0
176
1
 90
1
176
1
 40
0.0
176
1
 90
0
176
1
290
0
176
1
290
1
176
1
290
1
176
1
290
0
176
1
290
0
176
1
290
0
176
1
290
0
176
1
290
0
176
1
290
0
176
1
 90
50
176
1
 40
0.0
176
1
 40
1.0
176
1
 90
0
176
1
 62
18
420
0
176
1
 90
50
176
1
 90
3
176
1
 62
5
420
255
176
1
290
0
176
1
 90
50
176
1
 90
50
176
1
 90
50
176
1
290
0
176
1
 90
50
176
1
 62
256
176
0
 40
1.0
176
0
 90
2
176
1
  1
strokes_ogs.tif
176
1
290
0
176
1
 40
1.0
176
1
 40
1.0
176
1
  0
VISUALSTYLE
  5
6D
102
{ACAD_REACTORS
330
16
102
}
330
16
100
AcDbVisualStyle
  2
Shaded with edges
 70
26
177
3
291
0
 70
58
 90
2
176
1
 90
2
176
1
 90
0
176
1
 90
2
176
1
 40
0.6
176
1
 40
30.0
176
1
 62
7
420
16777215
176
1
 90
1
176
1
 90
4
176
1
 62
7
176
1
 62
257
176
1
 90
1
176
1
 90
1
176
1
 40
1.0
176
1
 90
8
176
1
 62
7
176
1
 40
1.0
176
1
 90
1
176
1
 90
6
176
1
 90
2
176
1
 62
7
176
1
 90
5
176
1
 90
0
176
1
 90
0
176
1
290
0
176
1
 90
1
176
1
 40
0.0
176
1
 90
0
176
1
290
0
176
1
290
1
176
1
290
1
176
1
290
0
176
1
290
0
176
1
290
0
176
1
290
0
176
1
290
0
176
1
290
0
176
1
 90
50
176
1
 40
0.0
176
1
 40
1.0
176
1
 90
0
176
1
 62
18
420
0
176
1
 90
50
176
1
 90
3
176
1
 62
5
420
255
176
1
290
0
176
1
 90
50
176
1
 90
50
176
1
 90
50
176
1
290
0
176
1
 90
50
176
1
 62
256
176
0
 40
1.0
176
0
 90
2
176
1
  1
strokes_ogs.tif
176
1
290
0
176
1
 40
1.0
176
1
 40
1.0
176
1
  0
VISUALSTYLE
  5
6E
102
{ACAD_REACTORS
330
16
102
}
330
16
100
AcDbVisualStyle
  2
Shades of Gray
 70
23
177
3
291
0
 70
58
 90
2
176
1
 90
2
176
1
 90
0
176
1
 90
2
176
1
 40
0.6
176
1
 40
30.0
176
1
 62
7
420
16777215
176
1
 90
1
176
1
 90
4
176
1
 62
7
176
1
 62
257
176
1
 90
1
176
1
 90
1
176
1
 40
1.0
176
1
 90
8
176
1
 62
7
176
1
 40
1.0
176
1
 90
1
176
1
 90
6
176
1
 90
2
176
1
 62
7
176
1
 90
5
176
1
 90
0
176
1
 90
0
176
1
290
0
176
1
 90
1
176
1
 40
0.0
176
1
 90
0
176
1
290
0
176
1
290
1
176
1
290
1
176
1
290
0
176
1
290
0
176
1
290
0
176
1
290
0
176
1
290
0
176
1
290
0
176
1
 90
50
176
1
 40
0.0
176
1
 40
1.0
176
1
 90
0
176
1
 62
18
420
0
176
1
 90
50
176
1
 90
3
176
1
 62
5
420
255
176
1
290
0
176
1
 90
50
176
1
 90
50
176
1
 90
50
176
1
290
0
176
1
 90
50
176
1
 62
256
176
0
 40
1.0
176
0
 90
2
176
1
  1
strokes_ogs.tif
176
1
290
0
176
1
 40
1.0
176
1
 40
1.0
176
1
  0
VISUALSTYLE
  5
6F
102
{ACAD_REACTORS
330
16
102
}
330
16
100
AcDbVisualStyle
  2
Sketchy
 70
24
177
3
291
0
 70
58
 90
2
176
1
 90
2
176
1
 90
0
176
1
 90
1
176
1
 40
0.6
176
1
 40
30.0
176
1
 62
7
420
16777215
176
1
 90
1
176
1
 90
4
176
1
 62
7
176
1
 62
257
176
1
 90
1
176
1
 90
1
176
1
 40
1.0
176
1
 90
8
176
1
 62
7
176
1
 40
1.0
176
1
 90
1
176
1
 90
6
176
1
 90
2
176
1
 62
7
176
1
 90
5
176
1
 90
0
176
1
 90
0
176
1
290
0
176
1
 90
1
176
1
 40
0.0
176
1
 90
0
176
1
290
0
176
1
290
1
176
1
290
1
176
1
290
0
176
1
290
0
176
1
290
0
176
1
290
0
176
1
290
0
176
1
290
0
176
1
 90
50
176
1
 40
0.0
176
1
 40
1.0
176
1
 90
0
176
1
 62
18
420
0
176
1
 90
50
176
1
 90
3
176
1
 62
5
420
255
176
1
290
0
176
1
 90
50
176
1
 90
50
176
1
 90
50
176
1
290
0
176
1
 90
50
176
1
 62
256
176
0
 40
1.0
176
0
 90
2
176
1
  1
strokes_ogs.tif
176
1
290
0
176
1
 40
1.0
176
1
 40
1.0
176
1
  0
VISUALSTYLE
  5
70
102
{ACAD_REACTORS
330
16
102
}
330
16
100
AcDbVisualStyle
  2
Thicken
 70
13
177
3
291
1
 70
58
 90
2
176
1
 90
2
176
1
 90
0
176
1
 90
2
176
1
 40
0.6
176
1
 40
30.0
176
1
 62
7
420
16777215
176
1
 90
1
176
1
 90
4
176
1
 62
7
176
1
 62
257
176
1
 90
1
176
1
 90
1
176
1
 40
1.0
176
1
 90
8
176
1
 62
7
176
1
 40
1.0
176
1
 90
1
176
1
 90
6
176
1
 90
2
176
1
 62
7
176
1
 90
5
176
1
 90
0
176
1
 90
0
176
1
290
0
176
1
 90
1
176
1
 40
0.0
176
1
 90
0
176
1
290
0
176
1
290
1
176
1
290
1
176
1
290
0
176
1
290
0
176
1
290
0
176
1
290
0
176
1
290
0
176
1
290
0
176
1
 90
50
176
1
 40
0.0
176
1
 40
1.0
176
1
 90
0
176
1
 62
18
420
0
176
1
 90
50
176
1
 90
3
176
1
 62
5
420
255
176
1
290
0
176
1
 90
50
176
1
 90
50
176
1
 90
50
176
1
290
0
176
1
 90
50
176
1
 62
256
176
0
 40
1.0
176
0
 90
2
176
1
  1
strokes_ogs.tif
176
1
290
0
176
1
 40
1.0
176
1
 40
1.0
176
1
  0
VISUALSTYLE
  5
71
102
{ACAD_REACTORS
330
16
102
}
330
16
100
AcDbVisualStyle
  2
Wireframe
 70
5
177
3
291
0
 70
58
 90
2
176
1
 90
2
176
1
 90
0
176
1
 90
0
176
1
 40
0.6
176
1
 40
30.0
176
1
 62
7
420
16777215
176
1
 90
1
176
1
 90
4
176
1
 62
7
176
1
 62
257
176
1
 90
1
176
1
 90
1
176
1
 40
1.0
176
1
 90
8
176
1
 62
7
176
1
 40
1.0
176
1
 90
1
176
1
 90
6
176
1
 90
2
176
1
 62
7
176
1
 90
5
176
1
 90
0
176
1
 90
0
176
1
290
0
176
1
 90
1
176
1
 40
0.0
176
1
 90
0
176
1
290
0
176
1
290
1
176
1
290
1
176
1
290
0
176
1
290
0
176
1
290
0
176
1
290
0
176
1
290
0
176
1
290
0
176
1
 90
50
176
1
 40
0.0
176
1
 40
1.0
176
1
 90
0
176
1
 62
18
420
0
176
1
 90
50
176
1
 90
3
176
1
 62
5
420
255
176
1
290
0
176
1
 90
50
176
1
 90
50
176
1
 90
50
176
1
290
0
176
1
 90
50
176
1
 62
256
176
0
 40
1.0
176
0
 90
2
176
1
  1
strokes_ogs.tif
176
1
290
0
176
1
 40
1.0
176
1
 40
1.0
176
1
  0
VISUALSTYLE
  5
72
102
{ACAD_REACTORS
330
16
102
}
330
16
100
AcDbVisualStyle
  2
X-Ray
 70
25
177
3
291
0
 70
58
 90
2
176
1
 90
2
176
1
 90
0
176
1
 90
2
176
1
 40
0.5
176
1
 40
30.0
176
1
 62
7
420
16777215
176
1
 90
1
176
1
 90
4
176
1
 62
7
176
1
 62
257
176
1
 90
1
176
1
 90
1
176
1
 40
1.0
176
1
 90
8
176
1
 62
7
176
1
 40
1.0
176
1
 90
1
176
1
 90
6
176
1
 90
2
176
1
 62
7
176
1
 90
5
176
1
 90
0
176
1
 90
0
176
1
290
0
176
1
 90
1
176
1
 40
0.0
176
1
 90
0
176
1
290
0
176
1
290
1
176
1
290
1
176
1
290
0
176
1
290
0
176
1
290
0
176
1
290
0
176
1
290
0
176
1
290
0
176
1
 90
50
176
1
 40
0.0
176
1
 40
1.0
176
1
 90
0
176
1
 62
18
420
0
176
1
 90
50
176
1
 90
3
176
1
 62
5
420
255
176
1
290
0
176
1
 90
50
176
1
 90
50
176
1
 90
50
176
1
290
0
176
1
 90
50
176
1
 62
256
176
0
 40
1.0
176
0
 90
2
176
1
  1
strokes_ogs.tif
176
1
290
0
176
1
 40
1.0
176
1
 40
1.0
176
1
  0
DICTIONARYVAR
  5
108
330
2D
100
DictionaryVariables
280
0
  1
1.4.4 @ 2026-10-03T16:14:12.219408+00:00
  0
ENDSEC
  0
EOF
