  0
SECTION
  2
HEADER
  9
$ACADVER
  1
AC1032
  9
$ACADMAINTVER
 90
      329
  9
$DWGCODEPAGE
  3
ANSI_1252
  9
$LASTSAVEDBY
  1
PC
  9
$REQUIREDVERSIONS
160
                 0
  9
$INSBASE
 10
0.0
 20
0.0
 30
0.0
  9
$EXTMIN
 10
195890.3099624426
 20
355817.0783268705
 30
-7878.9683
  9
$EXTMAX
 10
354127.4001598025
 20
1139449.518091253
 30
7885.353738790787
  9
$LIMMIN
 10
0.0
 20
0.0
  9
$LIMMAX
 10
420.0
 20
297.0
  9
$ORTHOMODE
 70
     0
  9
$REGENMODE
 70
     1
  9
$FILLMODE
 70
     1
  9
$QTEXTMODE
 70
     0
  9
$MIRRTEXT
 70
     0
  9
$LTSCALE
 40
1.0
  9
$ATTMODE
 70
     1
  9
$TEXTSIZE
 40
0.5771838356359766
  9
$TRACEWID
 40
1.0
  9
$TEXTSTYLE
  7
Standard
  9
$CLAYER
  8
0
  9
$CELTYPE
  6
1086-X-TOPO$0$HIDDEN
  9
$CECOLOR
 62
     1
  9
$CELTSCALE
 40
1.0
  9
$DISPSILH
 70
     0
  9
$DIMSCALE
 40
1.0
  9
$DIMASZ
 40
0.18
  9
$DIMEXO
 40
0.0625
  9
$DIMDLI
 40
0.38
  9
$DIMRND
 40
0.0
  9
$DIMDLE
 40
0.0
  9
$DIMEXE
 40
0.18
  9
$DIMTP
 40
0.0
  9
$DIMTM
 40
0.0
  9
$DIMTXT
 40
0.8
  9
$DIMCEN
 40
0.09
  9
$DIMTSZ
 40
0.0
  9
$DIMTOL
 70
     0
  9
$DIMLIM
 70
     0
  9
$DIMTIH
 70
     0
  9
$DIMTOH
 70
     0
  9
$DIMSE1
 70
     1
  9
$DIMSE2
 70
     1
  9
$DIMTAD
 70
     1
  9
$DIMZIN
 70
     4
  9
$DIMBLK
  1
OBLIQUE
  9
$DIMASO
 70
     1
  9
$DIMSHO
 70
     1
  9
$DIMPOST
  1

  9
$DIMAPOST
  1

  9
$DIMALT
 70
     0
  9
$DIMALTD
 70
     2
  9
$DIMALTF
 40
25.4
  9
$DIMLFAC
 40
1.0
  9
$DIMTOFL
 70
     0
  9
$DIMTVP
 40
0.0
  9
$DIMTIX
 70
     1
  9
$DIMSOXD
 70
     0
  9
$DIMSAH
 70
     0
  9
$DIMBLK1
  1

  9
$DIMBLK2
  1

  9
$DIMSTYLE
  2
1-100
  9
$DIMCLRD
 70
   256
  9
$DIMCLRE
 70
     0
  9
$DIMCLRT
 70
   256
  9
$DIMTFAC
 40
1.0
  9
$DIMGAP
 40
0.09
  9
$DIMJUST
 70
     0
  9
$DIMSD1
 70
     0
  9
$DIMSD2
 70
     0
  9
$DIMTOLJ
 70
     1
  9
$DIMTZIN
 70
     0
  9
$DIMALTZ
 70
     0
  9
$DIMALTTZ
 70
     0
  9
$DIMUPT
 70
     0
  9
$DIMDEC
 70
     2
  9
$DIMTDEC
 70
     2
  9
$DIMALTU
 70
     2
  9
$DIMALTTD
 70
     2
  9
$DIMTXSTY
  7
AAAA
  9
$DIMAUNIT
 70
     0
  9
$DIMADEC
 70
     0
  9
$DIMALTRND
 40
0.0
  9
$DIMAZIN
 70
     1
  9
$DIMDSEP
 70
    46
  9
$DIMATFIT
 70
     3
  9
$DIMFRAC
 70
     0
  9
$DIMLDRBLK
  1

  9
$DIMLUNIT
 70
     2
  9
$DIMLWD
 70
    -2
  9
$DIMLWE
 70
    -2
  9
$DIMTMOVE
 70
     1
  9
$DIMFXL
 40
0.18
  9
$DIMFXLON
 70
     0
  9
$DIMJOGANG
 40
0.7853981633974483
  9
$DIMTFILL
 70
     0
  9
$DIMTFILLCLR
 70
   255
  9
$DIMARCSYM
 70
     0
  9
$DIMLTYPE
  6

  9
$DIMLTEX1
  6

  9
$DIMLTEX2
  6

  9
$DIMTXTDIRECTION
 70
     0
  9
$LUNITS
 70
     2
  9
$LUPREC
 70
     4
  9
$SKETCHINC
 40
1.0
  9
$FILLETRAD
 40
0.0
  9
$AUNITS
 70
     0
  9
$AUPREC
 70
     0
  9
$MENU
  1
.
  9
$ELEVATION
 40
0.0
  9
$PELEVATION
 40
0.0
  9
$THICKNESS
 40
0.0
  9
$LIMCHECK
 70
     0
  9
$CHAMFERA
 40
0.0
  9
$CHAMFERB
 40
0.0
  9
$CHAMFERC
 40
0.0
  9
$CHAMFERD
 40
0.0
  9
$SKPOLY
 70
     0
  9
$TDCREATE
 40
2454460.487407407
  9
$TDUCREATE
 40
2454460.362407766
  9
$TDUPDATE
 40
2461314.747500000
  9
$TDUUPDATE
 40
2461314.622500000
  9
$TDINDWG
 40
2.2739583912
  9
$TDUSRTIMER
 40
2.2739581597
  9
$USRTIMER
 70
     1
  9
$ANGBASE
 50
0.0
  9
$ANGDIR
 70
     0
  9
$PDMODE
 70
     3
  9
$PDSIZE
 40
0.1
  9
$PLINEWID
 40
0.0
  9
$SPLFRAME
 70
     0
  9
$SPLINETYPE
 70
     6
  9
$SPLINESEGS
 70
     8
  9
$HANDSEED
  5
150E70
  9
$SURFTAB1
 70
     6
  9
$SURFTAB2
 70
     6
  9
$SURFTYPE
 70
     6
  9
$SURFU
 70
     6
  9
$SURFV
 70
     6
  9
$UCSBASE
  2

  9
$UCSNAME
  2

  9
$UCSORG
 10
0.0
 20
0.0
 30
0.0
  9
$UCSXDIR
 10
1.0
 20
0.0
 30
0.0
  9
$UCSYDIR
 10
0.0
 20
1.0
 30
0.0
  9
$UCSORTHOREF
  2

  9
$UCSORTHOVIEW
 70
     0
  9
$UCSORGTOP
 10
0.0
 20
0.0
 30
0.0
  9
$UCSORGBOTTOM
 10
0.0
 20
0.0
 30
0.0
  9
$UCSORGLEFT
 10
0.0
 20
0.0
 30
0.0
  9
$UCSORGRIGHT
 10
0.0
 20
0.0
 30
0.0
  9
$UCSORGFRONT
 10
0.0
 20
0.0
 30
0.0
  9
$UCSORGBACK
 10
0.0
 20
0.0
 30
0.0
  9
$PUCSBASE
  2

  9
$PUCSNAME
  2

  9
$PUCSORG
 10
0.0
 20
0.0
 30
0.0
  9
$PUCSXDIR
 10
1.0
 20
0.0
 30
0.0
  9
$PUCSYDIR
 10
0.0
 20
1.0
 30
0.0
  9
$PUCSORTHOREF
  2

  9
$PUCSORTHOVIEW
 70
     0
  9
$PUCSORGTOP
 10
0.0
 20
0.0
 30
0.0
  9
$PUCSORGBOTTOM
 10
0.0
 20
0.0
 30
0.0
  9
$PUCSORGLEFT
 10
0.0
 20
0.0
 30
0.0
  9
$PUCSORGRIGHT
 10
0.0
 20
0.0
 30
0.0
  9
$PUCSORGFRONT
 10
0.0
 20
0.0
 30
0.0
  9
$PUCSORGBACK
 10
0.0
 20
0.0
 30
0.0
  9
$USERI1
 70
     0
  9
$USERI2
 70
     0
  9
$USERI3
 70
     0
  9
$USERI4
 70
     0
  9
$USERI5
 70
     0
  9
$USERR1
 40
0.0
  9
$USERR2
 40
0.0
  9
$USERR3
 40
0.0
  9
$USERR4
 40
0.0
  9
$USERR5
 40
0.0
  9
$WORLDVIEW
 70
     1
  9
$SHADEDGE
 70
     3
  9
$SHADEDIF
 70
    70
  9
$TILEMODE
 70
     1
  9
$MAXACTVP
 70
    64
  9
$PINSBASE
 10
0.0
 20
0.0
 30
0.0
  9
$PLIMCHECK
 70
     0
  9
$PEXTMIN
 10
0.0
 20
0.0
 30
0.0
  9
$PEXTMAX
 10
0.0
 20
0.0
 30
0.0
  9
$PLIMMIN
 10
0.0
 20
0.0
  9
$PLIMMAX
 10
12.0
 20
9.0
  9
$UNITMODE
 70
     0
  9
$VISRETAIN
 70
     1
  9
$PLINEGEN
 70
     0
  9
$PSLTSCALE
 70
     1
  9
$TREEDEPTH
 70
  3020
  9
$CMLSTYLE
  2
Standard
  9
$CMLJUST
 70
     0
  9
$CMLSCALE
 40
20.0
  9
$PROXYGRAPHICS
 70
     1
  9
$MEASUREMENT
 70
     1
  9
$CELWEIGHT
370
    -1
  9
$ENDCAPS
280
     0
  9
$JOINSTYLE
280
     0
  9
$LWDISPLAY
290
     0
  9
$INSUNITS
 70
     4
  9
$HYPERLINKBASE
  1

  9
$STYLESHEET
  1

  9
$XEDIT
290
     1
  9
$CEPSNTYPE
380
     0
  9
$PSTYLEMODE
290
     1
  9
$FINGERPRINTGUID
  2
{FDEAD578-A652-11D2-9A35-0060089B3A3F}
  9
$VERSIONGUID
  2
{21386353-3698-DB4F-8BF2-B747C0D076C3}
  9
$EXTNAMES
290
     1
  9
$PSVPSCALE
 40
0.0
  9
$OLESTARTUP
290
     0
  9
$SORTENTS
280
   127
  9
$INDEXCTL
280
     0
  9
$HIDETEXT
280
     1
  9
$XCLIPFRAME
280
     0
  9
$HALOGAP
280
     0
  9
$OBSCOLOR
 70
   257
  9
$OBSLTYPE
280
     0
  9
$INTERSECTIONDISPLAY
280
     0
  9
$INTERSECTIONCOLOR
 70
   257
  9
$DIMASSOC
280
     2
  9
$PROJECTNAME
  1

  9
$CAMERADISPLAY
290
     0
  9
$LENSLENGTH
 40
50.0
  9
$CAMERAHEIGHT
 40
0.0
  9
$STEPSPERSEC
 40
2.0
  9
$STEPSIZE
 40
6.0
  9
$3DDWFPREC
 40
2.0
  9
$PSOLWIDTH
 40
0.25
  9
$PSOLHEIGHT
 40
4.0
  9
$LOFTANG1
 40
1.570796326794896
  9
$LOFTANG2
 40
1.570796326794896
  9
$LOFTMAG1
 40
0.0
  9
$LOFTMAG2
 40
0.0
  9
$LOFTPARAM
 70
     7
  9
$LOFTNORMALS
280
     1
  9
$LATITUDE
 40
37.795
  9
$LONGITUDE
 40
-122.394
  9
$NORTHDIRECTION
 40
0.0
  9
$TIMEZONE
 70
 -8000
  9
$LIGHTGLYPHDISPLAY
280
     1
  9
$TILEMODELIGHTSYNCH
280
     1
  9
$CMATERIAL
347
150356
  9
$SOLIDHIST
280
     0
  9
$SHOWHIST
280
     1
  9
$DWFFRAME
280
     2
  9
$DGNFRAME
280
     0
  9
$REALWORLDSCALE
290
     1
  9
$INTERFERECOLOR
 62
     1
  9
$INTERFEREOBJVS
345
150378
  9
$INTERFEREVPVS
346
150375
  9
$CSHADOW
280
     0
  9
$SHADOWPLANELOCATION
 40
0.0
  0
ENDSEC
  0
SECTION
  2
CLASSES
  0
CLASS
  1
ACDBDICTIONARYWDFLT
  2
AcDbDictionaryWithDefault
  3
ObjectDBX Classes
 90
        0
 91
        1
280
     0
281
     0
  0
CLASS
  1
DICTIONARYVAR
  2
AcDbDictionaryVar
  3
ObjectDBX Classes
 90
        0
 91
       26
280
     0
281
     0
  0
CLASS
  1
TABLESTYLE
  2
AcDbTableStyle
  3
ObjectDBX Classes
 90
     4095
 91
        1
280
     0
281
     0
  0
CLASS
  1
MATERIAL
  2
AcDbMaterial
  3
ObjectDBX Classes
 90
     1153
 91
        3
280
     0
281
     0
  0
CLASS
  1
VISUALSTYLE
  2
AcDbVisualStyle
  3
ObjectDBX Classes
 90
     4095
 91
       24
280
     0
281
     0
  0
CLASS
  1
SCALE
  2
AcDbScale
  3
ObjectDBX Classes
 90
     1153
 91
       20
280
     0
281
     0
  0
CLASS
  1
MLEADERSTYLE
  2
AcDbMLeaderStyle
  3
ACDB_MLEADERSTYLE_CLASS
 90
     4095
 91
        1
280
     0
281
     0
  0
CLASS
  1
ACDBSECTIONVIEWSTYLE
  2
AcDbSectionViewStyle
  3
ObjectDBX Classes
 90
     1025
 91
        2
280
     0
281
     0
  0
CLASS
  1
ACDBDETAILVIEWSTYLE
  2
AcDbDetailViewStyle
  3
ObjectDBX Classes
 90
     1025
 91
        2
280
     0
281
     0
  0
CLASS
  1
SORTENTSTABLE
  2
AcDbSortentsTable
  3
ObjectDBX Classes
 90
        0
 91
        2
280
     0
281
     0
  0
CLASS
  1
DIMASSOC
  2
AcDbDimAssoc
  3
"AcDbDimAssoc|Product Desc:     AcDim ARX App For Dimension|Company:          Autodesk, Inc.|WEB Address:      www.autodesk.com"
 90
        0
 91
       15
280
     0
281
     0
  0
CLASS
  1
CELLSTYLEMAP
  2
AcDbCellStyleMap
  3
ObjectDBX Classes
 90
     1152
 91
        1
280
     0
281
     0
  0
ENDSEC
  0
SECTION
  2
TABLES
  0
TABLE
  2
VPORT
  5
8
330
0
100
AcDbSymbolTable
 70
     1
  0
VPORT
  5
15034A
330
8
100
AcDbSymbolTableRecord
100
AcDbViewportTableRecord
  2
*Active
 70
     0
 10
0.0
 20
0.0
 11
1.0
 21
1.0
 12
353785.2882236486
 22
355954.6353021949
 13
0.0
 23
0.0
 14
10.0
 24
10.0
 15
10.0
 25
10.0
 16
0.0
 26
0.0
 36
1.0
 17
0.0
 27
0.0
 37
0.0
 40
65.74456865815108
 41
1.988833746898263
 42
50.0
 43
0.0
 44
0.0
 50
0.0
 51
0.0
 71
     0
 72
  1000
 73
     1
 74
     3
 75
     0
 76
     0
 77
     0
 78
     0
281
     0
 65
     1
110
0.0
120
0.0
130
0.0
111
1.0
121
0.0
131
0.0
112
0.0
122
1.0
132
0.0
 79
     0
146
0.0
348
150374
 60
     3
 61
     5
292
     1
282
     1
141
0.0
142
0.0
 63
   250
421
  3355443
1001
ACAD_NAV_VCDISPLAY
1070
     3
  0
ENDTAB
  0
TABLE
  2
LTYPE
  5
5
330
0
100
AcDbSymbolTable
 70
     3
  0
LTYPE
  5
14
330
5
100
AcDbSymbolTableRecord
100
AcDbLinetypeTableRecord
  2
ByBlock
 70
     0
  3

 72
    65
 73
     0
 40
0.0
  0
LTYPE
  5
15
330
5
100
AcDbSymbolTableRecord
100
AcDbLinetypeTableRecord
  2
ByLayer
 70
     0
  3

 72
    65
 73
     0
 40
0.0
  0
LTYPE
  5
16
330
5
100
AcDbSymbolTableRecord
100
AcDbLinetypeTableRecord
  2
Continuous
 70
     0
  3
Solid line
 72
    65
 73
     0
 40
0.0
  0
LTYPE
  5
150887
330
5
100
AcDbSymbolTableRecord
100
AcDbLinetypeTableRecord
  2
1086-X-TOPO$0$HIDDEN
 70
     0
  3
Hidden __ __ __ __ __ __ __ __ __ __ __ __ __ _
 72
    65
 73
     2
 40
0.375
 49
0.25
 74
     0
 49
-0.125
 74
     0
  0
LTYPE
  5
150BBC
330
5
100
AcDbSymbolTableRecord
100
AcDbLinetypeTableRecord
  2
HIDDEN2
 70
     0
  3
Hidden (.5x) _ _ _ _ _ _ _ _ _ _ _ _ _ _ _ _ _
 72
    65
 73
     2
 40
4.762499999999999
 49
3.174999999999999
 74
     0
 49
-1.587499999999999
 74
     0
  0
ENDTAB
  0
TABLE
  2
LAYER
  5
2
102
{ACAD_XDICTIONARY
360
15088E
102
}
330
0
100
AcDbSymbolTable
 70
    21
  0
LAYER
  5
10
330
2
100
AcDbSymbolTableRecord
100
AcDbLayerTableRecord
  2
0
 70
     0
 62
     5
  6
Continuous
370
    -3
390
F
347
150366
348
0
  0
LAYER
  5
F
330
2
100
AcDbSymbolTableRecord
100
AcDbLayerTableRecord
  2
text
 70
     0
 62
     1
  6
Continuous
370
    -3
390
F
347
150366
348
0
  0
LAYER
  5
150344
330
2
100
AcDbSymbolTableRecord
100
AcDbLayerTableRecord
  2
Positions
 70
     0
 62
     7
  6
Continuous
370
    -3
390
F
347
150366
348
0
  0
LAYER
  5
150345
330
2
100
AcDbSymbolTableRecord
100
AcDbLayerTableRecord
  2
Heights
 70
     0
 62
     7
  6
Continuous
370
    -3
390
F
347
150366
348
0
  0
LAYER
  5
15034D
330
2
100
AcDbSymbolTableRecord
100
AcDbLayerTableRecord
  2
station
 70
     0
 62
     7
  6
Continuous
370
    -3
390
F
347
150366
348
0
  0
LAYER
  5
15034E
330
2
100
AcDbSymbolTableRecord
100
AcDbLayerTableRecord
  2
station_Mark
 70
     0
 62
     7
  6
Continuous
370
    -3
390
F
347
150366
348
0
  0
LAYER
  5
150350
330
2
100
AcDbSymbolTableRecord
100
AcDbLayerTableRecord
  2
station_point_desc_Mark
 70
     0
 62
     7
  6
Continuous
370
    -3
390
F
347
150366
348
0
  0
LAYER
  5
150351
330
2
100
AcDbSymbolTableRecord
100
AcDbLayerTableRecord
  2
backsight-Resection
 70
     0
 62
     7
  6
Continuous
370
    -3
390
F
347
150366
348
0
  0
LAYER
  5
150352
330
2
100
AcDbSymbolTableRecord
100
AcDbLayerTableRecord
  2
backsight-Resection_Mark
 70
     0
 62
     7
  6
Continuous
370
    -3
390
F
347
150366
348
0
  0
LAYER
  5
150353
330
2
100
AcDbSymbolTableRecord
100
AcDbLayerTableRecord
  2
backsight-Resection_point_desc_Mark
 70
     0
 62
     7
  6
Continuous
370
    -3
390
F
347
150366
348
0
  0
LAYER
  5
150354
330
2
100
AcDbSymbolTableRecord
100
AcDbLayerTableRecord
  2
Obs.ts.td2
 70
     0
 62
     7
  6
Continuous
370
    -3
390
F
347
150366
348
0
  0
LAYER
  5
150355
330
2
100
AcDbSymbolTableRecord
100
AcDbLayerTableRecord
  2
Obs.ts.td2_Mark
 70
     0
 62
     7
  6
Continuous
370
    -3
390
F
347
150366
348
0
  0
LAYER
  5
1503A4
330
2
100
AcDbSymbolTableRecord
100
AcDbLayerTableRecord
  2
wc
 70
     0
 62
   102
  6
Continuous
370
    -3
390
F
347
150366
348
0
1001
AcAecLayerStandard
1000

1000

1001
AcCmTransparency
1071
        0
  0
LAYER
  5
1503E6
330
2
100
AcDbSymbolTableRecord
100
AcDbLayerTableRecord
  2
Survey.td2
 70
     0
 62
     7
  6
Continuous
370
    -3
390
F
347
150366
348
0
  0
LAYER
  5
1503E7
330
2
100
AcDbSymbolTableRecord
100
AcDbLayerTableRecord
  2
Survey.td2_Mark
 70
     0
 62
     7
  6
Continuous
370
    -3
390
F
347
150366
348
0
  0
LAYER
  5
150888
102
{ACAD_XDICTIONARY
360
150889
102
}
330
2
100
AcDbSymbolTableRecord
100
AcDbLayerTableRecord
  2
1086-X-TOPO$0$LINE-CONCRETE
 70
     0
 62
    21
  6
1086-X-TOPO$0$HIDDEN
370
    -3
390
F
347
150366
348
0
1001
AcXRefLayerPropertyOverride
1071
        0
  0
LAYER
  5
1508F5
102
{ACAD_XDICTIONARY
360
1508F6
102
}
330
2
100
AcDbSymbolTableRecord
100
AcDbLayerTableRecord
  2
A-G-TEXT
 70
     0
 62
    40
  6
Continuous
370
    -3
390
F
347
150366
348
0
1001
AcAecLayerStandard
1000
ABS Object - Based On AIA
  0
LAYER
  5
150944
330
2
100
AcDbSymbolTableRecord
100
AcDbLayerTableRecord
  2
Defpoints
 70
     0
 62
     7
  6
Continuous
290
     0
370
    -3
390
F
347
150366
348
0
  0
LAYER
  5
150A35
330
2
100
AcDbSymbolTableRecord
100
AcDbLayerTableRecord
  2
landscape design
 70
     0
 62
     7
  6
Continuous
370
    25
390
F
347
150366
348
0
1001
AcAecLayerStandard
1000

1000

1001
AcCmTransparency
1071
        0
  0
LAYER
  5
150BBD
330
2
100
AcDbSymbolTableRecord
100
AcDbLayerTableRecord
  2
green
 70
     0
 62
     3
420
  1700110
  6
Continuous
370
    -3
390
F
347
150366
348
0
1001
AcAecLayerStandard
1000

1000

1001
AcCmTransparency
1071
        0
  0
LAYER
  5
150E45
330
2
100
AcDbSymbolTableRecord
100
AcDbLayerTableRecord
  2
2746-A-07-G-ST$0$L-G-GRASS
 70
     0
 62
     5
  6
Continuous
370
    -3
390
F
347
150366
348
0
  0
ENDTAB
  0
TABLE
  2
STYLE
  5
3
330
0
100
AcDbSymbolTable
 70
     7
  0
STYLE
  5
11
330
3
100
AcDbSymbolTableRecord
100
AcDbTextStyleTableRecord
  2
Standard
 70
     0
 40
0.0
 41
1.0
 50
0.0
 71
     0
 42
0.5771838356359766
  3
times.ttf
  4

1001
ACAD
1000
Times New Roman
1071
       18
  0
STYLE
  5
15088A
330
3
100
AcDbSymbolTableRecord
100
AcDbTextStyleTableRecord
  2
1086-X-TOPO$0$S1
 70
     0
 40
7.265639531279121
 41
1.0
 50
10.0
 71
     0
 42
1.0
  3
simplex_.ttf
  4

1001
ACAD
1000
Simplex
1071
        2
  0
STYLE
  5
1508F7
330
3
100
AcDbSymbolTableRecord
100
AcDbTextStyleTableRecord
  2
FC-Mini-500
 70
     0
 40
900.0
 41
0.85
 50
0.0
 71
     0
 42
2.0
  3
arial.ttf
  4

1001
ACAD
1000
Arial
1071
       34
  0
STYLE
  5
150A08
330
3
100
AcDbSymbolTableRecord
100
AcDbTextStyleTableRecord
  2
romans
 70
     0
 40
0.25
 41
1.0
 50
0.0
 71
     0
 42
0.25
  3
romans.shx
  4

  0
STYLE
  5
150A36
330
3
100
AcDbSymbolTableRecord
100
AcDbTextStyleTableRecord
  2
2mm
 70
     0
 40
2.2
 41
1.0
 50
0.0
 71
     0
 42
2.2
  3
simplex.shx
  4

  0
STYLE
  5
150A37
330
3
100
AcDbSymbolTableRecord
100
AcDbTextStyleTableRecord
  2
AAAA
 70
     0
 40
0.0
 41
1.0
 50
0.0
 71
     0
 42
0.2
  3
arial.ttf
  4

1001
ACAD
1000
Arial
1071
       34
  0
STYLE
  5
150BBE
330
3
100
AcDbSymbolTableRecord
100
AcDbTextStyleTableRecord
  2
CC-Tags-100
 70
     0
 40
220.0
 41
0.85
 50
0.0
 71
     0
 42
2.0
  3
arial.ttf
  4

1001
ACAD
1000
Arial
1071
       34
  0
ENDTAB
  0
TABLE
  2
VIEW
  5
6
330
0
100
AcDbSymbolTable
 70
     0
  0
ENDTAB
  0
TABLE
  2
UCS
  5
7
330
0
100
AcDbSymbolTable
 70
     0
  0
ENDTAB
  0
TABLE
  2
APPID
  5
9
330
0
100
AcDbSymbolTable
 70
    14
  0
APPID
  5
12
330
9
100
AcDbSymbolTableRecord
100
AcDbRegAppTableRecord
  2
ACAD
 70
     0
  0
APPID
  5
1503A5
330
9
100
AcDbSymbolTableRecord
100
AcDbRegAppTableRecord
  2
AcAecLayerStandard
 70
     0
  0
APPID
  5
1503A6
330
9
100
AcDbSymbolTableRecord
100
AcDbRegAppTableRecord
  2
AcCmTransparency
 70
     0
  0
APPID
  5
1503B8
330
9
100
AcDbSymbolTableRecord
100
AcDbRegAppTableRecord
  2
ACAD_NAV_VCDISPLAY
 70
     0
  0
APPID
  5
1503D2
330
9
100
AcDbSymbolTableRecord
100
AcDbRegAppTableRecord
  2
ACAD_EXEMPT_FROM_CAD_STANDARDS
 70
     0
  0
APPID
  5
15088C
330
9
100
AcDbSymbolTableRecord
100
AcDbRegAppTableRecord
  2
ACAD_PSEXT
 70
     0
  0
APPID
  5
15088D
330
9
100
AcDbSymbolTableRecord
100
AcDbRegAppTableRecord
  2
AcXRefLayerPropertyOverride
 70
     0
  0
APPID
  5
150A09
330
9
100
AcDbSymbolTableRecord
100
AcDbRegAppTableRecord
  2
ADE
 70
     0
  0
APPID
  5
150A3B
330
9
100
AcDbSymbolTableRecord
100
AcDbRegAppTableRecord
  2
AcadAnnotative
 70
     0
  0
APPID
  5
150A3C
330
9
100
AcDbSymbolTableRecord
100
AcDbRegAppTableRecord
  2
ACAD_DSTYLE_DIMJAG
 70
     0
  0
APPID
  5
150A3D
330
9
100
AcDbSymbolTableRecord
100
AcDbRegAppTableRecord
  2
ACAD_DSTYLE_DIMTALN
 70
     0
  0
APPID
  5
150A3E
330
9
100
AcDbSymbolTableRecord
100
AcDbRegAppTableRecord
  2
ACAD_DSTYLE_DIMJOGGED_JOGANGLE_SYMBOL
 70
     0
  0
APPID
  5
150E6A
330
9
100
AcDbSymbolTableRecord
100
AcDbRegAppTableRecord
  2
GradientColor1ACI
 70
     0
  0
APPID
  5
150E6B
330
9
100
AcDbSymbolTableRecord
100
AcDbRegAppTableRecord
  2
GradientColor2ACI
 70
     0
  0
ENDTAB
  0
TABLE
  2
DIMSTYLE
  5
A
330
0
100
AcDbSymbolTable
 70
     5
100
AcDbDimStyleTable
 71
     2
340
150A3A
340
27
  0
DIMSTYLE
105
27
330
A
100
AcDbSymbolTableRecord
100
AcDbDimStyleTableRecord
  2
ISO-25
 70
     0
 41
2.5
 42
0.625
 43
3.75
 44
1.25
 73
     0
 74
     0
 77
     1
 78
     8
140
2.5
141
2.5
143
0.03937007874016
147
0.625
171
     3
172
     1
271
     2
272
     2
274
     3
278
    44
283
     0
284
     8
340
11
  0
DIMSTYLE
105
15088B
330
A
100
AcDbSymbolTableRecord
100
AcDbDimStyleTableRecord
  2
Standard
 70
     0
340
11
  0
DIMSTYLE
105
150A38
330
A
100
AcDbSymbolTableRecord
100
AcDbDimStyleTableRecord
  2
Annotative
 70
     0
 40
0.0
340
11
1001
AcadAnnotative
1000
AnnotativeData
1002
{
1070
     1
1070
     1
1002
}
1001
ACAD_DSTYLE_DIMJAG
1070
   388
1040
1.5
1001
ACAD_DSTYLE_DIMTALN
1070
   392
1070
     0
  0
DIMSTYLE
105
150A39
330
A
100
AcDbSymbolTableRecord
100
AcDbDimStyleTableRecord
  2
RANA
 70
     0
  3
m
  4
'
 40
0.05
 41
0.5
 42
0.018
 43
1.0
 73
     0
 74
     0
140
0.1
143
3.280839999999999
171
     3
174
     1
176
   256
177
   256
178
     3
271
     1
272
     1
274
     3
279
     1
340
150A36
  0
DIMSTYLE
105
150A3A
102
{ACAD_REACTORS
330
150A63
330
150AED
330
150B03
330
150BF2
330
150CA0
330
150CB4
330
150CFC
330
150D10
330
150D2B
330
150D3F
330
150D53
330
150D67
330
150D7B
330
150D8F
330
150DB5
330
150DC9
102
}
330
A
100
AcDbSymbolTableRecord
100
AcDbDimStyleTableRecord
  2
1-100
 70
     0
 49
0.18
 70
   255
 73
     0
 74
     0
 75
     1
 76
     1
 77
     1
 78
     4
 79
     1
140
0.8
174
     1
176
   256
178
   256
271
     2
272
     2
279
     1
340
150A37
342
150A25
1001
ACAD_DSTYLE_DIMJOGGED_JOGANGLE_SYMBOL
1070
   384
1040
0.7853981633974483
1001
ACAD_DSTYLE_DIMJAG
1070
   388
1040
1.5
1001
ACAD_DSTYLE_DIMTALN
1070
   392
1070
     0
  0
ENDTAB
  0
TABLE
  2
BLOCK_RECORD
  5
1
330
0
100
AcDbSymbolTable
 70
    20
  0
BLOCK_RECORD
  5
1F
102
{ACAD_XDICTIONARY
360
1503B5
102
}
330
1
100
AcDbSymbolTableRecord
100
AcDbBlockTableRecord
  2
*Model_Space
340
22
 70
     0
280
     1
281
     0
  0
BLOCK_RECORD
  5
50
330
1
100
AcDbSymbolTableRecord
100
AcDbBlockTableRecord
  2
*Paper_Space
340
51
 70
     0
280
     1
281
     0
  0
BLOCK_RECORD
  5
55
330
1
100
AcDbSymbolTableRecord
100
AcDbBlockTableRecord
  2
*Paper_Space0
340
56
 70
     0
280
     1
281
     0
  0
BLOCK_RECORD
  5
150A25
102
{ACAD_XDICTIONARY
360
150A26
102
}
330
1
100
AcDbSymbolTableRecord
100
AcDbBlockTableRecord
  2
_OBLIQUE
340
0
102
{BLKREFS
331
150BFF
331
150C00
331
150D4C
331
150D4D
331
150D60
331
150D61
331
150D74
331
150D75
331
150D88
331
150D89
331
150D9C
331
150D9D
331
150DB0
331
150DB1
331
150CAD
331
150CAE
331
150CC1
331
150CC2
331
150D09
331
150D0A
331
150D25
331
150D26
331
150D38
331
150D39
331
150DC2
331
150DC3
331
150DD6
331
150DD7
331
150A6F
331
150A70
331
150B10
331
150B11
102
}
 70
     0
280
     1
281
     0
  0
BLOCK_RECORD
  5
150A64
330
1
100
AcDbSymbolTableRecord
100
AcDbBlockTableRecord
  2
*D2
340
0
 70
     0
280
     1
281
     0
  0
BLOCK_RECORD
  5
150AEE
330
1
100
AcDbSymbolTableRecord
100
AcDbBlockTableRecord
  2
*D3
340
0
 70
     0
280
     1
281
     0
  0
BLOCK_RECORD
  5
150B04
330
1
100
AcDbSymbolTableRecord
100
AcDbBlockTableRecord
  2
*D4
340
0
 70
     0
280
     1
281
     0
  0
BLOCK_RECORD
  5
150BB6
102
{ACAD_XDICTIONARY
360
150BB7
102
}
330
1
100
AcDbSymbolTableRecord
100
AcDbBlockTableRecord
  2
FINISH TYPE
340
0
310
2800000020000000200000000100080000000000000400000000000000000000000000000000000000000000000080000080000000808000800000008000800080800000C0C0C000C0DCC000F0CAA6000020400000206000002080000020A0000020C0000020E00000400000004020000040400000406000004080000040A0
310
000040C0000040E00000600000006020000060400000606000006080000060A0000060C0000060E00000800000008020000080400000806000008080000080A0000080C0000080E00000A0000000A0200000A0400000A0600000A0800000A0A00000A0C00000A0E00000C0000000C0200000C0400000C0600000C0800000C0
310
A00000C0C00000C0E00000E0000000E0200000E0400000E0600000E0800000E0A00000E0C00000E0E00040000000400020004000400040006000400080004000A0004000C0004000E00040200000402020004020400040206000402080004020A0004020C0004020E000404000004040200040404000404060004040800040
310
40A0004040C0004040E00040600000406020004060400040606000406080004060A0004060C0004060E00040800000408020004080400040806000408080004080A0004080C0004080E00040A0000040A0200040A0400040A0600040A0800040A0A00040A0C00040A0E00040C0000040C0200040C0400040C0600040C08000
310
40C0A00040C0C00040C0E00040E0000040E0200040E0400040E0600040E0800040E0A00040E0C00040E0E00080000000800020008000400080006000800080008000A0008000C0008000E00080200000802020008020400080206000802080008020A0008020C0008020E00080400000804020008040400080406000804080
310
008040A0008040C0008040E00080600000806020008060400080606000806080008060A0008060C0008060E00080800000808020008080400080806000808080008080A0008080C0008080E00080A0000080A0200080A0400080A0600080A0800080A0A00080A0C00080A0E00080C0000080C0200080C0400080C0600080C0
310
800080C0A00080C0C00080C0E00080E0000080E0200080E0400080E0600080E0800080E0A00080E0C00080E0E000C0000000C0002000C0004000C0006000C0008000C000A000C000C000C000E000C0200000C0202000C0204000C0206000C0208000C020A000C020C000C020E000C0400000C0402000C0404000C0406000C0
310
408000C040A000C040C000C040E000C0600000C0602000C0604000C0606000C0608000C060A000C060C000C060E000C0800000C0802000C0804000C0806000C0808000C080A000C080C000C080E000C0A00000C0A02000C0A04000C0A06000C0A08000C0A0A000C0A0C000C0A0E000C0C00000C0C02000C0C04000C0C06000
310
C0C08000C0C0A000F0FBFF00A4A0A000808080000000FF0000FF000000FFFF00FF000000FF00FF00FFFF0000FFFFFF00000000000000000000000000000000000000000000000000000000000000000000000000000000000000000000000000000000000000000000000000000000000000000000000000000000000000FF
310
FFFFFFFF000000000000000000000000000000000000000000FFFFFFFFFFFF0000000000FFFF000000000000000000000000000000000000FF00000000000000000000000000FFFF00000000000000000000000000000000FF000000000000000000000000000000FFFF00000000000000000000000000FF00000000000000
310
0000000000000000000000FFFF00000000000000000000FF0000000000000000000000000000000000000000FF000000000000000000FF00000000000000000000000000000000000000000000FF0000000000000000FF000000000000FFFFFF0000000000FFFFFFFF00000000FF00000000000000FF0000000000FFFFFF00
310
FF000000FFFF00FF00FF0000000000FF0000000000FF000000000000FFFF00FFFFFF0000FFFFFF00FF00FF00000000FF0000000000FF000000000000FFFF0000FFFF0000FFFF0000FF00FF00000000FF0000000000FF0000000000FF00FF0000FFFF00FF00FF0000FF00FF0000000000FF00000000FF0000000000FFFF0000
310
0000FFFFFFFF00000000FFFF0000000000FF00000000FF0000000000FFFF00000000FFFFFFFF00000000FFFF000000000000FF000000FF0000000000FFFF00000000FFFFFFFF00000000FFFF000000000000FF000000FF0000000000FFFF00000000FFFF00FF00000000FFFF000000000000FF000000FF0000000000FF00FF
310
000000FFFF00FFFF000000FFFF0000000000FF00000000FF0000000000FF00FF0000FF00FF00FFFF0000FF00FF0000000000FF00000000FF000000000000FFFF0000FFFF000000FF0000FFFF0000000000FF000000000000FF0000000000FF00FFFF00FF000000FFFFFF00FF0000000000FF00000000000000FF0000000000
310
FFFFFFFF0000000000FFFFFF0000000000FF0000000000000000FF00000000000000000000000000000000000000000000FF000000000000000000FF0000000000000000000000000000000000000000FF0000000000000000000000FF00000000000000000000000000000000000000FF000000000000000000000000FF00
310
000000000000000000000000000000FFFF00000000000000000000000000FF0000000000000000000000000000FFFF00000000000000000000000000000000FFFFFFFFFF00000000000000FFFF0000000000000000000000000000000000000000000000FFFFFFFFFFFFFF0000000000000000000000000000000000000000
310
0000000000000000000000000000000000000000000000000000000000000000000000000000000000000000000000000000000000000000
102
{BLKREFS
331
150BEC
331
150C0B
331
150C2C
331
150C30
331
150C5E
331
150C62
331
150C68
331
150C6C
331
150BC8
331
150BD6
331
150BD9
331
150BDC
331
150BE0
331
150BE5
102
}
 70
     0
280
     1
281
     1
  0
BLOCK_RECORD
  5
150BF3
330
1
100
AcDbSymbolTableRecord
100
AcDbBlockTableRecord
  2
*D6
340
0
 70
     0
280
     1
281
     0
  0
BLOCK_RECORD
  5
150CA1
330
1
100
AcDbSymbolTableRecord
100
AcDbBlockTableRecord
  2
*D8
340
0
 70
     0
280
     1
281
     0
  0
BLOCK_RECORD
  5
150CB5
330
1
100
AcDbSymbolTableRecord
100
AcDbBlockTableRecord
  2
*D9
340
0
 70
     0
280
     1
281
     0
  0
BLOCK_RECORD
  5
150CFD
330
1
100
AcDbSymbolTableRecord
100
AcDbBlockTableRecord
  2
*D10
340
0
 70
     0
280
     1
281
     0
  0
BLOCK_RECORD
  5
150D11
330
1
100
AcDbSymbolTableRecord
100
AcDbBlockTableRecord
  2
*D11
340
0
 70
     0
280
     1
281
     0
  0
BLOCK_RECORD
  5
150D2C
330
1
100
AcDbSymbolTableRecord
100
AcDbBlockTableRecord
  2
*D12
340
0
 70
     0
280
     1
281
     0
  0
BLOCK_RECORD
  5
150D40
330
1
100
AcDbSymbolTableRecord
100
AcDbBlockTableRecord
  2
*D13
340
0
 70
     0
280
     1
281
     0
  0
BLOCK_RECORD
  5
150D54
330
1
100
AcDbSymbolTableRecord
100
AcDbBlockTableRecord
  2
*D14
340
0
 70
     0
280
     1
281
     0
  0
BLOCK_RECORD
  5
150D68
330
1
100
AcDbSymbolTableRecord
100
AcDbBlockTableRecord
  2
*D15
340
0
 70
     0
280
     1
281
     0
  0
BLOCK_RECORD
  5
150D7C
330
1
100
AcDbSymbolTableRecord
100
AcDbBlockTableRecord
  2
*D16
340
0
 70
     0
280
     1
281
     0
  0
BLOCK_RECORD
  5
150D90
330
1
100
AcDbSymbolTableRecord
100
AcDbBlockTableRecord
  2
*D17
340
0
 70
     0
280
     1
281
     0
  0
BLOCK_RECORD
  5
150DB6
330
1
100
AcDbSymbolTableRecord
100
AcDbBlockTableRecord
  2
*D18
340
0
 70
     0
280
     1
281
     0
  0
BLOCK_RECORD
  5
150DCA
330
1
100
AcDbSymbolTableRecord
100
AcDbBlockTableRecord
  2
*D19
340
0
 70
     0
280
     1
281
     0
  0
ENDTAB
  0
ENDSEC
  0
SECTION
  2
BLOCKS
  0
BLOCK
  5
20
330
1F
100
AcDbEntity
  8
0
100
AcDbBlockBegin
  2
*Model_Space
 70
     0
 10
0.0
 20
0.0
 30
0.0
  3
*Model_Space
  1

  0
ENDBLK
  5
21
330
1F
100
AcDbEntity
  8
0
100
AcDbBlockEnd
  0
BLOCK
  5
52
330
50
100
AcDbEntity
 67
     1
  8
0
100
AcDbBlockBegin
  2
*Paper_Space
 70
     0
 10
0.0
 20
0.0
 30
0.0
  3
*Paper_Space
  1

  0
ENDBLK
  5
53
330
50
100
AcDbEntity
 67
     1
  8
0
100
AcDbBlockEnd
  0
BLOCK
  5
57
330
55
100
AcDbEntity
 67
     1
  8
0
100
AcDbBlockBegin
  2
*Paper_Space0
 70
     0
 10
0.0
 20
0.0
 30
0.0
  3
*Paper_Space0
  1

  0
ENDBLK
  5
58
330
55
100
AcDbEntity
 67
     1
  8
0
100
AcDbBlockEnd
  0
BLOCK
  5
150A28
330
150A25
100
AcDbEntity
  8
0
100
AcDbBlockBegin
  2
_OBLIQUE
 70
     0
 10
0.0
 20
0.0
 30
0.0
  3
_OBLIQUE
  1

  0
LINE
  5
150A29
330
150A25
100
AcDbEntity
  8
0
  6
ByBlock
 62
     0
100
AcDbLine
 10
-0.5
 20
-0.5
 30
0.0
 11
0.5
 21
0.5
 31
0.0
  0
ENDBLK
  5
150A2A
330
150A25
100
AcDbEntity
  8
0
100
AcDbBlockEnd
  0
BLOCK
  5
150A65
330
150A64
100
AcDbEntity
  8
0
 62
     4
100
AcDbBlockBegin
  2
*D2
 70
     1
 10
0.0
 20
0.0
 30
0.0
  3
*D2
  1

  0
LINE
  5
150A6E
330
150A64
100
AcDbEntity
  8
landscape design
440
 16777216
 48
0.05
370
    -2
100
AcDbLine
 10
354127.3584417262
 20
355826.0652651169
 30
0.0
 11
354123.059387811
 21
355817.1985749562
 31
0.0
  0
INSERT
  5
150A6F
330
150A64
100
AcDbEntity
  8
landscape design
440
 16777216
 48
0.05
370
    -2
100
AcDbBlockReference
  2
_OBLIQUE
 10
354127.3584417262
 20
355826.0652651169
 30
0.0
 41
0.18
 42
0.18
 43
0.18
 50
64.13336787178815
  0
INSERT
  5
150A70
330
150A64
100
AcDbEntity
  8
landscape design
440
 16777216
 48
0.05
370
    -2
100
AcDbBlockReference
  2
_OBLIQUE
 10
354123.059387811
 20
355817.1985749562
 30
0.0
 41
0.18
 42
0.18
 43
0.18
 50
244.1333678717882
  0
MTEXT
  5
150A71
330
150A64
100
AcDbEntity
  8
landscape design
440
 16777216
 48
0.05
100
AcDbMText
 10
354124.7603959223
 20
355821.8493863817
 30
0.0
 40
0.8
 41
0.0
 46
0.0
 71
     5
 72
     1
  1
\A1;9.85
  7
AAAA
 11
0.4362778305592275
 21
0.899812010679194
 31
0.0
 73
     1
 44
1.0
  0
POINT
  5
150A72
330
150A64
100
AcDbEntity
  8
Defpoints
 62
     0
440
 16777216
 48
0.05
100
AcDbPoint
 10
354127.3966035226
 20
355826.0467622013
 30
0.0
  0
POINT
  5
150A73
330
150A64
100
AcDbEntity
  8
Defpoints
 62
     0
440
 16777216
 48
0.05
100
AcDbPoint
 10
354123.0975496074
 20
355817.1800720406
 30
0.0
  0
POINT
  5
150A74
330
150A64
100
AcDbEntity
  8
Defpoints
 62
     0
440
 16777216
 48
0.05
100
AcDbPoint
 10
354123.059387811
 20
355817.1985749562
 30
0.0
  0
ENDBLK
  5
150A66
330
150A64
100
AcDbEntity
  8
0
 62
     4
100
AcDbBlockEnd
  0
BLOCK
  5
150AEF
330
150AEE
100
AcDbEntity
  8
0
 62
     4
100
AcDbBlockBegin
  2
*D3
 70
     1
 10
0.0
 20
0.0
 30
0.0
  3
*D3
  1

  0
LINE
  5
150DAC
330
150AEE
100
AcDbEntity
  8
0
440
 16777216
370
    -2
100
AcDbLine
 10
353776.9478902307
 20
355947.0557384325
 30
0.0
 11
353774.9739906
 21
355946.7609042727
 31
0.0
  0
LINE
  5
150DAD
330
150AEE
100
AcDbEntity
  8
0
440
 16777216
370
    -2
100
AcDbLine
 10
353775.9609404154
 20
355946.9083213526
 30
0.0
 11
353776.0791557898
 21
355947.6308894658
 31
0.0
  0
LINE
  5
150DAE
330
150AEE
100
AcDbEntity
  8
0
440
 16777216
370
    -2
100
AcDbLine
 10
353776.0791557898
 20
355947.6308894658
 30
0.0
 11
353778.3232106267
 21
355947.9660757194
 31
0.0
  0
MTEXT
  5
150DAF
330
150AEE
100
AcDbEntity
  8
0
440
 16777216
100
AcDbMText
 10
353777.1275471936
 20
355948.2914719475
 30
0.0
 40
0.8
 41
0.0
 46
0.0
 71
     5
 72
     1
  1
\A1;2.00
  7
AAAA
 11
0.9890281007332372
 21
0.1477275057665486
 31
0.0
 73
     1
 44
1.0
  0
INSERT
  5
150DB0
330
150AEE
100
AcDbEntity
  8
0
440
 16777216
370
    -2
100
AcDbBlockReference
  2
_OBLIQUE
 10
353776.9478902307
 20
355947.0557384325
 30
0.0
 41
0.18
 42
0.18
 43
0.18
 50
8.495255078546861
  0
INSERT
  5
150DB1
330
150AEE
100
AcDbEntity
  8
0
440
 16777216
370
    -2
100
AcDbBlockReference
  2
_OBLIQUE
 10
353774.9739906
 20
355946.7609042727
 30
0.0
 41
0.18
 42
0.18
 43
0.18
 50
188.4952550785468
  0
POINT
  5
150DB2
330
150AEE
100
AcDbEntity
  8
Defpoints
 62
     0
440
 16777216
100
AcDbPoint
 10
353777.1686706521
 20
355945.5776247952
 30
0.0
  0
POINT
  5
150DB3
330
150AEE
100
AcDbEntity
  8
Defpoints
 62
     0
440
 16777216
100
AcDbPoint
 10
353775.1947710215
 20
355945.2827906354
 30
0.0
  0
POINT
  5
150DB4
330
150AEE
100
AcDbEntity
  8
Defpoints
 62
     0
440
 16777216
100
AcDbPoint
 10
353774.9739906
 20
355946.7609042727
 30
0.0
  0
ENDBLK
  5
150AF0
330
150AEE
100
AcDbEntity
  8
0
 62
     4
100
AcDbBlockEnd
  0
BLOCK
  5
150B05
330
150B04
100
AcDbEntity
  8
0
 62
     4
100
AcDbBlockBegin
  2
*D4
 70
     1
 10
0.0
 20
0.0
 30
0.0
  3
*D4
  1

  0
LINE
  5
150B0F
330
150B04
100
AcDbEntity
  8
0
440
 16777216
370
    -2
100
AcDbLine
 10
353778.3340386898
 20
355944.2431705413
 30
0.0
 11
353777.8932287738
 21
355947.194370399
 31
0.0
  0
INSERT
  5
150B10
330
150B04
100
AcDbEntity
  8
0
440
 16777216
370
    -2
100
AcDbBlockReference
  2
_OBLIQUE
 10
353778.3340386898
 20
355944.2431705413
 30
0.0
 41
0.18
 42
0.18
 43
0.18
 50
278.4952550798069
  0
INSERT
  5
150B11
330
150B04
100
AcDbEntity
  8
0
440
 16777216
370
    -2
100
AcDbBlockReference
  2
_OBLIQUE
 10
353777.8932287738
 20
355947.194370399
 30
0.0
 41
0.18
 42
0.18
 43
0.18
 50
98.49525507980693
  0
MTEXT
  5
150B12
330
150B04
100
AcDbEntity
  8
0
440
 16777216
100
AcDbMText
 10
353778.6066230868
 20
355945.7924064848
 30
0.0
 40
0.8
 41
0.0
 46
0.0
 71
     5
 72
     1
  1
\A1;2.98
  7
AAAA
 11
0.1477275057882996
 21
-0.9890281007299883
 31
0.0
 73
     1
 44
1.0
  0
POINT
  5
150B13
330
150B04
100
AcDbEntity
  8
Defpoints
 62
     0
440
 16777216
100
AcDbPoint
 10
353777.3890756102
 20
355944.1020248663
 30
0.0
  0
POINT
  5
150B14
330
150B04
100
AcDbEntity
  8
Defpoints
 62
     0
440
 16777216
100
AcDbPoint
 10
353776.9482656941
 20
355947.053224724
 30
0.0
  0
POINT
  5
150B15
330
150B04
100
AcDbEntity
  8
Defpoints
 62
     0
440
 16777216
100
AcDbPoint
 10
353777.8932287738
 20
355947.194370399
 30
0.0
  0
ENDBLK
  5
150B06
330
150B04
100
AcDbEntity
  8
0
 62
     4
100
AcDbBlockEnd
  0
BLOCK
  5
150BB8
330
150BB6
100
AcDbEntity
  8
0
100
AcDbBlockBegin
  2
FINISH TYPE
 70
     2
 10
0.0
 20
0.0
 30
0.0
  3
FINISH TYPE
  1

  0
CIRCLE
  5
150BB9
330
150BB6
100
AcDbEntity
  8
0
100
AcDbCircle
 10
0.0
 20
0.0
 30
0.0
 40
241.5341546317874
  0
ATTDEF
  5
150BBA
330
150BB6
100
AcDbEntity
  8
0
100
AcDbText
 10
-145.2885402455661
 20
-110.0
 30
0.0
 40
220.0
  1
00
 41
0.85
  7
CC-Tags-100
 72
     1
 11
0.0
 21
0.0
 31
0.0
100
AcDbAttributeDefinition
280
     0
  3
Finish No.:
  2
00
 70
     0
 74
     2
280
     1
  0
ENDBLK
  5
150BBB
330
150BB6
100
AcDbEntity
  8
0
100
AcDbBlockEnd
  0
BLOCK
  5
150BF4
330
150BF3
100
AcDbEntity
  8
0
 62
     3
100
AcDbBlockBegin
  2
*D6
 70
     1
 10
0.0
 20
0.0
 30
0.0
  3
*D6
  1

  0
LINE
  5
150BFE
330
150BF3
100
AcDbEntity
  8
0
  6
1086-X-TOPO$0$HIDDEN
440
 16777216
370
    -2
100
AcDbLine
 10
353808.8490032509
 20
355927.7664501426
 30
0.0
 11
353806.0915506708
 21
355929.1185264019
 31
0.0
  0
INSERT
  5
150BFF
330
150BF3
100
AcDbEntity
  8
0
  6
1086-X-TOPO$0$HIDDEN
440
 16777216
370
    -2
100
AcDbBlockReference
  2
_OBLIQUE
 10
353808.8490032509
 20
355927.7664501426
 30
0.0
 41
0.18
 42
0.18
 43
0.18
 50
333.8796576486324
  0
INSERT
  5
150C00
330
150BF3
100
AcDbEntity
  8
0
  6
1086-X-TOPO$0$HIDDEN
440
 16777216
370
    -2
100
AcDbBlockReference
  2
_OBLIQUE
 10
353806.0915506708
 20
355929.1185264019
 30
0.0
 41
0.18
 42
0.18
 43
0.18
 50
153.8796576486324
  0
MTEXT
  5
150C01
330
150BF3
100
AcDbEntity
  8
0
  6
1086-X-TOPO$0$HIDDEN
440
 16777216
100
AcDbMText
 10
353807.6898473691
 20
355928.8902847517
 30
0.0
 40
0.8
 41
0.0
 46
0.0
 71
     5
 72
     1
  1
\A1;3.07
  7
AAAA
 11
0.897871322717113
 21
-0.4402579787377191
 31
0.0
 73
     1
 44
1.0
  0
POINT
  5
150C02
330
150BF3
100
AcDbEntity
  8
Defpoints
  6
1086-X-TOPO$0$HIDDEN
 62
     0
440
 16777216
100
AcDbPoint
 10
353808.7292618071
 20
355927.5222469395
 30
0.0
  0
POINT
  5
150C03
330
150BF3
100
AcDbEntity
  8
Defpoints
  6
1086-X-TOPO$0$HIDDEN
 62
     0
440
 16777216
100
AcDbPoint
 10
353805.971809227
 20
355928.8743231989
 30
1128.3251
  0
POINT
  5
150C04
330
150BF3
100
AcDbEntity
  8
Defpoints
  6
1086-X-TOPO$0$HIDDEN
 62
     0
440
 16777216
100
AcDbPoint
 10
353806.0915506708
 20
355929.1185264019
 30
0.0
  0
ENDBLK
  5
150BF5
330
150BF3
100
AcDbEntity
  8
0
 62
     3
100
AcDbBlockEnd
  0
BLOCK
  5
150CA2
330
150CA1
100
AcDbEntity
  8
0
 62
     1
100
AcDbBlockBegin
  2
*D8
 70
     1
 10
0.0
 20
0.0
 30
0.0
  3
*D8
  1

  0
LINE
  5
150CAC
330
150CA1
100
AcDbEntity
  8
0
  6
1086-X-TOPO$0$HIDDEN
440
 16777216
370
    -2
100
AcDbLine
 10
353809.2718111199
 20
355931.9388712721
 30
0.0
 11
353801.8196904346
 21
355917.8259971768
 31
0.0
  0
INSERT
  5
150CAD
330
150CA1
100
AcDbEntity
  8
0
  6
1086-X-TOPO$0$HIDDEN
440
 16777216
370
    -2
100
AcDbBlockReference
  2
_OBLIQUE
 10
353809.2718111199
 20
355931.9388712721
 30
0.0
 41
0.18
 42
0.18
 43
0.18
 50
62.16428517171509
  0
INSERT
  5
150CAE
330
150CA1
100
AcDbEntity
  8
0
  6
1086-X-TOPO$0$HIDDEN
440
 16777216
370
    -2
100
AcDbBlockReference
  2
_OBLIQUE
 10
353801.8196904346
 20
355917.8259971768
 30
0.0
 41
0.18
 42
0.18
 43
0.18
 50
242.1642851717151
  0
MTEXT
  5
150CAF
330
150CA1
100
AcDbEntity
  8
0
  6
1086-X-TOPO$0$HIDDEN
440
 16777216
100
AcDbMText
 10
353805.1049689648
 20
355925.115183361
 30
0.0
 40
0.8
 41
0.0
 46
0.0
 71
     5
 72
     1
  1
\A1;15.96
  7
AAAA
 11
0.4669379455910555
 21
0.884290085304141
 31
0.0
 73
     1
 44
1.0
  0
POINT
  5
150CB0
330
150CA1
100
AcDbEntity
  8
Defpoints
  6
1086-X-TOPO$0$HIDDEN
 62
     0
440
 16777216
100
AcDbPoint
 10
353809.2850464775
 20
355931.9318825126
 30
0.0
  0
POINT
  5
150CB1
330
150CA1
100
AcDbEntity
  8
Defpoints
  6
1086-X-TOPO$0$HIDDEN
 62
     0
440
 16777216
100
AcDbPoint
 10
353801.8329257923
 20
355917.8190084173
 30
1125.3483
  0
POINT
  5
150CB2
330
150CA1
100
AcDbEntity
  8
Defpoints
  6
1086-X-TOPO$0$HIDDEN
 62
     0
440
 16777216
100
AcDbPoint
 10
353801.8196904346
 20
355917.8259971768
 30
0.0
  0
ENDBLK
  5
150CA3
330
150CA1
100
AcDbEntity
  8
0
 62
     1
100
AcDbBlockEnd
  0
BLOCK
  5
150CB6
330
150CB5
100
AcDbEntity
  8
0
 62
     1
100
AcDbBlockBegin
  2
*D9
 70
     1
 10
0.0
 20
0.0
 30
0.0
  3
*D9
  1

  0
LINE
  5
150CC0
330
150CB5
100
AcDbEntity
  8
0
  6
1086-X-TOPO$0$HIDDEN
440
 16777216
370
    -2
100
AcDbLine
 10
353804.799947214
 20
355915.7398368996
 30
0.0
 11
353813.2078969971
 21
355930.2967160169
 31
0.0
  0
INSERT
  5
150CC1
330
150CB5
100
AcDbEntity
  8
0
  6
1086-X-TOPO$0$HIDDEN
440
 16777216
370
    -2
100
AcDbBlockReference
  2
_OBLIQUE
 10
353804.799947214
 20
355915.7398368996
 30
0.0
 41
0.18
 42
0.18
 43
0.18
 50
239.9895755159811
  0
INSERT
  5
150CC2
330
150CB5
100
AcDbEntity
  8
0
  6
1086-X-TOPO$0$HIDDEN
440
 16777216
370
    -2
100
AcDbBlockReference
  2
_OBLIQUE
 10
353813.2078969971
 20
355930.2967160169
 30
0.0
 41
0.18
 42
0.18
 43
0.18
 50
59.98957551598112
  0
MTEXT
  5
150CC3
330
150CB5
100
AcDbEntity
  8
0
  6
1086-X-TOPO$0$HIDDEN
440
 16777216
100
AcDbMText
 10
353808.5722898291
 20
355923.2675841894
 30
0.0
 40
0.8
 41
0.0
 46
0.0
 71
     5
 72
     1
  1
\A1;16.81
  7
AAAA
 11
0.500157557744163
 21
0.8659344186665606
 31
0.0
 73
     1
 44
1.0
  0
POINT
  5
150CC4
330
150CB5
100
AcDbEntity
  8
Defpoints
  6
1086-X-TOPO$0$HIDDEN
 62
     0
440
 16777216
100
AcDbPoint
 10
353802.885534728
 20
355916.8455879275
 30
1125.3483
  0
POINT
  5
150CC5
330
150CB5
100
AcDbEntity
  8
Defpoints
  6
1086-X-TOPO$0$HIDDEN
 62
     0
440
 16777216
100
AcDbPoint
 10
353811.2934845111
 20
355931.4024670447
 30
1125.3483
  0
POINT
  5
150CC6
330
150CB5
100
AcDbEntity
  8
Defpoints
  6
1086-X-TOPO$0$HIDDEN
 62
     0
440
 16777216
100
AcDbPoint
 10
353813.2078969971
 20
355930.2967160169
 30
0.0
  0
ENDBLK
  5
150CB7
330
150CB5
100
AcDbEntity
  8
0
 62
     1
100
AcDbBlockEnd
  0
BLOCK
  5
150CFE
330
150CFD
100
AcDbEntity
  8
0
 62
     1
100
AcDbBlockBegin
  2
*D10
 70
     1
 10
0.0
 20
0.0
 30
0.0
  3
*D10
  1

  0
LINE
  5
150D08
330
150CFD
100
AcDbEntity
  8
0
  6
1086-X-TOPO$0$HIDDEN
440
 16777216
370
    -2
100
AcDbLine
 10
353766.9332722006
 20
355969.0416427618
 30
0.0
 11
353768.1859861552
 21
355962.3981959761
 31
0.0
  0
INSERT
  5
150D09
330
150CFD
100
AcDbEntity
  8
0
  6
1086-X-TOPO$0$HIDDEN
440
 16777216
370
    -2
100
AcDbBlockReference
  2
_OBLIQUE
 10
353766.9332722006
 20
355969.0416427618
 30
0.0
 41
0.18
 42
0.18
 43
0.18
 50
100.6785283141755
  0
INSERT
  5
150D0A
330
150CFD
100
AcDbEntity
  8
0
  6
1086-X-TOPO$0$HIDDEN
440
 16777216
370
    -2
100
AcDbBlockReference
  2
_OBLIQUE
 10
353768.1859861552
 20
355962.3981959761
 30
0.0
 41
0.18
 42
0.18
 43
0.18
 50
280.6785283141755
  0
MTEXT
  5
150D0B
330
150CFD
100
AcDbEntity
  8
0
  6
1086-X-TOPO$0$HIDDEN
440
 16777216
100
AcDbMText
 10
353768.0494554183
 20
355965.8122828945
 30
0.0
 40
0.8
 41
0.0
 46
0.0
 71
     5
 72
     1
  1
\A1;6.76
  7
AAAA
 11
0.1852983666257611
 21
-0.9826823064072261
 31
0.0
 73
     1
 44
1.0
  0
POINT
  5
150D0C
330
150CFD
100
AcDbEntity
  8
Defpoints
  6
1086-X-TOPO$0$HIDDEN
 62
     0
440
 16777216
100
AcDbPoint
 10
353768.4796562084
 20
355969.3332348959
 30
1123.1843
  0
POINT
  5
150D0D
330
150CFD
100
AcDbEntity
  8
Defpoints
  6
1086-X-TOPO$0$HIDDEN
 62
     0
440
 16777216
100
AcDbPoint
 10
353769.732370163
 20
355962.6897881101
 30
1123.1843
  0
POINT
  5
150D0E
330
150CFD
100
AcDbEntity
  8
Defpoints
  6
1086-X-TOPO$0$HIDDEN
 62
     0
440
 16777216
100
AcDbPoint
 10
353768.1859861552
 20
355962.3981959761
 30
0.0
  0
ENDBLK
  5
150CFF
330
150CFD
100
AcDbEntity
  8
0
 62
     1
100
AcDbBlockEnd
  0
BLOCK
  5
150D12
330
150D11
100
AcDbEntity
  8
0
 62
     1
100
AcDbBlockBegin
  2
*D11
 70
     1
 10
0.0
 20
0.0
 30
0.0
  3
*D11
  1

  0
LINE
  5
150D24
330
150D11
100
AcDbEntity
  8
0
  6
1086-X-TOPO$0$HIDDEN
440
 16777216
370
    -2
100
AcDbLine
 10
353768.2749011274
 20
355961.454842137
 30
0.0
 11
353771.0913666662
 21
355958.1308818976
 31
0.0
  0
INSERT
  5
150D25
330
150D11
100
AcDbEntity
  8
0
  6
1086-X-TOPO$0$HIDDEN
440
 16777216
370
    -2
100
AcDbBlockReference
  2
_OBLIQUE
 10
353768.2749011274
 20
355961.454842137
 30
0.0
 41
0.18
 42
0.18
 43
0.18
 50
130.2753490870772
  0
INSERT
  5
150D26
330
150D11
100
AcDbEntity
  8
0
  6
1086-X-TOPO$0$HIDDEN
440
 16777216
370
    -2
100
AcDbBlockReference
  2
_OBLIQUE
 10
353771.0913666662
 20
355958.1308818976
 30
0.0
 41
0.18
 42
0.18
 43
0.18
 50
310.2753490870772
  0
MTEXT
  5
150D27
330
150D11
100
AcDbEntity
  8
0
  6
1086-X-TOPO$0$HIDDEN
440
 16777216
100
AcDbMText
 10
353770.0636391686
 20
355960.1152726084
 30
0.0
 40
0.8
 41
0.0
 46
0.0
 71
     5
 72
     1
  1
\A1;4.36
  7
AAAA
 11
0.646461589545594
 21
-0.7629465336720419
 31
0.0
 73
     1
 44
1.0
  0
POINT
  5
150D28
330
150D11
100
AcDbEntity
  8
Defpoints
  6
1086-X-TOPO$0$HIDDEN
 62
     0
440
 16777216
100
AcDbPoint
 10
353769.732370163
 20
355962.6897881101
 30
1123.1843
  0
POINT
  5
150D29
330
150D11
100
AcDbEntity
  8
Defpoints
  6
1086-X-TOPO$0$HIDDEN
 62
     0
440
 16777216
100
AcDbPoint
 10
353772.5488357017
 20
355959.3658278706
 30
1123.1843
  0
POINT
  5
150D2A
330
150D11
100
AcDbEntity
  8
Defpoints
  6
1086-X-TOPO$0$HIDDEN
 62
     0
440
 16777216
100
AcDbPoint
 10
353771.0913666662
 20
355958.1308818976
 30
0.0
  0
ENDBLK
  5
150D13
330
150D11
100
AcDbEntity
  8
0
 62
     1
100
AcDbBlockEnd
  0
BLOCK
  5
150D2D
330
150D2C
100
AcDbEntity
  8
0
 62
     1
100
AcDbBlockBegin
  2
*D12
 70
     1
 10
0.0
 20
0.0
 30
0.0
  3
*D12
  1

  0
LINE
  5
150D37
330
150D2C
100
AcDbEntity
  8
0
  6
1086-X-TOPO$0$HIDDEN
440
 16777216
370
    -2
100
AcDbLine
 10
353771.3128932746
 20
355959.2096023614
 30
0.0
 11
353776.3066927408
 21
355919.702298706
 31
0.0
  0
INSERT
  5
150D38
330
150D2C
100
AcDbEntity
  8
0
  6
1086-X-TOPO$0$HIDDEN
440
 16777216
370
    -2
100
AcDbBlockReference
  2
_OBLIQUE
 10
353771.3128932746
 20
355959.2096023614
 30
0.0
 41
0.18
 42
0.18
 43
0.18
 50
97.2040916128239
  0
INSERT
  5
150D39
330
150D2C
100
AcDbEntity
  8
0
  6
1086-X-TOPO$0$HIDDEN
440
 16777216
370
    -2
100
AcDbBlockReference
  2
_OBLIQUE
 10
353776.3066927408
 20
355919.702298706
 30
0.0
 41
0.18
 42
0.18
 43
0.18
 50
277.2040916128239
  0
MTEXT
  5
150D3A
330
150D2C
100
AcDbEntity
  8
0
  6
1086-X-TOPO$0$HIDDEN
440
 16777216
100
AcDbMText
 10
353774.3045871394
 20
355939.5184934672
 30
0.0
 40
0.8
 41
0.0
 46
0.0
 71
     5
 72
     1
  1
\A1;39.82
  7
AAAA
 11
0.125404082254297
 21
-0.992105748473396
 31
0.0
 73
     1
 44
1.0
  0
POINT
  5
150D3B
330
150D2C
100
AcDbEntity
  8
Defpoints
  6
1086-X-TOPO$0$HIDDEN
 62
     0
440
 16777216
100
AcDbPoint
 10
353772.5488357017
 20
355959.3658278706
 30
1123.1843
  0
POINT
  5
150D3C
330
150D2C
100
AcDbEntity
  8
Defpoints
  6
1086-X-TOPO$0$HIDDEN
 62
     0
440
 16777216
100
AcDbPoint
 10
353777.542635168
 20
355919.8585242153
 30
1123.1843
  0
POINT
  5
150D3D
330
150D2C
100
AcDbEntity
  8
Defpoints
  6
1086-X-TOPO$0$HIDDEN
 62
     0
440
 16777216
100
AcDbPoint
 10
353776.3066927408
 20
355919.702298706
 30
0.0
  0
ENDBLK
  5
150D2E
330
150D2C
100
AcDbEntity
  8
0
 62
     1
100
AcDbBlockEnd
  0
BLOCK
  5
150D41
330
150D40
100
AcDbEntity
  8
0
 62
     1
100
AcDbBlockBegin
  2
*D13
 70
     1
 10
0.0
 20
0.0
 30
0.0
  3
*D13
  1

  0
LINE
  5
150D4B
330
150D40
100
AcDbEntity
  8
0
  6
1086-X-TOPO$0$HIDDEN
440
 16777216
370
    -2
100
AcDbLine
 10
353750.6070281902
 20
355922.3186608666
 30
0.0
 11
353777.9421121346
 21
355919.8220383873
 31
0.0
  0
INSERT
  5
150D4C
330
150D40
100
AcDbEntity
  8
0
  6
1086-X-TOPO$0$HIDDEN
440
 16777216
370
    -2
100
AcDbBlockReference
  2
_OBLIQUE
 10
353750.6070281902
 20
355922.3186608666
 30
0.0
 41
0.18
 42
0.18
 43
0.18
 50
174.7814262358889
  0
INSERT
  5
150D4D
330
150D40
100
AcDbEntity
  8
0
  6
1086-X-TOPO$0$HIDDEN
440
 16777216
370
    -2
100
AcDbBlockReference
  2
_OBLIQUE
 10
353777.9421121346
 20
355919.8220383873
 30
0.0
 41
0.18
 42
0.18
 43
0.18
 50
354.7814262358889
  0
MTEXT
  5
150D4E
330
150D40
100
AcDbEntity
  8
0
  6
1086-X-TOPO$0$HIDDEN
440
 16777216
100
AcDbMText
 10
353764.3199076519
 20
355921.5667418899
 30
0.0
 40
0.8
 41
0.0
 46
0.0
 71
     5
 72
     1
  1
\A1;27.45
  7
AAAA
 11
0.995854965622485
 21
-0.0909554145998999
 31
0.0
 73
     1
 44
1.0
  0
POINT
  5
150D4F
330
150D40
100
AcDbEntity
  8
Defpoints
  6
1086-X-TOPO$0$HIDDEN
 62
     0
440
 16777216
100
AcDbPoint
 10
353750.5870489016
 20
355922.0999111215
 30
1121.747861209214
  0
POINT
  5
150D50
330
150D40
100
AcDbEntity
  8
Defpoints
  6
1086-X-TOPO$0$HIDDEN
 62
     0
440
 16777216
100
AcDbPoint
 10
353777.922132846
 20
355919.6032886422
 30
1121.747861209214
  0
POINT
  5
150D51
330
150D40
100
AcDbEntity
  8
Defpoints
  6
1086-X-TOPO$0$HIDDEN
 62
     0
440
 16777216
100
AcDbPoint
 10
353777.9421121346
 20
355919.8220383873
 30
0.0
  0
ENDBLK
  5
150D42
330
150D40
100
AcDbEntity
  8
0
 62
     1
100
AcDbBlockEnd
  0
BLOCK
  5
150D55
330
150D54
100
AcDbEntity
  8
0
 62
     1
100
AcDbBlockBegin
  2
*D14
 70
     1
 10
0.0
 20
0.0
 30
0.0
  3
*D14
  1

  0
LINE
  5
150D5F
330
150D54
100
AcDbEntity
  8
0
  6
1086-X-TOPO$0$HIDDEN
440
 16777216
370
    -2
100
AcDbLine
 10
353797.394646003
 20
355973.1461326953
 30
0.0
 11
353805.4497209327
 21
355973.3134364661
 31
0.0
  0
INSERT
  5
150D60
330
150D54
100
AcDbEntity
  8
0
  6
1086-X-TOPO$0$HIDDEN
440
 16777216
370
    -2
100
AcDbBlockReference
  2
_OBLIQUE
 10
353797.394646003
 20
355973.1461326953
 30
0.0
 41
0.18
 42
0.18
 43
0.18
 50
181.1898612973218
  0
INSERT
  5
150D61
330
150D54
100
AcDbEntity
  8
0
  6
1086-X-TOPO$0$HIDDEN
440
 16777216
370
    -2
100
AcDbBlockReference
  2
_OBLIQUE
 10
353805.4497209327
 20
355973.3134364661
 30
0.0
 41
0.18
 42
0.18
 43
0.18
 50
1.189861297321788
  0
MTEXT
  5
150D62
330
150D54
100
AcDbEntity
  8
0
  6
1086-X-TOPO$0$HIDDEN
440
 16777216
100
AcDbMText
 10
353801.4118327278
 20
355973.7281354901
 30
0.0
 40
0.8
 41
0.0
 46
0.0
 71
     5
 72
     1
  1
\A1;8.06
  7
AAAA
 11
0.9997843736615449
 21
0.0207655046216638
 31
0.0
 73
     1
 44
1.0
  0
POINT
  5
150D63
330
150D54
100
AcDbEntity
  8
Defpoints
  6
1086-X-TOPO$0$HIDDEN
 62
     0
440
 16777216
100
AcDbPoint
 10
353797.4087207926
 20
355972.468482188
 30
1126.8501
  0
POINT
  5
150D64
330
150D54
100
AcDbEntity
  8
Defpoints
  6
1086-X-TOPO$0$HIDDEN
 62
     0
440
 16777216
100
AcDbPoint
 10
353805.4637957223
 20
355972.6357859587
 30
1126.8501
  0
POINT
  5
150D65
330
150D54
100
AcDbEntity
  8
Defpoints
  6
1086-X-TOPO$0$HIDDEN
 62
     0
440
 16777216
100
AcDbPoint
 10
353805.4497209327
 20
355973.3134364661
 30
0.0
  0
ENDBLK
  5
150D56
330
150D54
100
AcDbEntity
  8
0
 62
     1
100
AcDbBlockEnd
  0
BLOCK
  5
150D69
330
150D68
100
AcDbEntity
  8
0
 62
     1
100
AcDbBlockBegin
  2
*D15
 70
     1
 10
0.0
 20
0.0
 30
0.0
  3
*D15
  1

  0
LINE
  5
150D73
330
150D68
100
AcDbEntity
  8
0
  6
1086-X-TOPO$0$HIDDEN
440
 16777216
370
    -2
100
AcDbLine
 10
353795.1236756735
 20
355972.4431021526
 30
0.0
 11
353795.5882517236
 21
355930.6158462806
 31
0.0
  0
INSERT
  5
150D74
330
150D68
100
AcDbEntity
  8
0
  6
1086-X-TOPO$0$HIDDEN
440
 16777216
370
    -2
100
AcDbBlockReference
  2
_OBLIQUE
 10
353795.1236756735
 20
355972.4431021526
 30
0.0
 41
0.18
 42
0.18
 43
0.18
 50
90.63635904085066
  0
INSERT
  5
150D75
330
150D68
100
AcDbEntity
  8
0
  6
1086-X-TOPO$0$HIDDEN
440
 16777216
370
    -2
100
AcDbBlockReference
  2
_OBLIQUE
 10
353795.5882517236
 20
355930.6158462806
 30
0.0
 41
0.18
 42
0.18
 43
0.18
 50
270.6363590408507
  0
MTEXT
  5
150D76
330
150D68
100
AcDbEntity
  8
0
  6
1086-X-TOPO$0$HIDDEN
440
 16777216
100
AcDbMText
 10
353795.8546641796
 20
355951.5350132913
 30
0.0
 40
0.8
 41
0.0
 46
0.0
 71
     5
 72
     1
  1
\A1;41.83
  7
AAAA
 11
0.0111063321461877
 21
-0.9999383227910904
 31
0.0
 73
     1
 44
1.0
  0
POINT
  5
150D77
330
150D68
100
AcDbEntity
  8
Defpoints
  6
1086-X-TOPO$0$HIDDEN
 62
     0
440
 16777216
100
AcDbPoint
 10
353797.4087207926
 20
355972.4684821881
 30
1126.8501
  0
POINT
  5
150D78
330
150D68
100
AcDbEntity
  8
Defpoints
  6
1086-X-TOPO$0$HIDDEN
 62
     0
440
 16777216
100
AcDbPoint
 10
353797.8732968429
 20
355930.6412263161
 30
1126.8501
  0
POINT
  5
150D79
330
150D68
100
AcDbEntity
  8
Defpoints
  6
1086-X-TOPO$0$HIDDEN
 62
     0
440
 16777216
100
AcDbPoint
 10
353795.5882517236
 20
355930.6158462806
 30
0.0
  0
ENDBLK
  5
150D6A
330
150D68
100
AcDbEntity
  8
0
 62
     1
100
AcDbBlockEnd
  0
BLOCK
  5
150D7D
330
150D7C
100
AcDbEntity
  8
0
 62
     1
100
AcDbBlockBegin
  2
*D16
 70
     1
 10
0.0
 20
0.0
 30
0.0
  3
*D16
  1

  0
LINE
  5
150D87
330
150D7C
100
AcDbEntity
  8
0
  6
1086-X-TOPO$0$HIDDEN
440
 16777216
370
    -2
100
AcDbLine
 10
353743.4755047709
 20
355966.7174264127
 30
0.0
 11
353764.0932839182
 21
355971.1617089964
 31
0.0
  0
INSERT
  5
150D88
330
150D7C
100
AcDbEntity
  8
0
  6
1086-X-TOPO$0$HIDDEN
440
 16777216
370
    -2
100
AcDbBlockReference
  2
_OBLIQUE
 10
353743.4755047709
 20
355966.7174264127
 30
0.0
 41
0.18
 42
0.18
 43
0.18
 50
192.1643165627165
  0
INSERT
  5
150D89
330
150D7C
100
AcDbEntity
  8
0
  6
1086-X-TOPO$0$HIDDEN
440
 16777216
370
    -2
100
AcDbBlockReference
  2
_OBLIQUE
 10
353764.0932839182
 20
355971.1617089964
 30
0.0
 41
0.18
 42
0.18
 43
0.18
 50
12.16431656271661
  0
MTEXT
  5
150D8A
330
150D7C
100
AcDbEntity
  8
0
  6
1086-X-TOPO$0$HIDDEN
440
 16777216
100
AcDbMText
 10
353753.6793611729
 20
355969.4268343662
 30
0.0
 40
0.8
 41
0.0
 46
0.0
 71
     5
 72
     1
  1
\A1;21.09
  7
AAAA
 11
0.9775473164246845
 21
0.2107160272758051
 31
0.0
 73
     1
 44
1.0
  0
POINT
  5
150D8B
330
150D7C
100
AcDbEntity
  8
Defpoints
  6
1086-X-TOPO$0$HIDDEN
 62
     0
440
 16777216
100
AcDbPoint
 10
353742.8937830479
 20
355969.4161319483
 30
1121.7644
  0
POINT
  5
150D8C
330
150D7C
100
AcDbEntity
  8
Defpoints
  6
1086-X-TOPO$0$HIDDEN
 62
     0
440
 16777216
100
AcDbPoint
 10
353763.5115621953
 20
355973.8604145319
 30
1121.7644
  0
POINT
  5
150D8D
330
150D7C
100
AcDbEntity
  8
Defpoints
  6
1086-X-TOPO$0$HIDDEN
 62
     0
440
 16777216
100
AcDbPoint
 10
353764.0932839182
 20
355971.1617089964
 30
0.0
  0
ENDBLK
  5
150D7E
330
150D7C
100
AcDbEntity
  8
0
 62
     1
100
AcDbBlockEnd
  0
BLOCK
  5
150D91
330
150D90
100
AcDbEntity
  8
0
 62
     1
100
AcDbBlockBegin
  2
*D17
 70
     1
 10
0.0
 20
0.0
 30
0.0
  3
*D17
  1

  0
LINE
  5
150D9B
330
150D90
100
AcDbEntity
  8
0
  6
1086-X-TOPO$0$HIDDEN
440
 16777216
370
    -2
100
AcDbLine
 10
353744.747724439
 20
355969.8284612354
 30
0.0
 11
353755.2961255084
 21
355922.4000636977
 31
0.0
  0
INSERT
  5
150D9C
330
150D90
100
AcDbEntity
  8
0
  6
1086-X-TOPO$0$HIDDEN
440
 16777216
370
    -2
100
AcDbBlockReference
  2
_OBLIQUE
 10
353744.747724439
 20
355969.8284612354
 30
0.0
 41
0.18
 42
0.18
 43
0.18
 50
102.5388885597473
  0
INSERT
  5
150D9D
330
150D90
100
AcDbEntity
  8
0
  6
1086-X-TOPO$0$HIDDEN
440
 16777216
370
    -2
100
AcDbBlockReference
  2
_OBLIQUE
 10
353755.2961255084
 20
355922.4000636977
 30
0.0
 41
0.18
 42
0.18
 43
0.18
 50
282.5388885597473
  0
MTEXT
  5
150D9E
330
150D90
100
AcDbEntity
  8
0
  6
1086-X-TOPO$0$HIDDEN
440
 16777216
100
AcDbMText
 10
353750.5084945717
 20
355946.222478884
 30
0.0
 40
0.8
 41
0.0
 46
0.0
 71
     5
 72
     1
  1
\A1;48.59
  7
AAAA
 11
0.2171022087496866
 21
-0.9761488774546677
 31
0.0
 73
     1
 44
1.0
  0
POINT
  5
150D9F
330
150D90
100
AcDbEntity
  8
Defpoints
  6
1086-X-TOPO$0$HIDDEN
 62
     0
440
 16777216
100
AcDbPoint
 10
353742.8937830479
 20
355969.4161319482
 30
1121.7644
  0
POINT
  5
150DA0
330
150D90
100
AcDbEntity
  8
Defpoints
  6
1086-X-TOPO$0$HIDDEN
 62
     0
440
 16777216
100
AcDbPoint
 10
353753.4421841173
 20
355921.9877344105
 30
1121.7644
  0
POINT
  5
150DA1
330
150D90
100
AcDbEntity
  8
Defpoints
  6
1086-X-TOPO$0$HIDDEN
 62
     0
440
 16777216
100
AcDbPoint
 10
353755.2961255084
 20
355922.4000636977
 30
0.0
  0
ENDBLK
  5
150D92
330
150D90
100
AcDbEntity
  8
0
 62
     1
100
AcDbBlockEnd
  0
BLOCK
  5
150DB7
330
150DB6
100
AcDbEntity
  8
0
 62
     1
100
AcDbBlockBegin
  2
*D18
 70
     1
 10
0.0
 20
0.0
 30
0.0
  3
*D18
  1

  0
LINE
  5
150DC1
330
150DB6
100
AcDbEntity
  8
0
  6
1086-X-TOPO$0$HIDDEN
440
 16777216
370
    -2
100
AcDbLine
 10
353783.0950871619
 20
355971.22429437
 30
0.0
 11
353784.0229968554
 21
355979.0280378749
 31
0.0
  0
INSERT
  5
150DC2
330
150DB6
100
AcDbEntity
  8
0
  6
1086-X-TOPO$0$HIDDEN
440
 16777216
370
    -2
100
AcDbBlockReference
  2
_OBLIQUE
 10
353783.0950871619
 20
355971.22429437
 30
0.0
 41
0.18
 42
0.18
 43
0.18
 50
263.2190424988061
  0
INSERT
  5
150DC3
330
150DB6
100
AcDbEntity
  8
0
  6
1086-X-TOPO$0$HIDDEN
440
 16777216
370
    -2
100
AcDbBlockReference
  2
_OBLIQUE
 10
353784.0229968554
 20
355979.0280378749
 30
0.0
 41
0.18
 42
0.18
 43
0.18
 50
83.2190424988061
  0
MTEXT
  5
150DC4
330
150DB6
100
AcDbEntity
  8
0
  6
1086-X-TOPO$0$HIDDEN
440
 16777216
100
AcDbMText
 10
353783.0640704318
 20
355975.1850210712
 30
0.0
 40
0.8
 41
0.0
 46
0.0
 71
     5
 72
     1
  1
\A1;7.86
  7
AAAA
 11
0.1180739454148315
 21
0.9930048053328723
 31
0.0
 73
     1
 44
1.0
  0
POINT
  5
150DC5
330
150DB6
100
AcDbEntity
  8
Defpoints
  6
1086-X-TOPO$0$HIDDEN
 62
     0
440
 16777216
100
AcDbPoint
 10
353781.9775031919
 20
355971.35718149
 30
1118.9158
  0
POINT
  5
150DC6
330
150DB6
100
AcDbEntity
  8
Defpoints
  6
1086-X-TOPO$0$HIDDEN
 62
     0
440
 16777216
100
AcDbPoint
 10
353782.9054128855
 20
355979.1609249948
 30
1118.9158
  0
POINT
  5
150DC7
330
150DB6
100
AcDbEntity
  8
Defpoints
  6
1086-X-TOPO$0$HIDDEN
 62
     0
440
 16777216
100
AcDbPoint
 10
353784.0229968554
 20
355979.0280378749
 30
0.0
  0
ENDBLK
  5
150DB8
330
150DB6
100
AcDbEntity
  8
0
 62
     1
100
AcDbBlockEnd
  0
BLOCK
  5
150DCB
330
150DCA
100
AcDbEntity
  8
0
 62
     1
100
AcDbBlockBegin
  2
*D19
 70
     1
 10
0.0
 20
0.0
 30
0.0
  3
*D19
  1

  0
LINE
  5
150DD5
330
150DCA
100
AcDbEntity
  8
0
  6
1086-X-TOPO$0$HIDDEN
440
 16777216
370
    -2
100
AcDbLine
 10
353775.8276787145
 20
355976.1160058717
 30
0.0
 11
353781.2865581229
 21
355970.6652115516
 31
0.0
  0
INSERT
  5
150DD6
330
150DCA
100
AcDbEntity
  8
0
  6
1086-X-TOPO$0$HIDDEN
440
 16777216
370
    -2
100
AcDbBlockReference
  2
_OBLIQUE
 10
353775.8276787145
 20
355976.1160058717
 30
0.0
 41
0.18
 42
0.18
 43
0.18
 50
135.0424615210485
  0
INSERT
  5
150DD7
330
150DCA
100
AcDbEntity
  8
0
  6
1086-X-TOPO$0$HIDDEN
440
 16777216
370
    -2
100
AcDbBlockReference
  2
_OBLIQUE
 10
353781.2865581229
 20
355970.6652115516
 30
0.0
 41
0.18
 42
0.18
 43
0.18
 50
315.0424615210486
  0
MTEXT
  5
150DD8
330
150DCA
100
AcDbEntity
  8
0
  6
1086-X-TOPO$0$HIDDEN
440
 16777216
100
AcDbMText
 10
353778.9045006224
 20
355973.7385061826
 30
0.0
 40
0.8
 41
0.0
 46
0.0
 71
     5
 72
     1
  1
\A1;7.71
  7
AAAA
 11
0.7076306190918772
 21
-0.7065825549245091
 31
0.0
 73
     1
 44
1.0
  0
POINT
  5
150DD9
330
150DCA
100
AcDbEntity
  8
Defpoints
  6
1086-X-TOPO$0$HIDDEN
 62
     0
440
 16777216
100
AcDbPoint
 10
353776.5186237836
 20
355976.8079758101
 30
1118.9158
  0
POINT
  5
150DDA
330
150DCA
100
AcDbEntity
  8
Defpoints
  6
1086-X-TOPO$0$HIDDEN
 62
     0
440
 16777216
100
AcDbPoint
 10
353781.9775031919
 20
355971.35718149
 30
1118.9158
  0
POINT
  5
150DDB
330
150DCA
100
AcDbEntity
  8
Defpoints
  6
1086-X-TOPO$0$HIDDEN
 62
     0
440
 16777216
100
AcDbPoint
 10
353781.2865581229
 20
355970.6652115516
 30
0.0
  0
ENDBLK
  5
150DCC
330
150DCA
100
AcDbEntity
  8
0
 62
     1
100
AcDbBlockEnd
  0
ENDSEC
  0
SECTION
  2
ENTITIES
  0
POINT
  5
3F30
330
1F
100
AcDbEntity
  8
station
100
AcDbPoint
 10
237635.573767696
 20
1139357.508886902
 30
861.5
  0
TEXT
  5
3F31
330
1F
100
AcDbEntity
  8
station_Mark
100
AcDbText
 10
237635.573767696
 20
1139357.508886902
 30
861.5
 40
0.2000000029802322
  1
 ct055
100
AcDbText
  0
TEXT
  5
3F32
330
1F
100
AcDbEntity
  8
station_point_desc_Mark
100
AcDbText
 10
237635.573767696
 20
1139357.808886907
 30
861.5
 40
0.2000000029802322
  1
(station)
100
AcDbText
  0
POINT
  5
3F35
330
1F
100
AcDbEntity
  8
backsight-Resection
100
AcDbPoint
 10
237659.101
 20
1139364.38
 30
861.986
  0
TEXT
  5
3F36
330
1F
100
AcDbEntity
  8
backsight-Resection_Mark
100
AcDbText
 10
237659.101
 20
1139364.38
 30
861.986
 40
0.2000000029802322
  1
 a2
100
AcDbText
  0
TEXT
  5
3F37
330
1F
100
AcDbEntity
  8
backsight-Resection_point_desc_Mark
100
AcDbText
 10
237659.101
 20
1139364.680000004
 30
861.986
 40
0.2000000029802322
  1
(backsight-Resection)
100
AcDbText
  0
POINT
  5
3F3A
330
1F
100
AcDbEntity
  8
Obs.ts.td2
100
AcDbPoint
 10
237633.4486272997
 20
1139449.254933354
 30
858.3441999999999
  0
TEXT
  5
3F3B
330
1F
100
AcDbEntity
  8
Obs.ts.td2_Mark
100
AcDbText
 10
237633.4486272997
 20
1139449.254933354
 30
858.3441999999999
 40
0.2000000029802322
  1
 p58-1
100
AcDbText
  0
POINT
  5
3F3E
330
1F
100
AcDbEntity
  8
Obs.ts.td2
100
AcDbPoint
 10
237609.4532590409
 20
1139363.638739055
 30
863.7567999999999
  0
TEXT
  5
3F3F
330
1F
100
AcDbEntity
  8
Obs.ts.td2_Mark
100
AcDbText
 10
237609.4532590409
 20
1139363.638739055
 30
863.7567999999999
 40
0.2000000029802322
  1
 rp.2-1
100
AcDbText
  0
POINT
  5
3F4C
330
1F
100
AcDbEntity
  8
Obs.ts.td2
100
AcDbPoint
 10
353763.5115621953
 20
355973.8604145319
 30
1121.7644
  0
TEXT
  5
3F4D
330
1F
100
AcDbEntity
  8
Obs.ts.td2_Mark
100
AcDbText
 10
353763.5115621953
 20
355973.8604145319
 30
1121.7644
 40
0.2000000029802322
  1
 hangar
100
AcDbText
  0
POINT
  5
3F50
330
1F
100
AcDbEntity
  8
Obs.ts.td2
100
AcDbPoint
 10
353753.2893092446
 20
355971.6716172553
 30
1122.7793
  0
TEXT
  5
3F51
330
1F
100
AcDbEntity
  8
Obs.ts.td2_Mark
100
AcDbText
 10
353753.2893092446
 20
355971.6716172553
 30
1122.7793
 40
0.2000000029802322
  1
 hangar1
100
AcDbText
  0
POINT
  5
3F54
330
1F
100
AcDbEntity
  8
Obs.ts.td2
100
AcDbPoint
 10
353742.8937830478
 20
355969.4161319482
 30
1121.5902
  0
TEXT
  5
3F55
330
1F
100
AcDbEntity
  8
Obs.ts.td2_Mark
100
AcDbText
 10
353742.8937830478
 20
355969.4161319482
 30
1121.5902
 40
0.2000000029802322
  1
 hangar2
100
AcDbText
  0
POINT
  5
3F58
330
1F
100
AcDbEntity
  8
Obs.ts.td2
100
AcDbPoint
 10
353753.4421841173
 20
355921.9877344104
 30
1121.7765
  0
TEXT
  5
3F59
330
1F
100
AcDbEntity
  8
Obs.ts.td2_Mark
100
AcDbText
 10
353753.4421841173
 20
355921.9877344104
 30
1121.7765
 40
0.2000000029802322
  1
 hangar3
100
AcDbText
  0
POINT
  5
3F5C
330
1F
100
AcDbEntity
  8
Obs.ts.td2
100
AcDbPoint
 10
353763.7572785416
 20
355924.2350439163
 30
1122.7886
  0
TEXT
  5
3F5D
330
1F
100
AcDbEntity
  8
Obs.ts.td2_Mark
100
AcDbText
 10
353763.7572785416
 20
355924.2350439163
 30
1122.7886
 40
0.2000000029802322
  1
 hangar4
100
AcDbText
  0
POINT
  5
3F60
330
1F
100
AcDbEntity
  8
Obs.ts.td2
100
AcDbPoint
 10
353774.0092128019
 20
355927.0065809098
 30
1121.7981
  0
TEXT
  5
3F61
330
1F
100
AcDbEntity
  8
Obs.ts.td2_Mark
100
AcDbText
 10
353774.0092128019
 20
355927.0065809098
 30
1121.7981
 40
0.2000000029802322
  1
 hangar5
100
AcDbText
  0
POINT
  5
3F64
330
1F
100
AcDbEntity
  8
Obs.ts.td2
100
AcDbPoint
 10
353797.8732968428
 20
355930.641226316
 30
1127.5129
  0
TEXT
  5
3F65
330
1F
100
AcDbEntity
  8
Obs.ts.td2_Mark
100
AcDbText
 10
353797.8732968428
 20
355930.641226316
 30
1127.5129
 40
0.2000000029802322
  1
 math
100
AcDbText
  0
POINT
  5
3F68
330
1F
100
AcDbEntity
  8
Obs.ts.td2
100
AcDbPoint
 10
353797.4087207926
 20
355972.468482188
 30
1127.071
  0
TEXT
  5
3F69
330
1F
100
AcDbEntity
  8
Obs.ts.td2_Mark
100
AcDbText
 10
353797.4087207926
 20
355972.468482188
 30
1127.071
 40
0.2000000029802322
  1
 math1
100
AcDbText
  0
POINT
  5
3F6C
330
1F
100
AcDbEntity
  8
Obs.ts.td2
100
AcDbPoint
 10
353805.4637957223
 20
355972.6357859587
 30
1126.8501
  0
TEXT
  5
3F6D
102
{ACAD_REACTORS
330
150E6C
102
}
330
1F
100
AcDbEntity
  8
Obs.ts.td2_Mark
100
AcDbText
 10
353805.4637957223
 20
355972.6357859587
 30
1126.8501
 40
0.2000000029802322
  1
 math2
100
AcDbText
  0
POINT
  5
3F70
330
1F
100
AcDbEntity
  8
Obs.ts.td2
100
AcDbPoint
 10
353774.1426964123
 20
355959.1761586233
 30
1125.2019
  0
TEXT
  5
3F71
102
{ACAD_REACTORS
330
150E6C
102
}
330
1F
100
AcDbEntity
  8
Obs.ts.td2_Mark
100
AcDbText
 10
353774.1426964123
 20
355959.1761586233
 30
1125.2019
 40
0.2000000029802322
  1
 gard room
100
AcDbText
  0
POINT
  5
3F74
330
1F
100
AcDbEntity
  8
Obs.ts.td2
100
AcDbPoint
 10
353774.436027158
 20
355955.2166195846
 30
1125.243
  0
TEXT
  5
3F75
102
{ACAD_REACTORS
330
150E6C
102
}
330
1F
100
AcDbEntity
  8
Obs.ts.td2_Mark
100
AcDbText
 10
353774.436027158
 20
355955.2166195846
 30
1125.243
 40
0.2000000029802322
  1
 gard room1
100
AcDbText
  0
POINT
  5
3F78
330
1F
100
AcDbEntity
  8
Obs.ts.td2
100
AcDbPoint
 10
353778.2179636761
 20
355959.5676083255
 30
1125.2238
  0
TEXT
  5
3F79
330
1F
100
AcDbEntity
  8
Obs.ts.td2_Mark
100
AcDbText
 10
353778.2179636761
 20
355959.5676083255
 30
1125.2238
 40
0.2000000029802322
  1
 gard room2
100
AcDbText
  0
POINT
  5
3F7C
330
1F
100
AcDbEntity
  8
Obs.ts.td2
100
AcDbPoint
 10
353777.5219188846
 20
355919.6093840228
 30
1123.1843
  0
TEXT
  5
3F7D
330
1F
100
AcDbEntity
  8
Obs.ts.td2_Mark
100
AcDbText
 10
353777.5219188846
 20
355919.6093840228
 30
1123.1843
 40
0.2000000029802322
  1
 wall
100
AcDbText
  0
POINT
  5
3F80
330
1F
100
AcDbEntity
  8
Obs.ts.td2
100
AcDbPoint
 10
353775.7011066041
 20
355932.2919432118
 30
1122.7618
  0
TEXT
  5
3F81
330
1F
100
AcDbEntity
  8
Obs.ts.td2_Mark
100
AcDbText
 10
353775.7011066041
 20
355932.2919432118
 30
1122.7618
 40
0.2000000029802322
  1
 wall1
100
AcDbText
  0
POINT
  5
3F84
330
1F
100
AcDbEntity
  8
Obs.ts.td2
100
AcDbPoint
 10
353772.5488357017
 20
355959.3658278706
 30
1121.9039
  0
TEXT
  5
3F85
330
1F
100
AcDbEntity
  8
Obs.ts.td2_Mark
100
AcDbText
 10
353772.5488357017
 20
355959.3658278706
 30
1121.9039
 40
0.2000000029802322
  1
 wall2
100
AcDbText
  0
POINT
  5
3F88
330
1F
100
AcDbEntity
  8
Obs.ts.td2
100
AcDbPoint
 10
353769.732370163
 20
355962.6897881101
 30
1120.3169
  0
TEXT
  5
3F89
330
1F
100
AcDbEntity
  8
Obs.ts.td2_Mark
100
AcDbText
 10
353769.732370163
 20
355962.6897881101
 30
1120.3169
 40
0.2000000029802322
  1
 wall3
100
AcDbText
  0
POINT
  5
3F8C
330
1F
100
AcDbEntity
  8
Obs.ts.td2
100
AcDbPoint
 10
353768.4796562084
 20
355969.333234896
 30
1123.1843
  0
TEXT
  5
3F8D
330
1F
100
AcDbEntity
  8
Obs.ts.td2_Mark
100
AcDbText
 10
353768.4796562084
 20
355969.333234896
 30
1123.1843
 40
0.2000000029802322
  1
 wall4
100
AcDbText
  0
POINT
  5
3F90
330
1F
100
AcDbEntity
  8
Obs.ts.td2
100
AcDbPoint
 10
353802.6690511232
 20
355916.9706273169
 30
1125.3483
  0
TEXT
  5
3F91
330
1F
100
AcDbEntity
  8
Obs.ts.td2_Mark
100
AcDbText
 10
353802.6690511232
 20
355916.9706273169
 30
1125.3483
 40
0.2000000029802322
  1
 wall5
100
AcDbText
  0
POINT
  5
3F94
330
1F
100
AcDbEntity
  8
Obs.ts.td2
100
AcDbPoint
 10
353811.0770009064
 20
355931.5275064341
 30
1127.6993
  0
TEXT
  5
3F95
330
1F
100
AcDbEntity
  8
Obs.ts.td2_Mark
100
AcDbText
 10
353811.0770009064
 20
355931.5275064341
 30
1127.6993
 40
0.2000000029802322
  1
 wall6
100
AcDbText
  0
POINT
  5
3F9C
330
1F
100
AcDbEntity
  8
Obs.ts.td2
100
AcDbPoint
 10
353808.7536828297
 20
355936.1978784995
 30
1124.5964
  0
TEXT
  5
3F9D
330
1F
100
AcDbEntity
  8
Obs.ts.td2_Mark
100
AcDbText
 10
353808.7536828297
 20
355936.1978784995
 30
1124.5964
 40
0.2000000029802322
  1
 wall7se1
100
AcDbText
  0
POINT
  5
3FA0
330
1F
100
AcDbEntity
  8
Obs.ts.td2
100
AcDbPoint
 10
353799.0739750651
 20
355915.9424338118
 30
1123.9198
  0
TEXT
  5
3FA1
330
1F
100
AcDbEntity
  8
Obs.ts.td2_Mark
100
AcDbText
 10
353799.0739750651
 20
355915.9424338118
 30
1123.9198
 40
0.2000000029802322
  1
 wall7se2
100
AcDbText
  0
POINT
  5
3FA4
330
1F
100
AcDbEntity
  8
Obs.ts.td2
100
AcDbPoint
 10
353809.797168191
 20
355935.2059297215
 30
1128.1843
  0
TEXT
  5
3FA5
330
1F
100
AcDbEntity
  8
Obs.ts.td2_Mark
100
AcDbText
 10
353809.797168191
 20
355935.2059297215
 30
1128.1843
 40
0.2000000029802322
  1
 wall7se3blook
100
AcDbText
  0
POINT
  5
3FA8
330
1F
100
AcDbEntity
  8
Obs.ts.td2
100
AcDbPoint
 10
353810.0691963553
 20
355977.0415484871
 30
1128.3251
  0
TEXT
  5
3FA9
330
1F
100
AcDbEntity
  8
Obs.ts.td2_Mark
100
AcDbText
 10
353810.0691963553
 20
355977.0415484871
 30
1128.3251
 40
0.2000000029802322
  1
 wall7se3blook1
100
AcDbText
  0
POINT
  5
3FE2
330
1F
100
AcDbEntity
  8
Obs.ts.td2
100
AcDbPoint
 10
353803.9749628224
 20
355971.5795198755
 30
1124.8541
  0
POINT
  5
3FE6
330
1F
100
AcDbEntity
  8
Obs.ts.td2
100
AcDbPoint
 10
353804.0675701682
 20
355977.7043022291
 30
1124.706
  0
POINT
  5
3FEE
330
1F
100
AcDbEntity
  8
Obs.ts.td2
100
AcDbPoint
 10
353807.4192027917
 20
355971.8235407769
 30
1124.9406
  0
POINT
  5
3FF2
330
1F
100
AcDbEntity
  8
Obs.ts.td2
100
AcDbPoint
 10
353808.6251798324
 20
355979.5187446722
 30
1126.65
  0
TEXT
  5
3FF3
330
1F
100
AcDbEntity
  8
Obs.ts.td2_Mark
100
AcDbText
 10
353808.6251798324
 20
355979.5187446722
 30
1126.65
 40
0.2000000029802322
  1
 wwaall
100
AcDbText
  0
POINT
  5
3FFE
330
1F
100
AcDbEntity
  8
Obs.ts.td2
100
AcDbPoint
 10
353782.9587645673
 20
355979.6096139605
 30
1121.2031
  0
TEXT
  5
3FFF
330
1F
100
AcDbEntity
  8
Obs.ts.td2_Mark
100
AcDbText
 10
353782.9587645673
 20
355979.6096139605
 30
1121.2031
 40
0.2000000029802322
  1
 wwaall2sen1
100
AcDbText
  0
POINT
  5
4002
330
1F
100
AcDbEntity
  8
Obs.ts.td2
100
AcDbPoint
 10
353781.9775031919
 20
355971.35718149
 30
1120.9977
  0
TEXT
  5
4003
330
1F
100
AcDbEntity
  8
Obs.ts.td2_Mark
100
AcDbText
 10
353781.9775031919
 20
355971.35718149
 30
1120.9977
 40
0.2000000029802322
  1
 wwaall2sen2
100
AcDbText
  0
POINT
  5
4006
330
1F
100
AcDbEntity
  8
Obs.ts.td2
100
AcDbPoint
 10
353776.5186237836
 20
355976.8079758101
 30
1118.9158
  0
TEXT
  5
4007
330
1F
100
AcDbEntity
  8
Obs.ts.td2_Mark
100
AcDbText
 10
353776.5186237836
 20
355976.8079758101
 30
1118.9158
 40
0.2000000029802322
  1
 wwaall2sen3
100
AcDbText
  0
POINT
  5
400A
330
1F
100
AcDbEntity
  8
Obs.ts.td2
100
AcDbPoint
 10
353741.3765586071
 20
355970.6372648467
 30
1114.6636
  0
TEXT
  5
400B
330
1F
100
AcDbEntity
  8
Obs.ts.td2_Mark
100
AcDbText
 10
353741.3765586071
 20
355970.6372648467
 30
1114.6636
 40
0.2000000029802322
  1
 wwaalra
100
AcDbText
  0
POINT
  5
400E
330
1F
100
AcDbEntity
  8
Obs.ts.td2
100
AcDbPoint
 10
353770.3452233023
 20
355969.1517016374
 30
1118.9375
  0
TEXT
  5
400F
330
1F
100
AcDbEntity
  8
Obs.ts.td2_Mark
100
AcDbText
 10
353770.3452233023
 20
355969.1517016374
 30
1118.9375
 40
0.2000000029802322
  1
 raseef
100
AcDbText
  0
POINT
  5
4016
330
1F
100
AcDbEntity
  8
Obs.ts.td2
100
AcDbPoint
 10
353781.338140579
 20
355923.7430710576
 30
1122.601
  0
TEXT
  5
4017
330
1F
100
AcDbEntity
  8
Obs.ts.td2_Mark
100
AcDbText
 10
353781.338140579
 20
355923.7430710576
 30
1122.601
 40
0.2000000029802322
  1
 raseef2
100
AcDbText
  0
POINT
  5
401A
330
1F
100
AcDbEntity
  8
Obs.ts.td2
100
AcDbPoint
 10
353780.2806382453
 20
355923.3254061449
 30
1122.6711
  0
TEXT
  5
401B
330
1F
100
AcDbEntity
  8
Obs.ts.td2_Mark
100
AcDbText
 10
353780.2806382453
 20
355923.3254061449
 30
1122.6711
 40
0.2000000029802322
  1
 raseef3
100
AcDbText
  0
POINT
  5
401E
330
1F
100
AcDbEntity
  8
Obs.ts.td2
100
AcDbPoint
 10
353780.6094113576
 20
355920.9523730469
 30
1122.468
  0
TEXT
  5
401F
330
1F
100
AcDbEntity
  8
Obs.ts.td2_Mark
100
AcDbText
 10
353780.6094113576
 20
355920.9523730469
 30
1122.468
 40
0.2000000029802322
  1
 raseef4
100
AcDbText
  0
POINT
  5
402A
330
1F
100
AcDbEntity
  8
Obs.ts.td2
100
AcDbPoint
 10
353793.5204859959
 20
355971.9129407525
 30
1125.5669
  0
TEXT
  5
402B
330
1F
100
AcDbEntity
  8
Obs.ts.td2_Mark
100
AcDbText
 10
353793.5204859959
 20
355971.9129407525
 30
1125.5669
 40
0.2000000029802322
  1
 raseef7
100
AcDbText
  0
POINT
  5
402E
330
1F
100
AcDbEntity
  8
Obs.ts.td2
100
AcDbPoint
 10
353796.2389270167
 20
355969.6058104025
 30
1121.7875
  0
TEXT
  5
402F
330
1F
100
AcDbEntity
  8
Obs.ts.td2_Mark
100
AcDbText
 10
353796.2389270167
 20
355969.6058104025
 30
1121.7875
 40
0.2000000029802322
  1
 raseef8
100
AcDbText
  0
POINT
  5
4032
330
1F
100
AcDbEntity
  8
Obs.ts.td2
100
AcDbPoint
 10
353805.4116196643
 20
355969.3487178508
 30
1122.396
  0
TEXT
  5
4033
330
1F
100
AcDbEntity
  8
Obs.ts.td2_Mark
100
AcDbText
 10
353805.4116196643
 20
355969.3487178508
 30
1122.396
 40
0.2000000029802322
  1
 raseef9
100
AcDbText
  0
POINT
  5
4048
330
1F
100
AcDbEntity
  8
Obs.ts.td2
100
AcDbPoint
 10
353750.5663326181
 20
355921.8507709289
 30
1119.3926
  0
TEXT
  5
4049
330
1F
100
AcDbEntity
  8
Obs.ts.td2_Mark
100
AcDbText
 10
353750.5663326181
 20
355921.8507709289
 30
1119.3926
 40
0.2000000029802322
  1
 wallblok
100
AcDbText
  0
POINT
  5
404C
330
1F
100
AcDbEntity
  8
Obs.ts.td2
100
AcDbPoint
 10
353750.6184861793
 20
355921.8461717978
 30
1119.5201
  0
TEXT
  5
404D
330
1F
100
AcDbEntity
  8
Obs.ts.td2_Mark
100
AcDbText
 10
353750.6184861793
 20
355921.8461717978
 30
1119.5201
 40
0.2000000029802322
  1
 wallblok1
100
AcDbText
  0
POINT
  5
4050
330
1F
100
AcDbEntity
  8
Obs.ts.td2
100
AcDbPoint
 10
353777.4125715099
 20
355919.4672791561
 30
1122.4981
  0
TEXT
  5
4051
330
1F
100
AcDbEntity
  8
Obs.ts.td2_Mark
100
AcDbText
 10
353777.4125715099
 20
355919.4672791561
 30
1122.4981
 40
0.2000000029802322
  1
 wallblok2
100
AcDbText
  0
POINT
  5
4054
330
1F
100
AcDbEntity
  8
Obs.ts.td2
100
AcDbPoint
 10
353780.4370400034
 20
355917.5981789298
 30
1122.0625
  0
TEXT
  5
4055
330
1F
100
AcDbEntity
  8
Obs.ts.td2_Mark
100
AcDbText
 10
353780.4370400034
 20
355917.5981789298
 30
1122.0625
 40
0.2000000029802322
  1
 rasef
100
AcDbText
  0
POINT
  5
4058
330
1F
100
AcDbEntity
  8
Obs.ts.td2
100
AcDbPoint
 10
353778.1712040789
 20
355917.8375769172
 30
1121.7712
  0
TEXT
  5
4059
330
1F
100
AcDbEntity
  8
Obs.ts.td2_Mark
100
AcDbText
 10
353778.1712040789
 20
355917.8375769172
 30
1121.7712
 40
0.2000000029802322
  1
 rasef1
100
AcDbText
  0
POINT
  5
405C
330
1F
100
AcDbEntity
  8
Obs.ts.td2
100
AcDbPoint
 10
353776.8574090916
 20
355954.2562600472
 30
1121.6288
  0
TEXT
  5
405D
330
1F
100
AcDbEntity
  8
Obs.ts.td2_Mark
100
AcDbText
 10
353776.8574090916
 20
355954.2562600472
 30
1121.6288
 40
0.2000000029802322
  1
 rasef2
100
AcDbText
  0
POINT
  5
4060
330
1F
100
AcDbEntity
  8
Obs.ts.td2
100
AcDbPoint
 10
353779.6849518385
 20
355954.6296782691
 30
1121.5726
  0
TEXT
  5
4061
330
1F
100
AcDbEntity
  8
Obs.ts.td2_Mark
100
AcDbText
 10
353779.6849518385
 20
355954.6296782691
 30
1121.5726
 40
0.2000000029802322
  1
 rasef3
100
AcDbText
  0
POINT
  5
4064
330
1F
100
AcDbEntity
  8
Obs.ts.td2
100
AcDbPoint
 10
353783.1255191951
 20
355969.2365101016
 30
1125.5669
  0
TEXT
  5
4065
330
1F
100
AcDbEntity
  8
Obs.ts.td2_Mark
100
AcDbText
 10
353783.1255191951
 20
355969.2365101016
 30
1125.5669
 40
0.2000000029802322
  1
 rasef4
100
AcDbText
  0
POINT
  5
4068
330
1F
100
AcDbEntity
  8
Obs.ts.td2
100
AcDbPoint
 10
353785.5298904883
 20
355959.1192138562
 30
1121.5833
  0
TEXT
  5
4069
330
1F
100
AcDbEntity
  8
Obs.ts.td2_Mark
100
AcDbText
 10
353785.5298904883
 20
355959.1192138562
 30
1121.5833
 40
0.2000000029802322
  1
 rasef5
100
AcDbText
  0
POINT
  5
4078
330
1F
100
AcDbEntity
  8
Obs.ts.td2
100
AcDbPoint
 10
353798.703642795
 20
355915.8985621613
 30
1125.5669
  0
TEXT
  5
4079
330
1F
100
AcDbEntity
  8
Obs.ts.td2_Mark
100
AcDbText
 10
353798.703642795
 20
355915.8985621613
 30
1125.5669
 40
0.2000000029802322
  1
 rasssef
100
AcDbText
  0
POINT
  5
407C
330
1F
100
AcDbEntity
  8
Obs.ts.td2
100
AcDbPoint
 10
353798.2311349985
 20
355919.2726677518
 30
1125.2213
  0
TEXT
  5
407D
330
1F
100
AcDbEntity
  8
Obs.ts.td2_Mark
100
AcDbText
 10
353798.2311349985
 20
355919.2726677518
 30
1125.2213
 40
0.2000000029802322
  1
 rasssef1
100
AcDbText
  0
POINT
  5
4080
330
1F
100
AcDbEntity
  8
Obs.ts.td2
100
AcDbPoint
 10
353803.7052664734
 20
355932.5293382253
 30
1124.9786
  0
TEXT
  5
4081
330
1F
100
AcDbEntity
  8
Obs.ts.td2_Mark
100
AcDbText
 10
353803.7052664734
 20
355932.5293382253
 30
1124.9786
 40
0.2000000029802322
  1
 rasssef2
100
AcDbText
  0
POINT
  5
4084
330
1F
100
AcDbEntity
  8
Obs.ts.td2
100
AcDbPoint
 10
353798.4578295489
 20
355932.6177633305
 30
1124.9078
  0
TEXT
  5
4085
330
1F
100
AcDbEntity
  8
Obs.ts.td2_Mark
100
AcDbText
 10
353798.4578295489
 20
355932.6177633305
 30
1124.9078
 40
0.2000000029802322
  1
 rasssef3
100
AcDbText
  0
POINT
  5
4088
330
1F
100
AcDbEntity
  8
Obs.ts.td2
100
AcDbPoint
 10
353797.6933951965
 20
355933.0186412447
 30
1124.9124
  0
TEXT
  5
4089
330
1F
100
AcDbEntity
  8
Obs.ts.td2_Mark
100
AcDbText
 10
353797.6933951965
 20
355933.0186412447
 30
1124.9124
 40
0.2000000029802322
  1
 rasssef4
100
AcDbText
  0
POINT
  5
408C
330
1F
100
AcDbEntity
  8
Obs.ts.td2
100
AcDbPoint
 10
353798.2014243456
 20
355933.6559712965
 30
1124.9219
  0
TEXT
  5
408D
330
1F
100
AcDbEntity
  8
Obs.ts.td2_Mark
100
AcDbText
 10
353798.2014243456
 20
355933.6559712965
 30
1124.9219
 40
0.2000000029802322
  1
 rasssef5
100
AcDbText
  0
POINT
  5
4090
330
1F
100
AcDbEntity
  8
Obs.ts.td2
100
AcDbPoint
 10
353805.6991334108
 20
355933.6088239876
 30
1124.955
  0
TEXT
  5
4091
330
1F
100
AcDbEntity
  8
Obs.ts.td2_Mark
100
AcDbText
 10
353805.6991334108
 20
355933.6088239876
 30
1124.955
 40
0.2000000029802322
  1
 rasssef6
100
AcDbText
  0
LWPOLYLINE
  5
1503AD
330
1F
100
AcDbEntity
  8
0
 62
     3
100
AcDbPolyline
 90
        2
 70
     0
 43
0.0
 38
1127.071
 10
353797.4087207926
 20
355972.468482188
 10
353805.4637957223
 20
355972.6357859587
  0
LWPOLYLINE
  5
1503AE
330
1F
100
AcDbEntity
  8
0
  6
1086-X-TOPO$0$HIDDEN
 62
     2
100
AcDbPolyline
 90
        2
 70
     0
 43
0.0
 38
1127.5129
 10
353797.8732968428
 20
355930.641226316
 10
353797.4087207926
 20
355972.468482188
  0
LWPOLYLINE
  5
1503AF
330
1F
100
AcDbEntity
  8
0
 62
     2
100
AcDbPolyline
 90
        2
 70
     0
 43
0.0
 38
1126.8501
 10
353805.9283717725
 20
355930.8085300868
 10
353805.4637957223
 20
355972.6357859587
  0
LWPOLYLINE
  5
1503B1
102
{ACAD_REACTORS
330
150D66
330
150D7A
330
150E6C
102
}
330
1F
100
AcDbEntity
  8
0
  6
1086-X-TOPO$0$HIDDEN
 62
     3
100
AcDbPolyline
 90
        4
 70
     1
 43
0.0
 38
1126.8501
 10
353805.9283717725
 20
355930.8085300868
 10
353797.8732968428
 20
355930.641226316
 10
353797.4087207926
 20
355972.468482188
 10
353805.4637957223
 20
355972.6357859587
  0
LWPOLYLINE
  5
1503BF
102
{ACAD_REACTORS
330
150D8E
330
150DA2
102
}
330
1F
100
AcDbEntity
  8
0
  6
1086-X-TOPO$0$HIDDEN
 62
     3
100
AcDbPolyline
 90
        6
 70
     1
 43
0.0
 38
1121.7644
 10
353763.5115621953
 20
355973.8604145319
 10
353753.2893092446
 20
355971.6716172553
 10
353742.8937830478
 20
355969.4161319482
 10
353753.4421841173
 20
355921.9877344104
 10
353763.7572785416
 20
355924.2350439163
 10
353774.0092128019
 20
355927.0065809098
  0
LWPOLYLINE
  5
1503C0
330
1F
100
AcDbEntity
  8
0
  6
1086-X-TOPO$0$HIDDEN
 62
     3
100
AcDbPolyline
 90
        3
 70
     0
 43
0.0
 38
1125.1468
 10
353777.8823790322
 20
355925.8931682081
 10
353779.8559031995
 20
355926.1905160763
 10
353779.4147178201
 20
355929.1442296426
  0
LWPOLYLINE
  5
1503C1
330
1F
100
AcDbEntity
  8
0
  6
1086-X-TOPO$0$HIDDEN
 62
     3
100
AcDbPolyline
 90
        2
 70
     0
 43
0.0
 38
1125.1468
 10
353777.8823790322
 20
355925.8931682081
 10
353777.4411936528
 20
355928.8468817744
  0
LWPOLYLINE
  5
1503C2
330
1F
100
AcDbEntity
  8
0
  6
1086-X-TOPO$0$HIDDEN
 62
     3
100
AcDbPolyline
 90
        4
 70
     1
 43
0.0
 38
1125.1468
 10
353777.4411936528
 20
355928.8468817744
 10
353779.4150932835
 20
355929.1417159342
 10
353779.8559031995
 20
355926.1905160763
 10
353777.8820035688
 20
355925.8956819166
  0
LWPOLYLINE
  5
1503CB
330
1F
100
AcDbEntity
  8
0
 62
     6
100
AcDbPolyline
 90
        3
 70
     0
 43
0.0
 38
1118.9158
 10
353776.5186237836
 20
355976.8079758101
 10
353781.9775031919
 20
355971.35718149
 10
353782.9054128855
 20
355979.1609249948
  0
LWPOLYLINE
  5
1503CC
330
1F
100
AcDbEntity
  8
0
 62
     6
100
AcDbPolyline
 90
        3
 70
     0
 43
0.0
 38
1128.3251
 10
353810.0691963553
 20
355977.0415484871
 10
353809.0271549499
 20
355936.2411568787
 10
353799.0739750651
 20
355915.9424338118
  0
LWPOLYLINE
  5
1503CD
330
1F
100
AcDbEntity
  8
0
 62
     6
100
AcDbPolyline
 90
        2
 70
     0
 43
0.0
 38
1125.3483
 10
353802.6690511232
 20
355916.9706273169
 10
353811.0770009064
 20
355931.5275064341
  0
LWPOLYLINE
  5
1503CE
330
1F
100
AcDbEntity
  8
0
 62
     6
100
AcDbPolyline
 90
        2
 70
     0
 43
0.0
 38
1125.3483
 10
353802.8855347279
 20
355916.8455879274
 10
353811.2934845111
 20
355931.4024670447
  0
LWPOLYLINE
  5
1503CF
102
{ACAD_REACTORS
330
150C05
102
}
330
1F
100
AcDbEntity
  8
0
 62
     6
100
AcDbPolyline
 90
        3
 70
     0
 43
0.0
 38
1128.3251
 10
353810.5690333623
 20
355977.0287826572
 10
353809.5242018652
 20
355936.1191469859
 10
353799.5229107265
 20
355915.7223048224
  0
LWPOLYLINE
  5
1503D0
330
1F
100
AcDbEntity
  8
0
 62
     6
100
AcDbPolyline
 90
        3
 70
     0
 43
0.0
 38
1118.9158
 10
353776.8719150611
 20
355977.1617911196
 10
353781.6025194255
 20
355972.438193203
 10
353782.4052840654
 20
355979.1894637073
  0
LWPOLYLINE
  5
1503DB
330
1F
100
AcDbEntity
  8
0
 62
     4
100
AcDbPolyline
 90
        9
 70
     0
 43
0.0
 38
1118.9375
 10
353770.3452233023
 20
355969.1517016374
 10
353785.5298904883
 20
355959.1192138562
 10
353779.6849518385
 20
355954.6296782691
 10
353776.8574090916
 20
355954.2562600472
 10
353781.338140579
 20
355923.7430710576
 10
353780.2806382453
 20
355923.3254061449
 10
353780.6094113576
 20
355920.9523730469
 10
353781.9571917331
 20
355921.0600314946
 10
353781.4797533773
 20
355917.5114863299
  0
POINT
  5
150412
330
1F
100
AcDbEntity
  8
Survey.td2
100
AcDbPoint
 10
195897.0856233083
 20
969980.5996002361
 30
1121.2945
  0
TEXT
  5
150413
330
1F
100
AcDbEntity
  8
Survey.td2_Mark
100
AcDbText
 10
195897.0856233083
 20
969980.5996002361
 30
1121.2945
 40
0.2000000029802322
  1
 0
100
AcDbText
  0
POINT
  5
150415
330
1F
100
AcDbEntity
  8
Survey.td2
100
AcDbPoint
 10
195893.5605358709
 20
969978.8386316006
 30
1121.1534
  0
TEXT
  5
150416
330
1F
100
AcDbEntity
  8
Survey.td2_Mark
100
AcDbText
 10
195893.5605358709
 20
969978.8386316006
 30
1121.1534
 40
0.2000000029802322
  1
 1
100
AcDbText
  0
POINT
  5
150418
330
1F
100
AcDbEntity
  8
Survey.td2
100
AcDbPoint
 10
195892.9754482941
 20
969979.0371142745
 30
1121.1486
  0
TEXT
  5
150419
330
1F
100
AcDbEntity
  8
Survey.td2_Mark
100
AcDbText
 10
195892.9754482941
 20
969979.0371142745
 30
1121.1486
 40
0.2000000029802322
  1
 2
100
AcDbText
  0
POINT
  5
15041B
330
1F
100
AcDbEntity
  8
Survey.td2
100
AcDbPoint
 10
195890.3806787992
 20
969980.1044301237
 30
1120.7568
  0
TEXT
  5
15041C
330
1F
100
AcDbEntity
  8
Survey.td2_Mark
100
AcDbText
 10
195890.3806787992
 20
969980.1044301237
 30
1120.7568
 40
0.2000000029802322
  1
 3
100
AcDbText
  0
POINT
  5
15041E
330
1F
100
AcDbEntity
  8
Survey.td2
100
AcDbPoint
 10
195890.5280841837
 20
969988.108503256
 30
1121.3018
  0
TEXT
  5
15041F
330
1F
100
AcDbEntity
  8
Survey.td2_Mark
100
AcDbText
 10
195890.5280841837
 20
969988.108503256
 30
1121.3018
 40
0.2000000029802322
  1
 4
100
AcDbText
  0
POINT
  5
150421
330
1F
100
AcDbEntity
  8
Survey.td2
100
AcDbPoint
 10
195896.8982475731
 20
969987.9816678247
 30
1121.5214
  0
TEXT
  5
150422
330
1F
100
AcDbEntity
  8
Survey.td2_Mark
100
AcDbText
 10
195896.8982475731
 20
969987.9816678247
 30
1121.5214
 40
0.2000000029802322
  1
 5
100
AcDbText
  0
POINT
  5
150424
330
1F
100
AcDbEntity
  8
Survey.td2
100
AcDbPoint
 10
195898.6477490212
 20
969986.532216007
 30
1121.5756
  0
TEXT
  5
150425
330
1F
100
AcDbEntity
  8
Survey.td2_Mark
100
AcDbText
 10
195898.6477490212
 20
969986.532216007
 30
1121.5756
 40
0.2000000029802322
  1
 6
100
AcDbText
  0
POINT
  5
150427
330
1F
100
AcDbEntity
  8
Survey.td2
100
AcDbPoint
 10
195897.322487852
 20
969982.9092070421
 30
1121.3808
  0
TEXT
  5
150428
330
1F
100
AcDbEntity
  8
Survey.td2_Mark
100
AcDbText
 10
195897.322487852
 20
969982.9092070421
 30
1121.3808
 40
0.2000000029802322
  1
 7
100
AcDbText
  0
POINT
  5
15042A
330
1F
100
AcDbEntity
  8
Survey.td2
100
AcDbPoint
 10
195896.4793627913
 20
969983.8106472711
 30
1121.5562
  0
TEXT
  5
15042B
330
1F
100
AcDbEntity
  8
Survey.td2_Mark
100
AcDbText
 10
195896.4793627913
 20
969983.8106472711
 30
1121.5562
 40
0.2000000029802322
  1
 8
100
AcDbText
  0
POINT
  5
15042D
330
1F
100
AcDbEntity
  8
Survey.td2
100
AcDbPoint
 10
195896.7396399682
 20
969982.8480981851
 30
1121.5423
  0
TEXT
  5
15042E
330
1F
100
AcDbEntity
  8
Survey.td2_Mark
100
AcDbText
 10
195896.7396399682
 20
969982.8480981851
 30
1121.5423
 40
0.2000000029802322
  1
 9
100
AcDbText
  0
POINT
  5
150430
330
1F
100
AcDbEntity
  8
Survey.td2
100
AcDbPoint
 10
195897.1157598471
 20
969982.8870824143
 30
1121.3427
  0
TEXT
  5
150431
330
1F
100
AcDbEntity
  8
Survey.td2_Mark
100
AcDbText
 10
195897.1157598471
 20
969982.8870824143
 30
1121.3427
 40
0.2000000029802322
  1
 10
100
AcDbText
  0
POINT
  5
150433
330
1F
100
AcDbEntity
  8
Survey.td2
100
AcDbPoint
 10
195895.8134216448
 20
969982.858760558
 30
1121.6741
  0
TEXT
  5
150434
330
1F
100
AcDbEntity
  8
Survey.td2_Mark
100
AcDbText
 10
195895.8134216448
 20
969982.858760558
 30
1121.6741
 40
0.2000000029802322
  1
 11
100
AcDbText
  0
LWPOLYLINE
  5
150436
330
1F
100
AcDbEntity
  8
0
100
AcDbPolyline
 90
       10
 70
     1
 43
0.0
 38
1121.1534
 10
195893.5605358709
 20
969978.8386316006
 10
195892.9754482941
 20
969979.0371142745
 10
195890.3806787992
 20
969980.1044301237
 10
195890.5280841837
 20
969988.108503256
 10
195896.8982475731
 20
969987.9816678247
 10
195898.6477490212
 20
969986.532216007
 10
195897.322487852
 20
969982.9092070421
 10
195896.4793627913
 20
969983.8106472711
 10
195895.8134216448
 20
969982.858760558
 10
195897.0856233083
 20
969980.5996002361
  0
POINT
  5
150460
330
1F
100
AcDbEntity
  8
Survey.td2
100
AcDbPoint
 10
195897.0856233083
 20
969980.5996002361
 30
1121.2945
  0
TEXT
  5
150461
330
1F
100
AcDbEntity
  8
Survey.td2_Mark
100
AcDbText
 10
195897.0856233083
 20
969980.5996002361
 30
1121.2945
 40
0.2000000029802322
  1
 0
100
AcDbText
  0
POINT
  5
150463
330
1F
100
AcDbEntity
  8
Survey.td2
100
AcDbPoint
 10
195893.5605358709
 20
969978.8386316006
 30
1121.1534
  0
TEXT
  5
150464
330
1F
100
AcDbEntity
  8
Survey.td2_Mark
100
AcDbText
 10
195893.5605358709
 20
969978.8386316006
 30
1121.1534
 40
0.2000000029802322
  1
 1
100
AcDbText
  0
POINT
  5
150466
330
1F
100
AcDbEntity
  8
Survey.td2
100
AcDbPoint
 10
195892.9754482941
 20
969979.0371142745
 30
1121.1486
  0
TEXT
  5
150467
330
1F
100
AcDbEntity
  8
Survey.td2_Mark
100
AcDbText
 10
195892.9754482941
 20
969979.0371142745
 30
1121.1486
 40
0.2000000029802322
  1
 2
100
AcDbText
  0
POINT
  5
150469
330
1F
100
AcDbEntity
  8
Survey.td2
100
AcDbPoint
 10
195890.3806787992
 20
969980.1044301237
 30
1120.7568
  0
TEXT
  5
15046A
330
1F
100
AcDbEntity
  8
Survey.td2_Mark
100
AcDbText
 10
195890.3806787992
 20
969980.1044301237
 30
1120.7568
 40
0.2000000029802322
  1
 3
100
AcDbText
  0
POINT
  5
15046C
330
1F
100
AcDbEntity
  8
Survey.td2
100
AcDbPoint
 10
195890.5280841837
 20
969988.108503256
 30
1121.3018
  0
TEXT
  5
15046D
330
1F
100
AcDbEntity
  8
Survey.td2_Mark
100
AcDbText
 10
195890.5280841837
 20
969988.108503256
 30
1121.3018
 40
0.2000000029802322
  1
 4
100
AcDbText
  0
POINT
  5
15046F
330
1F
100
AcDbEntity
  8
Survey.td2
100
AcDbPoint
 10
195896.8982475731
 20
969987.9816678247
 30
1121.5214
  0
TEXT
  5
150470
330
1F
100
AcDbEntity
  8
Survey.td2_Mark
100
AcDbText
 10
195896.8982475731
 20
969987.9816678247
 30
1121.5214
 40
0.2000000029802322
  1
 5
100
AcDbText
  0
POINT
  5
150472
330
1F
100
AcDbEntity
  8
Survey.td2
100
AcDbPoint
 10
195898.6477490212
 20
969986.532216007
 30
1121.5756
  0
TEXT
  5
150473
330
1F
100
AcDbEntity
  8
Survey.td2_Mark
100
AcDbText
 10
195898.6477490212
 20
969986.532216007
 30
1121.5756
 40
0.2000000029802322
  1
 6
100
AcDbText
  0
POINT
  5
150475
330
1F
100
AcDbEntity
  8
Survey.td2
100
AcDbPoint
 10
195897.322487852
 20
969982.9092070421
 30
1121.3808
  0
TEXT
  5
150476
330
1F
100
AcDbEntity
  8
Survey.td2_Mark
100
AcDbText
 10
195897.322487852
 20
969982.9092070421
 30
1121.3808
 40
0.2000000029802322
  1
 7
100
AcDbText
  0
POINT
  5
150478
330
1F
100
AcDbEntity
  8
Survey.td2
100
AcDbPoint
 10
195896.4793627913
 20
969983.8106472711
 30
1121.5562
  0
TEXT
  5
150479
330
1F
100
AcDbEntity
  8
Survey.td2_Mark
100
AcDbText
 10
195896.4793627913
 20
969983.8106472711
 30
1121.5562
 40
0.2000000029802322
  1
 8
100
AcDbText
  0
POINT
  5
15047B
330
1F
100
AcDbEntity
  8
Survey.td2
100
AcDbPoint
 10
195896.7396399682
 20
969982.8480981851
 30
1121.5423
  0
TEXT
  5
15047C
330
1F
100
AcDbEntity
  8
Survey.td2_Mark
100
AcDbText
 10
195896.7396399682
 20
969982.8480981851
 30
1121.5423
 40
0.2000000029802322
  1
 9
100
AcDbText
  0
POINT
  5
15047E
330
1F
100
AcDbEntity
  8
Survey.td2
100
AcDbPoint
 10
195897.1157598471
 20
969982.8870824143
 30
1121.3427
  0
TEXT
  5
15047F
330
1F
100
AcDbEntity
  8
Survey.td2_Mark
100
AcDbText
 10
195897.1157598471
 20
969982.8870824143
 30
1121.3427
 40
0.2000000029802322
  1
 10
100
AcDbText
  0
POINT
  5
150481
330
1F
100
AcDbEntity
  8
Survey.td2
100
AcDbPoint
 10
195895.8134216448
 20
969982.858760558
 30
1121.6741
  0
TEXT
  5
150482
330
1F
100
AcDbEntity
  8
Survey.td2_Mark
100
AcDbText
 10
195895.8134216448
 20
969982.858760558
 30
1121.6741
 40
0.2000000029802322
  1
 11
100
AcDbText
  0
LWPOLYLINE
  5
150484
330
1F
100
AcDbEntity
  8
0
100
AcDbPolyline
 90
       10
 70
     1
 43
0.0
 38
1121.1534
 10
195893.5605358709
 20
969978.8386316006
 10
195892.9754482941
 20
969979.0371142745
 10
195890.3806787992
 20
969980.1044301237
 10
195890.5280841837
 20
969988.108503256
 10
195896.8982475731
 20
969987.9816678247
 10
195898.6477490212
 20
969986.532216007
 10
195897.322487852
 20
969982.9092070421
 10
195896.4793627913
 20
969983.8106472711
 10
195895.8134216448
 20
969982.858760558
 10
195897.0856233083
 20
969980.5996002361
  0
POINT
  5
1504AE
330
1F
100
AcDbEntity
  8
Survey.td2
100
AcDbPoint
 10
195897.0856233083
 20
969980.5996002361
 30
1121.2945
  0
TEXT
  5
1504AF
330
1F
100
AcDbEntity
  8
Survey.td2_Mark
100
AcDbText
 10
195897.0856233083
 20
969980.5996002361
 30
1121.2945
 40
0.2000000029802322
  1
 0
100
AcDbText
  0
POINT
  5
1504B1
330
1F
100
AcDbEntity
  8
Survey.td2
100
AcDbPoint
 10
195893.5605358709
 20
969978.8386316006
 30
1121.1534
  0
TEXT
  5
1504B2
330
1F
100
AcDbEntity
  8
Survey.td2_Mark
100
AcDbText
 10
195893.5605358709
 20
969978.8386316006
 30
1121.1534
 40
0.2000000029802322
  1
 1
100
AcDbText
  0
POINT
  5
1504B4
330
1F
100
AcDbEntity
  8
Survey.td2
100
AcDbPoint
 10
195892.9754482941
 20
969979.0371142745
 30
1121.1486
  0
TEXT
  5
1504B5
330
1F
100
AcDbEntity
  8
Survey.td2_Mark
100
AcDbText
 10
195892.9754482941
 20
969979.0371142745
 30
1121.1486
 40
0.2000000029802322
  1
 2
100
AcDbText
  0
POINT
  5
1504B7
330
1F
100
AcDbEntity
  8
Survey.td2
100
AcDbPoint
 10
195890.3806787992
 20
969980.1044301237
 30
1120.7568
  0
TEXT
  5
1504B8
330
1F
100
AcDbEntity
  8
Survey.td2_Mark
100
AcDbText
 10
195890.3806787992
 20
969980.1044301237
 30
1120.7568
 40
0.2000000029802322
  1
 3
100
AcDbText
  0
POINT
  5
1504BA
330
1F
100
AcDbEntity
  8
Survey.td2
100
AcDbPoint
 10
195890.5280841837
 20
969988.108503256
 30
1121.3018
  0
TEXT
  5
1504BB
330
1F
100
AcDbEntity
  8
Survey.td2_Mark
100
AcDbText
 10
195890.5280841837
 20
969988.108503256
 30
1121.3018
 40
0.2000000029802322
  1
 4
100
AcDbText
  0
POINT
  5
1504BD
330
1F
100
AcDbEntity
  8
Survey.td2
100
AcDbPoint
 10
195896.8982475731
 20
969987.9816678247
 30
1121.5214
  0
TEXT
  5
1504BE
330
1F
100
AcDbEntity
  8
Survey.td2_Mark
100
AcDbText
 10
195896.8982475731
 20
969987.9816678247
 30
1121.5214
 40
0.2000000029802322
  1
 5
100
AcDbText
  0
POINT
  5
1504C0
330
1F
100
AcDbEntity
  8
Survey.td2
100
AcDbPoint
 10
195898.6477490212
 20
969986.532216007
 30
1121.5756
  0
TEXT
  5
1504C1
330
1F
100
AcDbEntity
  8
Survey.td2_Mark
100
AcDbText
 10
195898.6477490212
 20
969986.532216007
 30
1121.5756
 40
0.2000000029802322
  1
 6
100
AcDbText
  0
POINT
  5
1504C3
330
1F
100
AcDbEntity
  8
Survey.td2
100
AcDbPoint
 10
195897.322487852
 20
969982.9092070421
 30
1121.3808
  0
TEXT
  5
1504C4
330
1F
100
AcDbEntity
  8
Survey.td2_Mark
100
AcDbText
 10
195897.322487852
 20
969982.9092070421
 30
1121.3808
 40
0.2000000029802322
  1
 7
100
AcDbText
  0
POINT
  5
1504C6
330
1F
100
AcDbEntity
  8
Survey.td2
100
AcDbPoint
 10
195896.4793627913
 20
969983.8106472711
 30
1121.5562
  0
TEXT
  5
1504C7
330
1F
100
AcDbEntity
  8
Survey.td2_Mark
100
AcDbText
 10
195896.4793627913
 20
969983.8106472711
 30
1121.5562
 40
0.2000000029802322
  1
 8
100
AcDbText
  0
POINT
  5
1504C9
330
1F
100
AcDbEntity
  8
Survey.td2
100
AcDbPoint
 10
195896.7396399682
 20
969982.8480981851
 30
1121.5423
  0
TEXT
  5
1504CA
330
1F
100
AcDbEntity
  8
Survey.td2_Mark
100
AcDbText
 10
195896.7396399682
 20
969982.8480981851
 30
1121.5423
 40
0.2000000029802322
  1
 9
100
AcDbText
  0
POINT
  5
1504CC
330
1F
100
AcDbEntity
  8
Survey.td2
100
AcDbPoint
 10
195897.1157598471
 20
969982.8870824143
 30
1121.3427
  0
TEXT
  5
1504CD
330
1F
100
AcDbEntity
  8
Survey.td2_Mark
100
AcDbText
 10
195897.1157598471
 20
969982.8870824143
 30
1121.3427
 40
0.2000000029802322
  1
 10
100
AcDbText
  0
POINT
  5
1504CF
330
1F
100
AcDbEntity
  8
Survey.td2
100
AcDbPoint
 10
195895.8134216448
 20
969982.858760558
 30
1121.6741
  0
TEXT
  5
1504D0
330
1F
100
AcDbEntity
  8
Survey.td2_Mark
100
AcDbText
 10
195895.8134216448
 20
969982.858760558
 30
1121.6741
 40
0.2000000029802322
  1
 11
100
AcDbText
  0
LWPOLYLINE
  5
1504D2
330
1F
100
AcDbEntity
  8
0
100
AcDbPolyline
 90
       10
 70
     1
 43
0.0
 38
1121.1534
 10
195893.5605358709
 20
969978.8386316006
 10
195892.9754482941
 20
969979.0371142745
 10
195890.3806787992
 20
969980.1044301237
 10
195890.5280841837
 20
969988.108503256
 10
195896.8982475731
 20
969987.9816678247
 10
195898.6477490212
 20
969986.532216007
 10
195897.322487852
 20
969982.9092070421
 10
195896.4793627913
 20
969983.8106472711
 10
195895.8134216448
 20
969982.858760558
 10
195897.0856233083
 20
969980.5996002361
  0
POINT
  5
1504FC
330
1F
100
AcDbEntity
  8
Survey.td2
100
AcDbPoint
 10
195897.0856233083
 20
969980.5996002361
 30
1121.2945
  0
TEXT
  5
1504FD
330
1F
100
AcDbEntity
  8
Survey.td2_Mark
100
AcDbText
 10
195897.0856233083
 20
969980.5996002361
 30
1121.2945
 40
0.2000000029802322
  1
 0
100
AcDbText
  0
POINT
  5
1504FF
330
1F
100
AcDbEntity
  8
Survey.td2
100
AcDbPoint
 10
195893.5605358709
 20
969978.8386316006
 30
1121.1534
  0
TEXT
  5
150500
330
1F
100
AcDbEntity
  8
Survey.td2_Mark
100
AcDbText
 10
195893.5605358709
 20
969978.8386316006
 30
1121.1534
 40
0.2000000029802322
  1
 1
100
AcDbText
  0
POINT
  5
150502
330
1F
100
AcDbEntity
  8
Survey.td2
100
AcDbPoint
 10
195892.9754482941
 20
969979.0371142745
 30
1121.1486
  0
TEXT
  5
150503
330
1F
100
AcDbEntity
  8
Survey.td2_Mark
100
AcDbText
 10
195892.9754482941
 20
969979.0371142745
 30
1121.1486
 40
0.2000000029802322
  1
 2
100
AcDbText
  0
POINT
  5
150505
330
1F
100
AcDbEntity
  8
Survey.td2
100
AcDbPoint
 10
195890.3806787992
 20
969980.1044301237
 30
1120.7568
  0
TEXT
  5
150506
330
1F
100
AcDbEntity
  8
Survey.td2_Mark
100
AcDbText
 10
195890.3806787992
 20
969980.1044301237
 30
1120.7568
 40
0.2000000029802322
  1
 3
100
AcDbText
  0
POINT
  5
150508
330
1F
100
AcDbEntity
  8
Survey.td2
100
AcDbPoint
 10
195890.5280841837
 20
969988.108503256
 30
1121.3018
  0
TEXT
  5
150509
330
1F
100
AcDbEntity
  8
Survey.td2_Mark
100
AcDbText
 10
195890.5280841837
 20
969988.108503256
 30
1121.3018
 40
0.2000000029802322
  1
 4
100
AcDbText
  0
POINT
  5
15050B
330
1F
100
AcDbEntity
  8
Survey.td2
100
AcDbPoint
 10
195896.8982475731
 20
969987.9816678247
 30
1121.5214
  0
TEXT
  5
15050C
330
1F
100
AcDbEntity
  8
Survey.td2_Mark
100
AcDbText
 10
195896.8982475731
 20
969987.9816678247
 30
1121.5214
 40
0.2000000029802322
  1
 5
100
AcDbText
  0
POINT
  5
15050E
330
1F
100
AcDbEntity
  8
Survey.td2
100
AcDbPoint
 10
195898.6477490212
 20
969986.532216007
 30
1121.5756
  0
TEXT
  5
15050F
330
1F
100
AcDbEntity
  8
Survey.td2_Mark
100
AcDbText
 10
195898.6477490212
 20
969986.532216007
 30
1121.5756
 40
0.2000000029802322
  1
 6
100
AcDbText
  0
POINT
  5
150511
330
1F
100
AcDbEntity
  8
Survey.td2
100
AcDbPoint
 10
195897.322487852
 20
969982.9092070421
 30
1121.3808
  0
TEXT
  5
150512
330
1F
100
AcDbEntity
  8
Survey.td2_Mark
100
AcDbText
 10
195897.322487852
 20
969982.9092070421
 30
1121.3808
 40
0.2000000029802322
  1
 7
100
AcDbText
  0
POINT
  5
150514
330
1F
100
AcDbEntity
  8
Survey.td2
100
AcDbPoint
 10
195896.4793627913
 20
969983.8106472711
 30
1121.5562
  0
TEXT
  5
150515
330
1F
100
AcDbEntity
  8
Survey.td2_Mark
100
AcDbText
 10
195896.4793627913
 20
969983.8106472711
 30
1121.5562
 40
0.2000000029802322
  1
 8
100
AcDbText
  0
POINT
  5
150517
330
1F
100
AcDbEntity
  8
Survey.td2
100
AcDbPoint
 10
195896.7396399682
 20
969982.8480981851
 30
1121.5423
  0
TEXT
  5
150518
330
1F
100
AcDbEntity
  8
Survey.td2_Mark
100
AcDbText
 10
195896.7396399682
 20
969982.8480981851
 30
1121.5423
 40
0.2000000029802322
  1
 9
100
AcDbText
  0
POINT
  5
15051A
330
1F
100
AcDbEntity
  8
Survey.td2
100
AcDbPoint
 10
195897.1157598471
 20
969982.8870824143
 30
1121.3427
  0
TEXT
  5
15051B
330
1F
100
AcDbEntity
  8
Survey.td2_Mark
100
AcDbText
 10
195897.1157598471
 20
969982.8870824143
 30
1121.3427
 40
0.2000000029802322
  1
 10
100
AcDbText
  0
POINT
  5
15051D
330
1F
100
AcDbEntity
  8
Survey.td2
100
AcDbPoint
 10
195895.8134216448
 20
969982.858760558
 30
1121.6741
  0
TEXT
  5
15051E
330
1F
100
AcDbEntity
  8
Survey.td2_Mark
100
AcDbText
 10
195895.8134216448
 20
969982.858760558
 30
1121.6741
 40
0.2000000029802322
  1
 11
100
AcDbText
  0
LWPOLYLINE
  5
150520
330
1F
100
AcDbEntity
  8
0
100
AcDbPolyline
 90
       10
 70
     1
 43
0.0
 38
1121.1534
 10
195893.5605358709
 20
969978.8386316006
 10
195892.9754482941
 20
969979.0371142745
 10
195890.3806787992
 20
969980.1044301237
 10
195890.5280841837
 20
969988.108503256
 10
195896.8982475731
 20
969987.9816678247
 10
195898.6477490212
 20
969986.532216007
 10
195897.322487852
 20
969982.9092070421
 10
195896.4793627913
 20
969983.8106472711
 10
195895.8134216448
 20
969982.858760558
 10
195897.0856233083
 20
969980.5996002361
  0
LWPOLYLINE
  5
150575
330
1F
100
AcDbEntity
  8
0
 62
     6
100
AcDbPolyline
 90
        2
 70
     0
 43
0.0
 38
1123.1843
 10
353777.5219188846
 20
355919.6093840228
 10
353750.5663326181
 20
355921.8507709289
  0
LWPOLYLINE
  5
150576
102
{ACAD_REACTORS
330
150D3E
102
}
330
1F
100
AcDbEntity
  8
0
 62
     6
100
AcDbPolyline
 90
        2
 70
     0
 43
0.0
 38
1123.1843
 10
353777.542635168
 20
355919.8585242154
 10
353750.5870489016
 20
355922.0999111215
  0
LWPOLYLINE
  5
150577
102
{ACAD_REACTORS
330
150D0F
330
150D23
330
150D3E
102
}
330
1F
100
AcDbEntity
  8
0
 62
     6
100
AcDbPolyline
 90
        6
 70
     0
 43
0.0
 38
1123.1843
 10
353777.5219188846
 20
355919.6093840228
 10
353775.7011066041
 20
355932.2919432118
 10
353772.5488357017
 20
355959.3658278706
 10
353769.732370163
 20
355962.6897881101
 10
353768.7218003294
 20
355968.0460518752
 10
353768.4796562084
 20
355969.333234896
  0
LWPOLYLINE
  5
150578
330
1F
100
AcDbEntity
  8
0
 62
     6
100
AcDbPolyline
 90
        6
 70
     0
 43
0.0
 38
1123.1843
 10
353777.9178591704
 20
355919.6662284596
 10
353776.097805341
 20
355932.3435047863
 10
353772.9321697881
 20
355959.5321743162
 10
353770.1058478442
 20
355962.8677669716
 10
353769.1148656056
 20
355968.1202117614
 10
353768.8727609078
 20
355969.4071855233
  0
TEXT
  5
15057B
102
{ACAD_REACTORS
330
150E6C
102
}
330
1F
100
AcDbEntity
  8
0
 62
     2
100
AcDbText
 10
353804.3117913643
 20
355975.628390054
 30
0.0
 40
0.5771838356359766
  1
cafeteria
100
AcDbText
  0
TEXT
  5
15057D
102
{ACAD_REACTORS
330
150E6C
102
}
330
1F
100
AcDbEntity
  8
0
 62
     2
100
AcDbText
 10
353785.4144545703
 20
355973.7120599295
 30
0.0
 40
0.5771838356359766
  1
Bathroom
100
AcDbText
  0
TEXT
  5
15057E
102
{ACAD_REACTORS
330
150E6C
102
}
330
1F
100
AcDbEntity
  8
0
 62
     2
100
AcDbText
 10
353774.5189105168
 20
355957.4824615471
 30
0.0
 40
0.5157577982899261
  1
guard room
100
AcDbText
  0
LWPOLYLINE
  5
150587
330
1F
100
AcDbEntity
  8
0
  6
1086-X-TOPO$0$HIDDEN
 62
     3
100
AcDbPolyline
 90
        3
 70
     0
 43
0.0
 10
353777.1341965556
 20
355930.3919542165
 10
353779.1077207228
 20
355930.6893020848
 10
353778.6665353434
 20
355933.643015651
  0
LWPOLYLINE
  5
150588
330
1F
100
AcDbEntity
  8
0
  6
1086-X-TOPO$0$HIDDEN
 62
     3
100
AcDbPolyline
 90
        4
 70
     1
 43
0.0
 10
353776.6930111761
 20
355933.3456677828
 10
353778.6669108069
 20
355933.6405019426
 10
353779.1077207228
 20
355930.6893020848
 10
353777.1338210922
 20
355930.394467925
  0
LWPOLYLINE
  5
150589
330
1F
100
AcDbEntity
  8
0
  6
1086-X-TOPO$0$HIDDEN
 62
     3
100
AcDbPolyline
 90
        3
 70
     0
 43
0.0
 38
-1125.1468
 10
353776.773936032
 20
355934.9491878324
 10
353778.7474601993
 20
355935.2465357006
 10
353778.3062748199
 20
355938.2002492668
  0
LWPOLYLINE
  5
15058A
330
1F
100
AcDbEntity
  8
0
  6
1086-X-TOPO$0$HIDDEN
 62
     3
100
AcDbPolyline
 90
        4
 70
     1
 43
0.0
 38
-1125.1468
 10
353776.3327506525
 20
355937.9029013986
 10
353778.3066502833
 20
355938.1977355584
 10
353778.7474601993
 20
355935.2465357006
 10
353776.7735605686
 20
355934.9517015408
  0
LWPOLYLINE
  5
15058C
330
1F
100
AcDbEntity
  8
0
  6
1086-X-TOPO$0$HIDDEN
 62
     3
100
AcDbPolyline
 90
        4
 70
     1
 43
0.0
 38
-2250.2936
 10
353775.6022335069
 20
355942.4038208869
 10
353777.5761331376
 20
355942.6986550467
 10
353778.0169430536
 20
355939.747455189
 10
353776.0430434229
 20
355939.4526210292
  0
LWPOLYLINE
  5
15058D
330
1F
100
AcDbEntity
  8
0
  6
1086-X-TOPO$0$HIDDEN
 62
     3
100
AcDbPolyline
 90
        3
 70
     0
 43
0.0
 10
353775.4155514428
 20
355943.804676998
 10
353777.3890756101
 20
355944.1020248662
 10
353776.9478902307
 20
355947.0557384325
  0
LWPOLYLINE
  5
15058E
102
{ACAD_REACTORS
330
150B02
330
150B16
102
}
330
1F
100
AcDbEntity
  8
0
  6
1086-X-TOPO$0$HIDDEN
 62
     3
100
AcDbPolyline
 90
        4
 70
     1
 43
0.0
 10
353774.9743660633
 20
355946.7583905642
 10
353776.9482656941
 20
355947.053224724
 10
353777.3890756101
 20
355944.1020248662
 10
353775.4151759794
 20
355943.8071907064
  0
LWPOLYLINE
  5
150591
330
1F
100
AcDbEntity
  8
0
 62
     6
100
AcDbPolyline
 90
        2
 70
     0
 43
0.0
 10
353773.7233504828
 20
355926.9293000793
 10
353775.323481994
 20
355920.0430492641
  0
LWPOLYLINE
  5
150592
330
1F
100
AcDbEntity
  8
0
 62
     6
100
AcDbPolyline
 90
        2
 70
     0
 43
0.0
 10
353774.0092128019
 20
355927.0065809098
 10
353775.6362626448
 20
355920.0170412058
  0
LINE
  5
15083D
330
1F
100
AcDbEntity
  8
0
 62
     4
100
AcDbLine
 10
353752.6686241079
 20
355919.9068825769
 30
1118.280490817811
 11
353781.4797533773
 21
355917.5114863299
 31
1122.20451571921
  0
LINE
  5
15083E
330
1F
100
AcDbEntity
  8
0
 62
     4
100
AcDbLine
 10
353751.6011760392
 20
355924.7064110578
 30
22.62754512555151
 11
353739.1431020377
 21
355980.7212025392
 31
-5.203183629928926
  0
ARC
  5
15083F
330
1F
100
AcDbEntity
  8
0
 62
     4
100
AcDbCircle
 10
353752.1834197469
 20
355922.3174379256
 30
25.01217196736279
 40
2.458902267504432
100
AcDbArc
 50
103.6971664188329
 51
281.3806106972431
  0
LWPOLYLINE
  5
150849
102
{ACAD_REACTORS
330
150CB3
102
}
330
1F
100
AcDbEntity
  8
0
 62
     6
100
AcDbPolyline
 90
        2
 70
     0
 43
0.0
 38
1125.3483
 10
353802.8663808888
 20
355917.3122689319
 10
353800.7994706958
 20
355918.3257479025
  0
LWPOLYLINE
  5
15084C
330
1F
100
AcDbEntity
  8
0
 62
     6
100
AcDbPolyline
 90
        2
 70
     0
 43
0.0
 38
1125.3483
 10
353803.0865098781
 20
355917.7612045933
 10
353801.0195996851
 20
355918.7746835638
  0
LWPOLYLINE
  5
15084D
330
1F
100
AcDbEntity
  8
0
 62
     6
100
AcDbPolyline
 90
        2
 70
     0
 43
0.0
 38
1125.3483
 10
353803.3653861022
 20
355918.17620827
 10
353801.2397286745
 20
355919.2236192251
  0
LWPOLYLINE
  5
15084E
330
1F
100
AcDbEntity
  8
0
 62
     6
100
AcDbPolyline
 90
        2
 70
     0
 43
0.0
 38
1125.3483
 10
353803.6183497336
 20
355918.6141700916
 10
353801.4598576638
 20
355919.6725548865
  0
LWPOLYLINE
  5
15084F
330
1F
100
AcDbEntity
  8
0
 62
     6
100
AcDbPolyline
 90
        2
 70
     0
 43
0.0
 38
1125.3483
 10
353803.8690967904
 20
355919.0482943062
 10
353801.6799866532
 20
355920.1214905479
  0
LWPOLYLINE
  5
150850
330
1F
100
AcDbEntity
  8
0
 62
     6
100
AcDbPolyline
 90
        2
 70
     0
 43
0.0
 38
1125.3483
 10
353804.1138939223
 20
355919.4721172771
 10
353801.9001156426
 20
355920.5704262093
  0
LWPOLYLINE
  5
150851
330
1F
100
AcDbEntity
  8
0
 62
     6
100
AcDbPolyline
 90
        2
 70
     0
 43
0.0
 38
1125.3483
 10
353804.3703185783
 20
355919.9160712513
 10
353802.120244632
 20
355921.0193618706
  0
LWPOLYLINE
  5
150852
330
1F
100
AcDbEntity
  8
0
 62
     6
100
AcDbPolyline
 90
        2
 70
     0
 43
0.0
 10
353805.9829550781
 20
355922.7549068243
 10
353803.5549948153
 20
355923.9454213788
  0
LWPOLYLINE
  5
150853
330
1F
100
AcDbEntity
  8
0
 62
     6
100
AcDbPolyline
 90
        2
 70
     0
 43
0.0
 10
353806.2030840675
 20
355923.2038424857
 10
353803.7751238046
 20
355924.3943570402
  0
LWPOLYLINE
  5
150854
330
1F
100
AcDbEntity
  8
0
 62
     6
100
AcDbPolyline
 90
        2
 70
     0
 43
0.0
 10
353806.4232130569
 20
355923.6527781471
 10
353803.995252794
 20
355924.8432927016
  0
LWPOLYLINE
  5
150855
330
1F
100
AcDbEntity
  8
0
 62
     6
100
AcDbPolyline
 90
        2
 70
     0
 43
0.0
 10
353806.7517496781
 20
355924.0390983317
 10
353804.2153817833
 20
355925.2922283629
  0
LWPOLYLINE
  5
150856
330
1F
100
AcDbEntity
  8
0
 62
     6
100
AcDbPolyline
 90
        2
 70
     0
 43
0.0
 10
353807.0085179894
 20
355924.483647284
 10
353804.4355107727
 20
355925.7411640242
  0
LWPOLYLINE
  5
150857
330
1F
100
AcDbEntity
  8
0
 62
     6
100
AcDbPolyline
 90
        2
 70
     0
 43
0.0
 10
353807.2590026618
 20
355924.9173172263
 10
353804.6556397621
 20
355926.1900996856
  0
LWPOLYLINE
  5
150858
330
1F
100
AcDbEntity
  8
0
 62
     6
100
AcDbPolyline
 90
        2
 70
     0
 43
0.0
 10
353809.4714030659
 20
355929.052403764
 10
353806.7205196688
 20
355930.4012589211
  0
LWPOLYLINE
  5
150859
330
1F
100
AcDbEntity
  8
0
 62
     6
100
AcDbPolyline
 90
        2
 70
     0
 43
0.0
 10
353809.6915320552
 20
355929.5013394253
 10
353806.9406486581
 20
355930.8501945825
  0
LWPOLYLINE
  5
15085A
330
1F
100
AcDbEntity
  8
0
 62
     6
100
AcDbPolyline
 90
        2
 70
     0
 43
0.0
 10
353809.9116610446
 20
355929.9502750866
 10
353807.1607776476
 20
355931.2991302438
  0
LWPOLYLINE
  5
15085B
330
1F
100
AcDbEntity
  8
0
 62
     6
100
AcDbPolyline
 90
        2
 70
     0
 43
0.0
 10
353810.2401976659
 20
355930.3365952713
 10
353807.3809066369
 20
355931.7480659051
  0
LWPOLYLINE
  5
15085C
330
1F
100
AcDbEntity
  8
0
 62
     6
100
AcDbPolyline
 90
        2
 70
     0
 43
0.0
 10
353810.4969659771
 20
355930.7811442236
 10
353807.602664025
 20
355932.2003225569
  0
LWPOLYLINE
  5
15085D
102
{ACAD_REACTORS
330
150CB3
102
}
330
1F
100
AcDbEntity
  8
0
 62
     6
100
AcDbPolyline
 90
        2
 70
     0
 43
0.0
 10
353810.7474506495
 20
355931.2148141659
 10
353807.8226423054
 20
355932.6489508592
  0
LINE
  5
150861
330
1F
100
AcDbEntity
  8
0
 62
     6
100
AcDbLine
 10
353759.3329510485
 20
355983.424565272
 30
1121.747861209214
 11
353754.5821418397
 21
355982.4002849481
 31
1121.709012949182
  0
LINE
  5
150863
330
1F
100
AcDbEntity
  8
0
 62
     6
100
AcDbLine
 10
353759.3329510485
 20
355983.424565272
 30
1121.747861209214
 11
353753.4679093783
 21
355982.1600550554
 31
1121.699901660874
  0
LINE
  5
150864
330
1F
100
AcDbEntity
  8
0
 62
     6
100
AcDbLine
 10
353753.4679093783
 20
355982.1600550554
 30
1121.699901660874
 11
353753.4679521772
 21
355982.1598705636
 31
1121.199901696742
  0
LINE
  5
150865
330
1F
100
AcDbEntity
  8
0
 62
     6
100
AcDbLine
 10
353753.4679521772
 20
355982.1598705636
 30
1121.199901696742
 11
353753.5265967953
 21
355981.9820020364
 31
0.0
  0
LINE
  5
150866
330
1F
100
AcDbEntity
  8
0
 62
     6
100
AcDbLine
 10
353753.5265967953
 20
355981.9820020364
 30
0.0
 11
353749.6010763082
 21
355981.2136994233
 31
0.0
  0
LINE
  5
150867
330
1F
100
AcDbEntity
  8
0
 62
     6
100
AcDbLine
 10
353749.6010763082
 20
355981.2136994233
 30
0.0
 11
353751.4473916228
 21
355973.2356675046
 31
0.0
  0
LWPOLYLINE
  5
150868
330
1F
100
AcDbEntity
  8
0
 62
     6
100
AcDbPolyline
 90
        3
 70
     0
 43
0.0
 10
353751.4473916228
 20
355973.2356675046
 10
353745.6018853463
 20
355971.8828717437
 10
353742.6564671209
 20
355981.439257644
  0
LWPOLYLINE
  5
15086B
330
1F
100
AcDbEntity
  8
0
 62
     6
100
AcDbPolyline
 90
        7
 70
     0
 43
0.0
 38
1121.747861209214
 10
353759.3329510485
 20
355983.424565272
 10
353753.4679521772
 20
355982.1598705636
 10
353753.5265967953
 20
355981.9820020364
 10
353749.6010763082
 20
355981.2136994233
 10
353751.4473916228
 20
355973.2356675046
 10
353745.6018853463
 20
355971.8828717437
 10
353742.6564671209
 20
355981.439257644
  0
LWPOLYLINE
  5
15086C
330
1F
100
AcDbEntity
  8
0
 62
     6
100
AcDbPolyline
 90
        7
 70
     0
 43
0.0
 38
1121.747861209214
 10
353759.3961878353
 20
355983.1313058155
 10
353753.8573394758
 20
355981.9369403323
 10
353753.9180130341
 20
355981.7529180503
 10
353749.9633412855
 20
355980.9789099541
 10
353751.8073067247
 20
355973.0110319789
 10
353745.3974494381
 20
355971.5276313365
 10
353742.3697755439
 20
355981.3508950973
  0
LINE
  5
15086D
330
1F
100
AcDbEntity
  8
0
 62
     6
100
AcDbLine
 10
353742.6564671209
 20
355981.439257644
 30
0.0
 11
353739.1431020377
 21
355980.7212025392
 31
-5.203183629925483
  0
LINE
  5
15086E
330
1F
100
AcDbEntity
  8
0
 62
     6
100
AcDbLine
 10
353750.5663326181
 20
355921.8507709289
 30
1119.3926
 11
353750.5870489016
 21
355922.0999111215
 31
1123.1843
  0
LINE
  5
150870
330
1F
100
AcDbEntity
  8
0
 62
     4
100
AcDbLine
 10
353781.1296041259
 20
355970.5080247471
 30
1118.9158
 11
353775.6707247177
 21
355975.9588190672
 31
1118.9158
  0
LINE
  5
150871
330
1F
100
AcDbEntity
  8
0
 62
     4
100
AcDbLine
 10
353751.8073067247
 20
355973.0110319789
 30
1121.747861209214
 11
353752.1514783956
 21
355971.4247455997
 31
1121.7644
  0
LINE
  5
150872
330
1F
100
AcDbEntity
  8
0
 62
     4
100
AcDbLine
 10
353745.3974494381
 20
355971.5276313365
 30
1121.747861209214
 11
353741.3765586071
 21
355970.6372648467
 31
1114.6636
  0
LINE
  5
150873
330
1F
100
AcDbEntity
  8
0
 62
     4
100
AcDbLine
 10
353745.2893503958
 20
355972.0158060973
 30
1121.747861209214
 11
353741.2684595647
 21
355971.1254396074
 31
1114.6636
  0
LINE
  5
150874
330
1F
100
AcDbEntity
  8
0
 62
     4
100
AcDbLine
 10
353745.1812513535
 20
355972.5039808581
 30
1121.747861209214
 11
353741.1603605224
 21
355971.6136143682
 31
1114.6636
  0
LINE
  5
150875
330
1F
100
AcDbEntity
  8
0
 62
     4
100
AcDbLine
 10
353745.0731523112
 20
355972.9921556189
 30
1121.747861209214
 11
353741.0522614801
 21
355972.101789129
 31
1114.6636
  0
LINE
  5
150876
330
1F
100
AcDbEntity
  8
0
 62
     4
100
AcDbLine
 10
353744.9650532688
 20
355973.4803303796
 30
1121.747861209214
 11
353740.9441624378
 21
355972.5899638897
 31
1114.6636
  0
LINE
  5
150877
330
1F
100
AcDbEntity
  8
0
 62
     4
100
AcDbLine
 10
353744.8569542265
 20
355973.9685051404
 30
1121.747861209214
 11
353740.8360633955
 21
355973.0781386504
 31
1114.6636
  0
LINE
  5
150878
330
1F
100
AcDbEntity
  8
0
 62
     4
100
AcDbLine
 10
353744.7488551842
 20
355974.4566799011
 30
1121.747861209214
 11
353740.7279643531
 21
355973.5663134112
 31
1114.6636
  0
LINE
  5
150879
330
1F
100
AcDbEntity
  8
0
 62
     4
100
AcDbLine
 10
353744.6407561418
 20
355974.9448546619
 30
1121.747861209214
 11
353740.6198653108
 21
355974.054488172
 31
1114.6636
  0
LINE
  5
15087A
330
1F
100
AcDbEntity
  8
0
 62
     4
100
AcDbLine
 10
353744.5326570995
 20
355975.4330294227
 30
1121.747861209214
 11
353740.5117662685
 21
355974.5426629328
 31
1114.6636
  0
LINE
  5
15087C
330
1F
100
AcDbEntity
  8
0
 62
     4
100
AcDbLine
 10
353751.320135043
 20
355972.8982883165
 30
1121.747931344154
 11
353751.6628472082
 21
355971.3187287957
 31
1121.7644
  0
LINE
  5
15087D
330
1F
100
AcDbEntity
  8
0
 62
     4
100
AcDbLine
 10
353750.8329633614
 20
355972.7855446542
 30
1121.748001479096
 11
353751.1742160209
 21
355971.2127119917
 31
1121.7644
  0
LINE
  5
150883
330
1F
100
AcDbEntity
  8
0
 62
     4
100
AcDbLine
 10
353747.9099332716
 20
355972.1090826803
 30
1121.748422288741
 11
353748.2424288967
 21
355970.5766111673
 31
1121.7644
  0
LINE
  5
150884
330
1F
100
AcDbEntity
  8
0
 62
     4
100
AcDbLine
 10
353747.42276159
 20
355971.9963390179
 30
1121.748492423683
 11
353747.7537977094
 21
355970.4705943633
 31
1121.7644
  0
LINE
  5
150885
330
1F
100
AcDbEntity
  8
0
 62
     4
100
AcDbLine
 10
353746.9355899084
 20
355971.8835953556
 30
1121.748562558623
 11
353747.2651665221
 21
355970.3645775592
 31
1121.7644
  0
TEXT
  5
150886
330
1F
100
AcDbEntity
  8
0
 62
     2
100
AcDbText
 10
353756.4124864084
 20
355952.6105194525
 30
0.0
 40
1.981823222348379
  1
hangar
100
AcDbText
  0
TEXT
  5
15089A
330
1F
100
AcDbEntity
  8
1086-X-TOPO$0$LINE-CONCRETE
 62
     4
100
AcDbText
 10
353769.9421042618
 20
355955.3537325336
 30
0.0
 40
0.5460076403427907
  1
CONCRETE AREA
 50
281.851999079373
 51
10.0
  7
1086-X-TOPO$0$S1
 72
     1
 11
353770.6622923814
 21
355951.9219484919
 31
0.0
100
AcDbText
  0
TEXT
  5
15089B
330
1F
100
AcDbEntity
  8
1086-X-TOPO$0$LINE-CONCRETE
 62
     4
100
AcDbText
 10
353764.4123592996
 20
355922.0366998968
 30
0.0
 40
0.5460076403427907
  1
CONCRETE AREA
 50
11.85199907901956
 51
10.0
  7
1086-X-TOPO$0$S1
 72
     1
 11
353767.8441433414
 21
355922.7568880164
 31
0.0
100
AcDbText
  0
LWPOLYLINE
  5
15089C
330
1F
100
AcDbEntity
  8
0
  6
1086-X-TOPO$0$HIDDEN
 62
     3
100
AcDbPolyline
 90
        4
 70
     1
 43
0.0
 10
353806.5298964782
 20
355940.3992928507
 10
353808.5254478565
 20
355940.4306238359
 10
353808.5722911699
 20
355937.4470522033
 10
353806.5767397917
 20
355937.4157212181
  0
LWPOLYLINE
  5
15089D
330
1F
100
AcDbEntity
  8
0
  6
1086-X-TOPO$0$HIDDEN
 62
     3
100
AcDbPolyline
 90
        4
 70
     1
 43
0.0
 10
353806.4941936782
 20
355945.0537858213
 10
353808.4897450565
 20
355945.0851168064
 10
353808.53658837
 20
355942.1015451738
 10
353806.5410369917
 20
355942.0702141887
  0
LWPOLYLINE
  5
15089E
330
1F
100
AcDbEntity
  8
0
  6
1086-X-TOPO$0$HIDDEN
 62
     3
100
AcDbPolyline
 90
        4
 70
     1
 43
0.0
 10
353806.5293256828
 20
355949.3107745601
 10
353808.524877061
 20
355949.3421055453
 10
353808.5717203744
 20
355946.3585339127
 10
353806.5761689963
 20
355946.3272029275
  0
LWPOLYLINE
  5
15089F
330
1F
100
AcDbEntity
  8
0
  6
1086-X-TOPO$0$HIDDEN
 62
     3
100
AcDbPolyline
 90
        4
 70
     1
 43
0.0
 10
353806.4239296693
 20
355953.9404916218
 10
353808.4194810476
 20
355953.971822607
 10
353808.4663243611
 20
355950.9882509744
 10
353806.4707729828
 20
355950.9569199893
  0
LWPOLYLINE
  5
1508A0
330
1F
100
AcDbEntity
  8
0
  6
1086-X-TOPO$0$HIDDEN
 62
     3
100
AcDbPolyline
 90
        4
 70
     1
 43
0.0
 10
353806.4242433479
 20
355958.7983277195
 10
353808.4197947262
 20
355958.8296587048
 10
353808.4666380396
 20
355955.8460870722
 10
353806.4710866613
 20
355955.814756087
  0
LWPOLYLINE
  5
1508A1
330
1F
100
AcDbEntity
  8
0
  6
1086-X-TOPO$0$HIDDEN
 62
     3
100
AcDbPolyline
 90
        4
 70
     1
 43
0.0
 10
353806.6005307275
 20
355964.1773069347
 10
353808.5960821059
 20
355964.2086379199
 10
353808.6429254193
 20
355961.2250662873
 10
353806.6473740411
 20
355961.1937353022
  0
TEXT
  5
1508A3
330
1F
100
AcDbEntity
  8
0
 62
     3
100
AcDbText
 10
353819.17388398
 20
355968.2757266308
 30
0.0
 40
1.981823222348379
  1
canopy
100
AcDbText
  0
LWPOLYLINE
  5
1508A4
330
1F
100
AcDbEntity
  8
0
 62
     4
100
AcDbPolyline
 90
        2
 70
     0
 43
0.0
 10
353818.2522962193
 20
355969.275835157
 10
353805.4914617359
 20
355970.1449269706
  0
TEXT
  5
1508A6
330
1F
100
AcDbEntity
  8
0
 62
     3
100
AcDbText
 10
353807.1850874462
 20
355962.8539354557
 30
0.0
 40
0.2153402507397545
  1
canopy
100
AcDbText
  0
LINE
  5
1508A8
330
1F
100
AcDbEntity
  8
0
 62
     4
100
AcDbLine
 10
353818.2522962193
 20
355969.275835157
 30
0.0
 11
353808.6195037626
 21
355962.7168521036
 31
0.0
  0
TEXT
  5
1508AA
330
1F
100
AcDbEntity
  8
0
 62
     3
100
AcDbText
 10
353777.5401054259
 20
355936.5747185496
 30
-1125.1468
 40
0.2153402507397545
  1
canopy
100
AcDbText
  0
LINE
  5
1508BB
330
1F
100
AcDbEntity
  8
0
 62
     4
100
AcDbLine
 10
353807.4192027917
 20
355971.8235407769
 30
1124.9406
 11
353809.9342879475
 21
355971.7593055387
 31
1128.3251
  0
LINE
  5
1508BC
330
1F
100
AcDbEntity
  8
0
 62
     4
100
AcDbLine
 10
353807.4319686215
 20
355972.3233777839
 30
1124.9406
 11
353809.9470537775
 21
355972.2591425458
 31
1128.3251
  0
LINE
  5
1508BD
330
1F
100
AcDbEntity
  8
0
 62
     4
100
AcDbLine
 10
353807.4447344513
 20
355972.823214791
 30
1124.9406
 11
353809.9598196073
 21
355972.7589795528
 31
1128.3251
  0
LINE
  5
1508BE
330
1F
100
AcDbEntity
  8
0
 62
     4
100
AcDbLine
 10
353807.4575002812
 20
355973.323051798
 30
1124.9406
 11
353809.9725854372
 21
355973.2588165598
 31
1128.3251
  0
LINE
  5
1508BF
330
1F
100
AcDbEntity
  8
0
 62
     4
100
AcDbLine
 10
353807.4892171638
 20
355974.5649038273
 30
-1.818218759384885
 11
353810.0043023198
 21
355974.5006685892
 31
1.56628124061523
  0
LINE
  5
1508C1
330
1F
100
AcDbEntity
  8
0
 62
     4
100
AcDbLine
 10
353807.5019829937
 20
355975.0647408343
 30
-1.818218759384885
 11
353810.0170681496
 21
355975.0005055962
 31
1.56628124061523
  0
LINE
  5
1508C2
330
1F
100
AcDbEntity
  8
0
 62
     4
100
AcDbLine
 10
353807.5147488235
 20
355975.5645778414
 30
-1.818218759384885
 11
353810.0298339795
 21
355975.5003426032
 31
1.56628124061523
  0
LINE
  5
1508C3
330
1F
100
AcDbEntity
  8
0
 62
     6
100
AcDbLine
 10
353808.6251798324
 20
355979.5187446722
 30
1118.9158
 11
353810.1323276308
 21
355979.5134087713
 31
1118.9158
  0
LINE
  5
1508C4
330
1F
100
AcDbEntity
  8
0
 62
     4
100
AcDbLine
 10
353810.1323276308
 20
355979.5134087713
 30
1118.9158
 11
353810.1250740748
 21
355977.4646112046
 31
1118.9158
  0
LINE
  5
1508C5
330
1F
100
AcDbEntity
  8
0
 62
     4
100
AcDbLine
 10
353809.6323307643
 20
355979.5151789585
 30
1118.9158
 11
353809.5803146353
 21
355977.4785243528
 31
1128.325099999972
  0
LINE
  5
1508C6
330
1F
100
AcDbEntity
  8
0
 62
     4
100
AcDbLine
 10
353809.1323338978
 20
355979.5169491457
 30
1118.9158
 11
353809.1082121102
 21
355977.4905818443
 31
1128.325099999998
  0
LINE
  5
1508C7
330
1F
100
AcDbEntity
  8
0
 62
     4
100
AcDbLine
 10
353810.0691963553
 20
355977.0415484871
 30
1128.3251
 11
353809.1878022504
 21
355977.0640592796
 31
1128.3251
  0
LINE
  5
1508C8
330
1F
100
AcDbEntity
  8
0
 62
     4
100
AcDbLine
 10
353810.5690333623
 20
355977.0287826572
 30
1128.3251
 11
353810.5798677593
 21
355977.4529957806
 31
1128.3251
  0
LINE
  5
1508C9
330
1F
100
AcDbEntity
  8
0
 62
     4
100
AcDbLine
 10
353810.5798677593
 20
355977.4529957806
 30
1128.3251
 11
353809.183012074
 21
355977.4886714544
 31
1128.3251
  0
LINE
  5
1508CA
330
1F
100
AcDbEntity
  8
0
 62
     4
100
AcDbLine
 10
353809.183012074
 20
355977.4886714544
 30
1128.3251
 11
353809.172177677
 21
355977.0644583309
 31
1128.3251
  0
LINE
  5
1508CB
330
1F
100
AcDbEntity
  8
0
 62
     4
100
AcDbLine
 10
353810.0602697046
 20
355976.6920318132
 30
1128.3251
 11
353807.4934017132
 21
355976.730843124
 31
1124.9406
  0
MTEXT
  5
150902
102
{ACAD_XDICTIONARY
360
150903
102
}
330
1F
100
AcDbEntity
  8
A-G-TEXT
 62
     4
100
AcDbMText
 10
353774.5973301696
 20
355951.5912187322
 30
706.778689465757
 40
0.3146316635060502
 41
10.97627166180817
 46
1.283315165041175
 71
     1
 72
     5
  1
SIDEWALK
  7
FC-Mini-500
 73
     1
 44
1.0
1001
ACAD
1000
ACAD_MTEXT_DEFINED_HEIGHT_BEGIN
1070
    46
1040
2.039392905883577
1000
ACAD_MTEXT_DEFINED_HEIGHT_END
  0
MTEXT
  5
150904
102
{ACAD_XDICTIONARY
360
150905
102
}
330
1F
100
AcDbEntity
  8
A-G-TEXT
 62
     4
100
AcDbMText
 10
353807.0282481405
 20
355967.7948584683
 30
0.0
 40
0.3146316635060502
 41
10.97627166180817
 46
1.283315165041175
 71
     1
 72
     5
  1
SIDEWALK
  7
FC-Mini-500
 73
     1
 44
1.0
1001
ACAD
1000
ACAD_MTEXT_DEFINED_HEIGHT_BEGIN
1070
    46
1040
2.039392905883577
1000
ACAD_MTEXT_DEFINED_HEIGHT_END
  0
MTEXT
  5
150906
102
{ACAD_XDICTIONARY
360
150907
102
}
330
1F
100
AcDbEntity
  8
A-G-TEXT
 62
     4
100
AcDbMText
 10
353801.4861744314
 20
355946.1140362805
 30
0.0
 40
0.3146316635060502
 41
10.97627166180817
 46
1.283315165041175
 71
     1
 72
     5
  1
SIDEWALK
  7
FC-Mini-500
 73
     1
 44
1.0
1001
ACAD
1000
ACAD_MTEXT_DEFINED_HEIGHT_BEGIN
1070
    46
1040
2.039392905883577
1000
ACAD_MTEXT_DEFINED_HEIGHT_END
  0
MTEXT
  5
150908
102
{ACAD_XDICTIONARY
360
150909
102
}
330
1F
100
AcDbEntity
  8
A-G-TEXT
 62
     4
100
AcDbMText
 10
353801.9250108089
 20
355927.1155683736
 30
0.0
 40
0.3146316635060502
 41
10.97627166180817
 46
1.283315165041175
 71
     1
 72
     5
  1
SIDEWALK
  7
FC-Mini-500
 73
     1
 44
1.0
1001
ACAD
1000
ACAD_MTEXT_DEFINED_HEIGHT_BEGIN
1070
    46
1040
2.039392905883577
1000
ACAD_MTEXT_DEFINED_HEIGHT_END
  0
MTEXT
  5
15090A
102
{ACAD_XDICTIONARY
360
15090B
102
}
330
1F
100
AcDbEntity
  8
A-G-TEXT
 62
     4
100
AcDbMText
 10
353761.4243968771
 20
355919.7418689503
 30
0.0
 40
0.3146316635060502
 41
10.97627166180817
 46
1.283315165041175
 71
     1
 72
     5
  1
SIDEWALK
  7
FC-Mini-500
 73
     1
 44
1.0
1001
ACAD
1000
ACAD_MTEXT_DEFINED_HEIGHT_BEGIN
1070
    46
1040
2.039392905883577
1000
ACAD_MTEXT_DEFINED_HEIGHT_END
  0
LINE
  5
150923
330
1F
100
AcDbEntity
  8
0
 62
     4
100
AcDbLine
 10
353745.4088867426
 20
355958.1075613794
 30
1121.7644
 11
353744.2233403206
 21
355957.8791092866
 31
6.145820529606176
  0
LINE
  5
150924
330
1F
100
AcDbEntity
  8
0
 62
     4
100
AcDbLine
 10
353745.4656517537
 20
355957.8129807733
 30
1121.7644
 11
353744.2801053317
 21
355957.5845286806
 31
6.145820529606176
  0
LINE
  5
150925
330
1F
100
AcDbEntity
  8
0
 62
     4
100
AcDbLine
 10
353745.522416765
 20
355957.5184001672
 30
1121.7644
 11
353744.336870343
 21
355957.2899480745
 31
6.145820529606176
  0
LINE
  5
150926
330
1F
100
AcDbEntity
  8
0
 62
     4
100
AcDbLine
 10
353749.7019210233
 20
355938.8049452604
 30
1121.7644
 11
353748.5253280416
 21
355938.5362361328
 31
15.75625095094939
  0
LINE
  5
150927
330
1F
100
AcDbEntity
  8
0
 62
     4
100
AcDbLine
 10
353749.7687149772
 20
355938.5124754881
 30
1121.7644
 11
353748.5921219955
 21
355938.2437663604
 31
15.75625095094939
  0
LINE
  5
150928
330
1F
100
AcDbEntity
  8
0
 62
     4
100
AcDbLine
 10
353749.8355089311
 20
355938.2200057157
 30
1121.7644
 11
353748.6589159494
 21
355937.9512965881
 31
15.75625095094939
  0
ARC
  5
150931
330
1F
100
AcDbEntity
  8
0
 62
     4
100
AcDbCircle
 10
353798.9576594203
 20
355937.3806967329
 30
1126.8501
 40
0.5444991528817033
100
AcDbArc
 50
92.98661515751565
 51
294.7587454481484
  0
ARC
  5
1509D3
330
1F
100
AcDbEntity
  8
0
 62
     4
100
AcDbCircle
 10
353798.6664481468
 20
355950.2187284322
 30
-3376.700700000001
 40
0.5444991528207238
100
AcDbArc
 50
92.98661515751565
 51
294.7587454507135
  0
LINE
  5
1509D4
330
1F
100
AcDbEntity
  8
0
 62
     4
100
AcDbLine
 10
353805.5690587933
 20
355949.7779744441
 30
-3376.700700000001
 11
353798.8944834929
 21
355949.7242800443
 31
-3376.700700000001
  0
LINE
  5
1509D7
330
1F
100
AcDbEntity
  8
0
 62
     4
100
AcDbLine
 10
353798.6380782896
 20
355950.7624880102
 30
-3376.700700000001
 11
353805.5353198661
 21
355950.7191165782
 31
-3376.700700000001
  0
ARC
  5
1509D8
330
1F
100
AcDbEntity
  8
0
 62
     4
100
AcDbCircle
 10
353798.6600934895
 20
355954.5075576028
 30
0.0
 40
0.5444991528207238
100
AcDbArc
 50
92.98661515751565
 51
294.7587454507135
  0
ARC
  5
1509DA
330
1F
100
AcDbEntity
  8
0
 62
     4
100
AcDbCircle
 10
353798.5975855903
 20
355958.7788076999
 30
-5627.8345
 40
0.5444991528207238
100
AcDbArc
 50
92.98661515751565
 51
294.7587454507135
  0
ARC
  5
1509DB
330
1F
100
AcDbEntity
  8
0
 62
     4
100
AcDbCircle
 10
353798.5631543121
 20
355963.0588473338
 30
-6753.4014
 40
0.5444991528207238
100
AcDbArc
 50
92.98661515751565
 51
294.7587454507135
  0
ARC
  5
1509DC
330
1F
100
AcDbEntity
  8
0
 62
     4
100
AcDbCircle
 10
353798.5287230338
 20
355967.3388869676
 30
-7878.9683
 40
0.5444991528207238
100
AcDbArc
 50
92.98661515751565
 51
294.7587454507134
  0
ARC
  5
1509DD
330
1F
100
AcDbEntity
  8
0
 62
     4
100
AcDbCircle
 10
353798.9101268202
 20
355941.6602075336
 30
1126.8501
 40
0.5444991528207238
100
AcDbArc
 50
92.98661515751565
 51
294.7587454507134
  0
ARC
  5
1509DE
330
1F
100
AcDbEntity
  8
0
 62
     4
100
AcDbCircle
 10
353798.8625857062
 20
355945.9404848727
 30
1126.8501
 40
0.5444991528207238
100
AcDbArc
 50
92.98661515751565
 51
294.7587454507134
  0
ARC
  5
1509DF
330
1F
100
AcDbEntity
  8
0
 62
     4
100
AcDbCircle
 10
353798.2297942028
 20
355933.1122117184
 30
1124.9078
 40
0.5444991528207238
100
AcDbArc
 50
92.98661515751565
 51
294.7587454507134
  0
LINE
  5
1509E0
330
1F
100
AcDbEntity
  8
0
 62
     4
100
AcDbLine
 10
353798.703642795
 20
355915.8985621613
 30
1125.5669
 11
353798.2311349985
 21
355919.2726677518
 31
1125.5669
  0
LINE
  5
1509E1
330
1F
100
AcDbEntity
  8
0
 62
     4
100
AcDbLine
 10
353798.2311349985
 20
355919.2726677518
 30
1125.5669
 11
353803.7052664734
 21
355932.5293382253
 31
1125.5669
  0
LINE
  5
1509E2
330
1F
100
AcDbEntity
  8
0
 62
     4
100
AcDbLine
 10
353803.7052664734
 20
355932.5293382253
 30
1125.5669
 11
353798.4578295489
 21
355932.6177633305
 31
1125.5669
  0
LINE
  5
1509E5
330
1F
100
AcDbEntity
  8
0
 62
     4
100
AcDbLine
 10
353798.2014243456
 20
355933.6559712965
 30
1125.5669
 11
353805.6991334108
 21
355933.6088239876
 31
1125.5669
  0
LINE
  5
1509E6
330
1F
100
AcDbEntity
  8
0
 62
     4
100
AcDbLine
 10
353805.6991334108
 20
355933.6088239876
 30
1125.5669
 11
353805.4116196643
 21
355969.3487178508
 31
1125.5669
  0
LINE
  5
1509E7
330
1F
100
AcDbEntity
  8
0
 62
     4
100
AcDbLine
 10
353805.4116196643
 20
355969.3487178508
 30
1125.5669
 11
353796.2389270167
 21
355969.6058104025
 31
1125.5669
  0
LINE
  5
1509E8
330
1F
100
AcDbEntity
  8
0
 62
     4
100
AcDbLine
 10
353796.2389270167
 20
355969.6058104025
 30
1125.5669
 11
353793.5204859959
 21
355971.9129407525
 31
1125.5669
  0
LINE
  5
1509E9
330
1F
100
AcDbEntity
  8
0
 62
     4
100
AcDbLine
 10
353793.5204859959
 20
355971.9129407525
 30
1125.5669
 11
353791.2150957059
 21
355970.1215295837
 31
1125.5669
  0
LINE
  5
1509EA
330
1F
100
AcDbEntity
  8
0
 62
     4
100
AcDbLine
 10
353791.2150957059
 20
355970.1215295837
 30
1125.5669
 11
353783.1255191951
 21
355969.2365101016
 31
1125.5669
  0
LINE
  5
1509EB
330
1F
100
AcDbEntity
  8
0
 62
     4
100
AcDbLine
 10
353783.1255191951
 20
355969.2365101016
 30
1125.5669
 11
353781.1296041261
 21
355970.5080247471
 31
1125.5669
  0
LINE
  5
1509EC
330
1F
100
AcDbEntity
  8
0
 62
     4
100
AcDbLine
 10
353805.8602700667
 20
355936.9399427447
 30
1126.8501
 11
353799.1856947665
 21
355936.8862483449
 31
1126.8501
  0
LINE
  5
1509EF
330
1F
100
AcDbEntity
  8
0
 62
     4
100
AcDbLine
 10
353798.9292895631
 20
355937.9244563108
 30
1126.8501
 11
353805.8265311396
 21
355937.8810848789
 31
1126.8501
  0
LINE
  5
1509F0
330
1F
100
AcDbEntity
  8
0
 62
     4
100
AcDbLine
 10
353805.8127374667
 20
355941.2194535455
 30
1126.8501
 11
353799.1381621664
 21
355941.1657591456
 31
1126.8501
  0
LINE
  5
1509F3
330
1F
100
AcDbEntity
  8
0
 62
     4
100
AcDbLine
 10
353798.8817569631
 20
355942.2039671116
 30
1126.8501
 11
353805.7789985395
 21
355942.1605956796
 31
1126.8501
  0
LINE
  5
1509F4
330
1F
100
AcDbEntity
  8
0
 62
     4
100
AcDbLine
 10
353805.7651963527
 20
355945.4997308846
 30
1126.8501
 11
353799.0906210524
 21
355945.4460364848
 31
1126.8501
  0
LINE
  5
1509F7
330
1F
100
AcDbEntity
  8
0
 62
     4
100
AcDbLine
 10
353798.8342158491
 20
355946.4842444508
 30
1126.8501
 11
353805.7314574256
 21
355946.4408730188
 31
1126.8501
  0
LINE
  5
1509F8
330
1F
100
AcDbEntity
  8
0
 62
     4
100
AcDbLine
 10
353805.534627515
 20
355954.058014078
 30
-4502.2676
 11
353798.8600522147
 21
355954.0043196781
 31
-4502.2676
  0
LINE
  5
1509FB
330
1F
100
AcDbEntity
  8
0
 62
     4
100
AcDbLine
 10
353798.6036470114
 20
355955.0425276441
 30
-4502.2676
 11
353805.5008885879
 21
355954.999156212
 31
-4502.2676
  0
LINE
  5
1509FC
330
1F
100
AcDbEntity
  8
0
 62
     4
100
AcDbLine
 10
353805.5001962367
 20
355958.3380537118
 30
-5627.8345
 11
353798.8256209364
 21
355958.284359312
 31
-5627.8345
  0
LINE
  5
1509FF
330
1F
100
AcDbEntity
  8
0
 62
     4
100
AcDbLine
 10
353798.5692157331
 20
355959.322567278
 30
-5627.8345
 11
353805.4664573096
 21
355959.2791958459
 31
-5627.8345
  0
LINE
  5
150A00
330
1F
100
AcDbEntity
  8
0
 62
     4
100
AcDbLine
 10
353805.4657649585
 20
355962.6180933456
 30
-6753.4014
 11
353798.7911896582
 21
355962.5643989458
 31
-6753.4014
  0
LINE
  5
150A03
330
1F
100
AcDbEntity
  8
0
 62
     4
100
AcDbLine
 10
353798.5347844549
 20
355963.6026069118
 30
-6753.4014
 11
353805.4320260314
 21
355963.5592354798
 31
-6753.4014
  0
LINE
  5
150A04
330
1F
100
AcDbEntity
  8
0
 62
     4
100
AcDbLine
 10
353805.4313336802
 20
355966.8981329795
 30
-7878.9683
 11
353798.75675838
 21
355966.8444385797
 31
-7878.9683
  0
LINE
  5
150A07
330
1F
100
AcDbEntity
  8
0
 62
     4
100
AcDbLine
 10
353798.5003531767
 20
355967.8826465456
 30
-7878.9683
 11
353805.3975947531
 21
355967.8392751136
 31
-7878.9683
  0
LWPOLYLINE
  5
150A18
330
1F
100
AcDbEntity
  8
0
 62
    51
420
 16249473
100
AcDbPolyline
 90
       15
 70
     0
 43
0.0
 38
1123.4685
 10
353804.0435418031
 20
355977.8148384803
 10
353800.7112837178
 20
355978.0877560155
 10
353795.5302552321
 20
355978.3701494053
 10
353791.5901542789
 20
355978.5442803169
 10
353788.6515334785
 20
355979.1094174605
 10
353785.6697894536
 20
355979.2180303027
 10
353783.4273817681
 20
355979.1311400289
 10
353775.4624075982
 20
355979.585643146
 10
353774.5766181251
 20
355980.1749312914
 10
353773.3891291447
 20
355980.8681476805
 10
353772.9203415594
 20
355981.1006128636
 10
353771.2770068957
 20
355982.1827794772
 10
353769.2646382422
 20
355982.6649534169
 10
353767.1256942968
 20
355983.0824959355
 10
353767.657451785
 20
355984.7129830231
  0
LWPOLYLINE
  5
150A19
330
1F
100
AcDbEntity
  8
0
 62
    51
420
 16249473
100
AcDbPolyline
 90
       11
 70
     0
 43
0.0
 38
1116.5819
 10
353767.6331365342
 20
355984.6818508713
 10
353767.657451785
 20
355985.3129830321
 10
353767.9624772755
 20
355985.8181006241
 10
353769.1914422743
 20
355986.4690633749
 10
353772.3686206587
 20
355986.4816579914
 10
353773.7961942929
 20
355986.235321163
 10
353776.5042390468
 20
355986.2042085614
 10
353780.8116858637
 20
355985.9286198847
 10
353792.6735679193
 20
355984.3438925794
 10
353800.1131023067
 20
355983.7334071817
 10
353801.8025473566
 20
355983.5947719554
  0
LWPOLYLINE
  5
150A1A
330
1F
100
AcDbEntity
  8
0
 62
    51
420
 16249473
100
AcDbPolyline
 90
       11
 70
     0
 43
0.0
 38
1116.5819
 10
353768.1328100948
 20
355984.5579524543
 10
353768.3499835234
 20
355985.1056559001
 10
353768.4614689476
 20
355985.2902740739
 10
353769.3666855209
 20
355985.7697525548
 10
353772.3100464373
 20
355985.7814202981
 10
353773.7322530451
 20
355985.5360095839
 10
353776.477852902
 20
355985.5044655135
 10
353780.7429094437
 20
355985.2315889492
 10
353792.598546999
 20
355983.6476958986
 10
353800.0558529983
 20
355983.035752169
 10
353801.7452980483
 20
355982.8971169428
  0
LWPOLYLINE
  5
150A1C
330
1F
100
AcDbEntity
  8
0
 62
    51
420
 16249473
100
AcDbPolyline
 90
       15
 70
     0
 43
0.0
 38
1123.4685
 10
353804.0843559834
 20
355978.3131698988
 10
353800.7453032546
 20
355978.5866439267
 10
353795.5548998659
 20
355978.8695482982
 10
353791.6487162082
 20
355979.0421802509
 10
353788.7081806021
 20
355979.6076856379
 10
353785.669209187
 20
355979.7183830419
 10
353783.4319548505
 20
355979.6316924534
 10
353775.6263724587
 20
355980.0771002415
 10
353774.8413567184
 20
355980.5993467616
 10
353773.6265070074
 20
355981.3085354309
 10
353773.1698292722
 20
355981.5349955093
 10
353771.4787731186
 20
355982.6485876165
 10
353769.3708367277
 20
355983.1536600807
 10
353767.7763355921
 20
355983.4649221038
 10
353768.1328100948
 20
355984.5579524543
  0
LWPOLYLINE
  5
150A1F
102
{ACAD_REACTORS
330
150C05
102
}
330
1F
100
AcDbEntity
  8
0
 62
     6
100
AcDbPolyline
 90
        2
 70
     0
 43
0.0
 10
353808.7292618071
 20
355927.5222469395
 10
353805.9783784101
 20
355928.8711020967
  0
LWPOLYLINE
  5
150A20
330
1F
100
AcDbEntity
  8
0
 62
     6
100
AcDbPolyline
 90
        2
 70
     0
 43
0.0
 10
353808.5091328177
 20
355927.0733112781
 10
353805.7582494207
 20
355928.4221664353
  0
LWPOLYLINE
  5
150A21
330
1F
100
AcDbEntity
  8
0
 62
     6
100
AcDbPolyline
 90
        2
 70
     0
 43
0.0
 10
353808.2890038283
 20
355926.6243756168
 10
353805.5381204313
 20
355927.9732307739
  0
LWPOLYLINE
  5
150A22
330
1F
100
AcDbEntity
  8
0
 62
     6
100
AcDbPolyline
 90
        2
 70
     0
 43
0.0
 10
353808.0688748389
 20
355926.1754399555
 10
353805.3179914419
 20
355927.5242951126
  0
DIMENSION
  5
150A63
330
1F
100
AcDbEntity
  8
landscape design
 62
     5
 48
0.05
100
AcDbDimension
280
     0
  2
*D2
 10
354123.059387811
 20
355817.1985749562
 30
0.0
 11
354124.7603959223
 21
355821.8493863817
 31
0.0
 70
    33
 71
     5
 42
9.8539362171432
 73
     0
 74
     0
 75
     0
  3
1-100
100
AcDbAlignedDimension
 13
354127.3966035226
 23
355826.0467622013
 33
0.0
 14
354123.0975496073
 24
355817.1800720405
 34
0.0
  0
DIMENSION
  5
150AED
102
{ACAD_XDICTIONARY
360
150AF9
102
}
102
{ACAD_REACTORS
330
150B02
102
}
330
1F
100
AcDbEntity
  8
0
 62
     4
100
AcDbDimension
280
     0
  2
*D3
 10
353774.9739906
 20
355946.7609042727
 30
0.0
 11
353776.1681683189
 21
355947.6441849413
 31
0.0
 70
   161
 71
     5
 42
1.995797317824326
 73
     0
 74
     0
 75
     0
  3
1-100
100
AcDbAlignedDimension
 13
353777.1686706521
 23
355945.5776247951
 33
0.0
 14
353775.1947710214
 24
355945.2827906353
 34
0.0
  0
DIMENSION
  5
150B03
102
{ACAD_XDICTIONARY
360
150B0E
102
}
102
{ACAD_REACTORS
330
150B16
102
}
330
1F
100
AcDbEntity
  8
0
 62
     4
100
AcDbDimension
280
     0
  2
*D4
 10
353777.8932287738
 20
355947.194370399
 30
0.0
 11
353778.6066230868
 21
355945.7924064848
 31
0.0
 70
    33
 71
     5
 42
2.983939339581411
 73
     0
 74
     0
 75
     0
  3
1-100
100
AcDbAlignedDimension
 13
353777.3890756101
 23
355944.1020248662
 33
0.0
 14
353776.9482656941
 24
355947.053224724
 34
0.0
  0
LINE
  5
150B22
330
1F
100
AcDbEntity
  8
0
 62
     4
100
AcDbLine
 10
353748.0511432311
 20
355933.3820844486
 30
0.0
 11
353749.463270296
 21
355927.0373309347
 31
0.0
  0
LINE
  5
150B23
330
1F
100
AcDbEntity
  8
0
 62
     4
100
AcDbLine
 10
353749.463270296
 20
355927.0373309347
 30
0.0
 11
353752.1407562789
 21
355927.6332485561
 31
0.0
  0
LINE
  5
150B25
330
1F
100
AcDbEntity
  8
0
 62
     4
100
AcDbLine
 10
353750.7286292139
 20
355933.9780020701
 30
0.0
 11
353748.0511432311
 21
355933.3820844486
 31
0.0
  0
INSERT
  5
150BC8
330
1F
100
AcDbEntity
  8
green
  6
HIDDEN2
 62
     5
 48
0.5
100
AcDbBlockReference
 66
     1
  2
FINISH TYPE
 10
353805.5500271525
 20
355977.587636478
 30
0.0
 41
0.0045
 42
0.0045
 43
0.0045
 50
186.7465932616126
  0
ATTRIB
  5
150BC9
330
150BC8
100
AcDbEntity
  8
0
 62
     5
100
AcDbText
 10
353805.0465993026
 20
355977.0255505673
 30
0.0
 40
0.9899999999963977
  1
01
 50
6.746593261607562
 41
0.8500000000000001
  7
CC-Tags-100
 72
     1
 11
353805.6377186861
 21
355977.5939300733
 31
0.0
100
AcDbAttribute
280
     0
  2
00
 70
     0
 74
     2
280
     1
  0
SEQEND
  5
150BCA
330
150BC8
100
AcDbEntity
  8
green
  6
HIDDEN2
 62
     5
  0
LWPOLYLINE
  5
150BCC
102
{ACAD_REACTORS
330
150E6C
102
}
330
1F
100
AcDbEntity
  8
0
  6
1086-X-TOPO$0$HIDDEN
 62
     5
100
AcDbPolyline
 90
        4
 70
     1
 43
0.0
 38
1124.9406
 10
353807.6060487599
 20
355979.5223528004
 10
353804.0627504725
 20
355979.5613236694
 10
353803.9749628224
 20
355971.5795198755
 10
353807.4192027917
 20
355971.8235407769
  0
LWPOLYLINE
  5
150BCD
102
{ACAD_REACTORS
330
150E6C
102
}
330
1F
100
AcDbEntity
  8
0
  6
1086-X-TOPO$0$HIDDEN
 62
     5
100
AcDbPolyline
 90
       10
 70
     1
 43
0.0
 10
353792.7779772453
 20
355971.9826452078
 10
353792.1553221659
 20
355974.8691408936
 10
353788.0350091394
 20
355978.56133759
 10
353783.2315512869
 20
355973.1281876199
 10
353784.8123135866
 20
355971.7300536677
 10
353784.9988449482
 20
355970.0237491666
 10
353788.7616785388
 20
355970.2702230341
 10
353788.3742511404
 20
355973.1882477112
 10
353790.651263082
 20
355973.2844850098
 10
353790.5606869351
 20
355971.8888183157
  0
LWPOLYLINE
  5
150BD4
102
{ACAD_REACTORS
330
150E6C
102
}
330
1F
100
AcDbEntity
  8
0
  6
1086-X-TOPO$0$HIDDEN
 62
     5
100
AcDbPolyline
 90
        4
 70
     1
 43
0.0
 38
1125.2019
 10
353778.6506875874
 20
355955.6002172548
 10
353774.436027158
 20
355955.2166195846
 10
353774.1426964123
 20
355959.1761586233
 10
353778.2179636761
 20
355959.5676083255
  0
INSERT
  5
150BD6
330
1F
100
AcDbEntity
  8
green
  6
HIDDEN2
 62
     5
 48
0.5
100
AcDbBlockReference
 66
     1
  2
FINISH TYPE
 10
353788.1660284992
 20
355975.2390613299
 30
0.0
 41
0.0045
 42
0.0045
 43
0.0045
 50
186.7465932616126
  0
ATTRIB
  5
150BD7
330
150BD6
100
AcDbEntity
  8
0
 62
     5
100
AcDbText
 10
353787.6626006492
 20
355974.6769754192
 30
0.0
 40
0.9899999999963977
  1
01
 50
6.746593261607562
 41
0.8500000000000001
  7
CC-Tags-100
 72
     1
 11
353788.2537200327
 21
355975.2453549253
 31
0.0
100
AcDbAttribute
280
     0
  2
00
 70
     0
 74
     2
280
     1
  0
SEQEND
  5
150BD8
330
150BD6
100
AcDbEntity
  8
green
  6
HIDDEN2
 62
     5
  0
INSERT
  5
150BD9
330
1F
100
AcDbEntity
  8
green
  6
HIDDEN2
 62
     5
 48
0.5
100
AcDbBlockReference
 66
     1
  2
FINISH TYPE
 10
353776.4156513178
 20
355957.003331583
 30
0.0
 41
0.0045
 42
0.0045
 43
0.0045
 50
186.7465932616126
  0
ATTRIB
  5
150BDA
330
150BD9
100
AcDbEntity
  8
0
 62
     5
100
AcDbText
 10
353775.9122234678
 20
355956.4412456722
 30
0.0
 40
0.9899999999963977
  1
01
 50
6.746593261607562
 41
0.8500000000000001
  7
CC-Tags-100
 72
     1
 11
353776.5033428514
 21
355957.0096251782
 31
0.0
100
AcDbAttribute
280
     0
  2
00
 70
     0
 74
     2
280
     1
  0
SEQEND
  5
150BDB
330
150BD9
100
AcDbEntity
  8
green
  6
HIDDEN2
 62
     5
  0
INSERT
  5
150BDC
330
1F
100
AcDbEntity
  8
green
  6
HIDDEN2
 62
     5
 48
0.5
100
AcDbBlockReference
 66
     1
  2
FINISH TYPE
 10
353794.7438923398
 20
355953.6828779037
 30
0.0
 41
0.0045
 42
0.0045
 43
0.0045
 50
186.7465932616126
  0
ATTRIB
  5
150BDD
330
150BDC
100
AcDbEntity
  8
0
 62
     3
100
AcDbText
 10
353794.2404644898
 20
355953.120791993
 30
0.0
 40
0.9899999999963977
  1
02
 50
6.746593261607562
 41
0.8500000000000001
  7
CC-Tags-100
 72
     1
 11
353794.8315838734
 21
355953.689171499
 31
0.0
100
AcDbAttribute
280
     0
  2
00
 70
     0
 74
     2
280
     1
  0
SEQEND
  5
150BDE
330
150BDC
100
AcDbEntity
  8
green
  6
HIDDEN2
 62
     5
  0
LINE
  5
150BDF
330
1F
100
AcDbEntity
  8
0
  6
1086-X-TOPO$0$HIDDEN
 62
     3
100
AcDbLine
 10
353795.82326971
 20
355953.8105655571
 30
0.0
 11
353797.3368932954
 21
355953.7626297795
 31
0.0
  0
INSERT
  5
150BE0
330
1F
100
AcDbEntity
  8
green
  6
HIDDEN2
 62
     5
 48
0.5
100
AcDbBlockReference
 66
     1
  2
FINISH TYPE
 10
353783.6608849413
 20
355942.0350094747
 30
0.0
 41
0.0045
 42
0.0045
 43
0.0045
 50
186.7465932616126
  0
ATTRIB
  5
150BE1
330
150BE0
100
AcDbEntity
  8
0
 62
     3
100
AcDbText
 10
353783.1574570913
 20
355941.472923564
 30
0.0
 40
0.9899999999963977
  1
02
 50
6.746593261607562
 41
0.8500000000000001
  7
CC-Tags-100
 72
     1
 11
353783.7485764749
 21
355942.04130307
 31
0.0
100
AcDbAttribute
280
     0
  2
00
 70
     0
 74
     2
280
     1
  0
SEQEND
  5
150BE2
330
150BE0
100
AcDbEntity
  8
green
  6
HIDDEN2
 62
     5
  0
LWPOLYLINE
  5
150BE3
330
1F
100
AcDbEntity
  8
0
  6
1086-X-TOPO$0$HIDDEN
 62
     3
100
AcDbPolyline
 90
        2
 70
     0
 43
0.0
 10
353782.5815075712
 20
355941.9073218213
 10
353778.0184911204
 20
355941.2885758965
  0
INSERT
  5
150BE5
330
1F
100
AcDbEntity
  8
green
  6
HIDDEN2
 62
     5
 48
0.5
100
AcDbBlockReference
 66
     1
  2
FINISH TYPE
 10
353816.035079221
 20
355947.1600839792
 30
0.0
 41
0.0045
 42
0.0045
 43
0.0045
 50
186.7465932616126
  0
ATTRIB
  5
150BE6
330
150BE5
100
AcDbEntity
  8
0
 62
     3
100
AcDbText
 10
353815.531651371
 20
355946.5979980685
 30
0.0
 40
0.9899999999963977
  1
02
 50
6.746593261607562
 41
0.8500000000000001
  7
CC-Tags-100
 72
     1
 11
353816.1227707546
 21
355947.1663775744
 31
0.0
100
AcDbAttribute
280
     0
  2
00
 70
     0
 74
     2
280
     1
  0
SEQEND
  5
150BE7
330
150BE5
100
AcDbEntity
  8
green
  6
HIDDEN2
 62
     5
  0
LWPOLYLINE
  5
150BE8
330
1F
100
AcDbEntity
  8
0
  6
1086-X-TOPO$0$HIDDEN
 62
     3
100
AcDbPolyline
 90
        2
 70
     0
 43
0.0
 10
353814.9557018509
 20
355947.0323963257
 10
353808.8173442515
 20
355947.4677008781
  0
INSERT
  5
150BEC
330
1F
100
AcDbEntity
  8
green
  6
HIDDEN2
 62
     4
 48
0.5
100
AcDbBlockReference
 66
     1
  2
FINISH TYPE
 10
353813.6409480264
 20
355923.3451612481
 30
0.0
 41
0.0045
 42
0.0045
 43
0.0045
 50
186.7465932616126
  0
ATTRIB
  5
150BED
330
150BEC
100
AcDbEntity
  8
0
 62
     3
100
AcDbText
 10
353813.1375201764
 20
355922.7830753374
 30
0.0
 40
0.9899999999963977
  1
03
 50
6.746593261607562
 41
0.8500000000000001
  7
CC-Tags-100
 72
     1
 11
353813.7286395599
 21
355923.3514548433
 31
0.0
100
AcDbAttribute
280
     0
  2
00
 70
     0
 74
     2
280
     1
  0
SEQEND
  5
150BEE
330
150BEC
100
AcDbEntity
  8
green
  6
HIDDEN2
 62
     4
  0
LWPOLYLINE
  5
150BEF
330
1F
100
AcDbEntity
  8
0
  6
1086-X-TOPO$0$HIDDEN
 62
     4
100
AcDbPolyline
 90
        2
 70
     0
 43
0.0
 10
353812.5615706563
 20
355923.2174735946
 10
353806.4232130569
 20
355923.6527781471
  0
LWPOLYLINE
  5
150BF0
330
1F
100
AcDbEntity
  8
0
  6
1086-X-TOPO$0$HIDDEN
 62
     3
100
AcDbPolyline
 90
        2
 70
     0
 43
0.0
 38
1128.3251
 10
353809.0271549499
 20
355936.2411568787
 10
353798.9716536941
 20
355915.7337574693
  0
LWPOLYLINE
  5
150BF1
102
{ACAD_REACTORS
330
150CC7
102
}
330
1F
100
AcDbEntity
  8
0
  6
1086-X-TOPO$0$HIDDEN
 62
     3
100
AcDbPolyline
 90
        2
 70
     0
 43
0.0
 38
1125.3483
 10
353802.8855347279
 20
355916.8455879274
 10
353811.2934845111
 20
355931.4024670447
  0
DIMENSION
  5
150BF2
102
{ACAD_XDICTIONARY
360
150BFD
102
}
102
{ACAD_REACTORS
330
150C05
102
}
330
1F
100
AcDbEntity
  8
0
  6
1086-X-TOPO$0$HIDDEN
 62
     3
100
AcDbDimension
280
     0
  2
*D6
 10
353806.0915506708
 20
355929.1185264019
 30
0.0
 11
353807.6898473691
 21
355928.8902847517
 31
0.0
 70
    33
 71
     5
 42
3.07109995643259
 73
     0
 74
     0
 75
     0
  3
1-100
100
AcDbAlignedDimension
 13
353808.7292618071
 23
355927.5222469395
 33
0.0
 14
353805.971809227
 24
355928.8743231988
 34
1128.3251
  0
LWPOLYLINE
  5
150C0A
330
1F
100
AcDbEntity
  8
0
  6
1086-X-TOPO$0$HIDDEN
 62
     1
100
AcDbPolyline
 90
        2
 70
     0
 43
0.0
 10
353773.7233504828
 20
355926.9293000793
 10
353775.323481994
 20
355920.0430492641
  0
INSERT
  5
150C0B
330
1F
100
AcDbEntity
  8
green
  6
HIDDEN2
 62
     5
 48
0.5
100
AcDbBlockReference
 66
     1
  2
FINISH TYPE
 10
353780.1462322878
 20
355934.6106526088
 30
0.0
 41
0.0045
 42
0.0045
 43
0.0045
 50
186.7465932616126
  0
ATTRIB
  5
150C0C
330
150C0B
100
AcDbEntity
  8
0
 62
     2
100
AcDbText
 10
353779.6428044378
 20
355934.0485666981
 30
0.0
 40
0.9899999999963977
  1
04
 50
6.746593261607562
 41
0.8500000000000001
  7
CC-Tags-100
 72
     1
 11
353780.2339238214
 21
355934.6169462041
 31
0.0
100
AcDbAttribute
280
     0
  2
00
 70
     0
 74
     2
280
     1
  0
SEQEND
  5
150C0D
330
150C0B
100
AcDbEntity
  8
green
  6
HIDDEN2
 62
     5
  0
LWPOLYLINE
  5
150C0E
330
1F
100
AcDbEntity
  8
0
  6
1086-X-TOPO$0$HIDDEN
 62
     3
100
AcDbPolyline
 90
        2
 70
     0
 43
0.0
 10
353779.0668549177
 20
355934.4829649554
 10
353774.5038384669
 20
355933.8642190305
  0
LINE
  5
150C0F
330
1F
100
AcDbEntity
  8
0
  6
1086-X-TOPO$0$HIDDEN
 62
     3
100
AcDbLine
 10
353778.1036023138
 20
355915.5577667308
 30
1123.1843
 11
353777.9420893045
 21
355915.5686980247
 31
1108.185173556948
  0
LWPOLYLINE
  5
150C1C
330
1F
100
AcDbEntity
  8
0
 62
     9
420
 13093066
100
AcDbPolyline
 90
       22
 70
     0
 43
0.0
 38
1122.5776
 10
353749.1587594979
 20
355935.6881609858
 10
353747.3056685533
 20
355944.0201473627
 10
353744.7390321428
 20
355955.5604226346
 10
353741.3765586071
 20
355970.6372648467
 10
353735.705116915
 20
355971.5947689204
 10
353736.2090749435
 20
355975.4695939522
 10
353737.4935512024
 20
355977.3934532516
 10
353732.6980933393
 20
355979.3636860037
 10
353732.5973509452
 20
355979.6754340219
 10
353733.3475526589
 20
355981.916430516
 10
353733.9261465462
 20
355982.4012033291
 10
353738.3312276989
 20
355986.0509488329
 10
353740.9163740486
 20
355987.3656545752
 10
353741.480058242
 20
355987.589166233
 10
353745.2429875141
 20
355988.6058275294
 10
353750.2651034252
 20
355988.7437270468
 10
353753.1910537598
 20
355988.1560217272
 10
353758.3382623295
 20
355986.2576408671
 10
353759.8566470155
 20
355983.2175403262
 10
353765.6467108464
 20
355975.7092532961
 10
353769.5292244431
 20
355972.5804520299
 10
353770.374186659
 20
355969.0954582735
  0
LWPOLYLINE
  5
150C27
330
1F
100
AcDbEntity
  8
0
 62
     6
100
AcDbPolyline
 90
        8
 70
     1
 43
0.0
 38
1110.1868
 10
353745.6018853463
 20
355971.8828717437
 10
353742.6564671209
 20
355981.439257644
 10
353739.0770321111
 20
355982.4193061277
 10
353741.8629812794
 20
355984.7829806905
 10
353748.5285561429
 20
355985.2577723957
 10
353750.0123995367
 20
355979.4363487077
 10
353750.5907842021
 20
355976.9371161631
 10
353751.4473916228
 20
355973.2356675046
  0
LWPOLYLINE
  5
150C2B
102
{ACAD_REACTORS
330
150D52
102
}
330
1F
100
AcDbEntity
  8
0
  6
1086-X-TOPO$0$HIDDEN
 62
     1
100
AcDbPolyline
 90
       35
 70
     0
 43
0.0
 38
1121.747861209214
 10
353751.8073067247
 20
355973.0110319789
 10
353745.3974494381
 20
355971.5276313365
 10
353742.6564671209
 20
355981.439257644
 10
353739.0770321111
 20
355982.4193061277
 10
353741.8629812794
 20
355984.7829806905
 10
353748.5285561429
 20
355985.2577723957
 10
353749.6010763082
 20
355981.2136994233
 10
353759.3329510485
 20
355983.424565272
 10
353759.7367431592
 20
355983.4576110948
 10
353758.3382623295
 20
355986.2576408671
 10
353753.1910537598
 20
355988.1560217272
 10
353750.2651034252
 20
355988.7437270468
 10
353745.2429875141
 20
355988.6058275294
 10
353741.480058242
 20
355987.589166233
 10
353738.8753367149
 20
355986.327661696
 10
353736.1286871225
 20
355984.226076081
 10
353733.6368496026
 20
355982.1588169226
 10
353732.5973509452
 20
355979.6754340219
 10
353732.6980933393
 20
355979.3636860037
 10
353737.4935512024
 20
355977.3934532516
 10
353736.2090749435
 20
355975.4695939522
 10
353735.705116915
 20
355971.5947689204
 10
353741.3765586071
 20
355970.6372648467
 10
353751.6011760392
 20
355924.7064110578
 10
353751.6011680404
 20
355924.7064091083
 10
353750.0459812139
 20
355923.5329859003
 10
353749.7971743587
 20
355922.9107618747
 10
353749.7831650587
 20
355921.7836048123
 10
353750.323605131
 20
355920.7089324219
 10
353750.9272452288
 20
355920.2036200666
 10
353751.4000597591
 20
355919.9866553337
 10
353752.6686241078
 20
355919.9068825769
 10
353762.8398592199
 20
355919.0612323358
 10
353763.0066582245
 20
355921.0672068264
 10
353750.5870489016
 20
355922.0999111215
  0
INSERT
  5
150C2C
330
1F
100
AcDbEntity
  8
green
  6
HIDDEN2
 62
     5
 48
0.5
100
AcDbBlockReference
 66
     1
  2
FINISH TYPE
 10
353742.6305860558
 20
355941.0547679684
 30
1122.5776
 41
0.0045
 42
0.0045
 43
0.0045
 50
186.7465932616126
  0
ATTRIB
  5
150C2D
330
150C2C
100
AcDbEntity
  8
0
 62
     1
100
AcDbText
 10
353742.1271582058
 20
355940.4926820577
 30
1122.5776
 40
0.9899999999963977
  1
05
 50
6.746593261607562
 41
0.8500000000000001
  7
CC-Tags-100
 72
     1
 11
353742.7182775893
 21
355941.0610615638
 31
1122.5776
100
AcDbAttribute
280
     0
  2
00
 70
     0
 74
     2
280
     1
  0
SEQEND
  5
150C2E
330
150C2C
100
AcDbEntity
  8
green
  6
HIDDEN2
 62
     5
  0
LWPOLYLINE
  5
150C2F
330
1F
100
AcDbEntity
  8
0
  6
1086-X-TOPO$0$HIDDEN
 62
     1
100
AcDbPolyline
 90
        2
 70
     0
 43
0.0
 38
1122.5776
 10
353748.2533136712
 20
355941.8646540877
 10
353743.6902972204
 20
355941.2459081628
  0
INSERT
  5
150C30
330
1F
100
AcDbEntity
  8
green
  6
HIDDEN2
 62
     5
 48
0.5
100
AcDbBlockReference
 66
     1
  2
FINISH TYPE
 10
353729.6312324122
 20
355980.2954191122
 30
1122.5776
 41
0.0045
 42
0.0045
 43
0.0045
 50
186.7465932616126
  0
ATTRIB
  5
150C31
330
150C30
100
AcDbEntity
  8
0
 62
     1
100
AcDbText
 10
353729.1278045621
 20
355979.7333332015
 30
1122.5776
 40
0.9899999999963977
  1
05
 50
6.746593261607562
 41
0.8500000000000001
  7
CC-Tags-100
 72
     1
 11
353729.7189239457
 21
355980.3017127074
 31
1122.5776
100
AcDbAttribute
280
     0
  2
00
 70
     0
 74
     2
280
     1
  0
SEQEND
  5
150C32
330
150C30
100
AcDbEntity
  8
green
  6
HIDDEN2
 62
     5
  0
LWPOLYLINE
  5
150C33
330
1F
100
AcDbEntity
  8
0
  6
1086-X-TOPO$0$HIDDEN
 62
     1
100
AcDbPolyline
 90
        2
 70
     0
 43
0.0
 38
1122.5776
 10
353735.2539600276
 20
355981.1053052314
 10
353730.6909435768
 20
355980.4865593065
  0
LWPOLYLINE
  5
150C54
330
1F
100
AcDbEntity
  8
0
 62
     9
420
 13093066
100
AcDbPolyline
 90
        3
 70
     0
 43
0.0
 38
1121.5572
 10
353783.2433469067
 20
355969.1802667377
 10
353781.8667889469
 20
355970.0085673739
 10
353781.5816472237
 20
355970.2200468527
  0
LWPOLYLINE
  5
150C55
330
1F
100
AcDbEntity
  8
0
 62
     9
420
 13093066
100
AcDbPolyline
 90
       10
 70
     0
 43
0.0
 38
1121.5572
 10
353775.6707247177
 20
355975.9588190672
 10
353772.7026820201
 20
355978.0269135525
 10
353768.671992258
 20
355981.1261189561
 10
353766.3716775119
 20
355982.894835556
 10
353767.3161907057
 20
355985.561412877
 10
353767.6775951747
 20
355986.1936033647
 10
353768.9901090296
 20
355986.7867938456
 10
353771.884038056
 20
355987.3201369252
 10
353784.0280940306
 20
355987.0088999378
 10
353799.041636644
 20
355985.1479288874
  0
LWPOLYLINE
  5
150C5A
102
{ACAD_REACTORS
330
150DC8
330
150DDC
102
}
330
1F
100
AcDbEntity
  8
0
  6
1086-X-TOPO$0$HIDDEN
 62
     1
100
AcDbPolyline
 90
        3
 70
     0
 43
0.0
 38
1118.9158
 10
353782.9054128855
 20
355979.1609249948
 10
353781.9775031919
 20
355971.35718149
 10
353776.5186237836
 20
355976.8079758101
  0
LWPOLYLINE
  5
150C5D
330
1F
100
AcDbEntity
  8
0
  6
1086-X-TOPO$0$HIDDEN
 62
     1
100
AcDbPolyline
 90
       19
 70
     0
 43
0.0
 38
1123.4685
 10
353804.0435418031
 20
355977.8148384803
 10
353797.5960983136
 20
355978.2575500571
 10
353791.5901542789
 20
355978.5442803169
 10
353788.6515334785
 20
355979.1094174605
 10
353783.4273817681
 20
355979.1311400289
 10
353782.9054128855
 20
355979.1609249948
 10
353775.4624075982
 20
355979.585643146
 10
353771.2770068957
 20
355982.1827794772
 10
353767.1256942968
 20
355983.0824959355
 10
353767.657451785
 20
355984.7129830231
 10
353767.657451785
 20
355985.3129830321
 10
353767.9624772755
 20
355985.8181006241
 10
353769.1914422743
 20
355986.4690633749
 10
353772.6674787137
 20
355986.4300881502
 10
353773.7961942929
 20
355986.235321163
 10
353777.3887671639
 20
355986.1476168161
 10
353780.8116858637
 20
355985.9286198847
 10
353792.6735679193
 20
355984.3438925794
 10
353801.8025473566
 20
355983.5947719554
  0
INSERT
  5
150C5E
330
1F
100
AcDbEntity
  8
green
  6
HIDDEN2
 62
     5
 48
0.5
100
AcDbBlockReference
 66
     1
  2
FINISH TYPE
 10
353772.9920716717
 20
355974.1900878714
 30
1122.5776
 41
0.0045
 42
0.0045
 43
0.0045
 50
186.7465932616126
  0
ATTRIB
  5
150C5F
330
150C5E
100
AcDbEntity
  8
0
 62
     1
100
AcDbText
 10
353772.4886438217
 20
355973.6280019607
 30
1122.5776
 40
0.9899999999963977
  1
06
 50
6.746593261607562
 41
0.8500000000000001
  7
CC-Tags-100
 72
     1
 11
353773.0797632053
 21
355974.1963814667
 31
1122.5776
100
AcDbAttribute
280
     0
  2
00
 70
     0
 74
     2
280
     1
  0
SEQEND
  5
150C60
330
150C5E
100
AcDbEntity
  8
green
  6
HIDDEN2
 62
     5
  0
LWPOLYLINE
  5
150C61
330
1F
100
AcDbEntity
  8
0
  6
1086-X-TOPO$0$HIDDEN
 62
     1
100
AcDbPolyline
 90
        2
 70
     0
 43
0.0
 38
1122.5776
 10
353778.6147992871
 20
355974.9999739906
 10
353774.0517828363
 20
355974.3812280657
  0
INSERT
  5
150C62
330
1F
100
AcDbEntity
  8
green
  6
HIDDEN2
 62
     5
 48
0.5
100
AcDbBlockReference
 66
     1
  2
FINISH TYPE
 10
353764.4141390891
 20
355985.4594109835
 30
0.0
 41
0.0045
 42
0.0045
 43
0.0045
 50
186.7465932616126
  0
ATTRIB
  5
150C63
330
150C62
100
AcDbEntity
  8
0
 62
     1
100
AcDbText
 10
353763.910711239
 20
355984.8973250729
 30
0.0
 40
0.9899999999963977
  1
07
 50
6.746593261607562
 41
0.8500000000000001
  7
CC-Tags-100
 72
     1
 11
353764.5018306226
 21
355985.4657045788
 31
0.0
100
AcDbAttribute
280
     0
  2
00
 70
     0
 74
     2
280
     1
  0
SEQEND
  5
150C64
330
150C62
100
AcDbEntity
  8
green
  6
HIDDEN2
 62
     5
  0
LWPOLYLINE
  5
150C65
330
1F
100
AcDbEntity
  8
0
  6
1086-X-TOPO$0$HIDDEN
 62
     1
100
AcDbPolyline
 90
        2
 70
     0
 43
0.0
 10
353770.0368667045
 20
355986.2692971027
 10
353765.4738502537
 20
355985.6505511779
  0
LWPOLYLINE
  5
150C67
330
1F
100
AcDbEntity
  8
0
  6
1086-X-TOPO$0$HIDDEN
 62
     2
100
AcDbPolyline
 90
        2
 70
     0
 43
0.0
 38
1128.3251
 10
353809.0271549499
 20
355936.2411568787
 10
353810.1250740748
 20
355977.4646112046
  0
INSERT
  5
150C68
330
1F
100
AcDbEntity
  8
green
  6
HIDDEN2
 62
     5
 48
0.5
100
AcDbBlockReference
 66
     1
  2
FINISH TYPE
 10
353816.8829319678
 20
355958.8322701753
 30
0.0
 41
0.0045
 42
0.0045
 43
0.0045
 50
186.7465932616126
  0
ATTRIB
  5
150C69
330
150C68
100
AcDbEntity
  8
0
 62
     2
100
AcDbText
 10
353816.3795041178
 20
355958.2701842646
 30
0.0
 40
0.9899999999963977
  1
09
 50
6.746593261607562
 41
0.8500000000000001
  7
CC-Tags-100
 72
     1
 11
353816.9706235013
 21
355958.8385637706
 31
0.0
100
AcDbAttribute
280
     0
  2
00
 70
     0
 74
     2
280
     1
  0
SEQEND
  5
150C6A
330
150C68
100
AcDbEntity
  8
green
  6
HIDDEN2
 62
     5
  0
LWPOLYLINE
  5
150C6B
330
1F
100
AcDbEntity
  8
0
  6
1086-X-TOPO$0$HIDDEN
 62
     3
100
AcDbPolyline
 90
        2
 70
     0
 43
0.0
 10
353815.8035545977
 20
355958.7045825219
 10
353809.6651969983
 20
355959.1398870742
  0
INSERT
  5
150C6C
330
1F
100
AcDbEntity
  8
green
  6
HIDDEN2
 62
     4
 48
0.5
100
AcDbBlockReference
 66
     1
  2
FINISH TYPE
 10
353790.2224681821
 20
355947.2960097826
 30
0.0
 41
0.0045
 42
0.0045
 43
0.0045
 50
186.7465932616126
  0
ATTRIB
  5
150C6D
330
150C6C
100
AcDbEntity
  8
0
 62
    21
100
AcDbText
 10
353789.7190403321
 20
355946.7339238719
 30
0.0
 40
0.9899999999963977
  1
10
 50
6.746593261607562
 41
0.8500000000000001
  7
CC-Tags-100
 72
     1
 11
353790.3101597156
 21
355947.3023033779
 31
0.0
100
AcDbAttribute
280
     0
  2
00
 70
     0
 74
     2
280
     1
  0
SEQEND
  5
150C6E
330
150C6C
100
AcDbEntity
  8
green
  6
HIDDEN2
 62
     4
  0
LWPOLYLINE
  5
150C6F
102
{ACAD_REACTORS
330
150D52
102
}
330
1F
100
AcDbEntity
  8
0
  6
1086-X-TOPO$0$HIDDEN
 62
    11
420
 15888754
100
AcDbPolyline
 90
       26
 70
     1
 43
0.0
 38
1121.747861209214
 10
353762.985941941
 20
355920.8180666337
 10
353762.8398592199
 20
355919.0612323358
 10
353798.9716536941
 20
355915.7337574693
 10
353808.3943095153
 20
355936.4555034951
 10
353809.9342879475
 20
355971.7593055387
 10
353803.9749628224
 20
355971.5795198755
 10
353804.0435418031
 20
355977.8148384803
 10
353791.5901542789
 20
355978.5442803169
 10
353788.6515334785
 20
355979.1094174605
 10
353782.9054128855
 20
355979.1609249948
 10
353781.9775031919
 20
355971.35718149
 10
353776.5186237836
 20
355976.8079758101
 10
353767.1256942968
 20
355983.0824959355
 10
353767.8099645302
 20
355985.5655418281
 10
353767.6775951747
 20
355986.1936033647
 10
353768.3338521021
 20
355986.4901986051
 10
353758.3382623295
 20
355986.2576408671
 10
353759.8566470155
 20
355983.2175403262
 10
353749.9745279355
 20
355980.9305718127
 10
353752.1514783956
 20
355971.4247455997
 10
353763.4881864117
 20
355973.9647469312
 10
353764.5812933909
 20
355969.085916948
 10
353768.8727609078
 20
355969.4071855233
 10
353770.1058478442
 20
355962.8677669716
 10
353772.9321697881
 20
355959.5321743162
 10
353777.922132846
 20
355919.6032886422
  0
LWPOLYLINE
  5
150C89
330
1F
100
AcDbEntity
  8
0
  6
1086-X-TOPO$0$HIDDEN
 62
     2
100
AcDbPolyline
 90
        5
 70
     0
 43
0.0
 38
1121.747861209214
 10
353762.985941941
 20
355920.8180666337
 10
353777.9178591704
 20
355919.6662284596
 10
353772.9321697881
 20
355959.5321743162
 10
353770.1058478442
 20
355962.8677669716
 10
353768.8727609078
 20
355969.4071855233
  0
LWPOLYLINE
  5
150C8A
330
1F
100
AcDbEntity
  8
0
  6
1086-X-TOPO$0$HIDDEN
 62
     2
100
AcDbPolyline
 90
        2
 70
     0
 43
0.0
 10
353774.0092128019
 20
355927.0065809098
 10
353775.7014032337
 20
355919.7607619191
  0
DIMENSION
  5
150CA0
102
{ACAD_XDICTIONARY
360
150CAB
102
}
102
{ACAD_REACTORS
330
150CB3
102
}
330
1F
100
AcDbEntity
  8
0
  6
1086-X-TOPO$0$HIDDEN
 62
     1
100
AcDbDimension
280
     0
  2
*D8
 10
353801.8196904346
 20
355917.8259971768
 30
0.0
 11
353805.1049689648
 21
355925.115183361
 31
0.0
 70
    33
 71
     5
 42
15.95955256064189
 73
     0
 74
     0
 75
     0
  3
1-100
100
AcDbAlignedDimension
 13
353809.2850464775
 23
355931.9318825126
 33
0.0
 14
353801.8329257922
 24
355917.8190084173
 34
1125.3483
  0
DIMENSION
  5
150CB4
102
{ACAD_XDICTIONARY
360
150CBF
102
}
102
{ACAD_REACTORS
330
150CC7
102
}
330
1F
100
AcDbEntity
  8
0
  6
1086-X-TOPO$0$HIDDEN
 62
     1
100
AcDbDimension
280
     0
  2
*D9
 10
353813.2078969971
 20
355930.2967160169
 30
0.0
 11
353808.5722898291
 21
355923.2675841894
 31
0.0
 70
    33
 71
     5
 42
16.81060228514252
 73
     0
 74
     0
 75
     0
  3
1-100
100
AcDbAlignedDimension
 13
353802.8855347279
 23
355916.8455879274
 33
1125.3483
 14
353811.2934845111
 24
355931.4024670447
 34
1125.3483
  0
LWPOLYLINE
  5
150CF2
330
1F
100
AcDbEntity
  8
0
  6
1086-X-TOPO$0$HIDDEN
 62
     3
100
AcDbPolyline
 90
        4
 70
     1
 43
0.0
 38
7885.353738790787
 10
353905.6643952295
 20
355941.8742180048
 10
353897.6093202997
 20
355941.706914234
 10
353897.1447442495
 20
355983.5341701059
 10
353905.1998191792
 20
355983.7014738768
  0
LWPOLYLINE
  5
150CF3
330
1F
100
AcDbEntity
  8
0
  6
1086-X-TOPO$0$HIDDEN
 62
    11
420
 15888754
100
AcDbPolyline
 90
       26
 70
     1
 43
0.0
 38
7880.251499999999
 10
353862.7219653979
 20
355931.8837545517
 10
353862.5758826768
 20
355930.1269202538
 10
353898.707677151
 20
355926.7994453873
 10
353908.1303329722
 20
355947.5211914131
 10
353909.6703114045
 20
355982.8249934567
 10
353903.7109862793
 20
355982.6452077935
 10
353903.77956526
 20
355988.8805263983
 10
353891.3261777358
 20
355989.6099682349
 10
353888.3875569354
 20
355990.1751053785
 10
353882.6414363423
 20
355990.2266129128
 10
353881.7135266488
 20
355982.4228694079
 10
353876.2546472405
 20
355987.8736637281
 10
353866.8617177537
 20
355994.1481838535
 10
353867.5459879871
 20
355996.631229746
 10
353867.4136186316
 20
355997.2592912827
 10
353868.069875559
 20
355997.5558865231
 10
353858.0742857864
 20
355997.3233287851
 10
353859.5926704724
 20
355994.2832282442
 10
353849.7105513924
 20
355991.9962597307
 10
353851.8875018525
 20
355982.4904335177
 10
353863.2242098686
 20
355985.0304348492
 10
353864.3173168477
 20
355980.151604866
 10
353868.6087843647
 20
355980.4728734413
 10
353869.8418713011
 20
355973.9334548896
 10
353872.668193245
 20
355970.5978622341
 10
353877.6581563029
 20
355930.6689765602
  0
LWPOLYLINE
  5
150CF4
330
1F
100
AcDbEntity
  8
0
  6
1086-X-TOPO$0$HIDDEN
 62
     3
100
AcDbPolyline
 90
        4
 70
     1
 43
0.0
 10
353931.1647165737
 20
355970.1762186994
 10
353933.1602679521
 20
355970.2075496846
 10
353933.2071112655
 20
355967.223978052
 10
353931.2115598872
 20
355967.1926470669
  0
LWPOLYLINE
  5
150CF5
330
1F
100
AcDbEntity
  8
0
  6
1086-X-TOPO$0$HIDDEN
 62
     5
100
AcDbPolyline
 90
       10
 70
     1
 43
0.0
 10
353867.0590419622
 20
355961.7692998767
 10
353866.4363868827
 20
355964.6557955626
 10
353862.3160738562
 20
355968.347992259
 10
353857.5126160038
 20
355962.9148422889
 10
353859.0933783034
 20
355961.5167083367
 10
353859.2799096651
 20
355959.8104038355
 10
353863.0427432556
 20
355960.0568777031
 10
353862.6553158573
 20
355962.9749023802
 10
353864.9323277989
 20
355963.0711396788
 10
353864.8417516519
 20
355961.6754729847
  0
DIMENSION
  5
150CFC
102
{ACAD_XDICTIONARY
360
150D07
102
}
102
{ACAD_REACTORS
330
150D0F
102
}
330
1F
100
AcDbEntity
  8
0
  6
1086-X-TOPO$0$HIDDEN
 62
     1
100
AcDbDimension
280
     0
  2
*D10
 10
353768.1859861552
 20
355962.3981959761
 30
0.0
 11
353768.0494554183
 21
355965.8122828945
 31
0.0
 70
    33
 71
     5
 42
6.760523459524847
 73
     0
 74
     0
 75
     0
  3
1-100
100
AcDbAlignedDimension
 13
353768.4796562084
 23
355969.333234896
 33
1123.1843
 14
353769.732370163
 24
355962.6897881101
 34
1123.1843
  0
DIMENSION
  5
150D10
102
{ACAD_XDICTIONARY
360
150D1B
102
}
102
{ACAD_REACTORS
330
150D23
102
}
330
1F
100
AcDbEntity
  8
0
  6
1086-X-TOPO$0$HIDDEN
 62
     1
100
AcDbDimension
280
     0
  2
*D11
 10
353771.0913666662
 20
355958.1308818976
 30
0.0
 11
353770.0636391686
 21
355960.1152726084
 31
0.0
 70
    33
 71
     5
 42
4.356740731862373
 73
     0
 74
     0
 75
     0
  3
1-100
100
AcDbAlignedDimension
 13
353769.732370163
 23
355962.6897881101
 33
1123.1843
 14
353772.5488357017
 24
355959.3658278706
 34
1123.1843
  0
DIMENSION
  5
150D2B
102
{ACAD_XDICTIONARY
360
150D36
102
}
102
{ACAD_REACTORS
330
150D3E
102
}
330
1F
100
AcDbEntity
  8
0
  6
1086-X-TOPO$0$HIDDEN
 62
     1
100
AcDbDimension
280
     0
  2
*D12
 10
353776.3066927408
 20
355919.702298706
 30
0.0
 11
353774.3045871394
 21
355939.5184934672
 31
0.0
 70
    33
 71
     5
 42
39.82166590209818
 73
     0
 74
     0
 75
     0
  3
1-100
100
AcDbAlignedDimension
 13
353772.5488357017
 23
355959.3658278706
 33
1123.1843
 14
353777.542635168
 24
355919.8585242154
 34
1123.1843
  0
DIMENSION
  5
150D3F
102
{ACAD_XDICTIONARY
360
150D4A
102
}
102
{ACAD_REACTORS
330
150D52
102
}
330
1F
100
AcDbEntity
  8
0
  6
1086-X-TOPO$0$HIDDEN
 62
     1
100
AcDbDimension
280
     0
  2
*D13
 10
353777.9421121346
 20
355919.8220383873
 30
0.0
 11
353764.3199076519
 21
355921.5667418899
 31
0.0
 70
    33
 71
     5
 42
27.44886041444261
 73
     0
 74
     0
 75
     0
  3
1-100
100
AcDbAlignedDimension
 13
353750.5870489016
 23
355922.0999111215
 33
1121.747861209214
 14
353777.922132846
 24
355919.6032886422
 34
1121.747861209214
  0
DIMENSION
  5
150D53
102
{ACAD_XDICTIONARY
360
150D5E
102
}
102
{ACAD_REACTORS
330
150D66
102
}
330
1F
100
AcDbEntity
  8
0
  6
1086-X-TOPO$0$HIDDEN
 62
     1
100
AcDbDimension
280
     0
  2
*D14
 10
353805.4497209327
 20
355973.3134364661
 30
0.0
 11
353801.4118327278
 21
355973.7281354901
 31
0.0
 70
    33
 71
     5
 42
8.05681219062535
 73
     0
 74
     0
 75
     0
  3
1-100
100
AcDbAlignedDimension
 13
353797.4087207926
 23
355972.468482188
 33
1126.8501
 14
353805.4637957223
 24
355972.6357859587
 34
1126.8501
  0
DIMENSION
  5
150D67
102
{ACAD_XDICTIONARY
360
150D72
102
}
102
{ACAD_REACTORS
330
150D7A
102
}
330
1F
100
AcDbEntity
  8
0
  6
1086-X-TOPO$0$HIDDEN
 62
     1
100
AcDbDimension
280
     0
  2
*D15
 10
353795.5882517236
 20
355930.6158462806
 30
0.0
 11
353795.8546641796
 21
355951.5350132913
 31
0.0
 70
    33
 71
     5
 42
41.82983581954613
 73
     0
 74
     0
 75
     0
  3
1-100
100
AcDbAlignedDimension
 13
353797.4087207926
 23
355972.468482188
 33
1126.8501
 14
353797.8732968428
 24
355930.641226316
 34
1126.8501
  0
DIMENSION
  5
150D7B
102
{ACAD_XDICTIONARY
360
150D86
102
}
102
{ACAD_REACTORS
330
150D8E
102
}
330
1F
100
AcDbEntity
  8
0
  6
1086-X-TOPO$0$HIDDEN
 62
     1
100
AcDbDimension
280
     0
  2
*D16
 10
353764.0932839182
 20
355971.1617089964
 30
0.0
 11
353753.6793611729
 21
355969.4268343662
 31
0.0
 70
    33
 71
     5
 42
21.09133624634706
 73
     0
 74
     0
 75
     0
  3
1-100
100
AcDbAlignedDimension
 13
353742.8937830478
 23
355969.4161319482
 33
1121.7644
 14
353763.5115621953
 24
355973.8604145319
 34
1121.7644
  0
DIMENSION
  5
150D8F
102
{ACAD_XDICTIONARY
360
150D9A
102
}
102
{ACAD_REACTORS
330
150DA2
102
}
330
1F
100
AcDbEntity
  8
0
  6
1086-X-TOPO$0$HIDDEN
 62
     1
100
AcDbDimension
280
     0
  2
*D17
 10
353755.2961255084
 20
355922.4000636977
 30
0.0
 11
353750.5084945717
 21
355946.222478884
 31
0.0
 70
    33
 71
     5
 42
48.58725818688981
 73
     0
 74
     0
 75
     0
  3
1-100
100
AcDbAlignedDimension
 13
353742.8937830478
 23
355969.4161319482
 33
1121.7644
 14
353753.4421841173
 24
355921.9877344104
 34
1121.7644
  0
DIMENSION
  5
150DB5
102
{ACAD_XDICTIONARY
360
150DC0
102
}
102
{ACAD_REACTORS
330
150DC8
102
}
330
1F
100
AcDbEntity
  8
0
  6
1086-X-TOPO$0$HIDDEN
 62
     1
100
AcDbDimension
280
     0
  2
*D18
 10
353784.0229968554
 20
355979.0280378749
 30
0.0
 11
353783.0640704318
 21
355975.1850210712
 31
0.0
 70
    33
 71
     5
 42
7.858716758375521
 73
     0
 74
     0
 75
     0
  3
1-100
100
AcDbAlignedDimension
 13
353781.9775031919
 23
355971.35718149
 33
1118.9158
 14
353782.9054128855
 24
355979.1609249948
 34
1118.9158
  0
DIMENSION
  5
150DC9
102
{ACAD_XDICTIONARY
360
150DD4
102
}
102
{ACAD_REACTORS
330
150DDC
102
}
330
1F
100
AcDbEntity
  8
0
  6
1086-X-TOPO$0$HIDDEN
 62
     1
100
AcDbDimension
280
     0
  2
*D19
 10
353781.2865581229
 20
355970.6652115516
 30
0.0
 11
353778.9045006224
 21
355973.7385061826
 31
0.0
 70
    33
 71
     5
 42
7.71430639232858
 73
     0
 74
     0
 75
     0
  3
1-100
100
AcDbAlignedDimension
 13
353776.5186237836
 23
355976.8079758101
 33
1118.9158
 14
353781.9775031919
 24
355971.35718149
 34
1118.9158
  0
HATCH
  5
150E6C
330
1F
100
AcDbEntity
  8
2746-A-07-G-ST$0$L-G-GRASS
  6
1086-X-TOPO$0$HIDDEN
100
AcDbHatch
 10
0.0
 20
0.0
 30
0.0
210
0.0
220
0.0
230
1.0
  2
SOLID
 70
     1
 71
     1
 91
        9
 92
        7
 72
     0
 73
     1
 93
        4
 10
353778.2179636761
 20
355959.5676083255
 10
353774.1426964123
 20
355959.1761586233
 10
353774.436027158
 20
355955.2166195846
 10
353778.6506875874
 20
355955.6002172548
 97
        1
330
150BD4
 92
        7
 72
     0
 73
     1
 93
       10
 10
353792.1553221659
 20
355974.8691408936
 10
353788.0350091394
 20
355978.56133759
 10
353783.2315512869
 20
355973.1281876199
 10
353784.8123135866
 20
355971.7300536677
 10
353784.9988449482
 20
355970.0237491666
 10
353788.7616785388
 20
355970.2702230341
 10
353788.3742511404
 20
355973.1882477112
 10
353790.651263082
 20
355973.2844850098
 10
353790.5606869351
 20
355971.8888183157
 10
353792.7779772453
 20
355971.9826452078
 97
        1
330
150BCD
 92
        7
 72
     0
 73
     1
 93
        6
 10
353807.6060487599
 20
355979.5223528004
 10
353804.0627504725
 20
355979.5613236694
 10
353803.9862426066
 20
355972.6050972054
 10
353805.4637957223
 20
355972.6357859587
 10
353805.4743477905
 20
355971.6857497767
 10
353807.4192027917
 20
355971.8235407769
 97
        2
330
150BCC
330
1503B1
 92
       24
 93
        4
 72
     1
 10
353774.3456277958
 20
355957.1448205372
 11
353778.2240371946
 21
355957.1448205372
 72
     1
 10
353778.2240371946
 20
355957.1448205372
 11
353778.2240371946
 21
355958.1845168631
 72
     1
 10
353778.2240371946
 20
355958.1845168631
 11
353774.3456277958
 21
355958.1845168631
 72
     1
 10
353774.3456277958
 20
355958.1845168631
 11
353774.3456277958
 21
355957.1448205372
 97
        1
330
15057E
 92
        9
 93
        4
 72
     1
 10
353774.3688317713
 20
355955.0856895177
 11
353775.9466255944
 21
355955.0856895177
 72
     1
 10
353775.9466255944
 20
355955.0856895177
 11
353775.9466255944
 21
355955.4888618381
 72
     1
 10
353775.9466255944
 20
355955.4888618381
 11
353774.3688317713
 21
355955.4888618381
 72
     1
 10
353774.3688317713
 20
355955.4888618381
 11
353774.3688317713
 21
355955.0856895177
 97
        1
330
3F75
 92
        9
 93
        4
 72
     1
 10
353774.0755010255
 20
355959.0452285565
 11
353775.5056380333
 21
355959.0452285565
 72
     1
 10
353775.5056380333
 20
355959.0452285565
 11
353775.5056380333
 21
355959.4484008768
 72
     1
 10
353775.5056380333
 20
355959.4484008768
 11
353774.0755010255
 21
355959.4484008768
 72
     1
 10
353774.0755010255
 20
355959.4484008768
 11
353774.0755010255
 21
355959.0452285565
 97
        1
330
3F71
 92
       24
 93
        4
 72
     1
 10
353785.263604433
 20
355973.5495579196
 11
353788.9738936029
 21
355973.5495579196
 72
     1
 10
353788.9738936029
 20
355973.5495579196
 11
353788.9738936029
 21
355974.4546587433
 72
     1
 10
353788.9738936029
 20
355974.4546587433
 11
353785.263604433
 21
355974.4546587433
 72
     1
 10
353785.263604433
 20
355974.4546587433
 11
353785.263604433
 21
355973.5495579196
 97
        1
330
15057D
 92
       24
 93
        4
 72
     1
 10
353804.160941227
 20
355975.4658880441
 11
353807.3951681705
 21
355975.4658880441
 72
     1
 10
353807.3951681705
 20
355975.4658880441
 11
353807.3951681705
 21
355976.3709888678
 72
     1
 10
353807.3951681705
 20
355976.3709888678
 11
353804.160941227
 21
355976.3709888678
 72
     1
 10
353804.160941227
 20
355976.3709888678
 11
353804.160941227
 21
355975.4658880441
 97
        1
330
15057B
 92
       25
 93
        4
 72
     1
 10
353805.4118490741
 20
355972.5810995845
 11
353806.3277106595
 21
355972.5810995845
 72
     1
 10
353806.3277106595
 20
355972.5810995845
 11
353806.3277106595
 21
355972.8927794738
 72
     1
 10
353806.3277106595
 20
355972.8927794738
 11
353805.4118490741
 21
355972.8927794738
 72
     1
 10
353805.4118490741
 20
355972.8927794738
 11
353805.4118490741
 21
355972.5810995845
 97
        1
330
3F6D
 75
     1
 76
     1
 47
0.0814678669865565
 98
        4
 10
353778.2686920588
 20
355956.786432917
 10
353778.2686920588
 20
355956.786432917
 10
353791.0429822773
 20
355974.45869551
 10
353805.4462456412
 20
355974.5903300702
450
        0
451
        0
460
0.0
461
0.0
452
        0
462
0.0
453
        2
463
0.0
 63
     5
421
      255
463
1.0
 63
     2
421
 16776960
470
LINEAR
1001
GradientColor1ACI
1070
     5
1001
GradientColor2ACI
1070
     2
1001
ACAD
1010
0.0
1020
0.0
1030
0.0
  0
ENDSEC
  0
SECTION
  2
OBJECTS
  0
DICTIONARY
  5
C
330
0
100
AcDbDictionary
281
     1
  3
ACAD_CIP_PREVIOUS_PRODUCT_INFO
350
1503A2
  3
ACAD_COLOR
350
6B
  3
ACAD_DETAILVIEWSTYLE
350
15039F
  3
ACAD_GROUP
350
D
  3
ACAD_LAST_SAVED_VERSION_INFO
350
150DDD
  3
ACAD_LAYOUT
350
1A
  3
ACAD_MATERIAL
350
6A
  3
ACAD_MLEADERSTYLE
350
15039B
  3
ACAD_MLINESTYLE
350
17
  3
ACAD_PLOTSETTINGS
350
19
  3
ACAD_PLOTSTYLENAME
350
E
  3
ACAD_SCALELIST
350
150389
  3
ACAD_SECTIONVIEWSTYLE
350
15039D
  3
ACAD_TABLESTYLE
350
150387
  3
ACAD_VISUALSTYLE
350
15036E
  3
ACDB_RECOMPOSE_DATA
350
150E6F
  3
ACDBVARIABLEDICTIONARY
350
150A40
  3
AEC_PROPERTY_SET_DEFS
350
150410
  0
DICTIONARY
  5
15088E
330
2
100
AcDbDictionary
280
     1
281
     1
  3
ACAD_LAYERSTATES
360
15088F
  0
DICTIONARY
  5
150889
330
150888
100
AcDbDictionary
280
     1
281
     1
  0
DICTIONARY
  5
1508F6
330
1508F5
100
AcDbDictionary
280
     1
281
     1
  0
DICTIONARY
  5
1503B5
330
1F
100
AcDbDictionary
280
     1
281
     1
  3
ACAD_SORTENTS
360
1503B6
  0
DICTIONARY
  5
150A26
330
150A25
100
AcDbDictionary
280
     1
281
     1
  3
ACAD_SORTENTS
360
150A27
  0
DICTIONARY
  5
150BB7
330
150BB6
100
AcDbDictionary
280
     1
281
     1
  0
DICTIONARY
  5
150903
330
150902
100
AcDbDictionary
280
     1
281
     1
  0
DICTIONARY
  5
150905
330
150904
100
AcDbDictionary
280
     1
281
     1
  0
DICTIONARY
  5
150907
330
150906
100
AcDbDictionary
280
     1
281
     1
  0
DICTIONARY
  5
150909
330
150908
100
AcDbDictionary
280
     1
281
     1
  0
DICTIONARY
  5
15090B
330
15090A
100
AcDbDictionary
280
     1
281
     1
  0
DICTIONARY
  5
150AF9
330
150AED
100
AcDbDictionary
280
     1
281
     1
  3
ACAD_DIMASSOC
360
150B02
  0
DICTIONARY
  5
150B0E
330
150B03
100
AcDbDictionary
280
     1
281
     1
  3
ACAD_DIMASSOC
360
150B16
  0
DICTIONARY
  5
150BFD
330
150BF2
100
AcDbDictionary
280
     1
281
     1
  3
ACAD_DIMASSOC
360
150C05
  0
DICTIONARY
  5
150CAB
330
150CA0
100
AcDbDictionary
280
     1
281
     1
  3
ACAD_DIMASSOC
360
150CB3
  0
DICTIONARY
  5
150CBF
330
150CB4
100
AcDbDictionary
280
     1
281
     1
  3
ACAD_DIMASSOC
360
150CC7
  0
DICTIONARY
  5
150D07
330
150CFC
100
AcDbDictionary
280
     1
281
     1
  3
ACAD_DIMASSOC
360
150D0F
  0
DICTIONARY
  5
150D1B
330
150D10
100
AcDbDictionary
280
     1
281
     1
  3
ACAD_DIMASSOC
360
150D23
  0
DICTIONARY
  5
150D36
330
150D2B
100
AcDbDictionary
280
     1
281
     1
  3
ACAD_DIMASSOC
360
150D3E
  0
DICTIONARY
  5
150D4A
330
150D3F
100
AcDbDictionary
280
     1
281
     1
  3
ACAD_DIMASSOC
360
150D52
  0
DICTIONARY
  5
150D5E
330
150D53
100
AcDbDictionary
280
     1
281
     1
  3
ACAD_DIMASSOC
360
150D66
  0
DICTIONARY
  5
150D72
330
150D67
100
AcDbDictionary
280
     1
281
     1
  3
ACAD_DIMASSOC
360
150D7A
  0
DICTIONARY
  5
150D86
330
150D7B
100
AcDbDictionary
280
     1
281
     1
  3
ACAD_DIMASSOC
360
150D8E
  0
DICTIONARY
  5
150D9A
330
150D8F
100
AcDbDictionary
280
     1
281
     1
  3
ACAD_DIMASSOC
360
150DA2
  0
DICTIONARY
  5
150DC0
330
150DB5
100
AcDbDictionary
280
     1
281
     1
  3
ACAD_DIMASSOC
360
150DC8
  0
DICTIONARY
  5
150DD4
330
150DC9
100
AcDbDictionary
280
     1
281
     1
  3
ACAD_DIMASSOC
360
150DDC
  0
XRECORD
  5
1503A2
102
{ACAD_REACTORS
330
C
102
}
330
C
100
AcDbXrecord
280
     1
300
ACD
300
2025
300

  0
DICTIONARY
  5
6B
102
{ACAD_REACTORS
330
C
102
}
330
C
100
AcDbDictionary
281
     1
  0
DICTIONARY
  5
15039F
102
{ACAD_REACTORS
330
C
102
}
330
C
100
AcDbDictionary
281
     1
  3
Imperial24
350
150891
  3
Metric50
350
1503A0
  0
DICTIONARY
  5
D
102
{ACAD_REACTORS
330
C
102
}
330
C
100
AcDbDictionary
281
     1
  0
XRECORD
  5
150DDD
102
{ACAD_REACTORS
330
C
102
}
330
C
100
AcDbXrecord
280
     1
300
{21386353-3698-DB4F-8BF2-B747C0D076C3}
301
{C8F2507F-C716-6648-B158-6781DF0CDA5E}
302
{21386353-3698-DB4F-8BF2-B747C0D076C3}
303
C:\Users\PC\OneDrive\Desktop\واقع حال موسى 2026 (1).dxf
  0
DICTIONARY
  5
1A
102
{ACAD_REACTORS
330
C
102
}
330
C
100
AcDbDictionary
281
     1
  3
Layout1
350
51
  3
Layout2
350
56
  3
Model
350
22
  0
DICTIONARY
  5
6A
102
{ACAD_REACTORS
330
C
102
}
330
C
100
AcDbDictionary
281
     1
  3
ByBlock
350
15035E
  3
ByLayer
350
150356
  3
Global
350
150366
  0
DICTIONARY
  5
15039B
102
{ACAD_REACTORS
330
C
102
}
330
C
100
AcDbDictionary
281
     1
  3
Standard
350
15039C
  0
DICTIONARY
  5
17
102
{ACAD_REACTORS
330
C
102
}
330
C
100
AcDbDictionary
281
     1
  3
Standard
350
18
  0
DICTIONARY
  5
19
102
{ACAD_REACTORS
330
C
102
}
330
C
100
AcDbDictionary
281
     1
  0
ACDBDICTIONARYWDFLT
  5
E
102
{ACAD_REACTORS
330
C
102
}
330
C
100
AcDbDictionary
281
     1
  3
Normal
350
F
100
AcDbDictionaryWithDefault
340
F
  0
DICTIONARY
  5
150389
102
{ACAD_REACTORS
330
C
102
}
330
C
100
AcDbDictionary
281
     1
  3
*A1
350
150A0A
  3
*A2
350
150A0B
  3
*A3
350
150A3F
  3
A0
350
15038A
  3
A1
350
15038B
  3
A2
350
15038C
  3
A3
350
15038D
  3
A4
350
15038E
  3
A5
350
15038F
  3
A6
350
150390
  3
A7
350
150391
  3
A8
350
150392
  3
A9
350
150393
  3
B0
350
150394
  3
B1
350
150395
  3
B2
350
150396
  3
B3
350
150397
  3
B4
350
150398
  3
B5
350
150399
  3
B6
350
15039A
  0
DICTIONARY
  5
15039D
102
{ACAD_REACTORS
330
C
102
}
330
C
100
AcDbDictionary
281
     1
  3
Imperial24
350
150890
  3
Metric50
350
15039E
  0
DICTIONARY
  5
150387
102
{ACAD_REACTORS
330
C
102
}
330
C
100
AcDbDictionary
281
     1
  3
Standard
350
150388
  0
DICTIONARY
  5
15036E
102
{ACAD_REACTORS
330
C
102
}
330
C
100
AcDbDictionary
281
     1
  3
2dWireframe
350
150374
  3
Basic
350
150373
  3
Brighten
350
15037A
  3
ColorChange
350
15037E
  3
Conceptual
350
150377
  3
Dim
350
150379
  3
EdgeColorOff
350
150386
  3
Facepattern
350
15037D
  3
Flat
350
15036F
  3
FlatWithEdges
350
150370
  3
Gouraud
350
150371
  3
GouraudWithEdges
350
150372
  3
Hidden
350
150376
  3
JitterOff
350
150384
  3
Linepattern
350
15037C
  3
OverhangOff
350
150385
  3
Realistic
350
150378
  3
Shaded
350
150383
  3
Shaded with edges
350
150382
  3
Shades of Gray
350
15037F
  3
Sketchy
350
150380
  3
Thicken
350
15037B
  3
Wireframe
350
150375
  3
X-Ray
350
150381
  0
XRECORD
  5
150E6F
102
{ACAD_REACTORS
330
C
102
}
330
C
100
AcDbXrecord
280
     1
 90
        1
330
150388
  0
DICTIONARY
  5
150A40
102
{ACAD_REACTORS
330
C
102
}
330
C
100
AcDbDictionary
281
     2
  3
#COMPAREDIFFTOTAL
350
150A41
  3
#REVCLOUDAPPROXARCLEN
350
150A42
  3
ANNOALLVISIBLE
350
150A43
  3
CANNOSCALE
350
150A44
  3
CMLEADERSTYLE
350
150A45
  3
CTABLESTYLE
350
150A46
  3
CVIEWDETAILSTYLE
350
150A47
  3
CVIEWSECTIONSTYLE
350
150A48
  3
DIMADEC
350
150A49
  3
DIMASSOC
350
150A4A
  3
EXPORTPAPERSPACE
350
150A4B
  3
HIDETEXT
350
150A4C
  3
HPCOLOR
350
150A4D
  3
HPINHERIT
350
150A4E
  3
HPLAYER
350
150A4F
  3
HPTRANSPARENCY
350
150A50
  3
INDEXCTL
350
150A51
  3
LAYEREVAL
350
150A52
  3
LAYERNOTIFY
350
150A53
  3
LIGHTINGUNITS
350
150A54
  3
MLEADERSCALE
350
150A56
  3
MSLTSCALE
350
150A57
  3
OLEFRAME
350
150A58
  3
PDFFRAME
350
150A59
  3
SOLIDHIST
350
150A5A
  3
SORTENTS
350
150A5B
  0
DICTIONARY
  5
150410
102
{ACAD_REACTORS
330
C
102
}
330
C
100
AcDbDictionary
281
     1
  0
DICTIONARY
  5
15088F
102
{ACAD_REACTORS
330
15088E
102
}
330
15088E
100
AcDbDictionary
281
     1
  0
SORTENTSTABLE
  5
1503B6
102
{ACAD_REACTORS
330
1503B5
102
}
330
1503B5
100
AcDbSortentsTable
330
1F
331
3F6D
  5
3F74
331
3F70
  5
3F78
331
3F71
  5
3F79
331
3F74
  5
3F7C
331
3F75
  5
3F7D
331
3F78
  5
3F80
331
3F79
  5
3F81
331
3F7C
  5
3F84
331
3F7D
  5
3F85
331
3F80
  5
3F88
331
3F81
  5
3F89
331
3F84
  5
3F8C
331
3F85
  5
3F8D
331
3F88
  5
3F90
331
3F89
  5
3F91
331
3F8C
  5
3F94
331
3F8D
  5
3F95
331
3F90
  5
3F9C
331
3F91
  5
3F9D
331
3F94
  5
3FA0
331
3F95
  5
3FA1
331
3F9C
  5
3FA4
331
3F9D
  5
3FA5
331
3FA0
  5
3FA8
331
3FA1
  5
3FA9
331
3FA4
  5
3FE2
331
3FA5
  5
3FE6
331
3FA8
  5
3FEE
331
3FA9
  5
3FF2
331
3FE2
  5
3FFE
331
3FE6
  5
3FFF
331
3FEE
  5
4002
331
3FF2
  5
4003
331
3FF3
  5
4006
331
3FFE
  5
4007
331
3FFF
  5
400A
331
4002
  5
400B
331
4003
  5
400E
331
4006
  5
400F
331
4007
  5
4016
331
400A
  5
4017
331
400B
  5
401A
331
400E
  5
401B
331
400F
  5
401E
331
4016
  5
401F
331
4017
  5
402A
331
401A
  5
402B
331
401B
  5
402E
331
401E
  5
402F
331
401F
  5
4032
331
402A
  5
4033
331
402B
  5
4048
331
402E
  5
4049
331
402F
  5
404C
331
4032
  5
404D
331
4033
  5
4050
331
4048
  5
4051
331
4049
  5
4054
331
404C
  5
4055
331
404D
  5
4058
331
4050
  5
4059
331
4051
  5
405C
331
4054
  5
405D
331
4055
  5
4060
331
4058
  5
4061
331
4059
  5
4064
331
405C
  5
4065
331
405D
  5
4068
331
4060
  5
4069
331
4061
  5
4078
331
4064
  5
4079
331
4065
  5
407C
331
4068
  5
407D
331
4069
  5
4080
331
4078
  5
4081
331
4079
  5
4084
331
407C
  5
4085
331
407D
  5
4088
331
4080
  5
4089
331
4081
  5
408C
331
4084
  5
408D
331
4085
  5
4090
331
4088
  5
4091
331
4089
  5
1503AD
331
408C
  5
1503AE
331
408D
  5
1503AF
331
4090
  5
1503B1
331
4091
  5
1503BF
331
1503AD
  5
1503C0
331
1503AE
  5
1503C1
331
1503AF
  5
1503C2
331
1503B1
  5
1503CB
331
1503BF
  5
1503CD
331
1503C0
  5
1503CF
331
1503C1
  5
1503D0
331
1503C2
  5
1503DB
331
1503CB
  5
150412
331
1503CC
  5
150419
331
1503CD
  5
15041C
331
1503CE
  5
15041E
331
1503CF
  5
15041B
331
1503D0
  5
150413
331
1503DB
  5
15042E
331
150412
  5
150430
331
150413
  5
150431
331
150415
  5
150433
331
150416
  5
150434
331
150418
  5
150436
331
150419
  5
150460
331
15041B
  5
150461
331
15041C
  5
150463
331
15041E
  5
150464
331
15041F
  5
150466
331
150421
  5
150467
331
150422
  5
150469
331
150424
  5
15046A
331
150425
  5
15046C
331
150427
  5
15046D
331
150428
  5
15046F
331
15042A
  5
150470
331
15042B
  5
150472
331
15042D
  5
150473
331
15042E
  5
150475
331
150430
  5
150476
331
150431
  5
150478
331
150433
  5
150479
331
150434
  5
15047B
331
150436
  5
15047C
331
150460
  5
15047E
331
150461
  5
15047F
331
150463
  5
150481
331
150464
  5
150482
331
150466
  5
150484
331
150467
  5
1504AE
331
150469
  5
1504AF
331
15046A
  5
1504B1
331
15046C
  5
1504B2
331
15046D
  5
1504B4
331
15046F
  5
1504B5
331
150470
  5
1504B7
331
150472
  5
1504B8
331
150473
  5
1504BA
331
150475
  5
1504BB
331
150476
  5
1504BD
331
150478
  5
1504BE
331
150479
  5
1504C0
331
15047B
  5
1504C1
331
15047C
  5
1504C3
331
15047E
  5
1504C4
331
15047F
  5
1504C6
331
150481
  5
1504C7
331
150482
  5
1504C9
331
150484
  5
1504CA
331
1504AE
  5
1504CC
331
1504AF
  5
1504CD
331
1504B1
  5
1504CF
331
1504B2
  5
1504D0
331
1504B4
  5
1504D2
331
1504B5
  5
1504FC
331
1504B7
  5
1504FD
331
1504B8
  5
1504FF
331
1504BA
  5
150500
331
1504BB
  5
150502
331
1504BD
  5
150503
331
1504BE
  5
150505
331
1504C0
  5
150506
331
1504C1
  5
150508
331
1504C3
  5
150509
331
1504C4
  5
15050B
331
1504C6
  5
15050C
331
1504C7
  5
15050E
331
1504C9
  5
15050F
331
1504CA
  5
150511
331
1504CC
  5
150512
331
1504CD
  5
150514
331
1504CF
  5
150515
331
1504D0
  5
150517
331
1504D2
  5
150518
331
1504FC
  5
15051A
331
1504FD
  5
15051B
331
1504FF
  5
15051D
331
150500
  5
15051E
331
150502
  5
150520
331
150503
  5
150575
331
150505
  5
150576
331
150506
  5
150577
331
150508
  5
150578
331
150509
  5
15057B
331
15050B
  5
15057D
331
15050C
  5
15057E
331
15050E
  5
15057F
331
15050F
  5
150580
331
150511
  5
150581
331
150512
  5
150583
331
150514
  5
150586
331
150515
  5
150587
331
150517
  5
150588
331
150518
  5
150589
331
15051A
  5
15058A
331
15051B
  5
15058C
331
15051D
  5
15058D
331
15051E
  5
15058E
331
150520
  5
150593
331
150575
  5
150840
331
150576
  5
15084C
331
150577
  5
150851
331
150578
  5
150854
331
15057B
  5
150855
331
15057D
  5
150856
331
15057E
  5
150858
331
150587
  5
150881
331
150588
  5
150882
331
150589
  5
150883
331
15058A
  5
150884
331
15058C
  5
150885
331
15058D
  5
150886
331
15058E
  5
15089A
331
150591
  5
15089C
331
150592
  5
15089B
331
15083D
  5
15089D
331
15083E
  5
15089E
331
15083F
  5
15089F
331
150849
  5
1508A0
331
15084C
  5
1508A1
331
15084D
  5
1508A3
331
15084E
  5
1508A4
331
15084F
  5
1508A6
331
150850
  5
1508A8
331
150851
  5
1508AA
331
150852
  5
1508BB
331
150853
  5
1508BC
331
150854
  5
1508BD
331
150855
  5
1508BE
331
150856
  5
1508BF
331
150857
  5
1508C1
331
150858
  5
1508C2
331
150859
  5
1508C3
331
15085A
  5
1508C4
331
15085B
  5
1508C5
331
15085C
  5
1508C6
331
15085D
  5
1508C7
331
150861
  5
1508C8
331
150863
  5
1508C9
331
150864
  5
1508CA
331
150865
  5
1508CB
331
150866
  5
150902
331
150867
  5
150904
331
150868
  5
150906
331
15086B
  5
150908
331
15086C
  5
15090A
331
15086D
  5
150923
331
15086E
  5
150924
331
150870
  5
150925
331
150871
  5
150926
331
150872
  5
15095C
331
150873
  5
15098C
331
150874
  5
1509A4
331
150875
  5
1509D3
331
150876
  5
1509D4
331
150877
  5
1509D5
331
150878
  5
1509D6
331
150879
  5
1509D7
331
15087A
  5
1509D8
331
15087C
  5
150927
331
15087D
  5
150928
331
150883
  5
150931
331
150884
  5
150940
331
150885
  5
150943
331
150886
  5
1509D9
331
15089A
  5
1509DA
331
15089B
  5
1509DB
331
15089C
  5
1509DC
331
15089D
  5
1509DD
331
15089E
  5
1509DE
331
15089F
  5
1509DF
331
1508A0
  5
1509E0
331
1508A1
  5
1509E1
331
1508A3
  5
1509E2
331
1508A4
  5
1509E3
331
1508A6
  5
1509E4
331
1508A8
  5
1509E5
331
1508AA
  5
1509E6
331
1508BB
  5
1509E7
331
1508BC
  5
1509E8
331
1508BD
  5
1509E9
331
1508BE
  5
1509EA
331
1508BF
  5
1509EB
331
1508C1
  5
1509EC
331
1508C2
  5
1509ED
331
1508C3
  5
1509EE
331
1508C4
  5
1509EF
331
1508C5
  5
1509F0
331
1508C6
  5
1509F1
331
1508C7
  5
1509F2
331
1508C8
  5
1509F3
331
1508C9
  5
1509F4
331
1508CA
  5
1509F6
331
1508CB
  5
1509F7
331
150902
  5
1509F8
331
150904
  5
1509F9
331
150906
  5
1509FA
331
150908
  5
1509FB
331
15090A
  5
1509FC
331
150923
  5
150A02
331
150924
  5
150A03
331
150925
  5
150A04
331
150926
  5
150A05
331
150927
  5
150A06
331
150928
  5
150A07
331
150931
  5
150A18
331
1509D3
  5
150A19
331
1509D4
  5
150871
331
1509D7
  5
150872
331
1509D8
  5
150A1A
331
1509DA
  5
150A1B
331
1509DB
  5
150A1D
331
1509DC
  5
150A1E
331
1509DD
  5
150A1F
331
1509DE
  5
150A20
331
1509DF
  5
150A21
331
1509E0
  5
15041F
331
1509E1
  5
150421
331
1509E2
  5
150422
331
1509E5
  5
150424
331
1509E6
  5
150425
331
1509E7
  5
150427
331
1509E8
  5
150428
331
1509E9
  5
15042A
331
1509EA
  5
15042B
331
1509EB
  5
15042D
331
1509EC
  5
15085B
331
1509EF
  5
15085D
331
1509F0
  5
150865
331
1509F3
  5
150868
331
1509F4
  5
15086B
331
1509F7
  5
15086D
331
1509F8
  5
150873
331
1509FB
  5
150879
331
1509FC
  5
15087A
331
1509FF
  5
15087C
331
150A00
  5
15087D
331
150A03
  5
15087E
331
150A04
  5
15087F
331
150A07
  5
150880
331
150A18
  5
150A22
331
150A19
  5
150AED
331
150A1A
  5
150B03
331
150A1C
  5
150A63
331
150A1F
  5
150B22
331
150A20
  5
150B23
331
150A21
  5
150B25
331
150A22
  5
150BC8
331
150A63
  5
150BCC
331
150AED
  5
150BCD
331
150B03
  5
150BD4
331
150B22
  5
150BD6
331
150B23
  5
150BD9
331
150B25
  5
150BDC
331
150BC8
  5
150BDF
331
150BCC
  5
150BE0
331
150BCD
  5
150BE3
331
150BD4
  5
150BE5
331
150BD6
  5
150BE8
331
150BD9
  5
150BEC
331
150BDC
  5
150BEF
331
150BDF
  5
150BF0
331
150BE0
  5
150BF1
331
150BE3
  5
150BF2
331
150BE5
  5
150C0A
331
150BE8
  5
150C0B
331
150BEC
  5
150C0E
331
150BEF
  5
150C0F
331
150BF0
  5
150C1C
331
150BF1
  5
150C28
331
150BF2
  5
150C2B
331
150C0A
  5
150C2C
331
150C0B
  5
150C2F
331
150C0E
  5
150C30
331
150C0F
  5
150C33
331
150C1C
  5
150C54
331
150C27
  5
150C56
331
150C2B
  5
150C5A
331
150C2C
  5
150C5D
331
150C2F
  5
150C5E
331
150C30
  5
150C61
331
150C33
  5
150C62
331
150C54
  5
150C65
331
150C55
  5
150C67
331
150C5A
  5
150C68
331
150C5D
  5
150C6B
331
150C5E
  5
150C6C
331
150C61
  5
150C6F
331
150C62
  5
150C89
331
150C65
  5
150C8A
331
150C67
  5
150CA0
331
150C68
  5
150CB4
331
150C6B
  5
150CF2
331
150C6C
  5
150CF3
331
150C6F
  5
150CF4
331
150C89
  5
150CF5
331
150C8A
  5
150CFC
331
150CA0
  5
150D10
331
150CB4
  5
150D2B
331
150CF2
  5
150D3F
331
150CF3
  5
150D53
331
150CF4
  5
150D67
331
150CF5
  5
150D7B
331
150CFC
  5
150D8F
331
150D10
  5
150DB5
331
150D2B
  5
150DC9
331
150D3F
  5
150DEE
331
150D53
  5
150E46
331
150D67
  5
150E47
331
150D7B
  5
150E48
331
150D8F
  5
150E49
331
150DB5
  5
150E4A
331
150DC9
  5
150E4B
331
150E6C
  5
3F71
  0
SORTENTSTABLE
  5
150A27
102
{ACAD_REACTORS
330
150A26
102
}
330
150A26
100
AcDbSortentsTable
330
150A25
  0
DIMASSOC
  5
150B02
102
{ACAD_REACTORS
330
150AF9
102
}
330
150AF9
100
AcDbDimAssoc
330
150AED
 90
        3
 70
     0
 71
     0
  1
AcDbOsnapPointRef
 72
     2
331
15058E
 73
     2
 91
        2
 40
0.5000000000014408
 10
0.0
 20
0.0
 30
0.0
 75
     0
  1
AcDbOsnapPointRef
 72
     2
331
15058E
 73
     2
 91
        4
 40
0.4999999999985592
 10
0.0
 20
0.0
 30
0.0
 75
     0
  0
DIMASSOC
  5
150B16
102
{ACAD_REACTORS
330
150B0E
102
}
330
150B0E
100
AcDbDimAssoc
330
150B03
 90
        3
 70
     0
 71
     0
  1
AcDbOsnapPointRef
 72
     1
331
15058E
 73
     2
 91
        2
 40
1.0
 10
0.0
 20
0.0
 30
2.000000000000000E+50
 75
     0
  1
AcDbOsnapPointRef
 72
     1
331
15058E
 73
     2
 91
        1
 40
1.0
 10
0.0
 20
0.0
 30
2.000000000000000E+50
 75
     0
  0
DIMASSOC
  5
150C05
102
{ACAD_REACTORS
330
150BFD
102
}
330
150BFD
100
AcDbDimAssoc
330
150BF2
 90
        3
 70
     0
 71
     0
  1
AcDbOsnapPointRef
 72
    13
331
150A1F
 73
     2
 91
        1
 40
0.0
 10
0.0
 20
0.0
 30
2.000000000000000E+50
 75
     0
  1
AcDbOsnapPointRef
 72
     8
331
1503CF
 73
     2
 91
        2
 40
0.3551934034222746
 10
0.0
 20
0.0
 30
0.0
 75
     1
  1
AcDbOsnapPointRef
 72
    13
331
150A1F
 73
     2
 91
        1
 40
0.0
 10
0.0
 20
0.0
 30
2.000000000000000E+50
 75
     0
  0
DIMASSOC
  5
150CB3
102
{ACAD_REACTORS
330
150CAB
102
}
330
150CAB
100
AcDbDimAssoc
330
150CA0
 90
        3
 70
     0
 71
     0
  1
AcDbOsnapPointRef
 72
     2
331
15085D
 73
     2
 91
        1
 40
0.5000000000039336
 10
0.0
 20
0.0
 30
0.0
 75
     0
  1
AcDbOsnapPointRef
 72
     2
331
150849
 73
     2
 91
        1
 40
0.5000000000113515
 10
0.0
 20
0.0
 30
0.0
 75
     0
  0
DIMASSOC
  5
150CC7
102
{ACAD_REACTORS
330
150CBF
102
}
330
150CBF
100
AcDbDimAssoc
330
150CB4
 90
        3
 70
     0
 71
     0
  1
AcDbOsnapPointRef
 72
    13
331
150BF1
 73
     2
 91
        1
 40
0.0
 10
0.0
 20
0.0
 30
2.000000000000000E+50
 75
     0
  1
AcDbOsnapPointRef
 72
     1
331
150BF1
 73
     2
 91
        1
 40
1.0
 10
0.0
 20
0.0
 30
2.000000000000000E+50
 75
     0
  0
DIMASSOC
  5
150D0F
102
{ACAD_REACTORS
330
150D07
102
}
330
150D07
100
AcDbDimAssoc
330
150CFC
 90
        3
 70
     0
 71
     0
  1
AcDbOsnapPointRef
 72
     1
331
150577
 73
     2
 91
        5
 40
1.0
 10
0.0
 20
0.0
 30
2.000000000000000E+50
 75
     0
  1
AcDbOsnapPointRef
 72
     1
331
150577
 73
     2
 91
        3
 40
1.0
 10
0.0
 20
0.0
 30
2.000000000000000E+50
 75
     0
  0
DIMASSOC
  5
150D23
102
{ACAD_REACTORS
330
150D1B
102
}
330
150D1B
100
AcDbDimAssoc
330
150D10
 90
        3
 70
     0
 71
     0
  1
AcDbOsnapPointRef
 72
     1
331
150577
 73
     2
 91
        3
 40
1.0
 10
0.0
 20
0.0
 30
2.000000000000000E+50
 75
     0
  1
AcDbOsnapPointRef
 72
     1
331
150577
 73
     2
 91
        2
 40
0.9999999999999998
 10
0.0
 20
0.0
 30
2.000000000000000E+50
 75
     0
  0
DIMASSOC
  5
150D3E
102
{ACAD_REACTORS
330
150D36
102
}
330
150D36
100
AcDbDimAssoc
330
150D2B
 90
        3
 70
     0
 71
     0
  1
AcDbOsnapPointRef
 72
     1
331
150577
 73
     2
 91
        2
 40
0.9999999999999998
 10
0.0
 20
0.0
 30
2.000000000000000E+50
 75
     0
  1
AcDbOsnapPointRef
 72
    13
331
150576
 73
     2
 91
        1
 40
0.0
 10
0.0
 20
0.0
 30
2.000000000000000E+50
 75
     0
  0
DIMASSOC
  5
150D52
102
{ACAD_REACTORS
330
150D4A
102
}
330
150D4A
100
AcDbDimAssoc
330
150D3F
 90
        3
 70
     0
 71
     0
  1
AcDbOsnapPointRef
 72
     1
331
150C2B
 73
     2
 91
       34
 40
1.0
 10
0.0
 20
0.0
 30
2.000000000000000E+50
 75
     0
  1
AcDbOsnapPointRef
 72
     1
331
150C6F
 73
     2
 91
       25
 40
1.0
 10
0.0
 20
0.0
 30
2.000000000000000E+50
 75
     0
  0
DIMASSOC
  5
150D66
102
{ACAD_REACTORS
330
150D5E
102
}
330
150D5E
100
AcDbDimAssoc
330
150D53
 90
        3
 70
     0
 71
     0
  1
AcDbOsnapPointRef
 72
     1
331
1503B1
 73
     2
 91
        2
 40
1.0
 10
0.0
 20
0.0
 30
2.000000000000000E+50
 75
     0
  1
AcDbOsnapPointRef
 72
     1
331
1503B1
 73
     2
 91
        3
 40
1.0
 10
0.0
 20
0.0
 30
2.000000000000000E+50
 75
     0
  0
DIMASSOC
  5
150D7A
102
{ACAD_REACTORS
330
150D72
102
}
330
150D72
100
AcDbDimAssoc
330
150D67
 90
        3
 70
     0
 71
     0
  1
AcDbOsnapPointRef
 72
     1
331
1503B1
 73
     2
 91
        2
 40
1.0
 10
0.0
 20
0.0
 30
2.000000000000000E+50
 75
     0
  1
AcDbOsnapPointRef
 72
    13
331
1503B1
 73
     2
 91
        2
 40
0.0
 10
0.0
 20
0.0
 30
2.000000000000000E+50
 75
     0
  0
DIMASSOC
  5
150D8E
102
{ACAD_REACTORS
330
150D86
102
}
330
150D86
100
AcDbDimAssoc
330
150D7B
 90
        3
 70
     0
 71
     0
  1
AcDbOsnapPointRef
 72
     1
331
1503BF
 73
     2
 91
        2
 40
1.0
 10
0.0
 20
0.0
 30
2.000000000000000E+50
 75
     0
  1
AcDbOsnapPointRef
 72
     1
331
1503BF
 73
     2
 91
        6
 40
1.0
 10
0.0
 20
0.0
 30
2.000000000000000E+50
 75
     0
  0
DIMASSOC
  5
150DA2
102
{ACAD_REACTORS
330
150D9A
102
}
330
150D9A
100
AcDbDimAssoc
330
150D8F
 90
        3
 70
     0
 71
     0
  1
AcDbOsnapPointRef
 72
     1
331
1503BF
 73
     2
 91
        2
 40
1.0
 10
0.0
 20
0.0
 30
2.000000000000000E+50
 75
     0
  1
AcDbOsnapPointRef
 72
     1
331
1503BF
 73
     2
 91
        3
 40
1.0
 10
0.0
 20
0.0
 30
2.000000000000000E+50
 75
     0
  0
DIMASSOC
  5
150DC8
102
{ACAD_REACTORS
330
150DC0
102
}
330
150DC0
100
AcDbDimAssoc
330
150DB5
 90
        3
 70
     0
 71
     0
  1
AcDbOsnapPointRef
 72
     1
331
150C5A
 73
     2
 91
        1
 40
0.9999999999999998
 10
0.0
 20
0.0
 30
2.000000000000000E+50
 75
     0
  1
AcDbOsnapPointRef
 72
    13
331
150C5A
 73
     2
 91
        1
 40
0.0
 10
0.0
 20
0.0
 30
2.000000000000000E+50
 75
     0
  0
DIMASSOC
  5
150DDC
102
{ACAD_REACTORS
330
150DD4
102
}
330
150DD4
100
AcDbDimAssoc
330
150DC9
 90
        3
 70
     0
 71
     0
  1
AcDbOsnapPointRef
 72
     1
331
150C5A
 73
     2
 91
        2
 40
0.9999999999999998
 10
0.0
 20
0.0
 30
2.000000000000000E+50
 75
     0
  1
AcDbOsnapPointRef
 72
     1
331
150C5A
 73
     2
 91
        1
 40
0.9999999999999998
 10
0.0
 20
0.0
 30
2.000000000000000E+50
 75
     0
  0
ACDBDETAILVIEWSTYLE
  5
150891
102
{ACAD_REACTORS
330
15039F
102
}
330
15039F
100
AcDbModelDocViewStyle
 70
     0
  3
Imperial24
290
     0
300
Imperial24
 90
        0
100
AcDbDetailViewStyle
 70
     0
 71
     0
 90
        3
 71
     1
340
11
 62
   256
 40
0.24
340
0
 62
   256
 40
0.24
300

 40
0.36
280
     3
 71
     2
340
16
 90
       25
 62
   256
 71
     3
340
11
 62
   256
 40
0.24
 90
        1
 40
0.75
 90
        1
300
%<\AcVar ViewType \f "%tc1">% %<\AcVar ViewDetailId>%\PSCALE %<\AcVar ViewScale \f "%sn">%
 71
     4
340
16
 90
       25
 62
   256
340
16
 90
       25
 62
   256
280
     0
  0
ACDBDETAILVIEWSTYLE
  5
1503A0
102
{ACAD_REACTORS
330
15039F
102
}
330
15039F
100
AcDbModelDocViewStyle
 70
     0
  3
Metric50
290
     0
300
Metric50
 90
        0
100
AcDbDetailViewStyle
 70
     0
 71
     0
 90
        3
 71
     1
340
11
 62
   256
 40
5.0
340
0
 62
   256
 40
5.0
300

 40
0.0
280
     1
 71
     2
340
16
 90
       25
 62
   256
 71
     3
340
11
 62
   256
 40
5.0
 90
        0
 40
15.0
 90
        1
300
%<\AcVar ViewDetailId>% (%<\AcVar ViewScale \f "%sn">%)
 71
     4
340
16
 90
       25
 62
   256
340
16
 90
       25
 62
   256
280
     0
  0
LAYOUT
  5
51
102
{ACAD_XDICTIONARY
360
3F13
102
}
102
{ACAD_REACTORS
330
1A
102
}
330
1A
100
AcDbPlotSettings
  1

  2
None
  4

  6

 40
0.0
 41
0.0
 42
0.0
 43
0.0
 44
0.0
 45
0.0
 46
0.0
 47
0.0
 48
0.0
 49
0.0
140
0.0
141
0.0
142
1.0
143
1.0
 70
   688
 72
     0
 73
     0
 74
     5
  7

 75
    16
147
1.0
 76
     0
 77
     2
 78
   300
148
0.0
149
0.0
100
AcDbLayout
  1
Layout1
 70
     1
 71
     1
 10
0.0
 20
0.0
 11
12.0
 21
9.0
 12
0.0
 22
0.0
 32
0.0
 14
0.0
 24
0.0
 34
0.0
 15
0.0
 25
0.0
 35
0.0
146
0.0
 13
0.0
 23
0.0
 33
0.0
 16
1.0
 26
0.0
 36
0.0
 17
0.0
 27
1.0
 37
0.0
 76
     0
330
50
  0
LAYOUT
  5
56
102
{ACAD_XDICTIONARY
360
3F15
102
}
102
{ACAD_REACTORS
330
1A
102
}
330
1A
100
AcDbPlotSettings
  1

  2
None
  4

  6

 40
0.0
 41
0.0
 42
0.0
 43
0.0
 44
0.0
 45
0.0
 46
0.0
 47
0.0
 48
0.0
 49
0.0
140
0.0
141
0.0
142
1.0
143
1.0
 70
   688
 72
     0
 73
     0
 74
     5
  7

 75
    16
147
1.0
 76
     0
 77
     2
 78
   300
148
0.0
149
0.0
100
AcDbLayout
  1
Layout2
 70
     1
 71
     2
 10
0.0
 20
0.0
 11
12.0
 21
9.0
 12
0.0
 22
0.0
 32
0.0
 14
0.0
 24
0.0
 34
0.0
 15
0.0
 25
0.0
 35
0.0
146
0.0
 13
0.0
 23
0.0
 33
0.0
 16
1.0
 26
0.0
 36
0.0
 17
0.0
 27
1.0
 37
0.0
 76
     0
330
55
  0
LAYOUT
  5
22
102
{ACAD_XDICTIONARY
360
3F11
102
}
102
{ACAD_REACTORS
330
1A
102
}
330
1A
100
AcDbPlotSettings
  1

  2
none_device
  4
ANSI_A_(8.50_x_11.00_Inches)
  6

 40
6.349999904632567
 41
19.04999923706055
 42
6.350006103515625
 43
19.04998779296875
 44
215.8999938964844
 45
279.3999938964844
 46
0.0
 47
0.0
 48
0.0
 49
0.0
140
0.0
141
0.0
142
1.0
143
78.436453180766
 70
 11952
 72
     0
 73
     1
 74
     0
  7

 75
     0
147
0.0127491741332998
 76
     0
 77
     2
 78
   300
148
0.0
149
0.0
100
AcDbLayout
  1
Model
 70
     1
 71
     0
 10
0.0
 20
0.0
 11
12.0
 21
9.0
 12
0.0
 22
0.0
 32
0.0
 14
0.0
 24
0.0
 34
0.0
 15
0.0
 25
0.0
 35
0.0
146
0.0
 13
0.0
 23
0.0
 33
0.0
 16
1.0
 26
0.0
 36
0.0
 17
0.0
 27
1.0
 37
0.0
 76
     0
330
1F
331
15034A
  0
MATERIAL
  5
15035E
102
{ACAD_XDICTIONARY
360
15035F
102
}
102
{ACAD_REACTORS
330
6A
102
}
330
6A
100
AcDbMaterial
  1
ByBlock
 72
     0
 43
0.0008202099737533
 43
0.0
 43
0.0
 43
0.0
 43
0.0
 43
0.0008202099737533
 43
0.0
 43
0.0
 43
0.0
 43
0.0
 43
1.0
 43
0.0
 43
0.0
 43
0.0
 43
0.0
 43
1.0
 77
     0
 47
0.0008202099737533
 47
0.0
 47
0.0
 47
0.0
 47
0.0
 47
0.0008202099737533
 47
0.0
 47
0.0
 47
0.0
 47
0.0
 47
1.0
 47
0.0
 47
0.0
 47
0.0
 47
0.0
 47
1.0
171
     0
 49
0.0008202099737533
 49
0.0
 49
0.0
 49
0.0
 49
0.0
 49
0.0008202099737533
 49
0.0
 49
0.0
 49
0.0
 49
0.0
 49
1.0
 49
0.0
 49
0.0
 49
0.0
 49
0.0
 49
1.0
175
     0
142
0.0008202099737533
142
0.0
142
0.0
142
0.0
142
0.0
142
0.0008202099737533
142
0.0
142
0.0
142
0.0
142
0.0
142
1.0
142
0.0
142
0.0
142
0.0
142
0.0
142
1.0
179
     0
144
0.0008202099737533
144
0.0
144
0.0
144
0.0
144
0.0
144
0.0008202099737533
144
0.0
144
0.0
144
0.0
144
0.0
144
1.0
144
0.0
144
0.0
144
0.0
144
0.0
144
1.0
147
0.0008202099737533
147
0.0
147
0.0
147
0.0
147
0.0
147
0.0008202099737533
147
0.0
147
0.0
147
0.0
147
0.0
147
1.0
147
0.0
147
0.0
147
0.0
147
0.0
147
1.0
  0
MATERIAL
  5
150356
102
{ACAD_XDICTIONARY
360
150357
102
}
102
{ACAD_REACTORS
330
6A
102
}
330
6A
100
AcDbMaterial
  1
ByLayer
 72
     0
 43
0.0008202099737533
 43
0.0
 43
0.0
 43
0.0
 43
0.0
 43
0.0008202099737533
 43
0.0
 43
0.0
 43
0.0
 43
0.0
 43
1.0
 43
0.0
 43
0.0
 43
0.0
 43
0.0
 43
1.0
 77
     0
 47
0.0008202099737533
 47
0.0
 47
0.0
 47
0.0
 47
0.0
 47
0.0008202099737533
 47
0.0
 47
0.0
 47
0.0
 47
0.0
 47
1.0
 47
0.0
 47
0.0
 47
0.0
 47
0.0
 47
1.0
171
     0
 49
0.0008202099737533
 49
0.0
 49
0.0
 49
0.0
 49
0.0
 49
0.0008202099737533
 49
0.0
 49
0.0
 49
0.0
 49
0.0
 49
1.0
 49
0.0
 49
0.0
 49
0.0
 49
0.0
 49
1.0
175
     0
142
0.0008202099737533
142
0.0
142
0.0
142
0.0
142
0.0
142
0.0008202099737533
142
0.0
142
0.0
142
0.0
142
0.0
142
1.0
142
0.0
142
0.0
142
0.0
142
0.0
142
1.0
179
     0
144
0.0008202099737533
144
0.0
144
0.0
144
0.0
144
0.0
144
0.0008202099737533
144
0.0
144
0.0
144
0.0
144
0.0
144
1.0
144
0.0
144
0.0
144
0.0
144
0.0
144
1.0
147
0.0008202099737533
147
0.0
147
0.0
147
0.0
147
0.0
147
0.0008202099737533
147
0.0
147
0.0
147
0.0
147
0.0
147
1.0
147
0.0
147
0.0
147
0.0
147
0.0
147
1.0
  0
MATERIAL
  5
150366
102
{ACAD_XDICTIONARY
360
150367
102
}
102
{ACAD_REACTORS
330
6A
102
}
330
6A
100
AcDbMaterial
  1
Global
 72
     0
 43
0.0008202099737533
 43
0.0
 43
0.0
 43
0.0
 43
0.0
 43
0.0008202099737533
 43
0.0
 43
0.0
 43
0.0
 43
0.0
 43
1.0
 43
0.0
 43
0.0
 43
0.0
 43
0.0
 43
1.0
 77
     0
 47
0.0008202099737533
 47
0.0
 47
0.0
 47
0.0
 47
0.0
 47
0.0008202099737533
 47
0.0
 47
0.0
 47
0.0
 47
0.0
 47
1.0
 47
0.0
 47
0.0
 47
0.0
 47
0.0
 47
1.0
171
     0
 49
0.0008202099737533
 49
0.0
 49
0.0
 49
0.0
 49
0.0
 49
0.0008202099737533
 49
0.0
 49
0.0
 49
0.0
 49
0.0
 49
1.0
 49
0.0
 49
0.0
 49
0.0
 49
0.0
 49
1.0
175
     0
142
0.0008202099737533
142
0.0
142
0.0
142
0.0
142
0.0
142
0.0008202099737533
142
0.0
142
0.0
142
0.0
142
0.0
142
1.0
142
0.0
142
0.0
142
0.0
142
0.0
142
1.0
179
     0
144
0.0008202099737533
144
0.0
144
0.0
144
0.0
144
0.0
144
0.0008202099737533
144
0.0
144
0.0
144
0.0
144
0.0
144
1.0
144
0.0
144
0.0
144
0.0
144
0.0
144
1.0
147
0.0008202099737533
147
0.0
147
0.0
147
0.0
147
0.0
147
0.0008202099737533
147
0.0
147
0.0
147
0.0
147
0.0
147
1.0
147
0.0
147
0.0
147
0.0
147
0.0
147
1.0
  0
MLEADERSTYLE
  5
15039C
102
{ACAD_REACTORS
330
15039B
102
}
330
15039B
100
AcDbMLeaderStyle
179
     2
170
     2
171
     1
172
     0
 90
        2
 40
0.0
 41
0.0
173
     1
 91
-1056964608
340
14
 92
       -2
290
     1
 42
2.0
291
     1
 43
0.36
  3
Standard
 44
4.0
300

342
11
174
     1
178
     6
175
     1
176
     0
 93
-1056964608
 45
4.0
292
     0
297
     0
 46
4.0
 94
-1056964608
 47
1.0
 49
1.0
140
1.0
293
     1
141
0.0
294
     1
177
     0
142
1.0
295
     0
296
     0
143
0.125
271
     0
272
     9
273
     9
298
     0
  0
MLINESTYLE
  5
18
102
{ACAD_REACTORS
330
17
102
}
330
17
100
AcDbMlineStyle
  2
STANDARD
 70
     0
  3

 62
   256
 51
90.0
 52
90.0
 71
     2
 49
0.5
 62
   256
  6
BYLAYER
 49
-0.5
 62
   256
  6
BYLAYER
  0
SCALE
  5
150A0A
102
{ACAD_REACTORS
330
150389
102
}
330
150389
100
AcDbScale
 70
     0
300
1:100_1
140
1.0
141
0.1
290
     0
  0
SCALE
  5
150A0B
102
{ACAD_REACTORS
330
150389
102
}
330
150389
100
AcDbScale
 70
     0
300
1:1000
140
1.0
141
1.0
290
     0
  0
SCALE
  5
150A3F
102
{ACAD_REACTORS
330
150389
102
}
330
150389
100
AcDbScale
 70
     0
300
1:1_1
140
1.0
141
1.0
290
     0
  0
SCALE
  5
15038A
102
{ACAD_REACTORS
330
150389
102
}
330
150389
100
AcDbScale
 70
     0
300
1:1
140
1.0
141
1.0
290
     1
  0
SCALE
  5
15038B
102
{ACAD_REACTORS
330
150389
102
}
330
150389
100
AcDbScale
 70
     0
300
1:2
140
1.0
141
2.0
290
     0
  0
SCALE
  5
15038C
102
{ACAD_REACTORS
330
150389
102
}
330
150389
100
AcDbScale
 70
     0
300
1:4
140
1.0
141
4.0
290
     0
  0
SCALE
  5
15038D
102
{ACAD_REACTORS
330
150389
102
}
330
150389
100
AcDbScale
 70
     0
300
1:5
140
1.0
141
5.0
290
     0
  0
SCALE
  5
15038E
102
{ACAD_REACTORS
330
150389
102
}
330
150389
100
AcDbScale
 70
     0
300
1:8
140
1.0
141
8.0
290
     0
  0
SCALE
  5
15038F
102
{ACAD_REACTORS
330
150389
102
}
330
150389
100
AcDbScale
 70
     0
300
1:10
140
1.0
141
10.0
290
     0
  0
SCALE
  5
150390
102
{ACAD_REACTORS
330
150389
102
}
330
150389
100
AcDbScale
 70
     0
300
1:16
140
1.0
141
16.0
290
     0
  0
SCALE
  5
150391
102
{ACAD_REACTORS
330
150389
102
}
330
150389
100
AcDbScale
 70
     0
300
1:20
140
1.0
141
20.0
290
     0
  0
SCALE
  5
150392
102
{ACAD_REACTORS
330
150389
102
}
330
150389
100
AcDbScale
 70
     0
300
1:30
140
1.0
141
30.0
290
     0
  0
SCALE
  5
150393
102
{ACAD_REACTORS
330
150389
102
}
330
150389
100
AcDbScale
 70
     0
300
1:40
140
1.0
141
40.0
290
     0
  0
SCALE
  5
150394
102
{ACAD_REACTORS
330
150389
102
}
330
150389
100
AcDbScale
 70
     0
300
1:50
140
1.0
141
50.0
290
     0
  0
SCALE
  5
150395
102
{ACAD_REACTORS
330
150389
102
}
330
150389
100
AcDbScale
 70
     0
300
1:100
140
1.0
141
100.0
290
     0
  0
SCALE
  5
150396
102
{ACAD_REACTORS
330
150389
102
}
330
150389
100
AcDbScale
 70
     0
300
2:1
140
2.0
141
1.0
290
     0
  0
SCALE
  5
150397
102
{ACAD_REACTORS
330
150389
102
}
330
150389
100
AcDbScale
 70
     0
300
4:1
140
4.0
141
1.0
290
     0
  0
SCALE
  5
150398
102
{ACAD_REACTORS
330
150389
102
}
330
150389
100
AcDbScale
 70
     0
300
8:1
140
8.0
141
1.0
290
     0
  0
SCALE
  5
150399
102
{ACAD_REACTORS
330
150389
102
}
330
150389
100
AcDbScale
 70
     0
300
10:1
140
10.0
141
1.0
290
     0
  0
SCALE
  5
15039A
102
{ACAD_REACTORS
330
150389
102
}
330
150389
100
AcDbScale
 70
     0
300
100:1
140
100.0
141
1.0
290
     0
  0
ACDBSECTIONVIEWSTYLE
  5
150890
102
{ACAD_REACTORS
330
15039D
102
}
330
15039D
100
AcDbModelDocViewStyle
 70
     0
  3
Imperial24
290
     0
300
Imperial24
 90
        0
100
AcDbSectionViewStyle
 70
     0
 71
     0
 90
       78
 71
     1
340
11
 62
   256
 40
0.24
340
0
340
0
 62
   256
 40
0.24
300
I, O, Q, S, X, Z
 40
0.48
 90
        3
 40
0.18
 90
        1
 71
     2
340
16
 90
       25
 62
   256
340
16
 90
       50
 62
   256
 40
0.24
 40
0.0
 40
0.24
 71
     3
340
11
 62
   256
 40
0.24
 90
        1
 40
0.75
 90
        1
300
%<\AcVar ViewType \f "%tc1">% %<\AcVar ViewSectionStartId>%-%<\AcVar ViewSectionEndId>%\PSCALE %<\AcVar ViewScale \f "%sn">%
 71
     4
 62
   256
 62
   257
300
ANSI31
 40
1.0
 90
        0
290
     0
290
     0
 90
        6
 40
0.0
 40
1.570796326794896
 40
0.2617993877991494
 40
1.308996938995747
 40
-0.2617993877991494
 40
1.832595714594046
  0
ACDBSECTIONVIEWSTYLE
  5
15039E
102
{ACAD_REACTORS
330
15039D
102
}
330
15039D
100
AcDbModelDocViewStyle
 70
     0
  3
Metric50
290
     0
300
Metric50
 90
        0
100
AcDbSectionViewStyle
 70
     0
 71
     0
 90
      102
 71
     1
340
11
 62
   256
 40
5.0
340
0
340
0
 62
   256
 40
5.0
300
I, O, Q, S, X, Z
 40
10.0
 90
        0
 40
2.5
 90
        0
 71
     2
340
16
 90
       25
 62
   256
340
16
 90
       50
 62
   256
 40
5.0
 40
2.5
 40
5.0
 71
     3
340
11
 62
   256
 40
5.0
 90
        0
 40
15.0
 90
        1
300
%<\AcVar ViewSectionStartId>%-%<\AcVar ViewSectionEndId>% (%<\AcVar ViewScale \f "%sn">%)
 71
     4
 62
   256
 62
   257
300
ANSI31
 40
1.0
 90
        0
290
     0
290
     0
 90
        6
 40
0.0
 40
1.570796326794896
 40
0.2617993877991494
 40
1.308996938995747
 40
-0.2617993877991494
 40
1.832595714594046
  0
TABLESTYLE
  5
150388
102
{ACAD_XDICTIONARY
360
150E6D
102
}
102
{ACAD_REACTORS
330
150387
102
}
330
150387
100
AcDbTableStyle
280
     0
  3
Standard
 70
     0
 71
     0
 40
1.5
 41
1.5
280
     0
281
     0
  7
Standard
140
4.5
170
     2
 62
     0
 63
     7
283
     0
 90
      512
 91
        0
  1

274
    -2
284
     1
 64
     0
275
    -2
285
     1
 65
     0
276
    -2
286
     1
 66
     0
277
    -2
287
     1
 67
     0
278
    -2
288
     1
 68
     0
279
    -2
289
     1
 69
     0
  7
Standard
140
6.0
170
     5
 62
     0
 63
     7
283
     0
 90
      512
 91
        0
  1

274
    -2
284
     1
 64
     0
275
    -2
285
     1
 65
     0
276
    -2
286
     1
 66
     0
277
    -2
287
     1
 67
     0
278
    -2
288
     1
 68
     0
279
    -2
289
     1
 69
     0
  7
Standard
140
4.5
170
     5
 62
     0
 63
     7
283
     0
 90
      512
 91
        0
  1

274
    -2
284
     1
 64
     0
275
    -2
285
     1
 65
     0
276
    -2
286
     1
 66
     0
277
    -2
287
     1
 67
     0
278
    -2
288
     1
 68
     0
279
    -2
289
     1
 69
     0
  0
VISUALSTYLE
  5
150374
102
{ACAD_REACTORS
330
15036E
102
}
330
15036E
100
AcDbVisualStyle
  2
2dWireframe
 70
     4
177
     3
291
     0
 70
    58
 90
        0
176
     1
 90
        2
176
     1
 90
        0
176
     1
 90
        0
176
     1
 40
0.6
176
     1
 40
30.0
176
     1
 62
     7
420
 16777215
176
     1
 90
        1
176
     1
 90
        4
176
     1
 62
     7
176
     1
 62
   257
176
     1
 90
        1
176
     1
 90
        1
176
     1
 40
1.0
176
     1
 90
        0
176
     1
 62
   257
176
     1
 40
1.0
176
     1
 90
        1
176
     1
 90
        6
176
     1
 90
        2
176
     1
 62
     7
176
     1
 90
        5
176
     1
 90
        0
176
     1
 90
        0
176
     1
290
     0
176
     1
 90
        1
176
     1
 40
0.0
176
     1
 90
        0
176
     1
290
     1
176
     1
290
     1
176
     1
290
     0
176
     1
290
     0
176
     1
290
     0
176
     1
290
     0
176
     1
290
     0
176
     1
290
     0
176
     1
290
     0
176
     1
 90
       50
176
     1
 40
0.0
176
     1
 40
1.0
176
     1
 90
        0
176
     1
 62
    18
420
        0
176
     1
 90
       50
176
     1
 90
        3
176
     1
 62
     5
420
      255
176
     1
290
     0
176
     1
 90
       50
176
     1
 90
       50
176
     1
 90
       50
176
     1
290
     0
176
     1
 90
       50
176
     1
 62
   256
176
     0
 40
1.0
176
     0
 90
        2
176
     1
  1
strokes_ogs.tif
176
     1
290
     0
176
     1
 40
1.0
176
     1
 40
1.0
176
     1
  0
VISUALSTYLE
  5
150373
102
{ACAD_REACTORS
330
15036E
102
}
330
15036E
100
AcDbVisualStyle
  2
Basic
 70
     7
177
     3
291
     1
 70
    58
 90
        1
176
     1
 90
        0
176
     1
 90
        1
176
     1
 90
        0
176
     1
 40
0.6
176
     1
 40
30.0
176
     1
 62
     7
420
 16777215
176
     1
 90
        0
176
     1
 90
        4
176
     1
 62
     7
176
     1
 62
   257
176
     1
 90
        1
176
     1
 90
        1
176
     1
 40
1.0
176
     1
 90
        8
176
     1
 62
     7
176
     1
 40
1.0
176
     1
 90
        1
176
     1
 90
        6
176
     1
 90
        2
176
     1
 62
     7
176
     1
 90
        5
176
     1
 90
        0
176
     1
 90
        0
176
     1
290
     0
176
     1
 90
        1
176
     1
 40
0.0
176
     1
 90
        0
176
     1
290
     0
176
     1
290
     1
176
     1
290
     1
176
     1
290
     0
176
     1
290
     0
176
     1
290
     0
176
     1
290
     0
176
     1
290
     0
176
     1
290
     0
176
     1
 90
       50
176
     1
 40
0.0
176
     1
 40
1.0
176
     1
 90
        0
176
     1
 62
    18
420
        0
176
     1
 90
       50
176
     1
 90
        3
176
     1
 62
     5
420
      255
176
     1
290
     0
176
     1
 90
       50
176
     1
 90
       50
176
     1
 90
       50
176
     1
290
     0
176
     1
 90
       50
176
     1
 62
   256
176
     0
 40
1.0
176
     0
 90
        2
176
     1
  1
strokes_ogs.tif
176
     1
290
     0
176
     1
 40
1.0
176
     1
 40
1.0
176
     1
  0
VISUALSTYLE
  5
15037A
102
{ACAD_REACTORS
330
15036E
102
}
330
15036E
100
AcDbVisualStyle
  2
Brighten
 70
    12
177
     3
291
     1
 70
    58
 90
        2
176
     1
 90
        2
176
     1
 90
        0
176
     1
 90
        0
176
     1
 40
0.6
176
     1
 40
30.0
176
     1
 62
     7
420
 16777215
176
     1
 90
        1
176
     1
 90
        4
176
     1
 62
     7
176
     1
 62
   257
176
     1
 90
        1
176
     1
 90
        1
176
     1
 40
1.0
176
     1
 90
        8
176
     1
 62
     7
176
     1
 40
1.0
176
     1
 90
        1
176
     1
 90
        6
176
     1
 90
        2
176
     1
 62
     7
176
     1
 90
        5
176
     1
 90
        0
176
     1
 90
        0
176
     1
290
     0
176
     1
 90
        1
176
     1
 40
50.0
176
     1
 90
        0
176
     1
290
     0
176
     1
290
     1
176
     1
290
     1
176
     1
290
     0
176
     1
290
     0
176
     1
290
     0
176
     1
290
     0
176
     1
290
     0
176
     1
290
     0
176
     1
 90
       50
176
     1
 40
0.0
176
     1
 40
1.0
176
     1
 90
        0
176
     1
 62
    18
420
        0
176
     1
 90
       50
176
     1
 90
        3
176
     1
 62
     5
420
      255
176
     1
290
     0
176
     1
 90
       50
176
     1
 90
       50
176
     1
 90
       50
176
     1
290
     0
176
     1
 90
       50
176
     1
 62
   256
176
     0
 40
1.0
176
     0
 90
        2
176
     1
  1
strokes_ogs.tif
176
     1
290
     0
176
     1
 40
1.0
176
     1
 40
1.0
176
     1
  0
VISUALSTYLE
  5
15037E
102
{ACAD_REACTORS
330
15036E
102
}
330
15036E
100
AcDbVisualStyle
  2
ColorChange
 70
    16
177
     3
291
     1
 70
    58
 90
        2
176
     1
 90
        2
176
     1
 90
        3
176
     1
 90
        0
176
     1
 40
0.6
176
     1
 40
30.0
176
     1
 62
     8
420
  8421504
176
     1
 90
        1
176
     1
 90
        4
176
     1
 62
     7
176
     1
 62
   257
176
     1
 90
        1
176
     1
 90
        1
176
     1
 40
1.0
176
     1
 90
        8
176
     1
 62
     8
420
  8421504
176
     1
 40
1.0
176
     1
 90
        1
176
     1
 90
        6
176
     1
 90
        2
176
     1
 62
     7
176
     1
 90
        5
176
     1
 90
        0
176
     1
 90
        0
176
     1
290
     0
176
     1
 90
        1
176
     1
 40
0.0
176
     1
 90
        0
176
     1
290
     0
176
     1
290
     1
176
     1
290
     1
176
     1
290
     0
176
     1
290
     0
176
     1
290
     0
176
     1
290
     0
176
     1
290
     0
176
     1
290
     0
176
     1
 90
       50
176
     1
 40
0.0
176
     1
 40
1.0
176
     1
 90
        0
176
     1
 62
    18
420
        0
176
     1
 90
       50
176
     1
 90
        3
176
     1
 62
     5
420
      255
176
     1
290
     0
176
     1
 90
       50
176
     1
 90
       50
176
     1
 90
       50
176
     1
290
     0
176
     1
 90
       50
176
     1
 62
   256
176
     0
 40
1.0
176
     0
 90
        2
176
     1
  1
strokes_ogs.tif
176
     1
290
     0
176
     1
 40
1.0
176
     1
 40
1.0
176
     1
  0
VISUALSTYLE
  5
150377
102
{ACAD_REACTORS
330
15036E
102
}
330
15036E
100
AcDbVisualStyle
  2
Conceptual
 70
     9
177
     3
291
     0
 70
    58
 90
        3
176
     1
 90
        2
176
     1
 90
        0
176
     1
 90
        0
176
     1
 40
0.6
176
     1
 40
30.0
176
     1
 62
     7
420
 16777215
176
     1
 90
        2
176
     1
 90
        2
176
     1
 62
     7
176
     1
 62
   257
176
     1
 90
        1
176
     1
 90
        1
176
     1
 40
179.0
176
     1
 90
        8
176
     1
 62
     7
176
     1
 40
1.0
176
     1
 90
        1
176
     1
 90
        6
176
     1
 90
        2
176
     1
 62
     7
176
     1
 90
        3
176
     1
 90
        0
176
     1
 90
        0
176
     1
290
     0
176
     1
 90
        1
176
     1
 40
0.0
176
     1
 90
        0
176
     1
290
     0
176
     1
290
     1
176
     1
290
     1
176
     1
290
     0
176
     1
290
     0
176
     1
290
     0
176
     1
290
     0
176
     1
290
     0
176
     1
290
     0
176
     1
 90
       50
176
     1
 40
0.0
176
     1
 40
1.0
176
     1
 90
        0
176
     1
 62
    18
420
        0
176
     1
 90
       50
176
     1
 90
        3
176
     1
 62
     5
420
      255
176
     1
290
     0
176
     1
 90
       50
176
     1
 90
       50
176
     1
 90
       50
176
     1
290
     0
176
     1
 90
       50
176
     1
 62
   256
176
     0
 40
1.0
176
     0
 90
        2
176
     1
  1
strokes_ogs.tif
176
     1
290
     0
176
     1
 40
1.0
176
     1
 40
1.0
176
     1
  0
VISUALSTYLE
  5
150379
102
{ACAD_REACTORS
330
15036E
102
}
330
15036E
100
AcDbVisualStyle
  2
Dim
 70
    11
177
     3
291
     1
 70
    58
 90
        2
176
     1
 90
        2
176
     1
 90
        0
176
     1
 90
        0
176
     1
 40
0.6
176
     1
 40
30.0
176
     1
 62
     7
420
 16777215
176
     1
 90
        1
176
     1
 90
        4
176
     1
 62
     7
176
     1
 62
   257
176
     1
 90
        1
176
     1
 90
        1
176
     1
 40
1.0
176
     1
 90
        8
176
     1
 62
     7
176
     1
 40
1.0
176
     1
 90
        1
176
     1
 90
        6
176
     1
 90
        2
176
     1
 62
     7
176
     1
 90
        5
176
     1
 90
        0
176
     1
 90
        0
176
     1
290
     0
176
     1
 90
        1
176
     1
 40
-50.0
176
     1
 90
        0
176
     1
290
     0
176
     1
290
     1
176
     1
290
     1
176
     1
290
     0
176
     1
290
     0
176
     1
290
     0
176
     1
290
     0
176
     1
290
     0
176
     1
290
     0
176
     1
 90
       50
176
     1
 40
0.0
176
     1
 40
1.0
176
     1
 90
        0
176
     1
 62
    18
420
        0
176
     1
 90
       50
176
     1
 90
        3
176
     1
 62
     5
420
      255
176
     1
290
     0
176
     1
 90
       50
176
     1
 90
       50
176
     1
 90
       50
176
     1
290
     0
176
     1
 90
       50
176
     1
 62
   256
176
     0
 40
1.0
176
     0
 90
        2
176
     1
  1
strokes_ogs.tif
176
     1
290
     0
176
     1
 40
1.0
176
     1
 40
1.0
176
     1
  0
VISUALSTYLE
  5
150386
102
{ACAD_REACTORS
330
15036E
102
}
330
15036E
100
AcDbVisualStyle
  2
EdgeColorOff
 70
    22
177
     3
291
     1
 70
    58
 90
        2
176
     0
 90
        2
176
     0
 90
        0
176
     0
 90
        0
176
     0
 40
0.6
176
     0
 40
30.0
176
     0
 62
     7
420
 16777215
176
     0
 90
        1
176
     0
 90
        4
176
     0
 62
     7
176
     0
 62
   257
176
     0
 90
        1
176
     0
 90
        1
176
     0
 40
1.0
176
     0
 90
        8
176
     2
 62
     7
176
     0
 40
1.0
176
     0
 90
        1
176
     0
 90
        6
176
     0
 90
        2
176
     0
 62
     7
176
     0
 90
        5
176
     0
 90
        0
176
     0
 90
        0
176
     0
290
     0
176
     0
 90
        1
176
     0
 40
0.0
176
     0
 90
        0
176
     0
290
     0
176
     1
290
     1
176
     1
290
     1
176
     1
290
     0
176
     1
290
     0
176
     1
290
     0
176
     1
290
     0
176
     1
290
     0
176
     1
290
     0
176
     1
 90
       50
176
     0
 40
0.0
176
     0
 40
1.0
176
     0
 90
        0
176
     0
 62
    18
420
        0
176
     0
 90
       50
176
     0
 90
        3
176
     0
 62
     5
420
      255
176
     0
290
     0
176
     1
 90
       50
176
     0
 90
       50
176
     0
 90
       50
176
     0
290
     0
176
     1
 90
       50
176
     0
 62
   256
176
     0
 40
1.0
176
     0
 90
        2
176
     0
  1
strokes_ogs.tif
176
     0
290
     0
176
     1
 40
1.0
176
     0
 40
1.0
176
     0
  0
VISUALSTYLE
  5
15037D
102
{ACAD_REACTORS
330
15036E
102
}
330
15036E
100
AcDbVisualStyle
  2
Facepattern
 70
    15
177
     3
291
     1
 70
    58
 90
        2
176
     1
 90
        2
176
     1
 90
        0
176
     1
 90
        0
176
     1
 40
0.6
176
     1
 40
30.0
176
     1
 62
     7
420
 16777215
176
     1
 90
        1
176
     1
 90
        4
176
     1
 62
     7
176
     1
 62
   257
176
     1
 90
        1
176
     1
 90
        1
176
     1
 40
1.0
176
     1
 90
        8
176
     1
 62
     7
176
     1
 40
1.0
176
     1
 90
        1
176
     1
 90
        6
176
     1
 90
        2
176
     1
 62
     7
176
     1
 90
        5
176
     1
 90
        0
176
     1
 90
        0
176
     1
290
     0
176
     1
 90
        1
176
     1
 40
0.0
176
     1
 90
        0
176
     1
290
     0
176
     1
290
     1
176
     1
290
     1
176
     1
290
     0
176
     1
290
     0
176
     1
290
     0
176
     1
290
     0
176
     1
290
     0
176
     1
290
     0
176
     1
 90
       50
176
     1
 40
0.0
176
     1
 40
1.0
176
     1
 90
        0
176
     1
 62
    18
420
        0
176
     1
 90
       50
176
     1
 90
        3
176
     1
 62
     5
420
      255
176
     1
290
     0
176
     1
 90
       50
176
     1
 90
       50
176
     1
 90
       50
176
     1
290
     0
176
     1
 90
       50
176
     1
 62
   256
176
     0
 40
1.0
176
     0
 90
        2
176
     1
  1
strokes_ogs.tif
176
     1
290
     0
176
     1
 40
1.0
176
     1
 40
1.0
176
     1
  0
VISUALSTYLE
  5
15036F
102
{ACAD_REACTORS
330
15036E
102
}
330
15036E
100
AcDbVisualStyle
  2
Flat
 70
     0
177
     3
291
     1
 70
    58
 90
        2
176
     1
 90
        1
176
     1
 90
        1
176
     1
 90
        2
176
     1
 40
0.6
176
     1
 40
30.0
176
     1
 62
     7
420
 16777215
176
     1
 90
        0
176
     1
 90
        0
176
     1
 62
     7
176
     1
 62
   257
176
     1
 90
        1
176
     1
 90
        1
176
     1
 40
1.0
176
     1
 90
        8
176
     1
 62
     7
176
     1
 40
1.0
176
     1
 90
        1
176
     1
 90
        6
176
     1
 90
        2
176
     1
 62
     7
176
     1
 90
        5
176
     1
 90
        0
176
     1
 90
        0
176
     1
290
     0
176
     1
 90
       13
176
     1
 40
0.0
176
     1
 90
        0
176
     1
290
     0
176
     1
290
     1
176
     1
290
     1
176
     1
290
     0
176
     1
290
     0
176
     1
290
     0
176
     1
290
     0
176
     1
290
     0
176
     1
290
     0
176
     1
 90
       50
176
     1
 40
0.0
176
     1
 40
1.0
176
     1
 90
        0
176
     1
 62
    18
420
        0
176
     1
 90
       50
176
     1
 90
        3
176
     1
 62
     5
420
      255
176
     1
290
     0
176
     1
 90
       50
176
     1
 90
       50
176
     1
 90
       50
176
     1
290
     0
176
     1
 90
       50
176
     1
 62
   256
176
     0
 40
1.0
176
     0
 90
        2
176
     1
  1
strokes_ogs.tif
176
     1
290
     0
176
     1
 40
1.0
176
     1
 40
1.0
176
     1
  0
VISUALSTYLE
  5
150370
102
{ACAD_REACTORS
330
15036E
102
}
330
15036E
100
AcDbVisualStyle
  2
FlatWithEdges
 70
     1
177
     3
291
     1
 70
    58
 90
        2
176
     1
 90
        1
176
     1
 90
        1
176
     1
 90
        2
176
     1
 40
0.6
176
     1
 40
30.0
176
     1
 62
     7
420
 16777215
176
     1
 90
        1
176
     1
 90
        0
176
     1
 62
     7
176
     1
 62
   257
176
     1
 90
        1
176
     1
 90
        1
176
     1
 40
1.0
176
     1
 90
        0
176
     1
 62
   257
176
     1
 40
1.0
176
     1
 90
        1
176
     1
 90
        6
176
     1
 90
        2
176
     1
 62
     7
176
     1
 90
        5
176
     1
 90
        0
176
     1
 90
        0
176
     1
290
     0
176
     1
 90
       13
176
     1
 40
0.0
176
     1
 90
        0
176
     1
290
     0
176
     1
290
     1
176
     1
290
     1
176
     1
290
     0
176
     1
290
     0
176
     1
290
     0
176
     1
290
     0
176
     1
290
     0
176
     1
290
     0
176
     1
 90
       50
176
     1
 40
0.0
176
     1
 40
1.0
176
     1
 90
        0
176
     1
 62
    18
420
        0
176
     1
 90
       50
176
     1
 90
        3
176
     1
 62
     5
420
      255
176
     1
290
     0
176
     1
 90
       50
176
     1
 90
       50
176
     1
 90
       50
176
     1
290
     0
176
     1
 90
       50
176
     1
 62
   256
176
     0
 40
1.0
176
     0
 90
        2
176
     1
  1
strokes_ogs.tif
176
     1
290
     0
176
     1
 40
1.0
176
     1
 40
1.0
176
     1
  0
VISUALSTYLE
  5
150371
102
{ACAD_REACTORS
330
15036E
102
}
330
15036E
100
AcDbVisualStyle
  2
Gouraud
 70
     2
177
     3
291
     1
 70
    58
 90
        2
176
     1
 90
        2
176
     1
 90
        1
176
     1
 90
        2
176
     1
 40
0.6
176
     1
 40
30.0
176
     1
 62
     7
420
 16777215
176
     1
 90
        0
176
     1
 90
        0
176
     1
 62
     7
176
     1
 62
   257
176
     1
 90
        1
176
     1
 90
        1
176
     1
 40
1.0
176
     1
 90
        0
176
     1
 62
     7
176
     1
 40
1.0
176
     1
 90
        1
176
     1
 90
        6
176
     1
 90
        2
176
     1
 62
     7
176
     1
 90
        5
176
     1
 90
        0
176
     1
 90
        0
176
     1
290
     0
176
     1
 90
       13
176
     1
 40
0.0
176
     1
 90
        0
176
     1
290
     0
176
     1
290
     1
176
     1
290
     1
176
     1
290
     0
176
     1
290
     0
176
     1
290
     0
176
     1
290
     0
176
     1
290
     0
176
     1
290
     0
176
     1
 90
       50
176
     1
 40
0.0
176
     1
 40
1.0
176
     1
 90
        0
176
     1
 62
    18
420
        0
176
     1
 90
       50
176
     1
 90
        3
176
     1
 62
     5
420
      255
176
     1
290
     0
176
     1
 90
       50
176
     1
 90
       50
176
     1
 90
       50
176
     1
290
     0
176
     1
 90
       50
176
     1
 62
   256
176
     0
 40
1.0
176
     0
 90
        2
176
     1
  1
strokes_ogs.tif
176
     1
290
     0
176
     1
 40
1.0
176
     1
 40
1.0
176
     1
  0
VISUALSTYLE
  5
150372
102
{ACAD_REACTORS
330
15036E
102
}
330
15036E
100
AcDbVisualStyle
  2
GouraudWithEdges
 70
     3
177
     3
291
     1
 70
    58
 90
        2
176
     1
 90
        2
176
     1
 90
        1
176
     1
 90
        2
176
     1
 40
0.6
176
     1
 40
30.0
176
     1
 62
     7
420
 16777215
176
     1
 90
        1
176
     1
 90
        0
176
     1
 62
     7
176
     1
 62
   257
176
     1
 90
        1
176
     1
 90
        1
176
     1
 40
1.0
176
     1
 90
        0
176
     1
 62
   257
176
     1
 40
1.0
176
     1
 90
        1
176
     1
 90
        6
176
     1
 90
        2
176
     1
 62
     7
176
     1
 90
        5
176
     1
 90
        0
176
     1
 90
        0
176
     1
290
     0
176
     1
 90
       13
176
     1
 40
0.0
176
     1
 90
        0
176
     1
290
     0
176
     1
290
     1
176
     1
290
     1
176
     1
290
     0
176
     1
290
     0
176
     1
290
     0
176
     1
290
     0
176
     1
290
     0
176
     1
290
     0
176
     1
 90
       50
176
     1
 40
0.0
176
     1
 40
1.0
176
     1
 90
        0
176
     1
 62
    18
420
        0
176
     1
 90
       50
176
     1
 90
        3
176
     1
 62
     5
420
      255
176
     1
290
     0
176
     1
 90
       50
176
     1
 90
       50
176
     1
 90
       50
176
     1
290
     0
176
     1
 90
       50
176
     1
 62
   256
176
     0
 40
1.0
176
     0
 90
        2
176
     1
  1
strokes_ogs.tif
176
     1
290
     0
176
     1
 40
1.0
176
     1
 40
1.0
176
     1
  0
VISUALSTYLE
  5
150376
102
{ACAD_REACTORS
330
15036E
102
}
330
15036E
100
AcDbVisualStyle
  2
Hidden
 70
     6
177
     3
291
     0
 70
    58
 90
        1
176
     1
 90
        2
176
     1
 90
        2
176
     1
 90
        0
176
     1
 40
0.6
176
     1
 40
30.0
176
     1
 62
     7
420
 16777215
176
     1
 90
        2
176
     1
 90
        2
176
     1
 62
     7
176
     1
 62
   257
176
     1
 90
        2
176
     1
 90
        1
176
     1
 40
40.0
176
     1
 90
        0
176
     1
 62
   257
176
     1
 40
1.0
176
     1
 90
        1
176
     1
 90
        6
176
     1
 90
        2
176
     1
 62
     7
176
     1
 90
        3
176
     1
 90
        0
176
     1
 90
        0
176
     1
290
     0
176
     1
 90
        1
176
     1
 40
0.0
176
     1
 90
        0
176
     1
290
     0
176
     1
290
     1
176
     1
290
     1
176
     1
290
     0
176
     1
290
     0
176
     1
290
     0
176
     1
290
     0
176
     1
290
     0
176
     1
290
     0
176
     1
 90
       50
176
     1
 40
0.0
176
     1
 40
1.0
176
     1
 90
        0
176
     1
 62
    18
420
        0
176
     1
 90
       50
176
     1
 90
        3
176
     1
 62
     5
420
      255
176
     1
290
     0
176
     1
 90
       50
176
     1
 90
       50
176
     1
 90
       50
176
     1
290
     0
176
     1
 90
       50
176
     1
 62
   256
176
     0
 40
1.0
176
     0
 90
        2
176
     1
  1
strokes_ogs.tif
176
     1
290
     0
176
     1
 40
1.0
176
     1
 40
1.0
176
     1
  0
VISUALSTYLE
  5
150384
102
{ACAD_REACTORS
330
15036E
102
}
330
15036E
100
AcDbVisualStyle
  2
JitterOff
 70
    20
177
     3
291
     1
 70
    58
 90
        2
176
     0
 90
        2
176
     0
 90
        0
176
     0
 90
        0
176
     0
 40
0.6
176
     0
 40
30.0
176
     0
 62
     7
420
 16777215
176
     0
 90
        1
176
     0
 90
        4
176
     0
 62
     7
176
     0
 62
   257
176
     0
 90
        1
176
     0
 90
        1
176
     0
 40
1.0
176
     0
 90
       10
176
     2
 62
     7
176
     0
 40
1.0
176
     0
 90
        1
176
     0
 90
        6
176
     0
 90
        2
176
     0
 62
     7
176
     0
 90
        5
176
     0
 90
        0
176
     0
 90
        0
176
     0
290
     0
176
     0
 90
        1
176
     0
 40
0.0
176
     0
 90
        0
176
     0
290
     0
176
     1
290
     1
176
     1
290
     1
176
     1
290
     0
176
     1
290
     0
176
     1
290
     0
176
     1
290
     0
176
     1
290
     0
176
     1
290
     0
176
     1
 90
       50
176
     0
 40
0.0
176
     0
 40
1.0
176
     0
 90
        0
176
     0
 62
    18
420
        0
176
     0
 90
       50
176
     0
 90
        3
176
     0
 62
     5
420
      255
176
     0
290
     0
176
     1
 90
       50
176
     0
 90
       50
176
     0
 90
       50
176
     0
290
     0
176
     1
 90
       50
176
     0
 62
   256
176
     0
 40
1.0
176
     0
 90
        2
176
     0
  1
strokes_ogs.tif
176
     0
290
     0
176
     1
 40
1.0
176
     0
 40
1.0
176
     0
  0
VISUALSTYLE
  5
15037C
102
{ACAD_REACTORS
330
15036E
102
}
330
15036E
100
AcDbVisualStyle
  2
Linepattern
 70
    14
177
     3
291
     1
 70
    58
 90
        2
176
     1
 90
        2
176
     1
 90
        0
176
     1
 90
        0
176
     1
 40
0.6
176
     1
 40
30.0
176
     1
 62
     7
420
 16777215
176
     1
 90
        1
176
     1
 90
        4
176
     1
 62
     7
176
     1
 62
   257
176
     1
 90
        7
176
     1
 90
        7
176
     1
 40
1.0
176
     1
 90
        8
176
     1
 62
     7
176
     1
 40
1.0
176
     1
 90
        1
176
     1
 90
        6
176
     1
 90
        2
176
     1
 62
     7
176
     1
 90
        5
176
     1
 90
        0
176
     1
 90
        0
176
     1
290
     0
176
     1
 90
        1
176
     1
 40
0.0
176
     1
 90
        0
176
     1
290
     0
176
     1
290
     1
176
     1
290
     1
176
     1
290
     0
176
     1
290
     0
176
     1
290
     0
176
     1
290
     0
176
     1
290
     0
176
     1
290
     0
176
     1
 90
       50
176
     1
 40
0.0
176
     1
 40
1.0
176
     1
 90
        0
176
     1
 62
    18
420
        0
176
     1
 90
       50
176
     1
 90
        3
176
     1
 62
     5
420
      255
176
     1
290
     0
176
     1
 90
       50
176
     1
 90
       50
176
     1
 90
       50
176
     1
290
     0
176
     1
 90
       50
176
     1
 62
   256
176
     0
 40
1.0
176
     0
 90
        2
176
     1
  1
strokes_ogs.tif
176
     1
290
     0
176
     1
 40
1.0
176
     1
 40
1.0
176
     1
  0
VISUALSTYLE
  5
150385
102
{ACAD_REACTORS
330
15036E
102
}
330
15036E
100
AcDbVisualStyle
  2
OverhangOff
 70
    21
177
     3
291
     1
 70
    58
 90
        2
176
     0
 90
        2
176
     0
 90
        0
176
     0
 90
        0
176
     0
 40
0.6
176
     0
 40
30.0
176
     0
 62
     7
420
 16777215
176
     0
 90
        1
176
     0
 90
        4
176
     0
 62
     7
176
     0
 62
   257
176
     0
 90
        1
176
     0
 90
        1
176
     0
 40
1.0
176
     0
 90
        9
176
     2
 62
     7
176
     0
 40
1.0
176
     0
 90
        1
176
     0
 90
        6
176
     0
 90
        2
176
     0
 62
     7
176
     0
 90
        5
176
     0
 90
        0
176
     0
 90
        0
176
     0
290
     0
176
     0
 90
        1
176
     0
 40
0.0
176
     0
 90
        0
176
     0
290
     0
176
     1
290
     1
176
     1
290
     1
176
     1
290
     0
176
     1
290
     0
176
     1
290
     0
176
     1
290
     0
176
     1
290
     0
176
     1
290
     0
176
     1
 90
       50
176
     0
 40
0.0
176
     0
 40
1.0
176
     0
 90
        0
176
     0
 62
    18
420
        0
176
     0
 90
       50
176
     0
 90
        3
176
     0
 62
     5
420
      255
176
     0
290
     0
176
     1
 90
       50
176
     0
 90
       50
176
     0
 90
       50
176
     0
290
     0
176
     1
 90
       50
176
     0
 62
   256
176
     0
 40
1.0
176
     0
 90
        2
176
     0
  1
strokes_ogs.tif
176
     0
290
     0
176
     1
 40
1.0
176
     0
 40
1.0
176
     0
  0
VISUALSTYLE
  5
150378
102
{ACAD_REACTORS
330
15036E
102
}
330
15036E
100
AcDbVisualStyle
  2
Realistic
 70
     8
177
     3
291
     0
 70
    58
 90
        2
176
     1
 90
        3
176
     1
 90
        0
176
     1
 90
        2
176
     1
 40
0.6
176
     1
 40
30.0
176
     1
 62
     7
420
 16777215
176
     1
 90
        0
176
     1
 90
        0
176
     1
 62
     7
176
     1
 62
   257
176
     1
 90
        1
176
     1
 90
        1
176
     1
 40
1.0
176
     1
 90
        8
176
     1
 62
   257
176
     1
 40
1.0
176
     1
 90
        1
176
     1
 90
        6
176
     1
 90
        2
176
     1
 62
     7
176
     1
 90
        3
176
     1
 90
        0
176
     1
 90
        0
176
     1
290
     0
176
     1
 90
       13
176
     1
 40
0.0
176
     1
 90
        0
176
     1
290
     0
176
     1
290
     1
176
     1
290
     1
176
     1
290
     0
176
     1
290
     0
176
     1
290
     0
176
     1
290
     0
176
     1
290
     0
176
     1
290
     0
176
     1
 90
       50
176
     1
 40
0.0
176
     1
 40
1.0
176
     1
 90
        0
176
     1
 62
    18
420
        0
176
     1
 90
       50
176
     1
 90
        3
176
     1
 62
     5
420
      255
176
     1
290
     0
176
     1
 90
       50
176
     1
 90
       50
176
     1
 90
       50
176
     1
290
     0
176
     1
 90
       50
176
     1
 62
   256
176
     0
 40
1.0
176
     0
 90
        2
176
     1
  1
strokes_ogs.tif
176
     1
290
     0
176
     1
 40
1.0
176
     1
 40
1.0
176
     1
  0
VISUALSTYLE
  5
150383
102
{ACAD_REACTORS
330
15036E
102
}
330
15036E
100
AcDbVisualStyle
  2
Shaded
 70
    27
177
     3
291
     0
 70
    58
 90
        2
176
     1
 90
        2
176
     1
 90
        1
176
     1
 90
        2
176
     1
 40
0.6
176
     1
 40
30.0
176
     1
 62
     7
420
 16777215
176
     1
 90
        0
176
     1
 90
        4
176
     1
 62
     7
176
     1
 62
   257
176
     1
 90
        1
176
     1
 90
        1
176
     1
 40
1.0
176
     1
 90
        8
176
     1
 62
   257
176
     1
 40
1.0
176
     1
 90
        1
176
     1
 90
        6
176
     1
 90
        2
176
     1
 62
     8
420
  7895160
176
     1
 90
        3
176
     1
 90
        0
176
     1
 90
        0
176
     1
290
     0
176
     1
 90
        5
176
     1
 40
0.0
176
     1
 90
        0
176
     1
290
     0
176
     1
290
     1
176
     1
290
     1
176
     1
290
     0
176
     1
290
     0
176
     1
290
     0
176
     1
290
     0
176
     1
290
     0
176
     1
290
     0
176
     1
 90
       50
176
     1
 40
0.0
176
     1
 40
1.0
176
     1
 90
        0
176
     1
 62
    18
420
        0
176
     1
 90
       50
176
     1
 90
        3
176
     1
 62
     5
420
      255
176
     1
290
     0
176
     1
 90
       50
176
     1
 90
       50
176
     1
 90
       50
176
     1
290
     0
176
     1
 90
       50
176
     1
 62
   256
176
     0
 40
1.0
176
     0
 90
        2
176
     1
  1
strokes_ogs.tif
176
     1
290
     0
176
     1
 40
1.0
176
     1
 40
1.0
176
     1
  0
VISUALSTYLE
  5
150382
102
{ACAD_REACTORS
330
15036E
102
}
330
15036E
100
AcDbVisualStyle
  2
Shaded with edges
 70
    26
177
     3
291
     0
 70
    58
 90
        2
176
     1
 90
        2
176
     1
 90
        1
176
     1
 90
        2
176
     1
 40
0.6
176
     1
 40
30.0
176
     1
 62
     7
420
 16777215
176
     1
 90
        1
176
     1
 90
        2
176
     1
 62
     7
176
     1
 62
   257
176
     1
 90
        2
176
     1
 90
        1
176
     1
 40
1.0
176
     1
 90
        8
176
     1
 62
   257
176
     1
 40
1.0
176
     1
 90
        1
176
     1
 90
        6
176
     1
 90
        2
176
     1
 62
     7
176
     1
 90
        3
176
     1
 90
        0
176
     1
 90
        0
176
     1
290
     0
176
     1
 90
        5
176
     1
 40
0.0
176
     1
 90
        0
176
     1
290
     0
176
     1
290
     1
176
     1
290
     1
176
     1
290
     0
176
     1
290
     0
176
     1
290
     0
176
     1
290
     0
176
     1
290
     0
176
     1
290
     0
176
     1
 90
       50
176
     1
 40
0.0
176
     1
 40
1.0
176
     1
 90
        0
176
     1
 62
    18
420
        0
176
     1
 90
       50
176
     1
 90
        3
176
     1
 62
     5
420
      255
176
     1
290
     0
176
     1
 90
       50
176
     1
 90
       50
176
     1
 90
       50
176
     1
290
     0
176
     1
 90
       50
176
     1
 62
   256
176
     0
 40
1.0
176
     0
 90
        2
176
     1
  1
strokes_ogs.tif
176
     1
290
     0
176
     1
 40
1.0
176
     1
 40
1.0
176
     1
  0
VISUALSTYLE
  5
15037F
102
{ACAD_REACTORS
330
15036E
102
}
330
15036E
100
AcDbVisualStyle
  2
Shades of Gray
 70
    23
177
     3
291
     0
 70
    58
 90
        2
176
     1
 90
        2
176
     1
 90
        3
176
     1
 90
        0
176
     1
 40
0.6
176
     1
 40
30.0
176
     1
 62
     7
420
 16777215
176
     1
 90
        2
176
     1
 90
        2
176
     1
 62
     7
176
     1
 62
     7
176
     1
 90
        1
176
     1
 90
        1
176
     1
 40
40.0
176
     1
 90
        8
176
     1
 62
     7
176
     1
 40
1.0
176
     1
 90
        1
176
     1
 90
        6
176
     1
 90
        2
176
     1
 62
     7
176
     1
 90
        3
176
     1
 90
        0
176
     1
 90
        0
176
     1
290
     0
176
     1
 90
        1
176
     1
 40
0.0
176
     1
 90
        0
176
     1
290
     0
176
     1
290
     1
176
     1
290
     1
176
     1
290
     0
176
     1
290
     0
176
     1
290
     0
176
     1
290
     0
176
     1
290
     0
176
     1
290
     0
176
     1
 90
       50
176
     1
 40
0.0
176
     1
 40
1.0
176
     1
 90
        0
176
     1
 62
    18
420
        0
176
     1
 90
       50
176
     1
 90
        3
176
     1
 62
     5
420
      255
176
     1
290
     0
176
     1
 90
       50
176
     1
 90
       50
176
     1
 90
       50
176
     1
290
     0
176
     1
 90
       50
176
     1
 62
   256
176
     0
 40
1.0
176
     0
 90
        2
176
     1
  1
strokes_ogs.tif
176
     1
290
     0
176
     1
 40
1.0
176
     1
 40
1.0
176
     1
  0
VISUALSTYLE
  5
150380
102
{ACAD_REACTORS
330
15036E
102
}
330
15036E
100
AcDbVisualStyle
  2
Sketchy
 70
    24
177
     3
291
     0
 70
    58
 90
        1
176
     1
 90
        2
176
     1
 90
        2
176
     1
 90
        0
176
     1
 40
0.6
176
     1
 40
30.0
176
     1
 62
     7
420
 16777215
176
     1
 90
        2
176
     1
 90
        2
176
     1
 62
     7
176
     1
 62
     7
176
     1
 90
        1
176
     1
 90
        1
176
     1
 40
40.0
176
     1
 90
       11
176
     1
 62
     7
176
     1
 40
1.0
176
     1
 90
        1
176
     1
 90
        6
176
     1
 90
        2
176
     1
 62
     7
176
     1
 90
        6
176
     1
 90
        0
176
     1
 90
        0
176
     1
290
     0
176
     1
 90
        1
176
     1
 40
0.0
176
     1
 90
        0
176
     1
290
     0
176
     1
290
     1
176
     1
290
     1
176
     1
290
     0
176
     1
290
     0
176
     1
290
     0
176
     1
290
     0
176
     1
290
     0
176
     1
290
     0
176
     1
 90
       50
176
     1
 40
0.0
176
     1
 40
1.0
176
     1
 90
        0
176
     1
 62
    18
420
        0
176
     1
 90
       50
176
     1
 90
        3
176
     1
 62
     5
420
      255
176
     1
290
     0
176
     1
 90
       50
176
     1
 90
       50
176
     1
 90
       50
176
     1
290
     0
176
     1
 90
       50
176
     1
 62
   256
176
     0
 40
1.0
176
     0
 90
        2
176
     1
  1
strokes_ogs.tif
176
     1
290
     0
176
     1
 40
1.0
176
     1
 40
1.0
176
     1
  0
VISUALSTYLE
  5
15037B
102
{ACAD_REACTORS
330
15036E
102
}
330
15036E
100
AcDbVisualStyle
  2
Thicken
 70
    13
177
     3
291
     1
 70
    58
 90
        2
176
     1
 90
        2
176
     1
 90
        0
176
     1
 90
        0
176
     1
 40
0.6
176
     1
 40
30.0
176
     1
 62
     7
420
 16777215
176
     1
 90
        1
176
     1
 90
        4
176
     1
 62
     7
176
     1
 62
   257
176
     1
 90
        1
176
     1
 90
        1
176
     1
 40
1.0
176
     1
 90
       12
176
     1
 62
     7
176
     1
 40
1.0
176
     1
 90
        1
176
     1
 90
        6
176
     1
 90
        2
176
     1
 62
     7
176
     1
 90
        5
176
     1
 90
        0
176
     1
 90
        0
176
     1
290
     0
176
     1
 90
        1
176
     1
 40
0.0
176
     1
 90
        0
176
     1
290
     0
176
     1
290
     1
176
     1
290
     1
176
     1
290
     0
176
     1
290
     0
176
     1
290
     0
176
     1
290
     0
176
     1
290
     0
176
     1
290
     0
176
     1
 90
       50
176
     1
 40
0.0
176
     1
 40
1.0
176
     1
 90
        0
176
     1
 62
    18
420
        0
176
     1
 90
       50
176
     1
 90
        3
176
     1
 62
     5
420
      255
176
     1
290
     0
176
     1
 90
       50
176
     1
 90
       50
176
     1
 90
       50
176
     1
290
     0
176
     1
 90
       50
176
     1
 62
   256
176
     0
 40
1.0
176
     0
 90
        2
176
     1
  1
strokes_ogs.tif
176
     1
290
     0
176
     1
 40
1.0
176
     1
 40
1.0
176
     1
  0
VISUALSTYLE
  5
150375
102
{ACAD_REACTORS
330
15036E
102
}
330
15036E
100
AcDbVisualStyle
  2
Wireframe
 70
     5
177
     3
291
     0
 70
    58
 90
        0
176
     1
 90
        2
176
     1
 90
        0
176
     1
 90
        0
176
     1
 40
0.6
176
     1
 40
30.0
176
     1
 62
     7
420
 16777215
176
     1
 90
        1
176
     1
 90
        4
176
     1
 62
     7
176
     1
 62
   257
176
     1
 90
        1
176
     1
 90
        1
176
     1
 40
1.0
176
     1
 90
        0
176
     1
 62
   257
176
     1
 40
1.0
176
     1
 90
        1
176
     1
 90
        6
176
     1
 90
        2
176
     1
 62
     7
176
     1
 90
        3
176
     1
 90
        0
176
     1
 90
        0
176
     1
290
     0
176
     1
 90
        1
176
     1
 40
0.0
176
     1
 90
        0
176
     1
290
     0
176
     1
290
     1
176
     1
290
     1
176
     1
290
     0
176
     1
290
     0
176
     1
290
     0
176
     1
290
     0
176
     1
290
     0
176
     1
290
     0
176
     1
 90
       50
176
     1
 40
0.0
176
     1
 40
1.0
176
     1
 90
        0
176
     1
 62
    18
420
        0
176
     1
 90
       50
176
     1
 90
        3
176
     1
 62
     5
420
      255
176
     1
290
     0
176
     1
 90
       50
176
     1
 90
       50
176
     1
 90
       50
176
     1
290
     0
176
     1
 90
       50
176
     1
 62
   256
176
     0
 40
1.0
176
     0
 90
        2
176
     1
  1
strokes_ogs.tif
176
     1
290
     0
176
     1
 40
1.0
176
     1
 40
1.0
176
     1
  0
VISUALSTYLE
  5
150381
102
{ACAD_REACTORS
330
15036E
102
}
330
15036E
100
AcDbVisualStyle
  2
X-Ray
 70
    25
177
     3
291
     0
 70
    58
 90
        2
176
     1
 90
        2
176
     1
 90
        1
176
     1
 90
        1
176
     1
 40
0.5
176
     1
 40
30.0
176
     1
 62
     7
420
 16777215
176
     1
 90
        1
176
     1
 90
        0
176
     1
 62
     7
176
     1
 62
   257
176
     1
 90
        1
176
     1
 90
        1
176
     1
 40
1.0
176
     1
 90
        8
176
     1
 62
     7
176
     1
 40
1.0
176
     1
 90
        1
176
     1
 90
        6
176
     1
 90
        2
176
     1
 62
     7
176
     1
 90
        3
176
     1
 90
        0
176
     1
 90
        0
176
     1
290
     0
176
     1
 90
       13
176
     1
 40
0.0
176
     1
 90
        0
176
     1
290
     0
176
     1
290
     1
176
     1
290
     1
176
     1
290
     0
176
     1
290
     0
176
     1
290
     0
176
     1
290
     0
176
     1
290
     0
176
     1
290
     0
176
     1
 90
       50
176
     1
 40
0.0
176
     1
 40
1.0
176
     1
 90
        0
176
     1
 62
    18
420
        0
176
     1
 90
       50
176
     1
 90
        3
176
     1
 62
     5
420
      255
176
     1
290
     0
176
     1
 90
       50
176
     1
 90
       50
176
     1
 90
       50
176
     1
290
     0
176
     1
 90
       50
176
     1
 62
   256
176
     0
 40
1.0
176
     0
 90
        2
176
     1
  1
strokes_ogs.tif
176
     1
290
     0
176
     1
 40
1.0
176
     1
 40
1.0
176
     1
  0
DICTIONARYVAR
  5
150A41
102
{ACAD_REACTORS
330
150A40
102
}
330
150A40
100
DictionaryVariables
280
     0
  1
1
  0
DICTIONARYVAR
  5
150A42
102
{ACAD_REACTORS
330
150A40
102
}
330
150A40
100
DictionaryVariables
280
     0
  1
5.000000
  0
DICTIONARYVAR
  5
150A43
102
{ACAD_REACTORS
330
150A40
102
}
330
150A40
100
DictionaryVariables
280
     0
  1
1
  0
DICTIONARYVAR
  5
150A44
102
{ACAD_REACTORS
330
150A40
102
}
330
150A40
100
DictionaryVariables
280
     0
  1
1:1
  0
DICTIONARYVAR
  5
150A45
102
{ACAD_REACTORS
330
150A40
102
}
330
150A40
100
DictionaryVariables
280
     0
  1
STANDARD
  0
DICTIONARYVAR
  5
150A46
102
{ACAD_REACTORS
330
150A40
102
}
330
150A40
100
DictionaryVariables
280
     0
  1
STANDARD
  0
DICTIONARYVAR
  5
150A47
102
{ACAD_REACTORS
330
150A40
102
}
330
150A40
100
DictionaryVariables
280
     0
  1
Metric50
  0
DICTIONARYVAR
  5
150A48
102
{ACAD_REACTORS
330
150A40
102
}
330
150A40
100
DictionaryVariables
280
     0
  1
Metric50
  0
DICTIONARYVAR
  5
150A49
102
{ACAD_REACTORS
330
150A40
102
}
330
150A40
100
DictionaryVariables
280
     0
  1
0
  0
DICTIONARYVAR
  5
150A4A
102
{ACAD_REACTORS
330
150A40
102
}
330
150A40
100
DictionaryVariables
280
     0
  1
2
  0
DICTIONARYVAR
  5
150A4B
102
{ACAD_REACTORS
330
150A40
102
}
330
150A40
100
DictionaryVariables
280
     0
  1
1
  0
DICTIONARYVAR
  5
150A4C
102
{ACAD_REACTORS
330
150A40
102
}
330
150A40
100
DictionaryVariables
280
     0
  1
1
  0
DICTIONARYVAR
  5
150A4D
102
{ACAD_REACTORS
330
150A40
102
}
330
150A40
100
DictionaryVariables
280
     0
  1
BYLAYER
  0
DICTIONARYVAR
  5
150A4E
102
{ACAD_REACTORS
330
150A40
102
}
330
150A40
100
DictionaryVariables
280
     0
  1
0
  0
DICTIONARYVAR
  5
150A4F
102
{ACAD_REACTORS
330
150A40
102
}
330
150A40
100
DictionaryVariables
280
     0
  1
2746-A-07-G-ST$0$L-G-GRASS
  0
DICTIONARYVAR
  5
150A50
102
{ACAD_REACTORS
330
150A40
102
}
330
150A40
100
DictionaryVariables
280
     0
  1
ByLayer
  0
DICTIONARYVAR
  5
150A51
102
{ACAD_REACTORS
330
150A40
102
}
330
150A40
100
DictionaryVariables
280
     0
  1
0
  0
DICTIONARYVAR
  5
150A52
102
{ACAD_REACTORS
330
150A40
102
}
330
150A40
100
DictionaryVariables
280
     0
  1
0
  0
DICTIONARYVAR
  5
150A53
102
{ACAD_REACTORS
330
150A40
102
}
330
150A40
100
DictionaryVariables
280
     0
  1
0
  0
DICTIONARYVAR
  5
150A54
102
{ACAD_REACTORS
330
150A40
102
}
330
150A40
100
DictionaryVariables
280
     0
  1
2
  0
DICTIONARYVAR
  5
150A56
102
{ACAD_REACTORS
330
150A40
102
}
330
150A40
100
DictionaryVariables
280
     0
  1
1.000000
  0
DICTIONARYVAR
  5
150A57
102
{ACAD_REACTORS
330
150A40
102
}
330
150A40
100
DictionaryVariables
280
     0
  1
1
  0
DICTIONARYVAR
  5
150A58
102
{ACAD_REACTORS
330
150A40
102
}
330
150A40
100
DictionaryVariables
280
     0
  1
2
  0
DICTIONARYVAR
  5
150A59
102
{ACAD_REACTORS
330
150A40
102
}
330
150A40
100
DictionaryVariables
280
     0
  1
1
  0
DICTIONARYVAR
  5
150A5A
102
{ACAD_REACTORS
330
150A40
102
}
330
150A40
100
DictionaryVariables
280
     0
  1
1
  0
DICTIONARYVAR
  5
150A5B
102
{ACAD_REACTORS
330
150A40
102
}
330
150A40
100
DictionaryVariables
280
     0
  1
127
  0
DICTIONARY
  5
3F13
330
51
100
AcDbDictionary
280
     1
281
     1
  3
ACAD_XREC_ROUNDTRIP
360
3F14
  0
DICTIONARY
  5
3F15
330
56
100
AcDbDictionary
280
     1
281
     1
  3
ACAD_XREC_ROUNDTRIP
360
3F16
  0
DICTIONARY
  5
3F11
330
22
100
AcDbDictionary
280
     1
281
     1
  3
ACAD_XREC_ROUNDTRIP
360
3F12
  0
DICTIONARY
  5
15035F
330
15035E
100
AcDbDictionary
280
     1
281
     1
  3
BUMPTILE
360
150361
  3
DIFFUSETILE
360
150360
  3
OPACITYTILE
360
150364
  3
REFLECTIONTILE
360
150363
  3
REFRACTIONTILE
360
150365
  3
SPECULARTILE
360
150362
  0
DICTIONARY
  5
150357
330
150356
100
AcDbDictionary
280
     1
281
     1
  3
BUMPTILE
360
150359
  3
DIFFUSETILE
360
150358
  3
OPACITYTILE
360
15035C
  3
REFLECTIONTILE
360
15035B
  3
REFRACTIONTILE
360
15035D
  3
SPECULARTILE
360
15035A
  0
DICTIONARY
  5
150367
330
150366
100
AcDbDictionary
280
     1
281
     1
  3
BUMPTILE
360
150369
  3
DIFFUSETILE
360
150368
  3
OPACITYTILE
360
15036C
  3
REFLECTIONTILE
360
15036B
  3
REFRACTIONTILE
360
15036D
  3
SPECULARTILE
360
15036A
  0
DICTIONARY
  5
150E6D
330
150388
100
AcDbDictionary
280
     1
281
     1
  3
ACAD_ROUNDTRIP_2008_TABLESTYLE_CELLSTYLEMAP
360
150E6E
  0
XRECORD
  5
3F14
102
{ACAD_REACTORS
330
3F13
102
}
330
3F13
100
AcDbXrecord
280
     1
102
SHADEPLOT
 70
     0
102
SHADEPLOTRESLEVEL
 70
     2
102
SHADEPLOTCUSTOMDPI
 70
   300
  0
XRECORD
  5
3F16
102
{ACAD_REACTORS
330
3F15
102
}
330
3F15
100
AcDbXrecord
280
     1
102
SHADEPLOT
 70
     0
102
SHADEPLOTRESLEVEL
 70
     2
102
SHADEPLOTCUSTOMDPI
 70
   300
  0
XRECORD
  5
3F12
102
{ACAD_REACTORS
330
3F11
102
}
330
3F11
100
AcDbXrecord
280
     1
102
SHADEPLOT
 70
     0
102
SHADEPLOTRESLEVEL
 70
     2
102
SHADEPLOTCUSTOMDPI
 70
   300
  0
XRECORD
  5
150361
102
{ACAD_REACTORS
330
15035F
102
}
330
15035F
100
AcDbXrecord
280
     1
270
     1
271
     1
  0
XRECORD
  5
150360
102
{ACAD_REACTORS
330
15035F
102
}
330
15035F
100
AcDbXrecord
280
     1
270
     1
271
     1
  0
XRECORD
  5
150364
102
{ACAD_REACTORS
330
15035F
102
}
330
15035F
100
AcDbXrecord
280
     1
270
     1
271
     1
  0
XRECORD
  5
150363
102
{ACAD_REACTORS
330
15035F
102
}
330
15035F
100
AcDbXrecord
280
     1
270
     1
271
     1
  0
XRECORD
  5
150365
102
{ACAD_REACTORS
330
15035F
102
}
330
15035F
100
AcDbXrecord
280
     1
270
     1
271
     1
  0
XRECORD
  5
150362
102
{ACAD_REACTORS
330
15035F
102
}
330
15035F
100
AcDbXrecord
280
     1
270
     1
271
     1
  0
XRECORD
  5
150359
102
{ACAD_REACTORS
330
150357
102
}
330
150357
100
AcDbXrecord
280
     1
270
     1
271
     1
  0
XRECORD
  5
150358
102
{ACAD_REACTORS
330
150357
102
}
330
150357
100
AcDbXrecord
280
     1
270
     1
271
     1
  0
XRECORD
  5
15035C
102
{ACAD_REACTORS
330
150357
102
}
330
150357
100
AcDbXrecord
280
     1
270
     1
271
     1
  0
XRECORD
  5
15035B
102
{ACAD_REACTORS
330
150357
102
}
330
150357
100
AcDbXrecord
280
     1
270
     1
271
     1
  0
XRECORD
  5
15035D
102
{ACAD_REACTORS
330
150357
102
}
330
150357
100
AcDbXrecord
280
     1
270
     1
271
     1
  0
XRECORD
  5
15035A
102
{ACAD_REACTORS
330
150357
102
}
330
150357
100
AcDbXrecord
280
     1
270
     1
271
     1
  0
XRECORD
  5
150369
102
{ACAD_REACTORS
330
150367
102
}
330
150367
100
AcDbXrecord
280
     1
270
     1
271
     1
  0
XRECORD
  5
150368
102
{ACAD_REACTORS
330
150367
102
}
330
150367
100
AcDbXrecord
280
     1
270
     1
271
     1
  0
XRECORD
  5
15036C
102
{ACAD_REACTORS
330
150367
102
}
330
150367
100
AcDbXrecord
280
     1
270
     1
271
     1
  0
XRECORD
  5
15036B
102
{ACAD_REACTORS
330
150367
102
}
330
150367
100
AcDbXrecord
280
     1
270
     1
271
     1
  0
XRECORD
  5
15036D
102
{ACAD_REACTORS
330
150367
102
}
330
150367
100
AcDbXrecord
280
     1
270
     1
271
     1
  0
XRECORD
  5
15036A
102
{ACAD_REACTORS
330
150367
102
}
330
150367
100
AcDbXrecord
280
     1
270
     1
271
     1
  0
CELLSTYLEMAP
  5
150E6E
102
{ACAD_REACTORS
330
150E6D
102
}
330
150E6D
100
AcDbCellStyleMap
 90
        3
300
CELLSTYLE
  1
TABLEFORMAT_BEGIN
 90
        5
170
     1
 91
        0
 92
    32768
 62
   257
 93
        1
300
CONTENTFORMAT
  1
CONTENTFORMAT_BEGIN
 90
        0
 91
        0
 92
      512
 93
        0
300

 40
0.0
140
1.0
 94
        5
 62
     0
340
11
144
6.0
309
CONTENTFORMAT_END
171
     1
301
MARGIN
  1
CELLMARGIN_BEGIN
 40
1.5
 40
1.5
 40
1.5
 40
1.5
 40
4.5
 40
4.5
309
CELLMARGIN_END
 94
        6
 95
        1
302
GRIDFORMAT
  1
GRIDFORMAT_BEGIN
 90
        0
 91
        1
 62
     0
 92
       -2
340
0
 93
        0
 40
1.125
309
GRIDFORMAT_END
 95
        2
302
GRIDFORMAT
  1
GRIDFORMAT_BEGIN
 90
        0
 91
        1
 62
     0
 92
       -2
340
0
 93
        0
 40
1.125
309
GRIDFORMAT_END
 95
        4
302
GRIDFORMAT
  1
GRIDFORMAT_BEGIN
 90
        0
 91
        1
 62
     0
 92
       -2
340
0
 93
        0
 40
1.125
309
GRIDFORMAT_END
 95
        8
302
GRIDFORMAT
  1
GRIDFORMAT_BEGIN
 90
        0
 91
        1
 62
     0
 92
       -2
340
0
 93
        0
 40
1.125
309
GRIDFORMAT_END
 95
       16
302
GRIDFORMAT
  1
GRIDFORMAT_BEGIN
 90
        0
 91
        1
 62
     0
 92
       -2
340
0
 93
        0
 40
1.125
309
GRIDFORMAT_END
 95
       32
302
GRIDFORMAT
  1
GRIDFORMAT_BEGIN
 90
        0
 91
        1
 62
     0
 92
       -2
340
0
 93
        0
 40
1.125
309
GRIDFORMAT_END
309
TABLEFORMAT_END
  1
CELLSTYLE_BEGIN
 90
        1
 91
        1
300
_TITLE
309
CELLSTYLE_END
300
CELLSTYLE
  1
TABLEFORMAT_BEGIN
 90
        5
170
     1
 91
        0
 92
        0
 62
   257
 93
        1
300
CONTENTFORMAT
  1
CONTENTFORMAT_BEGIN
 90
        0
 91
        0
 92
      512
 93
        0
300

 40
0.0
140
1.0
 94
        5
 62
     0
340
11
144
4.5
309
CONTENTFORMAT_END
171
     1
301
MARGIN
  1
CELLMARGIN_BEGIN
 40
1.5
 40
1.5
 40
1.5
 40
1.5
 40
4.5
 40
4.5
309
CELLMARGIN_END
 94
        6
 95
        1
302
GRIDFORMAT
  1
GRIDFORMAT_BEGIN
 90
        0
 91
        1
 62
     0
 92
       -2
340
0
 93
        0
 40
1.125
309
GRIDFORMAT_END
 95
        2
302
GRIDFORMAT
  1
GRIDFORMAT_BEGIN
 90
        0
 91
        1
 62
     0
 92
       -2
340
0
 93
        0
 40
1.125
309
GRIDFORMAT_END
 95
        4
302
GRIDFORMAT
  1
GRIDFORMAT_BEGIN
 90
        0
 91
        1
 62
     0
 92
       -2
340
0
 93
        0
 40
1.125
309
GRIDFORMAT_END
 95
        8
302
GRIDFORMAT
  1
GRIDFORMAT_BEGIN
 90
        0
 91
        1
 62
     0
 92
       -2
340
0
 93
        0
 40
1.125
309
GRIDFORMAT_END
 95
       16
302
GRIDFORMAT
  1
GRIDFORMAT_BEGIN
 90
        0
 91
        1
 62
     0
 92
       -2
340
0
 93
        0
 40
1.125
309
GRIDFORMAT_END
 95
       32
302
GRIDFORMAT
  1
GRIDFORMAT_BEGIN
 90
        0
 91
        1
 62
     0
 92
       -2
340
0
 93
        0
 40
1.125
309
GRIDFORMAT_END
309
TABLEFORMAT_END
  1
CELLSTYLE_BEGIN
 90
        2
 91
        1
300
_HEADER
309
CELLSTYLE_END
300
CELLSTYLE
  1
TABLEFORMAT_BEGIN
 90
        5
170
     1
 91
        0
 92
        0
 62
   257
 93
        1
300
CONTENTFORMAT
  1
CONTENTFORMAT_BEGIN
 90
        0
 91
        0
 92
      512
 93
        0
300

 40
0.0
140
1.0
 94
        2
 62
     0
340
11
144
4.5
309
CONTENTFORMAT_END
171
     1
301
MARGIN
  1
CELLMARGIN_BEGIN
 40
1.5
 40
1.5
 40
1.5
 40
1.5
 40
4.5
 40
4.5
309
CELLMARGIN_END
 94
        6
 95
        1
302
GRIDFORMAT
  1
GRIDFORMAT_BEGIN
 90
        0
 91
        1
 62
     0
 92
       -2
340
0
 93
        0
 40
1.125
309
GRIDFORMAT_END
 95
        2
302
GRIDFORMAT
  1
GRIDFORMAT_BEGIN
 90
        0
 91
        1
 62
     0
 92
       -2
340
0
 93
        0
 40
1.125
309
GRIDFORMAT_END
 95
        4
302
GRIDFORMAT
  1
GRIDFORMAT_BEGIN
 90
        0
 91
        1
 62
     0
 92
       -2
340
0
 93
        0
 40
1.125
309
GRIDFORMAT_END
 95
        8
302
GRIDFORMAT
  1
GRIDFORMAT_BEGIN
 90
        0
 91
        1
 62
     0
 92
       -2
340
0
 93
        0
 40
1.125
309
GRIDFORMAT_END
 95
       16
302
GRIDFORMAT
  1
GRIDFORMAT_BEGIN
 90
        0
 91
        1
 62
     0
 92
       -2
340
0
 93
        0
 40
1.125
309
GRIDFORMAT_END
 95
       32
302
GRIDFORMAT
  1
GRIDFORMAT_BEGIN
 90
        0
 91
        1
 62
     0
 92
       -2
340
0
 93
        0
 40
1.125
309
GRIDFORMAT_END
309
TABLEFORMAT_END
  1
CELLSTYLE_BEGIN
 90
        3
 91
        2
300
_DATA
309
CELLSTYLE_END
  0
ENDSEC
  0
SECTION
  2
ACDSDATA
 70
     2
 71
     8
  0
ACDSSCHEMA
 90
        0
  1
AcDb_Thumbnail_Schema
  2
AcDbDs::ID
280
    10
 91
        8
  2
Thumbnail_Data
280
    15
 91
        0
101
ACDSRECORD
 95
        0
 90
        1
  2
AcDbDs::TreatedAsObjectData
280
     1
291
     1
101
ACDSRECORD
 95
        0
 90
        2
  2
AcDbDs::Legacy
280
     1
291
     1
101
ACDSRECORD
  1
AcDbDs::ID
 90
        3
  2
AcDs:Indexable
280
     1
291
     1
101
ACDSRECORD
  1
AcDbDs::ID
 90
        4
  2
AcDbDs::HandleAttribute
280
     7
282
     1
  0
ACDSSCHEMA
 90
        1
  1
AcDbDs::TreatedAsObjectDataSchema
  2
AcDbDs::TreatedAsObjectData
280
     1
 91
        0
  0
ACDSSCHEMA
 90
        2
  1
AcDbDs::LegacySchema
  2
AcDbDs::Legacy
280
     1
 91
        0
  0
ACDSSCHEMA
 90
        3
  1
AcDbDs::IndexedPropertySchema
  2
AcDs:Indexable
280
     1
 91
        0
  0
ACDSSCHEMA
 90
        4
  1
AcDbDs::HandleAttributeSchema
  2
AcDbDs::HandleAttribute
280
     7
 91
        1
284
     1
  0
ACDSRECORD
 90
        0
  2
AcDbDs::ID
280
    10
320
22
  2
Thumbnail_Data
280
    15
 94
     2993
310
89504E470D0A1A0A0000000D494844520000010000000084080300000048FA052E00000300504C5445212830FFFFFF2128300000000000000000000000000000000000000000000000000000330000660000990000CC0000FF0033000033330033660033990033CC0033FF0066000066330066660066990066CC0066FF0099
310
000099330099660099990099CC0099FF00CC0000CC3300CC6600CC9900CCCC00CCFF00FF0000FF3300FF6600FF9900FFCC00FFFF3300003300333300663300993300CC3300FF3333003333333333663333993333CC3333FF3366003366333366663366993366CC3366FF3399003399333399663399993399CC3399FF33CC00
310
33CC3333CC6633CC9933CCCC33CCFF33FF0033FF3333FF6633FF9933FFCC33FFFF6600006600336600666600996600CC6600FF6633006633336633666633996633CC6633FF6666006666336666666666996666CC6666FF6699006699336699666699996699CC6699FF66CC0066CC3366CC6666CC9966CCCC66CCFF66FF0066
310
FF3366FF6666FF9966FFCC66FFFF9900009900339900669900999900CC9900FF9933009933339933669933999933CC9933FF9966009966339966669966999966CC9966FF9999009999339999669999999999CC9999FF99CC0099CC3399CC6699CC9999CCCC99CCFF99FF0099FF3399FF6699FF9999FFCC99FFFFCC0000CC00
310
33CC0066CC0099CC00CCCC00FFCC3300CC3333CC3366CC3399CC33CCCC33FFCC6600CC6633CC6666CC6699CC66CCCC66FFCC9900CC9933CC9966CC9999CC99CCCC99FFCCCC00CCCC33CCCC66CCCC99CCCCCCCCCCFFCCFF00CCFF33CCFF66CCFF99CCFFCCCCFFFFFF0000FF0033FF0066FF0099FF00CCFF00FFFF3300FF3333
310
FF3366FF3399FF33CCFF33FFFF6600FF6633FF6666FF6699FF66CCFF66FFFF9900FF9933FF9966FF9999FF99CCFF99FFFFCC00FFCC33FFCC66FFCC99FFCCCCFFCCFFFFFF00FFFF33FFFF66FFFF99FFFFCCFFFFFF0000000D0D0D1A1A1A2828283535354343435050505D5D5D6B6B6B787878868686939393A1A1A1AEAEAEBB
310
BBBBC9C9C9D6D6D6E4E4E4F1F1F1FFFFFF0000000000000000000000000000000000000000000000000000000000002E4550F10000086C4944415478DAED9C4B92E3200C86B901D760C3FD776CD87204AA72062FBC1F9B870D58D80203763A43754D271977823E7E09097008F9DFFEB7DF6E629AA6DF0660DBF4EB3A10D37F
310
043FCFE0068229D37EC1134E0DFD42304532A8B6E5DD209008949A3E226C9F6A106F9481BA6E8BF9EBB5C97C1A1259DAD77250139C31B0ED0267657C099061E061BCCA319482016C66A9D59ECF654B687C0A40BC4E022C94C00A0823F084852800F1B0207212B00026254869D00B3551E21A4F41384A20F0F91A000007521E
310
30074E05401CF4217022F500220E69C4FCBC8984CA0B6F0140488B7E7E600E4E142F9400B9ED01280E098CA74800717013C08774E8D571F63CE862200B29458EC0EA017D7D15CC250EA9563FD3A5CF85A78CFDCA74ECF31912B272C2E863BAF48580371602B010D8B3998171BBEB2705C6C7C642A989890FC104FEBA49BCD8
310
7A110FFC05012B82204011F2C50484380E3C860051C15B7CAF08849079E3CF084CD13C29BED60FCE8DCF0308DDC08BE0FB4341318100814D52FE26822C81540406C12F114862A145F0174570521782221894B7BD82C02112ECF5CA279BD1FF3102A90804683262E514DF68D44C1ECBB9E40F11484400EC10F8956401173715
310
18E8E131E78493C7084C27AB0781956BCA75D873F1A61709E465000E22800B0E2593AEBB4CCC54D7C8C50177E10300AE085C8BC000A0E0487A2D6014605E5BFF8E31B6BF0727DD015C1048730214001BC1422D1C5A56016BF8634301A008A83300A90718332E8A3595E362E23F7B1300E30679049228C879AF08646A38C2A8
310
97800560DBC3040211C86B001488E878002406B00CBF26CF6BC05EB020988F045200149CD30A0184B380E6339F97F6020244897996F329004AC90D0246656EA78E3AF96B0EE86E38001B088C1FC8B3342076FDE240A080A448CB01001004C8B49AB35A2B1300749FF5DC033F951713507A6B83016008981E1D08C400F69AA6
310
8AC08300F004122F0800EC56FB64A694400460640CB8416007E06D6521803202ED6280AA210022D8FC392020822E492FF8DD52160288F3E21200B714A01A89203E4427045D9FAF16C914406026A3B1D137000C550044205EFAD8CB959D8003100F33CB56F9852ED05F01EA9C80394417D9E3D6ABFCB04817F34D7775D0B000
310
F6F5AFF131C0D45F224E32274002F180C6045C1E647B9B01704AA0170089B07D896F4CB1F35018C50080805D0D709D6D0380F606E06D37761D001C44C0727D361D5B0100613E5CDA8500D093269259A00E80381FF8FD15569111987E2AB5F60C5A100BA6840C00DA7F16E059E311D10241C0C94CDAF5A0AC85145E23488A5B
310
E69B191C1795B659A02E155690EAC10B6B24B00C8F27608B618A03E01FCC82816D77CDBB2EB04BC00D7CFE42466E1150E022600A8092397A9D21D6036E05416E005CD87E07C0464081AB80F4100CB911F639803900303B052CA5478D00B85D64452C24295507C0131070A84BB5EF1677AF00004DD70160E85C908A3A008EC0
310
3CCF340FC07787BB7F0A5C60AB90BB56C351DD564700B6397AC2B7DF1700C848003E4F51D50016F1500C809D137F0B80B05EBD0180D089E700D048FEE935A300507A588E38BEA4EA012C17F24C7AEBD298645787BAE7670078B41D540D20EECA71E0EF4F8469F144530B38B8A8C667A402DC34A82BB7C71200946697A61200
310
421701D810F013BB430033BF6AB00B64AF31990E5B7F31F7CCE63E47459E95C66BA37EE25DAD2AD98B9AD023848801338F3E3AE3023B0866DFCF1160C4FDC03E70AE397BA5D4C7D8D52EFA228220470741D347E665C0080000D52B16F74E4BA8232F0410C4D36DF03D005AB2189D941F1E400F113404B0F5CEC6005346DA9F
310
F3B72F00D04104ED00708CA64B01D01440731104004A670178F8617B2A01B8EE498D267D0BC0A90236162080D6CACC44C10E22085D80D7BA4087D8C44E0034E51D01C0B9C06141A8C7ECC4A23A41F7435E110413007DF21316150BBA9FD3DD06D0E9C05802409786DD5100FA9D188C7C40EAE289770C808EE7052F824033FC
310
7700743D308A01D062046E00E87B5CF4320A361A846A00BDCF0BC7A99096C8DEF50760B760FB9F168E5321380AB610011680DF2C5C12C10500EF6F3F1EC03D046800FEB215C000F3CF0AC2A67E804D8503009CCB8100080A40BD08A27218AB803107455909806A1160CB610F803F0440E8CBEBEB44802D87993DA1CA1F5080
310
B04538E243F998183018406E4DA09108AA6681B1007CC3102817C18B01A47DD23802BC3B003218C0B69F80235028821A0083EC8FA60143416BD4DF1589A022151E0D603DF4E7B69534F29C116F0F602F86C601884AE24202FC4F010809603F9CFF2900FBC6B2C413E07F0E80230044420ADECACB070360C53B800589C07E17
310
8CD0F37EB8DB9FB880EF65C688A078672807C0DC94D19580EBAD591B498E9A644F1EF0CB7335D872180780B06E00480480C047C12B9C00590E6F6900512CD37A033047E08B00A0C220B21CDE12C17C0CE80EC09D83B5F3000240C52C908F014800AD63400A744F05A88D394E78B43E1140CE020800843437FF0A8089833000
310
DE38114201208300E808008300E08B8152008A3C0EC0CE8384A45F70D3B5187A2580FDAE78DABD1C7E0A00442001709805BA2C883CB122760D804000FA2C89BD0B80CCE701C5EBC25800D1DEE8B300080080D60D7F4535381A00F4D50F060085EE3EA8D819F91600AE28DD1281793E56C0BCE7CED09B0080870596FFAFFA7A
310
B3D272B81900E4127774C3120460DE6E05ABF87EB725AAA10F4B37570016C0510211803B5F6EC862003181EE2EA00D02BD4A41FB6ADA3C4DB47105E08E7BAD00F6A58EACD17DA64163B8F6048CF1EE05320880D9F2A7ECA944C899ACF7079ECA3500D952018F02D8065F6F6EA1AFA3A06E745A3B8D014301ACAEAEB55B4BDD
310
BEE8E7F0853FA904EC77A5B40A02C1DD6C4FD7023A3F2FB0F379F0EE49D19700203A9B18FC08809254E8D700B0A701307E1FC03F4ED08BAE3FE2F3600000000049454E44AE426082
  0
ENDSEC
  0
EOF
