  0
SECTION
  2
HEADER
  9
$ACADVER
  1
AC1032
  9
$ACADMAINTVER
 90
4
  9
$DWGCODEPAGE
  3
ANSI_1252
  9
$LASTSAVEDBY
  1
ezdxf
  9
$REQUIREDVERSIONS
160
0
  9
$INSBASE
 10
0.0
 20
0.0
 30
0.0
  9
$EXTMIN
 10
1e+20
 20
1e+20
 30
1e+20
  9
$EXTMAX
 10
-1e+20
 20
-1e+20
 30
-1e+20
  9
$LIMMIN
 10
0.0
 20
0.0
  9
$LIMMAX
 10
420.0
 20
297.0
  9
$ORTHOMODE
 70
0
  9
$REGENMODE
 70
1
  9
$FILLMODE
 70
1
  9
$QTEXTMODE
 70
0
  9
$MIRRTEXT
 70
1
  9
$LTSCALE
 40
1.0
  9
$ATTMODE
 70
1
  9
$TEXTSIZE
 40
2.5
  9
$TRACEWID
 40
1.0
  9
$TEXTSTYLE
  7
OpenSans
  9
$CLAYER
  8
0
  9
$CELTYPE
  6
ByLayer
  9
$CECOLOR
 62
256
  9
$CELTSCALE
 40
1.0
  9
$DISPSILH
 70
0
  9
$DIMSCALE
 40
1.0
  9
$DIMASZ
 40
0.175
  9
$DIMEXO
 40
0.125
  9
$DIMDLI
 40
3.75
  9
$DIMRND
 40
0.0
  9
$DIMDLE
 40
0.0
  9
$DIMEXE
 40
0.375
  9
$DIMTP
 40
0.0
  9
$DIMTM
 40
0.0
  9
$DIMTXT
 40
0.25
  9
$DIMCEN
 40
2.5
  9
$DIMTSZ
 40
0.0
  9
$DIMTOL
 70
0
  9
$DIMLIM
 70
0
  9
$DIMTIH
 70
0
  9
$DIMTOH
 70
0
  9
$DIMSE1
 70
0
  9
$DIMSE2
 70
0
  9
$DIMTAD
 70
1
  9
$DIMZIN
 70
12
  9
$DIMBLK
  1
ARCHTICK
  9
$DIMASO
 70
1
  9
$DIMSHO
 70
1
  9
$DIMPOST
  1

  9
$DIMAPOST
  1

  9
$DIMALT
 70
0
  9
$DIMALTD
 70
3
  9
$DIMALTF
 40
0.03937007874
  9
$DIMLFAC
 40
100.0
  9
$DIMTOFL
 70
1
  9
$DIMTVP
 40
0.0
  9
$DIMTIX
 70
0
  9
$DIMSOXD
 70
0
  9
$DIMSAH
 70
0
  9
$DIMBLK1
  1

  9
$DIMBLK2
  1

  9
$DIMSTYLE
  2
EZDXF
  9
$DIMCLRD
 70
0
  9
$DIMCLRE
 70
0
  9
$DIMCLRT
 70
0
  9
$DIMTFAC
 40
0.5
  9
$DIMGAP
 40
0.1
  9
$DIMJUST
 70
0
  9
$DIMSD1
 70
0
  9
$DIMSD2
 70
0
  9
$DIMTOLJ
 70
0
  9
$DIMTZIN
 70
8
  9
$DIMALTZ
 70
0
  9
$DIMALTTZ
 70
0
  9
$DIMUPT
 70
1
  9
$DIMDEC
 70
2
  9
$DIMTDEC
 70
2
  9
$DIMALTU
 70
2
  9
$DIMALTTD
 70
3
  9
$DIMTXSTY
  7
OpenSansCondensed-Light
  9
$DIMAUNIT
 70
0
  9
$DIMADEC
 70
2
  9
$DIMALTRND
 40
0.0
  9
$DIMAZIN
 70
3
  9
$DIMDSEP
 70
46
  9
$DIMATFIT
 70
3
  9
$DIMFRAC
 70
0
  9
$DIMLDRBLK
  1

  9
$DIMLUNIT
 70
2
  9
$DIMLWD
 70
-2
  9
$DIMLWE
 70
-2
  9
$DIMTMOVE
 70
2
  9
$DIMFXL
 40
1.0
  9
$DIMFXLON
 70
0
  9
$DIMJOGANG
 40
0.785398163397
  9
$DIMTFILL
 70
0
  9
$DIMTFILLCLR
 70
0
  9
$DIMARCSYM
 70
0
  9
$DIMLTYPE
  6

  9
$DIMLTEX1
  6

  9
$DIMLTEX2
  6

  9
$DIMTXTDIRECTION
 70
0
  9
$LUNITS
 70
2
  9
$LUPREC
 70
4
  9
$SKETCHINC
 40
1.0
  9
$FILLETRAD
 40
10.0
  9
$AUNITS
 70
0
  9
$AUPREC
 70
2
  9
$MENU
  1
.
  9
$ELEVATION
 40
0.0
  9
$PELEVATION
 40
0.0
  9
$THICKNESS
 40
0.0
  9
$LIMCHECK
 70
0
  9
$CHAMFERA
 40
0.0
  9
$CHAMFERB
 40
0.0
  9
$CHAMFERC
 40
0.0
  9
$CHAMFERD
 40
0.0
  9
$SKPOLY
 70
0
  9
$TDCREATE
 40
2461317.497013889
  9
$TDUCREATE
 40
2458532.153996898
  9
$TDUPDATE
 40
2461317.497013889
  9
$TDUUPDATE
 40
2458532.1544311
  9
$TDINDWG
 40
0.0
  9
$TDUSRTIMER
 40
0.0
  9
$USRTIMER
 70
1
  9
$ANGBASE
 50
0.0
  9
$ANGDIR
 70
0
  9
$PDMODE
 70
0
  9
$PDSIZE
 40
0.0
  9
$PLINEWID
 40
0.0
  9
$SPLFRAME
 70
0
  9
$SPLINETYPE
 70
6
  9
$SPLINESEGS
 70
8
  9
$HANDSEED
  5
F2
  9
$SURFTAB1
 70
6
  9
$SURFTAB2
 70
6
  9
$SURFTYPE
 70
6
  9
$SURFU
 70
6
  9
$SURFV
 70
6
  9
$UCSBASE
  2

  9
$UCSNAME
  2

  9
$UCSORG
 10
0.0
 20
0.0
 30
0.0
  9
$UCSXDIR
 10
1.0
 20
0.0
 30
0.0
  9
$UCSYDIR
 10
0.0
 20
1.0
 30
0.0
  9
$UCSORTHOREF
  2

  9
$UCSORTHOVIEW
 70
0
  9
$UCSORGTOP
 10
0.0
 20
0.0
 30
0.0
  9
$UCSORGBOTTOM
 10
0.0
 20
0.0
 30
0.0
  9
$UCSORGLEFT
 10
0.0
 20
0.0
 30
0.0
  9
$UCSORGRIGHT
 10
0.0
 20
0.0
 30
0.0
  9
$UCSORGFRONT
 10
0.0
 20
0.0
 30
0.0
  9
$UCSORGBACK
 10
0.0
 20
0.0
 30
0.0
  9
$PUCSBASE
  2

  9
$PUCSNAME
  2

  9
$PUCSORG
 10
0.0
 20
0.0
 30
0.0
  9
$PUCSXDIR
 10
1.0
 20
0.0
 30
0.0
  9
$PUCSYDIR
 10
0.0
 20
1.0
 30
0.0
  9
$PUCSORTHOREF
  2

  9
$PUCSORTHOVIEW
 70
0
  9
$PUCSORGTOP
 10
0.0
 20
0.0
 30
0.0
  9
$PUCSORGBOTTOM
 10
0.0
 20
0.0
 30
0.0
  9
$PUCSORGLEFT
 10
0.0
 20
0.0
 30
0.0
  9
$PUCSORGRIGHT
 10
0.0
 20
0.0
 30
0.0
  9
$PUCSORGFRONT
 10
0.0
 20
0.0
 30
0.0
  9
$PUCSORGBACK
 10
0.0
 20
0.0
 30
0.0
  9
$USERI1
 70
0
  9
$USERI2
 70
0
  9
$USERI3
 70
0
  9
$USERI4
 70
0
  9
$USERI5
 70
0
  9
$USERR1
 40
0.0
  9
$USERR2
 40
0.0
  9
$USERR3
 40
0.0
  9
$USERR4
 40
0.0
  9
$USERR5
 40
0.0
  9
$WORLDVIEW
 70
1
  9
$SHADEDGE
 70
3
  9
$SHADEDIF
 70
70
  9
$TILEMODE
 70
1
  9
$MAXACTVP
 70
64
  9
$PINSBASE
 10
0.0
 20
0.0
 30
0.0
  9
$PLIMCHECK
 70
0
  9
$PEXTMIN
 10
1e+20
 20
1e+20
 30
1e+20
  9
$PEXTMAX
 10
-1e+20
 20
-1e+20
 30
-1e+20
  9
$PLIMMIN
 10
0.0
 20
0.0
  9
$PLIMMAX
 10
420.0
 20
297.0
  9
$UNITMODE
 70
0
  9
$VISRETAIN
 70
1
  9
$PLINEGEN
 70
0
  9
$PSLTSCALE
 70
1
  9
$TREEDEPTH
 70
3020
  9
$CMLSTYLE
  2
Standard
  9
$CMLJUST
 70
0
  9
$CMLSCALE
 40
20.0
  9
$PROXYGRAPHICS
 70
1
  9
$MEASUREMENT
 70
1
  9
$CELWEIGHT
370
-1
  9
$ENDCAPS
280
0
  9
$JOINSTYLE
280
0
  9
$LWDISPLAY
290
0
  9
$INSUNITS
 70
6
  9
$HYPERLINKBASE
  1

  9
$STYLESHEET
  1

  9
$XEDIT
290
1
  9
$CEPSNTYPE
380
0
  9
$PSTYLEMODE
290
1
  9
$FINGERPRINTGUID
  2
{00609879-9A47-4C9C-8104-36318D2088F1}
  9
$VERSIONGUID
  2
{C12E856C-268A-4DAF-B6FF-71B51845BDCE}
  9
$EXTNAMES
290
1
  9
$PSVPSCALE
 40
0.0
  9
$OLESTARTUP
290
0
  9
$SORTENTS
280
127
  9
$INDEXCTL
280
0
  9
$HIDETEXT
280
1
  9
$XCLIPFRAME
280
1
  9
$HALOGAP
280
0
  9
$OBSCOLOR
 70
257
  9
$OBSLTYPE
280
0
  9
$INTERSECTIONDISPLAY
280
0
  9
$INTERSECTIONCOLOR
 70
257
  9
$DIMASSOC
280
2
  9
$PROJECTNAME
  1

  9
$CAMERADISPLAY
290
0
  9
$LENSLENGTH
 40
50.0
  9
$CAMERAHEIGHT
 40
0.0
  9
$STEPSPERSEC
 40
24.0
  9
$STEPSIZE
 40
100.0
  9
$3DDWFPREC
 40
2.0
  9
$PSOLWIDTH
 40
0.005
  9
$PSOLHEIGHT
 40
0.08
  9
$LOFTANG1
 40
1.570796326795
  9
$LOFTANG2
 40
1.570796326795
  9
$LOFTMAG1
 40
0.0
  9
$LOFTMAG2
 40
0.0
  9
$LOFTPARAM
 70
7
  9
$LOFTNORMALS
280
1
  9
$LATITUDE
 40
37.795
  9
$LONGITUDE
 40
-122.394
  9
$NORTHDIRECTION
 40
0.0
  9
$TIMEZONE
 70
-8000
  9
$LIGHTGLYPHDISPLAY
280
1
  9
$TILEMODELIGHTSYNCH
280
1
  9
$CMATERIAL
347
20
  9
$SOLIDHIST
280
0
  9
$SHOWHIST
280
1
  9
$DWFFRAME
280
2
  9
$DGNFRAME
280
2
  9
$REALWORLDSCALE
290
1
  9
$INTERFERECOLOR
 62
256
  9
$CSHADOW
280
0
  9
$SHADOWPLANELOCATION
 40
0.0
  0
ENDSEC
  0
SECTION
  2
CLASSES
  0
CLASS
  1
ACDBDICTIONARYWDFLT
  2
AcDbDictionaryWithDefault
  3
ObjectDBX Classes
 90
0
 91
0
280
0
281
0
  0
CLASS
  1
SUN
  2
AcDbSun
  3
SCENEOE
 90
1153
 91
0
280
0
281
0
  0
CLASS
  1
VISUALSTYLE
  2
AcDbVisualStyle
  3
ObjectDBX Classes
 90
4095
 91
0
280
0
281
0
  0
CLASS
  1
MATERIAL
  2
AcDbMaterial
  3
ObjectDBX Classes
 90
1153
 91
0
280
0
281
0
  0
CLASS
  1
SCALE
  2
AcDbScale
  3
ObjectDBX Classes
 90
1153
 91
0
280
0
281
0
  0
CLASS
  1
TABLESTYLE
  2
AcDbTableStyle
  3
ObjectDBX Classes
 90
4095
 91
0
280
0
281
0
  0
CLASS
  1
MLEADERSTYLE
  2
AcDbMLeaderStyle
  3
ACDB_MLEADERSTYLE_CLASS
 90
4095
 91
0
280
0
281
0
  0
CLASS
  1
DICTIONARYVAR
  2
AcDbDictionaryVar
  3
ObjectDBX Classes
 90
0
 91
0
280
0
281
0
  0
CLASS
  1
CELLSTYLEMAP
  2
AcDbCellStyleMap
  3
ObjectDBX Classes
 90
1152
 91
0
280
0
281
0
  0
CLASS
  1
MENTALRAYRENDERSETTINGS
  2
AcDbMentalRayRenderSettings
  3
SCENEOE
 90
1024
 91
0
280
0
281
0
  0
CLASS
  1
ACDBDETAILVIEWSTYLE
  2
AcDbDetailViewStyle
  3
ObjectDBX Classes
 90
1025
 91
0
280
0
281
0
  0
CLASS
  1
ACDBSECTIONVIEWSTYLE
  2
AcDbSectionViewStyle
  3
ObjectDBX Classes
 90
1025
 91
0
280
0
281
0
  0
CLASS
  1
RASTERVARIABLES
  2
AcDbRasterVariables
  3
ISM
 90
0
 91
0
280
0
281
0
  0
CLASS
  1
ACDBPLACEHOLDER
  2
AcDbPlaceHolder
  3
ObjectDBX Classes
 90
0
 91
0
280
0
281
0
  0
CLASS
  1
LAYOUT
  2
AcDbLayout
  3
ObjectDBX Classes
 90
0
 91
0
280
0
281
0
  0
ENDSEC
  0
SECTION
  2
TABLES
  0
TABLE
  2
VPORT
  5
8
330
0
100
AcDbSymbolTable
 70
1
  0
VPORT
  5
23
330
8
100
AcDbSymbolTableRecord
100
AcDbViewportTableRecord
  2
*Active
 70
0
 10
0.0
 20
0.0
 11
1.0
 21
1.0
 12
0.0
 22
0.0
 13
0.0
 23
0.0
 14
0.5
 24
0.5
 15
0.5
 25
0.5
 16
0.0
 26
0.0
 36
1.0
 17
0.0
 27
0.0
 37
0.0
 40
1000.0
 41
1.34
 42
50.0
 43
0.0
 44
0.0
 50
0.0
 51
0.0
 71
0
 72
1000
 73
1
 74
3
 75
0
 76
0
 77
0
 78
0
281
0
 65
0
146
0.0
  0
ENDTAB
  0
TABLE
  2
LTYPE
  5
2
330
0
100
AcDbSymbolTable
 70
21
  0
LTYPE
  5
24
330
2
100
AcDbSymbolTableRecord
100
AcDbLinetypeTableRecord
  2
ByBlock
 70
0
  3

 72
65
 73
0
 40
0.0
  0
LTYPE
  5
25
330
2
100
AcDbSymbolTableRecord
100
AcDbLinetypeTableRecord
  2
ByLayer
 70
0
  3

 72
65
 73
0
 40
0.0
  0
LTYPE
  5
26
330
2
100
AcDbSymbolTableRecord
100
AcDbLinetypeTableRecord
  2
Continuous
 70
0
  3

 72
65
 73
0
 40
0.0
  0
LTYPE
  5
2F
330
2
100
AcDbSymbolTableRecord
100
AcDbLinetypeTableRecord
  2
CENTER
 70
0
  3
Center ____ _ ____ _ ____ _ ____ _ ____ _ ____
 72
65
 73
4
 40
5.08
 49
3.175
 74
0
 49
-0.635
 74
0
 49
0.635
 74
0
 49
-0.635
 74
0
  0
LTYPE
  5
30
330
2
100
AcDbSymbolTableRecord
100
AcDbLinetypeTableRecord
  2
CENTERX2
 70
0
  3
Center (2x) ________  __  ________  __  ________
 72
65
 73
4
 40
8.89
 49
6.35
 74
0
 49
-0.635
 74
0
 49
1.27
 74
0
 49
-0.635
 74
0
  0
LTYPE
  5
31
330
2
100
AcDbSymbolTableRecord
100
AcDbLinetypeTableRecord
  2
CENTER2
 70
0
  3
Center (.5x) ____ _ ____ _ ____ _ ____ _ ____
 72
65
 73
4
 40
2.54
 49
1.587
 74
0
 49
-0.318
 74
0
 49
0.318
 74
0
 49
-0.318
 74
0
  0
LTYPE
  5
32
330
2
100
AcDbSymbolTableRecord
100
AcDbLinetypeTableRecord
  2
DASHED
 70
0
  3
Dashed __ __ __ __ __ __ __ __ __ __ __ __ __ _
 72
65
 73
2
 40
1.524
 49
1.27
 74
0
 49
-0.254
 74
0
  0
LTYPE
  5
33
330
2
100
AcDbSymbolTableRecord
100
AcDbLinetypeTableRecord
  2
DASHEDX2
 70
0
  3
Dashed (2x) ____  ____  ____  ____  ____  ____
 72
65
 73
2
 40
3.048
 49
2.54
 74
0
 49
-0.508
 74
0
  0
LTYPE
  5
34
330
2
100
AcDbSymbolTableRecord
100
AcDbLinetypeTableRecord
  2
DASHED2
 70
0
  3
Dashed (.5x) _ _ _ _ _ _ _ _ _ _ _ _ _ _
 72
65
 73
2
 40
0.762
 49
0.635
 74
0
 49
-0.127
 74
0
  0
LTYPE
  5
35
330
2
100
AcDbSymbolTableRecord
100
AcDbLinetypeTableRecord
  2
PHANTOM
 70
0
  3
Phantom ______  __  __  ______  __  __  ______
 72
65
 73
6
 40
6.35
 49
3.175
 74
0
 49
-0.635
 74
0
 49
0.635
 74
0
 49
-0.635
 74
0
 49
0.635
 74
0
 49
-0.635
 74
0
  0
LTYPE
  5
36
330
2
100
AcDbSymbolTableRecord
100
AcDbLinetypeTableRecord
  2
PHANTOMX2
 70
0
  3
Phantom (2x)____________    ____    ____    ____________
 72
65
 73
6
 40
10.795
 49
6.35
 74
0
 49
-0.635
 74
0
 49
1.27
 74
0
 49
-0.635
 74
0
 49
1.27
 74
0
 49
-0.635
 74
0
  0
LTYPE
  5
37
330
2
100
AcDbSymbolTableRecord
100
AcDbLinetypeTableRecord
  2
PHANTOM2
 70
0
  3
Phantom (.5x) ___ _ _ ___ _ _ ___ _ _ ___ _ _ ___
 72
65
 73
6
 40
3.175
 49
1.587
 74
0
 49
-0.318
 74
0
 49
0.318
 74
0
 49
-0.318
 74
0
 49
0.318
 74
0
 49
-0.318
 74
0
  0
LTYPE
  5
38
330
2
100
AcDbSymbolTableRecord
100
AcDbLinetypeTableRecord
  2
DASHDOT
 70
0
  3
Dash dot __ . __ . __ . __ . __ . __ . __ . __
 72
65
 73
4
 40
3.556
 49
2.54
 74
0
 49
-0.508
 74
0
 49
0.0
 74
0
 49
-0.508
 74
0
  0
LTYPE
  5
39
330
2
100
AcDbSymbolTableRecord
100
AcDbLinetypeTableRecord
  2
DASHDOTX2
 70
0
  3
Dash dot (2x) ____  .  ____  .  ____  .  ____
 72
65
 73
4
 40
6.096
 49
5.08
 74
0
 49
-0.508
 74
0
 49
0.0
 74
0
 49
-0.508
 74
0
  0
LTYPE
  5
3A
330
2
100
AcDbSymbolTableRecord
100
AcDbLinetypeTableRecord
  2
DASHDOT2
 70
0
  3
Dash dot (.5x) _ . _ . _ . _ . _ . _ . _ . _
 72
65
 73
4
 40
1.778
 49
1.27
 74
0
 49
-0.254
 74
0
 49
0.0
 74
0
 49
-0.254
 74
0
  0
LTYPE
  5
3B
330
2
100
AcDbSymbolTableRecord
100
AcDbLinetypeTableRecord
  2
DOT
 70
0
  3
Dot .  .  .  .  .  .  .  .  .  .  .  .  .  .  .  .
 72
65
 73
2
 40
0.508
 49
0.0
 74
0
 49
-0.508
 74
0
  0
LTYPE
  5
3C
330
2
100
AcDbSymbolTableRecord
100
AcDbLinetypeTableRecord
  2
DOTX2
 70
0
  3
Dot (2x) .    .    .    .    .    .    .    . 
 72
65
 73
2
 40
1.016
 49
0.0
 74
0
 49
-1.016
 74
0
  0
LTYPE
  5
3D
330
2
100
AcDbSymbolTableRecord
100
AcDbLinetypeTableRecord
  2
DOT2
 70
0
  3
Dot (.5) . . . . . . . . . . . . . . . . . . . 
 72
65
 73
2
 40
0.254
 49
0.0
 74
0
 49
-0.254
 74
0
  0
LTYPE
  5
3E
330
2
100
AcDbSymbolTableRecord
100
AcDbLinetypeTableRecord
  2
DIVIDE
 70
0
  3
Divide __ . . __ . . __ . . __ . . __ . . __
 72
65
 73
6
 40
4.064
 49
2.54
 74
0
 49
-0.508
 74
0
 49
0.0
 74
0
 49
-0.508
 74
0
 49
0.0
 74
0
 49
-0.508
 74
0
  0
LTYPE
  5
3F
330
2
100
AcDbSymbolTableRecord
100
AcDbLinetypeTableRecord
  2
DIVIDEX2
 70
0
  3
Divide (2x) ____  . .  ____  . .  ____  . .  ____
 72
65
 73
6
 40
6.604
 49
5.08
 74
0
 49
-0.508
 74
0
 49
0.0
 74
0
 49
-0.508
 74
0
 49
0.0
 74
0
 49
-0.508
 74
0
  0
LTYPE
  5
40
330
2
100
AcDbSymbolTableRecord
100
AcDbLinetypeTableRecord
  2
DIVIDE2
 70
0
  3
Divide(.5x) _ . _ . _ . _ . _ . _ . _ . _
 72
65
 73
6
 40
2.032
 49
1.27
 74
0
 49
-0.254
 74
0
 49
0.0
 74
0
 49
-0.254
 74
0
 49
0.0
 74
0
 49
-0.254
 74
0
  0
ENDTAB
  0
TABLE
  2
LAYER
  5
1
330
0
100
AcDbSymbolTable
 70
15
  0
LAYER
  5
27
330
1
100
AcDbSymbolTableRecord
100
AcDbLayerTableRecord
  2
0
 70
0
 62
7
  6
Continuous
370
-3
390
13
347
21
  0
LAYER
  5
28
330
1
100
AcDbSymbolTableRecord
100
AcDbLayerTableRecord
  2
Defpoints
 70
0
 62
7
  6
Continuous
290
0
370
-3
390
13
347
21
  0
LAYER
  5
8A
330
1
100
AcDbSymbolTableRecord
100
AcDbLayerTableRecord
  2
BLINDING-LABEL
 70
0
 62
7
  6
Continuous
370
-3
390
13
347
21
  0
LAYER
  5
8B
330
1
100
AcDbSymbolTableRecord
100
AcDbLayerTableRecord
  2
BLINDING-ISOLATED
 70
0
 62
1
  6
Continuous
370
-3
390
13
347
21
  0
LAYER
  5
8C
330
1
100
AcDbSymbolTableRecord
100
AcDbLayerTableRecord
  2
BLINDING-ISOLATED-HATCH
 70
0
 62
1
  6
Continuous
370
-3
390
13
347
21
  0
LAYER
  5
AD
330
1
100
AcDbSymbolTableRecord
100
AcDbLayerTableRecord
  2
BLINDING-STRIP
 70
0
 62
30
  6
Continuous
370
-3
390
13
347
21
  0
LAYER
  5
AE
330
1
100
AcDbSymbolTableRecord
100
AcDbLayerTableRecord
  2
BLINDING-STRIP-HATCH
 70
0
 62
30
  6
Continuous
370
-3
390
13
347
21
  0
LAYER
  5
BB
330
1
100
AcDbSymbolTableRecord
100
AcDbLayerTableRecord
  2
BLINDING-RAFT-50
 70
0
 62
3
  6
Continuous
370
-3
390
13
347
21
  0
LAYER
  5
BC
330
1
100
AcDbSymbolTableRecord
100
AcDbLayerTableRecord
  2
BLINDING-RAFT-50-HATCH
 70
0
 62
3
  6
Continuous
370
-3
390
13
347
21
  0
LAYER
  5
C0
330
1
100
AcDbSymbolTableRecord
100
AcDbLayerTableRecord
  2
BLINDING-RAFT-60
 70
0
 62
5
  6
Continuous
370
-3
390
13
347
21
  0
LAYER
  5
C1
330
1
100
AcDbSymbolTableRecord
100
AcDbLayerTableRecord
  2
BLINDING-RAFT-60-HATCH
 70
0
 62
5
  6
Continuous
370
-3
390
13
347
21
  0
LAYER
  5
D1
330
1
100
AcDbSymbolTableRecord
100
AcDbLayerTableRecord
  2
BLINDING-RAFT-80
 70
0
 62
6
  6
Continuous
370
-3
390
13
347
21
  0
LAYER
  5
D2
330
1
100
AcDbSymbolTableRecord
100
AcDbLayerTableRecord
  2
BLINDING-RAFT-80-HATCH
 70
0
 62
6
  6
Continuous
370
-3
390
13
347
21
  0
LAYER
  5
D9
330
1
100
AcDbSymbolTableRecord
100
AcDbLayerTableRecord
  2
BLINDING-WATER-TANK
 70
0
 62
4
  6
Continuous
370
-3
390
13
347
21
  0
LAYER
  5
DA
330
1
100
AcDbSymbolTableRecord
100
AcDbLayerTableRecord
  2
BLINDING-WATER-TANK-HATCH
 70
0
 62
4
  6
Continuous
370
-3
390
13
347
21
  0
ENDTAB
  0
TABLE
  2
STYLE
  5
5
330
0
100
AcDbSymbolTable
 70
26
  0
STYLE
  5
29
330
5
100
AcDbSymbolTableRecord
100
AcDbTextStyleTableRecord
  2
Standard
 70
0
 40
0.0
 41
1.0
 50
0.0
 71
0
 42
2.5
  3
txt
  4

  0
STYLE
  5
41
330
5
100
AcDbSymbolTableRecord
100
AcDbTextStyleTableRecord
  2
OpenSans-Light
 70
0
 40
0.0
 41
1.0
 50
0.0
 71
0
 42
2.5
  3
OpenSans-Light.ttf
  4

  0
STYLE
  5
42
330
5
100
AcDbSymbolTableRecord
100
AcDbTextStyleTableRecord
  2
OpenSans-Light-Italic
 70
0
 40
0.0
 41
1.0
 50
0.0
 71
0
 42
2.5
  3
OpenSans-LightItalic.ttf
  4

  0
STYLE
  5
43
330
5
100
AcDbSymbolTableRecord
100
AcDbTextStyleTableRecord
  2
OpenSans
 70
0
 40
0.0
 41
1.0
 50
0.0
 71
0
 42
2.5
  3
OpenSans-Regular.ttf
  4

  0
STYLE
  5
44
330
5
100
AcDbSymbolTableRecord
100
AcDbTextStyleTableRecord
  2
OpenSans-Italic
 70
0
 40
0.0
 41
1.0
 50
0.0
 71
0
 42
2.5
  3
OpenSans-Italic.ttf
  4

  0
STYLE
  5
45
330
5
100
AcDbSymbolTableRecord
100
AcDbTextStyleTableRecord
  2
OpenSans-SemiBold
 70
0
 40
0.0
 41
1.0
 50
0.0
 71
0
 42
2.5
  3
OpenSans-SemiBold.ttf
  4

  0
STYLE
  5
46
330
5
100
AcDbSymbolTableRecord
100
AcDbTextStyleTableRecord
  2
OpenSans-SemiBoldItalic
 70
0
 40
0.0
 41
1.0
 50
0.0
 71
0
 42
2.5
  3
OpenSans-SemiBoldItalic.ttf
  4

  0
STYLE
  5
47
330
5
100
AcDbSymbolTableRecord
100
AcDbTextStyleTableRecord
  2
OpenSans-Bold
 70
0
 40
0.0
 41
1.0
 50
0.0
 71
0
 42
2.5
  3
OpenSans-Bold.ttf
  4

  0
STYLE
  5
48
330
5
100
AcDbSymbolTableRecord
100
AcDbTextStyleTableRecord
  2
OpenSans-BoldItalic
 70
0
 40
0.0
 41
1.0
 50
0.0
 71
0
 42
2.5
  3
OpenSans-BoldItalic.ttf
  4

  0
STYLE
  5
49
330
5
100
AcDbSymbolTableRecord
100
AcDbTextStyleTableRecord
  2
OpenSans-ExtraBold
 70
0
 40
0.0
 41
1.0
 50
0.0
 71
0
 42
2.5
  3
OpenSans-ExtraBold.ttf
  4

  0
STYLE
  5
4A
330
5
100
AcDbSymbolTableRecord
100
AcDbTextStyleTableRecord
  2
OpenSans-ExtraBoldItalic
 70
0
 40
0.0
 41
1.0
 50
0.0
 71
0
 42
2.5
  3
OpenSans-ExtraBoldItalic.ttf
  4

  0
STYLE
  5
4B
330
5
100
AcDbSymbolTableRecord
100
AcDbTextStyleTableRecord
  2
OpenSansCondensed-Bold
 70
0
 40
0.0
 41
1.0
 50
0.0
 71
0
 42
2.5
  3
OpenSansCondensed-Bold.ttf
  4

  0
STYLE
  5
4C
330
5
100
AcDbSymbolTableRecord
100
AcDbTextStyleTableRecord
  2
OpenSansCondensed-Light
 70
0
 40
0.0
 41
1.0
 50
0.0
 71
0
 42
2.5
  3
OpenSansCondensed-Light.ttf
  4

  0
STYLE
  5
4D
330
5
100
AcDbSymbolTableRecord
100
AcDbTextStyleTableRecord
  2
OpenSansCondensed-Italic
 70
0
 40
0.0
 41
1.0
 50
0.0
 71
0
 42
2.5
  3
OpenSansCondensed-LightItalic.ttf
  4

  0
STYLE
  5
4E
330
5
100
AcDbSymbolTableRecord
100
AcDbTextStyleTableRecord
  2
LiberationSans
 70
0
 40
0.0
 41
1.0
 50
0.0
 71
0
 42
2.5
  3
LiberationSans-Regular.ttf
  4

  0
STYLE
  5
4F
330
5
100
AcDbSymbolTableRecord
100
AcDbTextStyleTableRecord
  2
LiberationSans-Bold
 70
0
 40
0.0
 41
1.0
 50
0.0
 71
0
 42
2.5
  3
LiberationSans-Bold.ttf
  4

  0
STYLE
  5
50
330
5
100
AcDbSymbolTableRecord
100
AcDbTextStyleTableRecord
  2
LiberationSans-BoldItalic
 70
0
 40
0.0
 41
1.0
 50
0.0
 71
0
 42
2.5
  3
LiberationSans-BoldItalic.ttf
  4

  0
STYLE
  5
51
330
5
100
AcDbSymbolTableRecord
100
AcDbTextStyleTableRecord
  2
LiberationSans-Italic
 70
0
 40
0.0
 41
1.0
 50
0.0
 71
0
 42
2.5
  3
LiberationSans-Italic.ttf
  4

  0
STYLE
  5
52
330
5
100
AcDbSymbolTableRecord
100
AcDbTextStyleTableRecord
  2
LiberationSerif
 70
0
 40
0.0
 41
1.0
 50
0.0
 71
0
 42
2.5
  3
LiberationSerif-Regular.ttf
  4

  0
STYLE
  5
53
330
5
100
AcDbSymbolTableRecord
100
AcDbTextStyleTableRecord
  2
LiberationSerif-Bold
 70
0
 40
0.0
 41
1.0
 50
0.0
 71
0
 42
2.5
  3
LiberationSerif-Bold.ttf
  4

  0
STYLE
  5
54
330
5
100
AcDbSymbolTableRecord
100
AcDbTextStyleTableRecord
  2
LiberationSerif-BoldItalic
 70
0
 40
0.0
 41
1.0
 50
0.0
 71
0
 42
2.5
  3
LiberationSerif-BoldItalic.ttf
  4

  0
STYLE
  5
55
330
5
100
AcDbSymbolTableRecord
100
AcDbTextStyleTableRecord
  2
LiberationSerif-Italic
 70
0
 40
0.0
 41
1.0
 50
0.0
 71
0
 42
2.5
  3
LiberationSerif-Italic.ttf
  4

  0
STYLE
  5
56
330
5
100
AcDbSymbolTableRecord
100
AcDbTextStyleTableRecord
  2
LiberationMono
 70
0
 40
0.0
 41
1.0
 50
0.0
 71
0
 42
2.5
  3
LiberationMono-Regular.ttf
  4

  0
STYLE
  5
57
330
5
100
AcDbSymbolTableRecord
100
AcDbTextStyleTableRecord
  2
LiberationMono-Bold
 70
0
 40
0.0
 41
1.0
 50
0.0
 71
0
 42
2.5
  3
LiberationMono-Bold.ttf
  4

  0
STYLE
  5
58
330
5
100
AcDbSymbolTableRecord
100
AcDbTextStyleTableRecord
  2
LiberationMono-BoldItalic
 70
0
 40
0.0
 41
1.0
 50
0.0
 71
0
 42
2.5
  3
LiberationMono-BoldItalic.ttf
  4

  0
STYLE
  5
59
330
5
100
AcDbSymbolTableRecord
100
AcDbTextStyleTableRecord
  2
LiberationMono-Italic
 70
0
 40
0.0
 41
1.0
 50
0.0
 71
0
 42
2.5
  3
LiberationMono-Italic.ttf
  4

  0
ENDTAB
  0
TABLE
  2
VIEW
  5
7
330
0
100
AcDbSymbolTable
 70
0
  0
ENDTAB
  0
TABLE
  2
UCS
  5
6
330
0
100
AcDbSymbolTable
 70
0
  0
ENDTAB
  0
TABLE
  2
APPID
  5
3
330
0
100
AcDbSymbolTable
 70
3
  0
APPID
  5
2A
330
3
100
AcDbSymbolTableRecord
100
AcDbRegAppTableRecord
  2
ACAD
 70
0
  0
APPID
  5
EF
330
3
100
AcDbSymbolTableRecord
100
AcDbRegAppTableRecord
  2
HATCHBACKGROUNDCOLOR
 70
0
  0
APPID
  5
F0
330
3
100
AcDbSymbolTableRecord
100
AcDbRegAppTableRecord
  2
EZDXF
 70
0
  0
ENDTAB
  0
TABLE
  2
DIMSTYLE
  5
4
330
0
100
AcDbSymbolTable
 70
12
100
AcDbDimStyleTable
  0
DIMSTYLE
105
2B
330
4
100
AcDbSymbolTableRecord
100
AcDbDimStyleTableRecord
  2
Standard
 70
0
 40
1.0
 41
2.5
 42
0.625
 43
3.75
 44
1.25
 45
0.0
 46
0.0
 47
0.0
 48
0.0
 49
2.5
140
2.5
141
2.5
142
0.0
143
0.03937007874
144
1.0
145
0.0
146
1.0
147
0.625
148
0.0
 69
0
 70
0
 71
0
 72
0
 73
0
 74
0
 75
0
 76
0
 77
1
 78
8
 79
3
170
0
171
3
172
1
173
0
174
0
175
0
176
0
177
0
178
0
179
2
271
2
272
2
273
2
274
3
275
0
276
0
277
2
278
44
279
0
280
0
281
0
282
0
283
0
284
8
285
0
286
0
288
0
289
3
290
0
371
-2
372
-2
  0
DIMSTYLE
105
73
330
4
100
AcDbSymbolTableRecord
100
AcDbDimStyleTableRecord
  2
EZDXF
 70
0
 40
1.0
 41
0.175
 42
0.125
 43
3.75
 44
0.375
 45
0.0
 46
0.0
 47
0.0
 48
0.0
 49
2.5
140
0.25
141
2.5
142
0.0
143
0.03937007874
144
100.0
145
0.0
146
0.5
147
0.1
148
0.0
 69
0
 70
0
 71
0
 72
0
 73
0
 74
0
 75
0
 76
0
 77
1
 78
12
 79
3
170
0
171
3
172
1
173
0
174
0
175
0
176
0
177
0
178
0
179
2
271
2
272
2
273
2
274
3
275
0
276
0
277
2
278
46
279
2
280
0
281
0
282
0
283
0
284
8
285
0
286
0
288
1
289
3
290
0
340
4C
342
74
371
-2
372
-2
  0
DIMSTYLE
105
7C
330
4
100
AcDbSymbolTableRecord
100
AcDbDimStyleTableRecord
  2
EZ_M_100_H25_CM
 70
0
 40
1.0
 41
0.25
 42
0.125
 43
3.75
 44
0.375
 45
0.0
 46
0.0
 47
0.0
 48
0.0
 49
2.5
140
0.25
141
2.5
142
0.125
143
0.03937007874
144
100.0
145
0.0
146
0.5
147
0.1
148
0.0
 69
0
 70
0
 71
0
 72
0
 73
0
 74
0
 75
0
 76
0
 77
1
 78
12
 79
3
170
0
171
3
172
1
173
0
174
0
175
0
176
0
177
0
178
0
179
2
271
2
272
2
273
2
274
3
275
0
276
0
277
2
278
46
279
2
280
0
281
0
282
0
283
0
284
8
285
0
286
0
288
1
289
3
290
0
340
4C
371
-2
372
-2
  0
DIMSTYLE
105
7D
330
4
100
AcDbSymbolTableRecord
100
AcDbDimStyleTableRecord
  2
EZ_M_50_H25_CM
 70
0
 40
1.0
 41
0.125
 42
0.0625
 43
3.75
 44
0.1875
 45
0.0
 46
0.0
 47
0.0
 48
0.0
 49
2.5
140
0.125
141
2.5
142
0.0625
143
0.03937007874
144
100.0
145
0.0
146
0.5
147
0.05
148
0.0
 69
0
 70
0
 71
0
 72
0
 73
0
 74
0
 75
0
 76
0
 77
1
 78
12
 79
3
170
0
171
3
172
1
173
0
174
0
175
0
176
0
177
0
178
0
179
2
271
2
272
2
273
2
274
3
275
0
276
0
277
2
278
46
279
2
280
0
281
0
282
0
283
0
284
8
285
0
286
0
288
1
289
3
290
0
340
4C
371
-2
372
-2
  0
DIMSTYLE
105
7E
330
4
100
AcDbSymbolTableRecord
100
AcDbDimStyleTableRecord
  2
EZ_M_25_H25_CM
 70
0
 40
1.0
 41
0.0625
 42
0.03125
 43
3.75
 44
0.09375
 45
0.0
 46
0.0
 47
0.0
 48
0.0
 49
2.5
140
0.0625
141
2.5
142
0.03125
143
0.03937007874
144
100.0
145
0.0
146
0.5
147
0.025
148
0.0
 69
0
 70
0
 71
0
 72
0
 73
0
 74
0
 75
0
 76
0
 77
1
 78
12
 79
3
170
0
171
3
172
1
173
0
174
0
175
0
176
0
177
0
178
0
179
2
271
2
272
2
273
2
274
3
275
0
276
0
277
2
278
46
279
2
280
0
281
0
282
0
283
0
284
8
285
0
286
0
288
1
289
3
290
0
340
4C
371
-2
372
-2
  0
DIMSTYLE
105
7F
330
4
100
AcDbSymbolTableRecord
100
AcDbDimStyleTableRecord
  2
EZ_M_20_H25_CM
 70
0
 40
1.0
 41
0.05
 42
0.025
 43
3.75
 44
0.07500000000000001
 45
0.0
 46
0.0
 47
0.0
 48
0.0
 49
2.5
140
0.05
141
2.5
142
0.025
143
0.03937007874
144
100.0
145
0.0
146
0.5
147
0.020000000000000004
148
0.0
 69
0
 70
0
 71
0
 72
0
 73
0
 74
0
 75
0
 76
0
 77
1
 78
12
 79
3
170
0
171
3
172
1
173
0
174
0
175
0
176
0
177
0
178
0
179
2
271
2
272
2
273
2
274
3
275
0
276
0
277
2
278
46
279
2
280
0
281
0
282
0
283
0
284
8
285
0
286
0
288
1
289
3
290
0
340
4C
371
-2
372
-2
  0
DIMSTYLE
105
80
330
4
100
AcDbSymbolTableRecord
100
AcDbDimStyleTableRecord
  2
EZ_M_10_H25_CM
 70
0
 40
1.0
 41
0.025
 42
0.0125
 43
3.75
 44
0.037500000000000006
 45
0.0
 46
0.0
 47
0.0
 48
0.0
 49
2.5
140
0.025
141
2.5
142
0.0125
143
0.03937007874
144
100.0
145
0.0
146
0.5
147
0.010000000000000002
148
0.0
 69
0
 70
0
 71
0
 72
0
 73
0
 74
0
 75
0
 76
0
 77
1
 78
12
 79
3
170
0
171
3
172
1
173
0
174
0
175
0
176
0
177
0
178
0
179
2
271
2
272
2
273
2
274
3
275
0
276
0
277
2
278
46
279
2
280
0
281
0
282
0
283
0
284
8
285
0
286
0
288
1
289
3
290
0
340
4C
371
-2
372
-2
  0
DIMSTYLE
105
81
330
4
100
AcDbSymbolTableRecord
100
AcDbDimStyleTableRecord
  2
EZ_M_5_H25_CM
 70
0
 40
1.0
 41
0.0125
 42
0.00625
 43
3.75
 44
0.018750000000000003
 45
0.0
 46
0.0
 47
0.0
 48
0.0
 49
2.5
140
0.0125
141
2.5
142
0.00625
143
0.03937007874
144
100.0
145
0.0
146
0.5
147
0.005000000000000001
148
0.0
 69
0
 70
0
 71
0
 72
0
 73
0
 74
0
 75
0
 76
0
 77
1
 78
12
 79
3
170
0
171
3
172
1
173
0
174
0
175
0
176
0
177
0
178
0
179
2
271
2
272
2
273
2
274
3
275
0
276
0
277
2
278
46
279
2
280
0
281
0
282
0
283
0
284
8
285
0
286
0
288
1
289
3
290
0
340
4C
371
-2
372
-2
  0
DIMSTYLE
105
82
330
4
100
AcDbSymbolTableRecord
100
AcDbDimStyleTableRecord
  2
EZ_M_1_H25_CM
 70
0
 40
1.0
 41
0.0025
 42
0.00125
 43
3.75
 44
0.00375
 45
0.0
 46
0.0
 47
0.0
 48
0.0
 49
2.5
140
0.0025
141
2.5
142
0.00125
143
0.03937007874
144
100.0
145
0.0
146
0.5
147
0.001
148
0.0
 69
0
 70
0
 71
0
 72
0
 73
0
 74
0
 75
0
 76
0
 77
1
 78
12
 79
3
170
0
171
3
172
1
173
0
174
0
175
0
176
0
177
0
178
0
179
2
271
2
272
2
273
2
274
3
275
0
276
0
277
2
278
46
279
2
280
0
281
0
282
0
283
0
284
8
285
0
286
0
288
1
289
3
290
0
340
4C
371
-2
372
-2
  0
DIMSTYLE
105
83
330
4
100
AcDbSymbolTableRecord
100
AcDbDimStyleTableRecord
  2
EZ_RADIUS
 70
0
 40
1.0
 41
0.25
 42
0.125
 43
3.75
 44
0.375
 45
0.0
 46
0.0
 47
0.0
 48
0.0
 49
2.5
140
0.25
141
0.0
142
0.0
143
0.03937007874
144
100.0
145
0.0
146
0.5
147
0.1
148
0.0
 69
0
 70
0
 71
0
 72
0
 73
0
 74
0
 75
0
 76
0
 77
1
 78
12
 79
3
170
0
171
3
172
0
173
0
174
0
175
0
176
0
177
0
178
0
179
2
271
2
272
2
273
2
274
3
275
0
276
0
277
2
278
46
279
1
280
0
281
0
282
0
283
0
284
8
285
0
286
0
288
1
289
3
290
0
340
4C
342
84
371
-2
372
-2
  0
DIMSTYLE
105
88
330
4
100
AcDbSymbolTableRecord
100
AcDbDimStyleTableRecord
  2
EZ_RADIUS_INSIDE
 70
0
 40
1.0
 41
0.25
 42
0.125
 43
3.75
 44
0.375
 45
0.0
 46
0.0
 47
0.0
 48
0.0
 49
2.5
140
0.25
141
0.0
142
0.0
143
0.03937007874
144
100.0
145
0.0
146
0.5
147
0.1
148
0.0
 69
0
 70
0
 71
0
 72
0
 73
0
 74
0
 75
0
 76
0
 77
0
 78
12
 79
3
170
0
171
3
172
0
173
0
174
1
175
0
176
0
177
0
178
0
179
2
271
2
272
2
273
2
274
3
275
0
276
0
277
2
278
46
279
0
280
0
281
0
282
0
283
0
284
8
285
0
286
0
288
1
289
0
290
0
340
4C
342
84
371
-2
372
-2
  0
DIMSTYLE
105
89
330
4
100
AcDbSymbolTableRecord
100
AcDbDimStyleTableRecord
  2
EZ_CURVED
 70
0
 40
1.0
 41
0.25
 42
0.125
 43
3.75
 44
0.375
 45
0.0
 46
0.0
 47
0.0
 48
0.0
 49
2.5
140
0.25
141
2.5
142
0.0
143
0.03937007874
144
100.0
145
0.0
146
0.5
147
0.1
148
0.0
 69
0
 70
0
 71
0
 72
0
 73
0
 74
0
 75
0
 76
0
 77
1
 78
12
 79
2
 90
2
170
0
171
3
172
1
173
0
174
0
175
0
176
0
177
0
178
0
179
2
271
2
272
2
273
2
274
3
275
0
276
0
277
2
278
46
279
2
280
0
281
0
282
0
283
0
284
8
285
0
286
0
288
1
289
3
290
0
340
4C
371
-2
372
-2
  0
ENDTAB
  0
TABLE
  2
BLOCK_RECORD
  5
9
330
0
100
AcDbSymbolTable
 70
5
  0
BLOCK_RECORD
  5
17
330
9
100
AcDbSymbolTableRecord
100
AcDbBlockTableRecord
  2
*Model_Space
340
1A
 70
0
280
1
281
0
  0
BLOCK_RECORD
  5
1B
330
9
100
AcDbSymbolTableRecord
100
AcDbBlockTableRecord
  2
*Paper_Space
340
1E
 70
0
280
1
281
0
  0
BLOCK_RECORD
  5
74
330
9
100
AcDbSymbolTableRecord
100
AcDbBlockTableRecord
  2
_ARCHTICK
340
0
 70
0
280
1
281
0
  0
BLOCK_RECORD
  5
78
330
9
100
AcDbSymbolTableRecord
100
AcDbBlockTableRecord
  2
_CLOSEDFILLED
340
0
 70
0
280
1
281
0
  0
BLOCK_RECORD
  5
84
330
9
100
AcDbSymbolTableRecord
100
AcDbBlockTableRecord
  2
_CLOSEDBLANK
340
0
 70
0
280
1
281
0
  0
ENDTAB
  0
ENDSEC
  0
SECTION
  2
BLOCKS
  0
BLOCK
  5
18
330
17
100
AcDbEntity
  8
0
100
AcDbBlockBegin
  2
*Model_Space
 70
0
 10
0.0
 20
0.0
 30
0.0
  3
*Model_Space
  1

  0
ENDBLK
  5
19
330
17
100
AcDbEntity
  8
0
100
AcDbBlockEnd
  0
BLOCK
  5
1C
330
1B
100
AcDbEntity
  8
0
100
AcDbBlockBegin
  2
*Paper_Space
 70
0
 10
0.0
 20
0.0
 30
0.0
  3
*Paper_Space
  1

  0
ENDBLK
  5
1D
330
1B
100
AcDbEntity
  8
0
100
AcDbBlockEnd
  0
BLOCK
  5
75
330
74
100
AcDbEntity
  8
0
100
AcDbBlockBegin
  2
_ARCHTICK
 70
0
 10
0.0
 20
0.0
 30
0.0
  3
_ARCHTICK
  1

  0
LWPOLYLINE
  5
77
330
74
100
AcDbEntity
  8
0
  6
BYBLOCK
 62
0
100
AcDbPolyline
 90
2
 70
0
 43
0.15
 10
-0.5
 20
-0.5
 10
0.5
 20
0.5
  0
ENDBLK
  5
76
330
74
100
AcDbEntity
  8
0
100
AcDbBlockEnd
  0
BLOCK
  5
79
330
78
100
AcDbEntity
  8
0
100
AcDbBlockBegin
  2
_CLOSEDFILLED
 70
0
 10
0.0
 20
0.0
 30
0.0
  3
_CLOSEDFILLED
  1

  0
SOLID
  5
7B
330
78
100
AcDbEntity
  8
0
  6
BYBLOCK
 62
0
100
AcDbTrace
 10
-1.0
 20
0.16439898372402537
 30
0.0
 11
0.0
 21
0.0
 31
0.0
 12
-1.0
 22
-0.16439898372402537
 32
0.0
 13
-1.0
 23
-0.16439898372402537
 33
0.0
  0
ENDBLK
  5
7A
330
78
100
AcDbEntity
  8
0
100
AcDbBlockEnd
  0
BLOCK
  5
85
330
84
100
AcDbEntity
  8
0
100
AcDbBlockBegin
  2
_CLOSEDBLANK
 70
0
 10
0.0
 20
0.0
 30
0.0
  3
_CLOSEDBLANK
  1

  0
LWPOLYLINE
  5
87
330
84
100
AcDbEntity
  8
0
  6
BYBLOCK
 62
0
100
AcDbPolyline
 90
3
 70
1
 10
-1.0
 20
0.16439898372402537
 10
0.0
 20
0.0
 10
-1.0
 20
-0.16439898372402537
  0
ENDBLK
  5
86
330
84
100
AcDbEntity
  8
0
100
AcDbBlockEnd
  0
ENDSEC
  0
SECTION
  2
ENTITIES
  0
LWPOLYLINE
  5
8D
330
17
100
AcDbEntity
  8
BLINDING-ISOLATED
100
AcDbPolyline
 90
4
 70
1
 10
-13.648227159576521
 20
18.848809791928918
 10
-18.948227159576533
 20
18.848809791928918
 10
-18.948227159576533
 20
24.148809791928922
 10
-13.648227159576521
 20
24.148809791928922
  0
HATCH
  5
8E
330
17
100
AcDbEntity
  8
BLINDING-ISOLATED-HATCH
 62
7
100
AcDbHatch
 10
0.0
 20
0.0
 30
0.0
210
0.0
220
0.0
230
1.0
  2
ANSI31
 70
0
 71
0
 91
1
 92
3
 72
0
 73
1
 93
4
 10
-13.648227159576521
 20
18.848809791928918
 10
-18.948227159576533
 20
18.848809791928918
 10
-18.948227159576533
 20
24.148809791928922
 10
-13.648227159576521
 20
24.148809791928922
 97
0
 75
1
 76
1
 52
0.0
 41
0.05
 77
0
 78
1
 53
45.0
 43
0.0
 44
0.0
 45
-0.1122532015
 46
0.1122532015
 79
0
 98
0
  0
LWPOLYLINE
  5
8F
330
17
100
AcDbEntity
  8
BLINDING-ISOLATED
100
AcDbPolyline
 90
4
 70
1
 10
-5.648227159576677
 20
18.048809791929088
 10
-12.54822715957668
 20
18.048809791929088
 10
-12.54822715957668
 20
24.94880979192909
 10
-5.648227159576677
 20
24.94880979192909
  0
HATCH
  5
90
330
17
100
AcDbEntity
  8
BLINDING-ISOLATED-HATCH
 62
7
100
AcDbHatch
 10
0.0
 20
0.0
 30
0.0
210
0.0
220
0.0
230
1.0
  2
ANSI31
 70
0
 71
0
 91
1
 92
3
 72
0
 73
1
 93
4
 10
-5.648227159576677
 20
18.048809791929088
 10
-12.54822715957668
 20
18.048809791929088
 10
-12.54822715957668
 20
24.94880979192909
 10
-5.648227159576677
 20
24.94880979192909
 97
0
 75
1
 76
1
 52
0.0
 41
0.05
 77
0
 78
1
 53
45.0
 43
0.0
 44
0.0
 45
-0.1122532015
 46
0.1122532015
 79
0
 98
0
  0
LWPOLYLINE
  5
91
330
17
100
AcDbEntity
  8
BLINDING-ISOLATED
100
AcDbPolyline
 90
4
 70
1
 10
-13.648227159576521
 20
27.848809791928918
 10
-18.948227159576533
 20
27.848809791928918
 10
-18.948227159576533
 20
33.14880979192892
 10
-13.648227159576521
 20
33.14880979192892
  0
HATCH
  5
92
330
17
100
AcDbEntity
  8
BLINDING-ISOLATED-HATCH
 62
7
100
AcDbHatch
 10
0.0
 20
0.0
 30
0.0
210
0.0
220
0.0
230
1.0
  2
ANSI31
 70
0
 71
0
 91
1
 92
3
 72
0
 73
1
 93
4
 10
-13.648227159576521
 20
27.848809791928918
 10
-18.948227159576533
 20
27.848809791928918
 10
-18.948227159576533
 20
33.14880979192892
 10
-13.648227159576521
 20
33.14880979192892
 97
0
 75
1
 76
1
 52
0.0
 41
0.05
 77
0
 78
1
 53
45.0
 43
0.0
 44
0.0
 45
-0.1122532015
 46
0.1122532015
 79
0
 98
0
  0
LWPOLYLINE
  5
93
330
17
100
AcDbEntity
  8
BLINDING-ISOLATED
100
AcDbPolyline
 90
4
 70
1
 10
-5.748227159576533
 20
27.14880979192892
 10
-12.44822715957654
 20
27.14880979192892
 10
-12.44822715957654
 20
33.84880979192892
 10
-5.748227159576533
 20
33.84880979192892
  0
HATCH
  5
94
330
17
100
AcDbEntity
  8
BLINDING-ISOLATED-HATCH
 62
7
100
AcDbHatch
 10
0.0
 20
0.0
 30
0.0
210
0.0
220
0.0
230
1.0
  2
ANSI31
 70
0
 71
0
 91
1
 92
3
 72
0
 73
1
 93
4
 10
-5.748227159576533
 20
27.14880979192892
 10
-12.44822715957654
 20
27.14880979192892
 10
-12.44822715957654
 20
33.84880979192892
 10
-5.748227159576533
 20
33.84880979192892
 97
0
 75
1
 76
1
 52
0.0
 41
0.05
 77
0
 78
1
 53
45.0
 43
0.0
 44
0.0
 45
-0.1122532015
 46
0.1122532015
 79
0
 98
0
  0
LWPOLYLINE
  5
95
330
17
100
AcDbEntity
  8
BLINDING-ISOLATED
100
AcDbPolyline
 90
4
 70
1
 10
-13.69822715957641
 20
37.09880979192892
 10
-18.89822715957641
 20
37.09880979192892
 10
-18.89822715957641
 20
46.04880979192874
 10
-13.69822715957641
 20
46.04880979192874
  0
HATCH
  5
96
330
17
100
AcDbEntity
  8
BLINDING-ISOLATED-HATCH
 62
7
100
AcDbHatch
 10
0.0
 20
0.0
 30
0.0
210
0.0
220
0.0
230
1.0
  2
ANSI31
 70
0
 71
0
 91
1
 92
3
 72
0
 73
1
 93
4
 10
-13.69822715957641
 20
37.09880979192892
 10
-18.89822715957641
 20
37.09880979192892
 10
-18.89822715957641
 20
46.04880979192874
 10
-13.69822715957641
 20
46.04880979192874
 97
0
 75
1
 76
1
 52
0.0
 41
0.05
 77
0
 78
1
 53
45.0
 43
0.0
 44
0.0
 45
-0.1122532015
 46
0.1122532015
 79
0
 98
0
  0
LWPOLYLINE
  5
97
330
17
100
AcDbEntity
  8
BLINDING-ISOLATED
100
AcDbPolyline
 90
4
 70
1
 10
-5.998227159576367
 20
36.89880979192875
 10
-12.19822715957637
 20
36.89880979192875
 10
-12.19822715957637
 20
46.448809791928845
 10
-5.998227159576367
 20
46.448809791928845
  0
HATCH
  5
98
330
17
100
AcDbEntity
  8
BLINDING-ISOLATED-HATCH
 62
7
100
AcDbHatch
 10
0.0
 20
0.0
 30
0.0
210
0.0
220
0.0
230
1.0
  2
ANSI31
 70
0
 71
0
 91
1
 92
3
 72
0
 73
1
 93
4
 10
-5.998227159576367
 20
36.89880979192875
 10
-12.19822715957637
 20
36.89880979192875
 10
-12.19822715957637
 20
46.448809791928845
 10
-5.998227159576367
 20
46.448809791928845
 97
0
 75
1
 76
1
 52
0.0
 41
0.05
 77
0
 78
1
 53
45.0
 43
0.0
 44
0.0
 45
-0.1122532015
 46
0.1122532015
 79
0
 98
0
  0
LWPOLYLINE
  5
99
330
17
100
AcDbEntity
  8
BLINDING-ISOLATED
100
AcDbPolyline
 90
4
 70
1
 10
-14.19822715957641
 20
47.698809791928696
 10
-18.39822715957641
 20
47.698809791928696
 10
-18.39822715957641
 20
51.8988097919287
 10
-14.19822715957641
 20
51.8988097919287
  0
HATCH
  5
9A
330
17
100
AcDbEntity
  8
BLINDING-ISOLATED-HATCH
 62
7
100
AcDbHatch
 10
0.0
 20
0.0
 30
0.0
210
0.0
220
0.0
230
1.0
  2
ANSI31
 70
0
 71
0
 91
1
 92
3
 72
0
 73
1
 93
4
 10
-14.19822715957641
 20
47.698809791928696
 10
-18.39822715957641
 20
47.698809791928696
 10
-18.39822715957641
 20
51.8988097919287
 10
-14.19822715957641
 20
51.8988097919287
 97
0
 75
1
 76
1
 52
0.0
 41
0.05
 77
0
 78
1
 53
45.0
 43
0.0
 44
0.0
 45
-0.1122532015
 46
0.1122532015
 79
0
 98
0
  0
LWPOLYLINE
  5
9B
330
17
100
AcDbEntity
  8
BLINDING-ISOLATED
100
AcDbPolyline
 90
4
 70
1
 10
-7.098227159576365
 20
47.7988097919287
 10
-11.09822715957637
 20
47.7988097919287
 10
-11.09822715957637
 20
51.798809791928704
 10
-7.098227159576365
 20
51.798809791928704
  0
HATCH
  5
9C
330
17
100
AcDbEntity
  8
BLINDING-ISOLATED-HATCH
 62
7
100
AcDbHatch
 10
0.0
 20
0.0
 30
0.0
210
0.0
220
0.0
230
1.0
  2
ANSI31
 70
0
 71
0
 91
1
 92
3
 72
0
 73
1
 93
4
 10
-7.098227159576365
 20
47.7988097919287
 10
-11.09822715957637
 20
47.7988097919287
 10
-11.09822715957637
 20
51.798809791928704
 10
-7.098227159576365
 20
51.798809791928704
 97
0
 75
1
 76
1
 52
0.0
 41
0.05
 77
0
 78
1
 53
45.0
 43
0.0
 44
0.0
 45
-0.1122532015
 46
0.1122532015
 79
0
 98
0
  0
LWPOLYLINE
  5
9D
330
17
100
AcDbEntity
  8
BLINDING-ISOLATED
100
AcDbPolyline
 90
4
 70
1
 10
16.35177284039122
 20
4.7988097920238015
 10
14.25177284039122
 20
4.7988097920238015
 10
14.25177284039122
 20
7.298809792023801
 10
16.35177284039122
 20
7.298809792023801
  0
HATCH
  5
9E
330
17
100
AcDbEntity
  8
BLINDING-ISOLATED-HATCH
 62
7
100
AcDbHatch
 10
0.0
 20
0.0
 30
0.0
210
0.0
220
0.0
230
1.0
  2
ANSI31
 70
0
 71
0
 91
1
 92
3
 72
0
 73
1
 93
4
 10
16.35177284039122
 20
4.7988097920238015
 10
14.25177284039122
 20
4.7988097920238015
 10
14.25177284039122
 20
7.298809792023801
 10
16.35177284039122
 20
7.298809792023801
 97
0
 75
1
 76
1
 52
0.0
 41
0.05
 77
0
 78
1
 53
45.0
 43
0.0
 44
0.0
 45
-0.1122532015
 46
0.1122532015
 79
0
 98
0
  0
LWPOLYLINE
  5
9F
330
17
100
AcDbEntity
  8
BLINDING-ISOLATED
100
AcDbPolyline
 90
4
 70
1
 10
20.55
 20
4.798809792043568
 10
18.45
 20
4.798809792043568
 10
18.45
 20
7.298809792043568
 10
20.55
 20
7.298809792043568
  0
HATCH
  5
A0
330
17
100
AcDbEntity
  8
BLINDING-ISOLATED-HATCH
 62
7
100
AcDbHatch
 10
0.0
 20
0.0
 30
0.0
210
0.0
220
0.0
230
1.0
  2
ANSI31
 70
0
 71
0
 91
1
 92
3
 72
0
 73
1
 93
4
 10
20.55
 20
4.798809792043568
 10
18.45
 20
4.798809792043568
 10
18.45
 20
7.298809792043568
 10
20.55
 20
7.298809792043568
 97
0
 75
1
 76
1
 52
0.0
 41
0.05
 77
0
 78
1
 53
45.0
 43
0.0
 44
0.0
 45
-0.1122532015
 46
0.1122532015
 79
0
 98
0
  0
LWPOLYLINE
  5
A1
330
17
100
AcDbEntity
  8
BLINDING-ISOLATED
100
AcDbPolyline
 90
4
 70
1
 10
12.2517728403913
 20
4.798809792043627
 10
10.1517728403913
 20
4.798809792043627
 10
10.1517728403913
 20
7.298809792043626
 10
12.2517728403913
 20
7.298809792043626
  0
HATCH
  5
A2
330
17
100
AcDbEntity
  8
BLINDING-ISOLATED-HATCH
 62
7
100
AcDbHatch
 10
0.0
 20
0.0
 30
0.0
210
0.0
220
0.0
230
1.0
  2
ANSI31
 70
0
 71
0
 91
1
 92
3
 72
0
 73
1
 93
4
 10
12.2517728403913
 20
4.798809792043627
 10
10.1517728403913
 20
4.798809792043627
 10
10.1517728403913
 20
7.298809792043626
 10
12.2517728403913
 20
7.298809792043626
 97
0
 75
1
 76
1
 52
0.0
 41
0.05
 77
0
 78
1
 53
45.0
 43
0.0
 44
0.0
 45
-0.1122532015
 46
0.1122532015
 79
0
 98
0
  0
LWPOLYLINE
  5
A3
330
17
100
AcDbEntity
  8
BLINDING-ISOLATED
100
AcDbPolyline
 90
4
 70
1
 10
21.35177284042351
 20
7.448809791928829
 10
17.5517728404235
 20
7.448809791928829
 10
17.5517728404235
 20
11.24880979192883
 10
21.35177284042351
 20
11.24880979192883
  0
HATCH
  5
A4
330
17
100
AcDbEntity
  8
BLINDING-ISOLATED-HATCH
 62
7
100
AcDbHatch
 10
0.0
 20
0.0
 30
0.0
210
0.0
220
0.0
230
1.0
  2
ANSI31
 70
0
 71
0
 91
1
 92
3
 72
0
 73
1
 93
4
 10
21.35177284042351
 20
7.448809791928829
 10
17.5517728404235
 20
7.448809791928829
 10
17.5517728404235
 20
11.24880979192883
 10
21.35177284042351
 20
11.24880979192883
 97
0
 75
1
 76
1
 52
0.0
 41
0.05
 77
0
 78
1
 53
45.0
 43
0.0
 44
0.0
 45
-0.1122532015
 46
0.1122532015
 79
0
 98
0
  0
LWPOLYLINE
  5
A5
330
17
100
AcDbEntity
  8
BLINDING-ISOLATED
100
AcDbPolyline
 90
4
 70
1
 10
5.451772840423397
 20
18.14880979192892
 10
-1.2482271595766101
 20
18.14880979192892
 10
-1.2482271595766101
 20
24.84880979192892
 10
5.451772840423397
 20
24.84880979192892
  0
HATCH
  5
A6
330
17
100
AcDbEntity
  8
BLINDING-ISOLATED-HATCH
 62
7
100
AcDbHatch
 10
0.0
 20
0.0
 30
0.0
210
0.0
220
0.0
230
1.0
  2
ANSI31
 70
0
 71
0
 91
1
 92
3
 72
0
 73
1
 93
4
 10
5.451772840423397
 20
18.14880979192892
 10
-1.2482271595766101
 20
18.14880979192892
 10
-1.2482271595766101
 20
24.84880979192892
 10
5.451772840423397
 20
24.84880979192892
 97
0
 75
1
 76
1
 52
0.0
 41
0.05
 77
0
 78
1
 53
45.0
 43
0.0
 44
0.0
 45
-0.1122532015
 46
0.1122532015
 79
0
 98
0
  0
LWPOLYLINE
  5
A7
330
17
100
AcDbEntity
  8
BLINDING-ISOLATED
100
AcDbPolyline
 90
4
 70
1
 10
5.201772840423482
 20
27.39880979192892
 10
-0.9982271595765255
 20
27.39880979192892
 10
-0.9982271595765255
 20
33.59880979192892
 10
5.201772840423482
 20
33.59880979192892
  0
HATCH
  5
A8
330
17
100
AcDbEntity
  8
BLINDING-ISOLATED-HATCH
 62
7
100
AcDbHatch
 10
0.0
 20
0.0
 30
0.0
210
0.0
220
0.0
230
1.0
  2
ANSI31
 70
0
 71
0
 91
1
 92
3
 72
0
 73
1
 93
4
 10
5.201772840423482
 20
27.39880979192892
 10
-0.9982271595765255
 20
27.39880979192892
 10
-0.9982271595765255
 20
33.59880979192892
 10
5.201772840423482
 20
33.59880979192892
 97
0
 75
1
 76
1
 52
0.0
 41
0.05
 77
0
 78
1
 53
45.0
 43
0.0
 44
0.0
 45
-0.1122532015
 46
0.1122532015
 79
0
 98
0
  0
LWPOLYLINE
  5
A9
330
17
100
AcDbEntity
  8
BLINDING-ISOLATED
100
AcDbPolyline
 90
4
 70
1
 10
5.201772840423507
 20
36.89880979192892
 10
-0.9982271595764927
 20
36.89880979192892
 10
-0.9982271595764927
 20
46.44880979192902
 10
5.201772840423507
 20
46.44880979192902
  0
HATCH
  5
AA
330
17
100
AcDbEntity
  8
BLINDING-ISOLATED-HATCH
 62
7
100
AcDbHatch
 10
0.0
 20
0.0
 30
0.0
210
0.0
220
0.0
230
1.0
  2
ANSI31
 70
0
 71
0
 91
1
 92
3
 72
0
 73
1
 93
4
 10
5.201772840423507
 20
36.89880979192892
 10
-0.9982271595764927
 20
36.89880979192892
 10
-0.9982271595764927
 20
46.44880979192902
 10
5.201772840423507
 20
46.44880979192902
 97
0
 75
1
 76
1
 52
0.0
 41
0.05
 77
0
 78
1
 53
45.0
 43
0.0
 44
0.0
 45
-0.1122532015
 46
0.1122532015
 79
0
 98
0
  0
LWPOLYLINE
  5
AB
330
17
100
AcDbEntity
  8
BLINDING-ISOLATED
100
AcDbPolyline
 90
4
 70
1
 10
4.101772840423679
 20
47.7988097919287
 10
0.1017728404236774
 20
47.7988097919287
 10
0.1017728404236774
 20
51.798809791928704
 10
4.101772840423679
 20
51.798809791928704
  0
HATCH
  5
AC
330
17
100
AcDbEntity
  8
BLINDING-ISOLATED-HATCH
 62
7
100
AcDbHatch
 10
0.0
 20
0.0
 30
0.0
210
0.0
220
0.0
230
1.0
  2
ANSI31
 70
0
 71
0
 91
1
 92
3
 72
0
 73
1
 93
4
 10
4.101772840423679
 20
47.7988097919287
 10
0.1017728404236774
 20
47.7988097919287
 10
0.1017728404236774
 20
51.798809791928704
 10
4.101772840423679
 20
51.798809791928704
 97
0
 75
1
 76
1
 52
0.0
 41
0.05
 77
0
 78
1
 53
45.0
 43
0.0
 44
0.0
 45
-0.1122532015
 46
0.1122532015
 79
0
 98
0
  0
LWPOLYLINE
  5
AF
330
17
100
AcDbEntity
  8
BLINDING-STRIP
100
AcDbPolyline
 90
524
 70
1
 10
12.72
 20
-1.4700000000000009
 10
12.700000000000005
 20
-1.4499999999999977
 10
12.700000000000005
 20
0.45000000000000084
 10
12.72
 20
0.46999999999999686
 10
12.72
 20
0.509999999999996
 10
12.750000000000002
 20
0.5399999999999971
 10
12.790000000000001
 20
0.5399999999999971
 10
12.810000000000004
 20
0.5600000000000003
 10
14.690000000000007
 20
0.5600000000000003
 10
14.710000000000003
 20
0.5799999999999963
 10
15.809999999999997
 20
0.5799999999999963
 10
15.830000000000007
 20
0.5600000000000003
 10
19.029999999999998
 20
0.5600000000000003
 10
19.050000000000008
 20
0.5799999999999963
 10
20.150000000000002
 20
0.5799999999999963
 10
20.169999999999998
 20
0.5600000000000003
 10
20.33000000000001
 20
0.5600000000000003
 10
20.350000000000005
 20
0.5799999999999963
 10
20.45
 20
0.5799999999999963
 10
20.47000000000001
 20
0.5999999999999994
 10
20.570000000000004
 20
0.5999999999999994
 10
20.59
 20
0.6199999999999954
 10
20.790000000000003
 20
0.6399999999999986
 10
20.87
 20
0.6799999999999977
 10
20.930000000000003
 20
0.6799999999999977
 10
20.95
 20
0.7000000000000008
 10
21.050000000000008
 20
0.7199999999999969
 10
21.070000000000004
 20
0.74
 10
21.130000000000006
 20
0.74
 10
21.210000000000004
 20
0.7799999999999991
 10
21.249999999999996
 20
0.7799999999999991
 10
21.270000000000007
 20
0.8000000000000023
 10
21.37
 20
0.8199999999999983
 10
21.389999999999997
 20
0.8400000000000014
 10
21.430000000000003
 20
0.8400000000000014
 10
21.490000000000006
 20
0.8800000000000006
 10
21.59
 20
0.8999999999999966
 10
21.669999999999998
 20
0.9399999999999957
 10
21.710000000000004
 20
0.9399999999999957
 10
21.889999999999997
 20
1.0399999999999971
 10
21.930000000000003
 20
1.0399999999999971
 10
22.210000000000004
 20
1.1799999999999977
 10
22.249999999999996
 20
1.2199999999999969
 10
22.31
 20
1.24
 10
22.350000000000005
 20
1.2799999999999991
 10
22.410000000000007
 20
1.3000000000000023
 10
22.45
 20
1.3400000000000014
 10
22.570000000000004
 20
1.3999999999999966
 10
22.710000000000004
 20
1.5200000000000011
 10
22.73
 20
1.5200000000000011
 10
22.87
 20
1.6399999999999986
 10
22.889999999999997
 20
1.6399999999999986
 10
22.990000000000006
 20
1.74
 10
23.01
 20
1.74
 10
23.419999999999998
 20
2.130000000000001
 10
23.419999999999998
 20
2.149999999999997
 10
23.639999999999997
 20
2.3699999999999957
 10
23.639999999999997
 20
2.389999999999999
 10
23.84
 20
2.6099999999999977
 10
23.84
 20
2.630000000000001
 10
23.900000000000002
 20
2.689999999999996
 10
23.98
 20
2.8299999999999965
 10
24.020000000000007
 20
2.8699999999999957
 10
24.040000000000003
 20
2.929999999999998
 10
24.08000000000001
 20
2.969999999999997
 10
24.12
 20
3.0500000000000025
 10
24.160000000000007
 20
3.0900000000000016
 10
24.419999999999998
 20
3.6099999999999977
 10
24.419999999999998
 20
3.649999999999997
 10
24.48
 20
3.7499999999999982
 10
24.48
 20
3.7899999999999974
 10
24.540000000000003
 20
3.889999999999999
 10
24.540000000000003
 20
3.929999999999998
 10
24.58000000000001
 20
4.009999999999996
 10
24.600000000000005
 20
4.109999999999998
 10
24.639999999999997
 20
4.17
 10
24.639999999999997
 20
4.209999999999999
 10
24.660000000000007
 20
4.230000000000002
 10
24.660000000000007
 20
4.270000000000001
 10
24.7
 20
4.35
 10
24.72000000000001
 20
4.509999999999996
 10
24.740000000000006
 20
4.529999999999999
 10
24.740000000000006
 20
4.590000000000002
 10
24.76
 20
4.609999999999998
 10
24.76
 20
4.689999999999996
 10
24.779999999999998
 20
4.709999999999999
 10
24.779999999999998
 20
4.789999999999997
 10
24.800000000000008
 20
4.8100000000000005
 10
24.800000000000008
 20
4.910000000000002
 10
24.820000000000004
 20
4.929999999999998
 10
24.820000000000004
 20
5.0699999999999985
 10
24.84
 20
5.090000000000002
 10
24.84
 20
5.230000000000002
 10
24.86000000000001
 20
5.249999999999998
 10
24.86000000000001
 20
5.509999999999996
 10
24.84
 20
5.529999999999999
 10
24.84
 20
5.609999999999998
 10
24.800000000000008
 20
5.689999999999996
 10
24.800000000000008
 20
6.749999999999998
 10
24.779999999999998
 20
6.770000000000001
 10
24.779999999999998
 20
6.929999999999998
 10
24.76
 20
6.950000000000001
 10
24.76
 20
7.109999999999998
 10
24.740000000000006
 20
7.130000000000001
 10
24.740000000000006
 20
7.289999999999997
 10
24.72000000000001
 20
7.3100000000000005
 10
24.72000000000001
 20
7.450000000000001
 10
24.7
 20
7.469999999999997
 10
24.680000000000003
 20
7.8100000000000005
 10
24.660000000000007
 20
7.8299999999999965
 10
24.660000000000007
 20
7.99
 10
24.639999999999997
 20
8.009999999999996
 10
24.639999999999997
 20
8.149999999999997
 10
24.62
 20
8.17
 10
24.62
 20
8.329999999999997
 10
24.600000000000005
 20
8.35
 10
24.600000000000005
 20
8.509999999999996
 10
24.58000000000001
 20
8.53
 10
24.58000000000001
 20
8.689999999999996
 10
24.56
 20
8.709999999999999
 10
24.540000000000003
 20
8.910000000000002
 10
24.499999999999996
 20
8.99
 10
24.44000000000001
 20
9.050000000000002
 10
24.44000000000001
 20
9.090000000000002
 10
24.419999999999998
 20
9.109999999999998
 10
24.419999999999998
 20
10.009999999999996
 10
24.400000000000002
 20
10.03
 10
24.400000000000002
 20
10.189999999999996
 10
24.380000000000006
 20
10.209999999999999
 10
24.380000000000006
 20
10.35
 10
24.36000000000001
 20
10.369999999999996
 10
24.36000000000001
 20
10.53
 10
24.34
 20
10.550000000000002
 10
24.320000000000004
 20
10.85
 10
24.300000000000008
 20
10.869999999999996
 10
24.300000000000008
 20
11.03
 10
24.279999999999998
 20
11.050000000000002
 10
24.279999999999998
 20
11.189999999999996
 10
24.26
 20
11.209999999999999
 10
24.26
 20
11.369999999999996
 10
24.240000000000006
 20
11.389999999999999
 10
24.22000000000001
 20
11.689999999999996
 10
24.2
 20
11.709999999999999
 10
24.2
 20
11.869999999999996
 10
24.180000000000003
 20
11.889999999999999
 10
24.160000000000007
 20
12.189999999999996
 10
24.139999999999997
 20
12.209999999999999
 10
24.139999999999997
 20
12.370000000000003
 10
24.12
 20
12.389999999999999
 10
24.12
 20
12.53
 10
24.100000000000005
 20
12.550000000000002
 10
24.08000000000001
 20
12.870000000000003
 10
24.06
 20
12.889999999999999
 10
24.06
 20
13.03
 10
24.040000000000003
 20
13.050000000000002
 10
24.040000000000003
 20
13.209999999999999
 10
24.020000000000007
 20
13.230000000000002
 10
24.020000000000007
 20
13.370000000000003
 10
23.999999999999996
 20
13.389999999999999
 10
23.999999999999996
 20
13.550000000000002
 10
23.98
 20
13.569999999999999
 10
23.960000000000004
 20
13.870000000000003
 10
23.94000000000001
 20
13.889999999999999
 10
23.94000000000001
 20
14.050000000000002
 10
23.919999999999998
 20
14.069999999999999
 10
23.900000000000002
 20
14.370000000000003
 10
23.880000000000006
 20
14.389999999999999
 10
23.880000000000006
 20
14.550000000000002
 10
23.86000000000001
 20
14.569999999999999
 10
23.86000000000001
 20
14.709999999999999
 10
23.84
 20
14.730000000000002
 10
23.84
 20
14.889999999999999
 10
23.820000000000004
 20
14.910000000000002
 10
23.820000000000004
 20
15.050000000000002
 10
23.800000000000008
 20
15.069999999999999
 10
23.800000000000008
 20
15.209999999999999
 10
23.779999999999998
 20
15.230000000000002
 10
23.779999999999998
 20
15.389999999999999
 10
23.76
 20
15.410000000000002
 10
23.76
 20
15.550000000000002
 10
23.740000000000006
 20
15.569999999999999
 10
23.740000000000006
 20
15.709999999999999
 10
23.72000000000001
 20
15.730000000000002
 10
23.72000000000001
 20
15.889999999999999
 10
23.7
 20
15.910000000000002
 10
23.7
 20
16.05
 10
23.680000000000003
 20
16.069999999999997
 10
23.680000000000003
 20
16.23
 10
23.660000000000007
 20
16.249999999999996
 10
23.660000000000007
 20
16.389999999999997
 10
23.639999999999997
 20
16.41
 10
23.639999999999997
 20
16.55
 10
23.62
 20
16.569999999999997
 10
23.62
 20
16.73
 10
23.600000000000005
 20
16.749999999999996
 10
23.58000000000001
 20
17.069999999999997
 10
23.56
 20
17.09
 10
23.56
 20
17.23
 10
23.540000000000003
 20
17.249999999999996
 10
23.540000000000003
 20
17.389999999999997
 10
23.520000000000007
 20
17.41
 10
23.520000000000007
 20
17.569999999999997
 10
23.499999999999996
 20
17.59
 10
23.499999999999996
 20
17.73
 10
23.48
 20
17.749999999999996
 10
23.48
 20
17.889999999999997
 10
23.460000000000004
 20
17.91
 10
23.460000000000004
 20
18.069999999999997
 10
23.44000000000001
 20
18.09
 10
23.44000000000001
 20
18.23
 10
23.419999999999998
 20
18.249999999999996
 10
23.419999999999998
 20
18.41
 10
23.400000000000002
 20
18.429999999999996
 10
23.380000000000006
 20
18.73
 10
23.36000000000001
 20
18.749999999999996
 10
23.36000000000001
 20
18.91
 10
23.34
 20
18.929999999999996
 10
23.34
 20
19.069999999999997
 10
23.320000000000004
 20
19.09
 10
23.320000000000004
 20
19.249999999999996
 10
23.300000000000008
 20
19.27
 10
23.300000000000008
 20
19.349999999999998
 10
23.279999999999998
 20
19.37
 10
23.279999999999998
 20
19.41
 10
23.240000000000006
 20
19.49
 10
23.169999999999998
 20
19.56
 10
23.09
 20
19.599999999999998
 10
23.01
 20
19.599999999999998
 10
22.990000000000006
 20
19.62
 10
22.95
 20
19.62
 10
22.919999999999998
 20
19.649999999999995
 10
22.919999999999998
 20
19.689999999999994
 10
22.900000000000002
 20
19.709999999999997
 10
22.919999999999998
 20
19.73
 10
22.919999999999998
 20
19.77
 10
22.95
 20
19.8
 10
22.990000000000006
 20
19.8
 10
23.01
 20
19.819999999999997
 10
24.56
 20
19.829999999999995
 10
24.56
 20
21.569999999999997
 10
24.58000000000001
 20
21.59
 10
24.58000000000001
 20
21.63
 10
24.61000000000001
 20
21.66
 10
24.650000000000002
 20
21.66
 10
24.669999999999998
 20
21.679999999999996
 10
24.69000000000001
 20
21.66
 10
24.73
 20
21.66
 10
24.76
 20
21.63
 10
24.76
 20
21.59
 10
24.779999999999998
 20
21.569999999999997
 10
24.779999999999998
 20
21.429999999999996
 10
24.800000000000008
 20
21.41
 10
24.800000000000008
 20
21.249999999999996
 10
24.820000000000004
 20
21.23
 10
24.84
 20
20.929999999999996
 10
24.86000000000001
 20
20.91
 10
24.86000000000001
 20
20.749999999999996
 10
24.880000000000006
 20
20.73
 10
24.880000000000006
 20
20.59
 10
24.900000000000002
 20
20.569999999999997
 10
24.900000000000002
 20
20.41
 10
24.919999999999998
 20
20.389999999999997
 10
24.919999999999998
 20
20.249999999999996
 10
24.94000000000001
 20
20.23
 10
24.94000000000001
 20
20.069999999999997
 10
24.960000000000004
 20
20.05
 10
24.98
 20
19.749999999999996
 10
24.999999999999996
 20
19.73
 10
24.999999999999996
 20
19.569999999999997
 10
25.020000000000007
 20
19.55
 10
25.020000000000007
 20
19.41
 10
25.040000000000003
 20
19.389999999999997
 10
25.06
 20
19.069999999999997
 10
25.08000000000001
 20
19.05
 10
25.08000000000001
 20
18.889999999999997
 10
25.100000000000005
 20
18.87
 10
25.12
 20
18.569999999999997
 10
25.139999999999997
 20
18.55
 10
25.139999999999997
 20
18.389999999999997
 10
25.160000000000007
 20
18.37
 10
25.160000000000007
 20
18.23
 10
25.180000000000003
 20
18.209999999999997
 10
25.2
 20
17.889999999999997
 10
25.22000000000001
 20
17.87
 10
25.22000000000001
 20
17.709999999999997
 10
25.240000000000006
 20
17.689999999999994
 10
25.240000000000006
 20
17.55
 10
25.26
 20
17.529999999999998
 10
25.26
 20
17.389999999999997
 10
25.279999999999998
 20
17.37
 10
25.279999999999998
 20
17.209999999999997
 10
25.300000000000008
 20
17.189999999999994
 10
25.300000000000008
 20
17.05
 10
25.320000000000004
 20
17.029999999999998
 10
25.320000000000004
 20
16.87
 10
25.34
 20
16.849999999999998
 10
25.36000000000001
 20
16.529999999999998
 10
25.380000000000006
 20
16.509999999999994
 10
25.400000000000002
 20
16.209999999999997
 10
25.419999999999998
 20
16.189999999999994
 10
25.419999999999998
 20
16.029999999999998
 10
25.44000000000001
 20
16.009999999999994
 10
25.44000000000001
 20
15.870000000000003
 10
25.460000000000004
 20
15.85
 10
25.460000000000004
 20
15.689999999999996
 10
25.48
 20
15.67
 10
25.499999999999996
 20
15.35
 10
25.520000000000007
 20
15.329999999999997
 10
25.520000000000007
 20
15.189999999999996
 10
25.540000000000003
 20
15.17
 10
25.540000000000003
 20
15.03
 10
25.56
 20
15.009999999999996
 10
25.56
 20
14.85
 10
25.58000000000001
 20
14.829999999999997
 10
25.58000000000001
 20
14.689999999999996
 10
25.600000000000005
 20
14.67
 10
25.600000000000005
 20
14.509999999999996
 10
25.62
 20
14.49
 10
25.639999999999997
 20
14.189999999999996
 10
25.660000000000007
 20
14.17
 10
25.660000000000007
 20
14.009999999999996
 10
25.680000000000003
 20
13.99
 10
25.680000000000003
 20
13.85
 10
25.7
 20
13.829999999999997
 10
25.7
 20
13.67
 10
25.72000000000001
 20
13.649999999999997
 10
25.72000000000001
 20
13.509999999999996
 10
25.740000000000006
 20
13.49
 10
25.740000000000006
 20
13.329999999999997
 10
25.76
 20
13.31
 10
25.779999999999998
 20
13.009999999999996
 10
25.800000000000008
 20
12.99
 10
25.800000000000008
 20
12.829999999999997
 10
25.820000000000004
 20
12.81
 10
25.820000000000004
 20
12.67
 10
25.84
 20
12.649999999999997
 10
25.84
 20
12.49
 10
25.86000000000001
 20
12.469999999999997
 10
25.86000000000001
 20
12.329999999999997
 10
25.880000000000006
 20
12.31
 10
25.880000000000006
 20
12.149999999999997
 10
25.900000000000002
 20
12.13
 10
25.919999999999998
 20
11.829999999999997
 10
25.94000000000001
 20
11.81
 10
25.94000000000001
 20
11.649999999999997
 10
25.960000000000004
 20
11.63
 10
25.960000000000004
 20
11.49
 10
25.98
 20
11.469999999999997
 10
25.98
 20
11.31
 10
25.999999999999996
 20
11.289999999999997
 10
25.999999999999996
 20
11.149999999999997
 10
26.020000000000007
 20
11.13
 10
26.020000000000007
 20
10.969999999999997
 10
26.040000000000003
 20
10.950000000000001
 10
26.06
 20
10.649999999999997
 10
26.08000000000001
 20
10.63
 10
26.08000000000001
 20
10.469999999999997
 10
26.100000000000005
 20
10.450000000000001
 10
26.100000000000005
 20
10.31
 10
26.12
 20
10.289999999999997
 10
26.12
 20
10.13
 10
26.139999999999997
 20
10.109999999999998
 10
26.139999999999997
 20
9.969999999999997
 10
26.160000000000007
 20
9.950000000000001
 10
26.160000000000007
 20
9.789999999999997
 10
26.180000000000003
 20
9.770000000000001
 10
26.2
 20
9.469999999999997
 10
26.22000000000001
 20
9.450000000000001
 10
26.22000000000001
 20
9.289999999999997
 10
26.240000000000006
 20
9.270000000000001
 10
26.240000000000006
 20
9.13
 10
26.26
 20
9.109999999999998
 10
26.26
 20
8.950000000000001
 10
26.279999999999998
 20
8.929999999999998
 10
26.279999999999998
 20
8.789999999999997
 10
26.300000000000008
 20
8.770000000000001
 10
26.300000000000008
 20
8.609999999999998
 10
26.320000000000004
 20
8.590000000000002
 10
26.34
 20
8.289999999999997
 10
26.36000000000001
 20
8.270000000000001
 10
26.36000000000001
 20
8.109999999999998
 10
26.380000000000006
 20
8.090000000000002
 10
26.380000000000006
 20
7.950000000000001
 10
26.400000000000002
 20
7.929999999999998
 10
26.400000000000002
 20
7.770000000000001
 10
26.419999999999998
 20
7.749999999999998
 10
26.419999999999998
 20
7.609999999999998
 10
26.44000000000001
 20
7.590000000000002
 10
26.44000000000001
 20
7.429999999999998
 10
26.460000000000004
 20
7.410000000000002
 10
26.48
 20
7.109999999999998
 10
26.499999999999996
 20
7.090000000000002
 10
26.499999999999996
 20
6.929999999999998
 10
26.520000000000007
 20
6.910000000000002
 10
26.520000000000007
 20
6.770000000000001
 10
26.540000000000003
 20
6.749999999999998
 10
26.540000000000003
 20
6.509999999999996
 10
26.56
 20
6.49
 10
26.56
 20
5.189999999999996
 10
26.540000000000003
 20
5.17
 10
26.540000000000003
 20
5.029999999999999
 10
26.520000000000007
 20
5.009999999999996
 10
26.520000000000007
 20
4.85
 10
26.499999999999996
 20
4.8299999999999965
 10
26.48
 20
4.5500000000000025
 10
26.460000000000004
 20
4.529999999999999
 10
26.460000000000004
 20
4.469999999999997
 10
26.44000000000001
 20
4.450000000000001
 10
26.44000000000001
 20
4.389999999999999
 10
26.419999999999998
 20
4.369999999999996
 10
26.419999999999998
 20
4.3100000000000005
 10
26.400000000000002
 20
4.289999999999997
 10
26.400000000000002
 20
4.230000000000002
 10
26.380000000000006
 20
4.209999999999999
 10
26.380000000000006
 20
4.149999999999997
 10
26.36000000000001
 20
4.130000000000001
 10
26.36000000000001
 20
4.0699999999999985
 10
26.34
 20
4.0500000000000025
 10
26.320000000000004
 20
3.910000000000002
 10
26.279999999999998
 20
3.8299999999999965
 10
26.279999999999998
 20
3.7899999999999974
 10
26.26
 20
3.7700000000000014
 10
26.240000000000006
 20
3.67
 10
26.22000000000001
 20
3.649999999999997
 10
26.22000000000001
 20
3.6099999999999977
 10
26.180000000000003
 20
3.5500000000000025
 10
26.180000000000003
 20
3.5099999999999962
 10
26.139999999999997
 20
3.429999999999998
 10
26.100000000000005
 20
3.2700000000000014
 10
26.040000000000003
 20
3.17
 10
26.040000000000003
 20
3.130000000000001
 10
25.98
 20
3.0299999999999994
 10
25.98
 20
2.99
 10
25.900000000000002
 20
2.8499999999999996
 10
25.900000000000002
 20
2.8100000000000005
 10
25.800000000000008
 20
2.6099999999999977
 10
25.76
 20
2.5699999999999985
 10
25.72000000000001
 20
2.469999999999997
 10
25.62
 20
2.3299999999999965
 10
25.520000000000007
 20
2.130000000000001
 10
25.419999999999998
 20
2.0099999999999962
 10
25.380000000000006
 20
1.9299999999999977
 10
25.279999999999998
 20
1.8100000000000003
 10
25.279999999999998
 20
1.7899999999999971
 10
25.2
 20
1.6899999999999957
 10
25.2
 20
1.6699999999999997
 10
25.139999999999997
 20
1.6099999999999974
 10
25.139999999999997
 20
1.5900000000000014
 10
24.86000000000001
 20
1.2700000000000011
 10
24.86000000000001
 20
1.249999999999998
 10
24.76
 20
1.1499999999999966
 10
24.76
 20
1.1300000000000006
 10
24.169999999999998
 20
0.5399999999999971
 10
24.150000000000002
 20
0.5399999999999971
 10
24.01
 20
0.4199999999999997
 10
23.990000000000006
 20
0.4199999999999997
 10
23.910000000000007
 20
0.3400000000000014
 10
23.889999999999997
 20
0.3400000000000014
 10
23.669999999999998
 20
0.1600000000000017
 10
23.529999999999998
 20
0.07999999999999631
 10
23.430000000000003
 20
-1.9897278269453977e-15
 10
23.410000000000007
 20
-1.9897278269453977e-15
 10
23.350000000000005
 20
-0.060000000000004265
 10
23.270000000000007
 20
-0.1000000000000034
 10
23.169999999999998
 20
-0.18000000000000171
 10
23.150000000000002
 20
-0.18000000000000171
 10
23.11000000000001
 20
-0.22000000000000086
 10
22.850000000000005
 20
-0.3399999999999983
 10
22.81
 20
-0.38000000000000456
 10
22.490000000000006
 20
-0.5400000000000011
 10
22.45
 20
-0.5400000000000011
 10
22.389999999999997
 20
-0.5800000000000003
 10
22.290000000000003
 20
-0.6000000000000034
 10
22.23
 20
-0.6400000000000026
 10
22.130000000000006
 20
-0.6599999999999986
 10
22.070000000000004
 20
-0.6999999999999977
 10
21.97000000000001
 20
-0.7200000000000009
 10
21.910000000000007
 20
-0.76
 10
21.87
 20
-0.76
 10
21.790000000000003
 20
-0.7999999999999992
 10
21.73
 20
-0.7999999999999992
 10
21.710000000000004
 20
-0.8200000000000023
 10
21.669999999999998
 20
-0.8200000000000023
 10
21.59
 20
-0.8600000000000014
 10
21.529999999999998
 20
-0.8600000000000014
 10
21.51
 20
-0.8800000000000046
 10
21.410000000000007
 20
-0.9000000000000006
 10
21.389999999999997
 20
-0.9200000000000037
 10
21.33000000000001
 20
-0.9200000000000037
 10
21.249999999999996
 20
-0.9600000000000029
 10
21.19000000000001
 20
-0.9600000000000029
 10
21.169999999999998
 20
-0.9799999999999989
 10
21.09
 20
-0.9799999999999989
 10
21.070000000000004
 20
-1.000000000000002
 10
20.990000000000006
 20
-1.000000000000002
 10
20.97000000000001
 20
-1.019999999999998
 10
20.889999999999997
 20
-1.019999999999998
 10
20.87
 20
-1.0400000000000011
 10
20.790000000000003
 20
-1.0400000000000011
 10
20.770000000000007
 20
-1.0600000000000043
 10
20.69000000000001
 20
-1.0600000000000043
 10
20.669999999999998
 20
-1.0800000000000003
 10
20.59
 20
-1.0800000000000003
 10
20.570000000000004
 20
-1.1000000000000034
 10
20.430000000000003
 20
-1.1000000000000034
 10
20.410000000000007
 20
-1.1199999999999994
 10
20.210000000000004
 20
-1.1199999999999994
 10
20.19000000000001
 20
-1.1400000000000026
 10
19.990000000000006
 20
-1.1400000000000026
 10
19.97000000000001
 20
-1.1599999999999986
 10
13.210000000000003
 20
-1.1599999999999986
 10
13.19
 20
-1.1800000000000017
 10
13.110000000000001
 20
-1.1800000000000017
 10
13.030000000000003
 20
-1.2200000000000009
 10
12.960000000000003
 20
-1.2900000000000011
 10
12.920000000000003
 20
-1.3699999999999994
 10
12.920000000000003
 20
-1.4499999999999977
 10
12.9
 20
-1.4700000000000009
 10
12.9
 20
-1.51
 10
12.87
 20
-1.5400000000000011
 10
12.83
 20
-1.5400000000000011
 10
12.810000000000004
 20
-1.5600000000000043
 10
12.750000000000002
 20
-1.5400000000000011
 10
12.72
 20
-1.51
  0
HATCH
  5
B0
330
17
100
AcDbEntity
  8
BLINDING-STRIP-HATCH
 62
7
100
AcDbHatch
 10
0.0
 20
0.0
 30
0.0
210
0.0
220
0.0
230
1.0
  2
ANSI31
 70
0
 71
0
 91
1
 92
3
 72
0
 73
1
 93
524
 10
12.72
 20
-1.4700000000000009
 10
12.700000000000005
 20
-1.4499999999999977
 10
12.700000000000005
 20
0.45000000000000084
 10
12.72
 20
0.46999999999999686
 10
12.72
 20
0.509999999999996
 10
12.750000000000002
 20
0.5399999999999971
 10
12.790000000000001
 20
0.5399999999999971
 10
12.810000000000004
 20
0.5600000000000003
 10
14.690000000000007
 20
0.5600000000000003
 10
14.710000000000003
 20
0.5799999999999963
 10
15.809999999999997
 20
0.5799999999999963
 10
15.830000000000007
 20
0.5600000000000003
 10
19.029999999999998
 20
0.5600000000000003
 10
19.050000000000008
 20
0.5799999999999963
 10
20.150000000000002
 20
0.5799999999999963
 10
20.169999999999998
 20
0.5600000000000003
 10
20.33000000000001
 20
0.5600000000000003
 10
20.350000000000005
 20
0.5799999999999963
 10
20.45
 20
0.5799999999999963
 10
20.47000000000001
 20
0.5999999999999994
 10
20.570000000000004
 20
0.5999999999999994
 10
20.59
 20
0.6199999999999954
 10
20.790000000000003
 20
0.6399999999999986
 10
20.87
 20
0.6799999999999977
 10
20.930000000000003
 20
0.6799999999999977
 10
20.95
 20
0.7000000000000008
 10
21.050000000000008
 20
0.7199999999999969
 10
21.070000000000004
 20
0.74
 10
21.130000000000006
 20
0.74
 10
21.210000000000004
 20
0.7799999999999991
 10
21.249999999999996
 20
0.7799999999999991
 10
21.270000000000007
 20
0.8000000000000023
 10
21.37
 20
0.8199999999999983
 10
21.389999999999997
 20
0.8400000000000014
 10
21.430000000000003
 20
0.8400000000000014
 10
21.490000000000006
 20
0.8800000000000006
 10
21.59
 20
0.8999999999999966
 10
21.669999999999998
 20
0.9399999999999957
 10
21.710000000000004
 20
0.9399999999999957
 10
21.889999999999997
 20
1.0399999999999971
 10
21.930000000000003
 20
1.0399999999999971
 10
22.210000000000004
 20
1.1799999999999977
 10
22.249999999999996
 20
1.2199999999999969
 10
22.31
 20
1.24
 10
22.350000000000005
 20
1.2799999999999991
 10
22.410000000000007
 20
1.3000000000000023
 10
22.45
 20
1.3400000000000014
 10
22.570000000000004
 20
1.3999999999999966
 10
22.710000000000004
 20
1.5200000000000011
 10
22.73
 20
1.5200000000000011
 10
22.87
 20
1.6399999999999986
 10
22.889999999999997
 20
1.6399999999999986
 10
22.990000000000006
 20
1.74
 10
23.01
 20
1.74
 10
23.419999999999998
 20
2.130000000000001
 10
23.419999999999998
 20
2.149999999999997
 10
23.639999999999997
 20
2.3699999999999957
 10
23.639999999999997
 20
2.389999999999999
 10
23.84
 20
2.6099999999999977
 10
23.84
 20
2.630000000000001
 10
23.900000000000002
 20
2.689999999999996
 10
23.98
 20
2.8299999999999965
 10
24.020000000000007
 20
2.8699999999999957
 10
24.040000000000003
 20
2.929999999999998
 10
24.08000000000001
 20
2.969999999999997
 10
24.12
 20
3.0500000000000025
 10
24.160000000000007
 20
3.0900000000000016
 10
24.419999999999998
 20
3.6099999999999977
 10
24.419999999999998
 20
3.649999999999997
 10
24.48
 20
3.7499999999999982
 10
24.48
 20
3.7899999999999974
 10
24.540000000000003
 20
3.889999999999999
 10
24.540000000000003
 20
3.929999999999998
 10
24.58000000000001
 20
4.009999999999996
 10
24.600000000000005
 20
4.109999999999998
 10
24.639999999999997
 20
4.17
 10
24.639999999999997
 20
4.209999999999999
 10
24.660000000000007
 20
4.230000000000002
 10
24.660000000000007
 20
4.270000000000001
 10
24.7
 20
4.35
 10
24.72000000000001
 20
4.509999999999996
 10
24.740000000000006
 20
4.529999999999999
 10
24.740000000000006
 20
4.590000000000002
 10
24.76
 20
4.609999999999998
 10
24.76
 20
4.689999999999996
 10
24.779999999999998
 20
4.709999999999999
 10
24.779999999999998
 20
4.789999999999997
 10
24.800000000000008
 20
4.8100000000000005
 10
24.800000000000008
 20
4.910000000000002
 10
24.820000000000004
 20
4.929999999999998
 10
24.820000000000004
 20
5.0699999999999985
 10
24.84
 20
5.090000000000002
 10
24.84
 20
5.230000000000002
 10
24.86000000000001
 20
5.249999999999998
 10
24.86000000000001
 20
5.509999999999996
 10
24.84
 20
5.529999999999999
 10
24.84
 20
5.609999999999998
 10
24.800000000000008
 20
5.689999999999996
 10
24.800000000000008
 20
6.749999999999998
 10
24.779999999999998
 20
6.770000000000001
 10
24.779999999999998
 20
6.929999999999998
 10
24.76
 20
6.950000000000001
 10
24.76
 20
7.109999999999998
 10
24.740000000000006
 20
7.130000000000001
 10
24.740000000000006
 20
7.289999999999997
 10
24.72000000000001
 20
7.3100000000000005
 10
24.72000000000001
 20
7.450000000000001
 10
24.7
 20
7.469999999999997
 10
24.680000000000003
 20
7.8100000000000005
 10
24.660000000000007
 20
7.8299999999999965
 10
24.660000000000007
 20
7.99
 10
24.639999999999997
 20
8.009999999999996
 10
24.639999999999997
 20
8.149999999999997
 10
24.62
 20
8.17
 10
24.62
 20
8.329999999999997
 10
24.600000000000005
 20
8.35
 10
24.600000000000005
 20
8.509999999999996
 10
24.58000000000001
 20
8.53
 10
24.58000000000001
 20
8.689999999999996
 10
24.56
 20
8.709999999999999
 10
24.540000000000003
 20
8.910000000000002
 10
24.499999999999996
 20
8.99
 10
24.44000000000001
 20
9.050000000000002
 10
24.44000000000001
 20
9.090000000000002
 10
24.419999999999998
 20
9.109999999999998
 10
24.419999999999998
 20
10.009999999999996
 10
24.400000000000002
 20
10.03
 10
24.400000000000002
 20
10.189999999999996
 10
24.380000000000006
 20
10.209999999999999
 10
24.380000000000006
 20
10.35
 10
24.36000000000001
 20
10.369999999999996
 10
24.36000000000001
 20
10.53
 10
24.34
 20
10.550000000000002
 10
24.320000000000004
 20
10.85
 10
24.300000000000008
 20
10.869999999999996
 10
24.300000000000008
 20
11.03
 10
24.279999999999998
 20
11.050000000000002
 10
24.279999999999998
 20
11.189999999999996
 10
24.26
 20
11.209999999999999
 10
24.26
 20
11.369999999999996
 10
24.240000000000006
 20
11.389999999999999
 10
24.22000000000001
 20
11.689999999999996
 10
24.2
 20
11.709999999999999
 10
24.2
 20
11.869999999999996
 10
24.180000000000003
 20
11.889999999999999
 10
24.160000000000007
 20
12.189999999999996
 10
24.139999999999997
 20
12.209999999999999
 10
24.139999999999997
 20
12.370000000000003
 10
24.12
 20
12.389999999999999
 10
24.12
 20
12.53
 10
24.100000000000005
 20
12.550000000000002
 10
24.08000000000001
 20
12.870000000000003
 10
24.06
 20
12.889999999999999
 10
24.06
 20
13.03
 10
24.040000000000003
 20
13.050000000000002
 10
24.040000000000003
 20
13.209999999999999
 10
24.020000000000007
 20
13.230000000000002
 10
24.020000000000007
 20
13.370000000000003
 10
23.999999999999996
 20
13.389999999999999
 10
23.999999999999996
 20
13.550000000000002
 10
23.98
 20
13.569999999999999
 10
23.960000000000004
 20
13.870000000000003
 10
23.94000000000001
 20
13.889999999999999
 10
23.94000000000001
 20
14.050000000000002
 10
23.919999999999998
 20
14.069999999999999
 10
23.900000000000002
 20
14.370000000000003
 10
23.880000000000006
 20
14.389999999999999
 10
23.880000000000006
 20
14.550000000000002
 10
23.86000000000001
 20
14.569999999999999
 10
23.86000000000001
 20
14.709999999999999
 10
23.84
 20
14.730000000000002
 10
23.84
 20
14.889999999999999
 10
23.820000000000004
 20
14.910000000000002
 10
23.820000000000004
 20
15.050000000000002
 10
23.800000000000008
 20
15.069999999999999
 10
23.800000000000008
 20
15.209999999999999
 10
23.779999999999998
 20
15.230000000000002
 10
23.779999999999998
 20
15.389999999999999
 10
23.76
 20
15.410000000000002
 10
23.76
 20
15.550000000000002
 10
23.740000000000006
 20
15.569999999999999
 10
23.740000000000006
 20
15.709999999999999
 10
23.72000000000001
 20
15.730000000000002
 10
23.72000000000001
 20
15.889999999999999
 10
23.7
 20
15.910000000000002
 10
23.7
 20
16.05
 10
23.680000000000003
 20
16.069999999999997
 10
23.680000000000003
 20
16.23
 10
23.660000000000007
 20
16.249999999999996
 10
23.660000000000007
 20
16.389999999999997
 10
23.639999999999997
 20
16.41
 10
23.639999999999997
 20
16.55
 10
23.62
 20
16.569999999999997
 10
23.62
 20
16.73
 10
23.600000000000005
 20
16.749999999999996
 10
23.58000000000001
 20
17.069999999999997
 10
23.56
 20
17.09
 10
23.56
 20
17.23
 10
23.540000000000003
 20
17.249999999999996
 10
23.540000000000003
 20
17.389999999999997
 10
23.520000000000007
 20
17.41
 10
23.520000000000007
 20
17.569999999999997
 10
23.499999999999996
 20
17.59
 10
23.499999999999996
 20
17.73
 10
23.48
 20
17.749999999999996
 10
23.48
 20
17.889999999999997
 10
23.460000000000004
 20
17.91
 10
23.460000000000004
 20
18.069999999999997
 10
23.44000000000001
 20
18.09
 10
23.44000000000001
 20
18.23
 10
23.419999999999998
 20
18.249999999999996
 10
23.419999999999998
 20
18.41
 10
23.400000000000002
 20
18.429999999999996
 10
23.380000000000006
 20
18.73
 10
23.36000000000001
 20
18.749999999999996
 10
23.36000000000001
 20
18.91
 10
23.34
 20
18.929999999999996
 10
23.34
 20
19.069999999999997
 10
23.320000000000004
 20
19.09
 10
23.320000000000004
 20
19.249999999999996
 10
23.300000000000008
 20
19.27
 10
23.300000000000008
 20
19.349999999999998
 10
23.279999999999998
 20
19.37
 10
23.279999999999998
 20
19.41
 10
23.240000000000006
 20
19.49
 10
23.169999999999998
 20
19.56
 10
23.09
 20
19.599999999999998
 10
23.01
 20
19.599999999999998
 10
22.990000000000006
 20
19.62
 10
22.95
 20
19.62
 10
22.919999999999998
 20
19.649999999999995
 10
22.919999999999998
 20
19.689999999999994
 10
22.900000000000002
 20
19.709999999999997
 10
22.919999999999998
 20
19.73
 10
22.919999999999998
 20
19.77
 10
22.95
 20
19.8
 10
22.990000000000006
 20
19.8
 10
23.01
 20
19.819999999999997
 10
24.56
 20
19.829999999999995
 10
24.56
 20
21.569999999999997
 10
24.58000000000001
 20
21.59
 10
24.58000000000001
 20
21.63
 10
24.61000000000001
 20
21.66
 10
24.650000000000002
 20
21.66
 10
24.669999999999998
 20
21.679999999999996
 10
24.69000000000001
 20
21.66
 10
24.73
 20
21.66
 10
24.76
 20
21.63
 10
24.76
 20
21.59
 10
24.779999999999998
 20
21.569999999999997
 10
24.779999999999998
 20
21.429999999999996
 10
24.800000000000008
 20
21.41
 10
24.800000000000008
 20
21.249999999999996
 10
24.820000000000004
 20
21.23
 10
24.84
 20
20.929999999999996
 10
24.86000000000001
 20
20.91
 10
24.86000000000001
 20
20.749999999999996
 10
24.880000000000006
 20
20.73
 10
24.880000000000006
 20
20.59
 10
24.900000000000002
 20
20.569999999999997
 10
24.900000000000002
 20
20.41
 10
24.919999999999998
 20
20.389999999999997
 10
24.919999999999998
 20
20.249999999999996
 10
24.94000000000001
 20
20.23
 10
24.94000000000001
 20
20.069999999999997
 10
24.960000000000004
 20
20.05
 10
24.98
 20
19.749999999999996
 10
24.999999999999996
 20
19.73
 10
24.999999999999996
 20
19.569999999999997
 10
25.020000000000007
 20
19.55
 10
25.020000000000007
 20
19.41
 10
25.040000000000003
 20
19.389999999999997
 10
25.06
 20
19.069999999999997
 10
25.08000000000001
 20
19.05
 10
25.08000000000001
 20
18.889999999999997
 10
25.100000000000005
 20
18.87
 10
25.12
 20
18.569999999999997
 10
25.139999999999997
 20
18.55
 10
25.139999999999997
 20
18.389999999999997
 10
25.160000000000007
 20
18.37
 10
25.160000000000007
 20
18.23
 10
25.180000000000003
 20
18.209999999999997
 10
25.2
 20
17.889999999999997
 10
25.22000000000001
 20
17.87
 10
25.22000000000001
 20
17.709999999999997
 10
25.240000000000006
 20
17.689999999999994
 10
25.240000000000006
 20
17.55
 10
25.26
 20
17.529999999999998
 10
25.26
 20
17.389999999999997
 10
25.279999999999998
 20
17.37
 10
25.279999999999998
 20
17.209999999999997
 10
25.300000000000008
 20
17.189999999999994
 10
25.300000000000008
 20
17.05
 10
25.320000000000004
 20
17.029999999999998
 10
25.320000000000004
 20
16.87
 10
25.34
 20
16.849999999999998
 10
25.36000000000001
 20
16.529999999999998
 10
25.380000000000006
 20
16.509999999999994
 10
25.400000000000002
 20
16.209999999999997
 10
25.419999999999998
 20
16.189999999999994
 10
25.419999999999998
 20
16.029999999999998
 10
25.44000000000001
 20
16.009999999999994
 10
25.44000000000001
 20
15.870000000000003
 10
25.460000000000004
 20
15.85
 10
25.460000000000004
 20
15.689999999999996
 10
25.48
 20
15.67
 10
25.499999999999996
 20
15.35
 10
25.520000000000007
 20
15.329999999999997
 10
25.520000000000007
 20
15.189999999999996
 10
25.540000000000003
 20
15.17
 10
25.540000000000003
 20
15.03
 10
25.56
 20
15.009999999999996
 10
25.56
 20
14.85
 10
25.58000000000001
 20
14.829999999999997
 10
25.58000000000001
 20
14.689999999999996
 10
25.600000000000005
 20
14.67
 10
25.600000000000005
 20
14.509999999999996
 10
25.62
 20
14.49
 10
25.639999999999997
 20
14.189999999999996
 10
25.660000000000007
 20
14.17
 10
25.660000000000007
 20
14.009999999999996
 10
25.680000000000003
 20
13.99
 10
25.680000000000003
 20
13.85
 10
25.7
 20
13.829999999999997
 10
25.7
 20
13.67
 10
25.72000000000001
 20
13.649999999999997
 10
25.72000000000001
 20
13.509999999999996
 10
25.740000000000006
 20
13.49
 10
25.740000000000006
 20
13.329999999999997
 10
25.76
 20
13.31
 10
25.779999999999998
 20
13.009999999999996
 10
25.800000000000008
 20
12.99
 10
25.800000000000008
 20
12.829999999999997
 10
25.820000000000004
 20
12.81
 10
25.820000000000004
 20
12.67
 10
25.84
 20
12.649999999999997
 10
25.84
 20
12.49
 10
25.86000000000001
 20
12.469999999999997
 10
25.86000000000001
 20
12.329999999999997
 10
25.880000000000006
 20
12.31
 10
25.880000000000006
 20
12.149999999999997
 10
25.900000000000002
 20
12.13
 10
25.919999999999998
 20
11.829999999999997
 10
25.94000000000001
 20
11.81
 10
25.94000000000001
 20
11.649999999999997
 10
25.960000000000004
 20
11.63
 10
25.960000000000004
 20
11.49
 10
25.98
 20
11.469999999999997
 10
25.98
 20
11.31
 10
25.999999999999996
 20
11.289999999999997
 10
25.999999999999996
 20
11.149999999999997
 10
26.020000000000007
 20
11.13
 10
26.020000000000007
 20
10.969999999999997
 10
26.040000000000003
 20
10.950000000000001
 10
26.06
 20
10.649999999999997
 10
26.08000000000001
 20
10.63
 10
26.08000000000001
 20
10.469999999999997
 10
26.100000000000005
 20
10.450000000000001
 10
26.100000000000005
 20
10.31
 10
26.12
 20
10.289999999999997
 10
26.12
 20
10.13
 10
26.139999999999997
 20
10.109999999999998
 10
26.139999999999997
 20
9.969999999999997
 10
26.160000000000007
 20
9.950000000000001
 10
26.160000000000007
 20
9.789999999999997
 10
26.180000000000003
 20
9.770000000000001
 10
26.2
 20
9.469999999999997
 10
26.22000000000001
 20
9.450000000000001
 10
26.22000000000001
 20
9.289999999999997
 10
26.240000000000006
 20
9.270000000000001
 10
26.240000000000006
 20
9.13
 10
26.26
 20
9.109999999999998
 10
26.26
 20
8.950000000000001
 10
26.279999999999998
 20
8.929999999999998
 10
26.279999999999998
 20
8.789999999999997
 10
26.300000000000008
 20
8.770000000000001
 10
26.300000000000008
 20
8.609999999999998
 10
26.320000000000004
 20
8.590000000000002
 10
26.34
 20
8.289999999999997
 10
26.36000000000001
 20
8.270000000000001
 10
26.36000000000001
 20
8.109999999999998
 10
26.380000000000006
 20
8.090000000000002
 10
26.380000000000006
 20
7.950000000000001
 10
26.400000000000002
 20
7.929999999999998
 10
26.400000000000002
 20
7.770000000000001
 10
26.419999999999998
 20
7.749999999999998
 10
26.419999999999998
 20
7.609999999999998
 10
26.44000000000001
 20
7.590000000000002
 10
26.44000000000001
 20
7.429999999999998
 10
26.460000000000004
 20
7.410000000000002
 10
26.48
 20
7.109999999999998
 10
26.499999999999996
 20
7.090000000000002
 10
26.499999999999996
 20
6.929999999999998
 10
26.520000000000007
 20
6.910000000000002
 10
26.520000000000007
 20
6.770000000000001
 10
26.540000000000003
 20
6.749999999999998
 10
26.540000000000003
 20
6.509999999999996
 10
26.56
 20
6.49
 10
26.56
 20
5.189999999999996
 10
26.540000000000003
 20
5.17
 10
26.540000000000003
 20
5.029999999999999
 10
26.520000000000007
 20
5.009999999999996
 10
26.520000000000007
 20
4.85
 10
26.499999999999996
 20
4.8299999999999965
 10
26.48
 20
4.5500000000000025
 10
26.460000000000004
 20
4.529999999999999
 10
26.460000000000004
 20
4.469999999999997
 10
26.44000000000001
 20
4.450000000000001
 10
26.44000000000001
 20
4.389999999999999
 10
26.419999999999998
 20
4.369999999999996
 10
26.419999999999998
 20
4.3100000000000005
 10
26.400000000000002
 20
4.289999999999997
 10
26.400000000000002
 20
4.230000000000002
 10
26.380000000000006
 20
4.209999999999999
 10
26.380000000000006
 20
4.149999999999997
 10
26.36000000000001
 20
4.130000000000001
 10
26.36000000000001
 20
4.0699999999999985
 10
26.34
 20
4.0500000000000025
 10
26.320000000000004
 20
3.910000000000002
 10
26.279999999999998
 20
3.8299999999999965
 10
26.279999999999998
 20
3.7899999999999974
 10
26.26
 20
3.7700000000000014
 10
26.240000000000006
 20
3.67
 10
26.22000000000001
 20
3.649999999999997
 10
26.22000000000001
 20
3.6099999999999977
 10
26.180000000000003
 20
3.5500000000000025
 10
26.180000000000003
 20
3.5099999999999962
 10
26.139999999999997
 20
3.429999999999998
 10
26.100000000000005
 20
3.2700000000000014
 10
26.040000000000003
 20
3.17
 10
26.040000000000003
 20
3.130000000000001
 10
25.98
 20
3.0299999999999994
 10
25.98
 20
2.99
 10
25.900000000000002
 20
2.8499999999999996
 10
25.900000000000002
 20
2.8100000000000005
 10
25.800000000000008
 20
2.6099999999999977
 10
25.76
 20
2.5699999999999985
 10
25.72000000000001
 20
2.469999999999997
 10
25.62
 20
2.3299999999999965
 10
25.520000000000007
 20
2.130000000000001
 10
25.419999999999998
 20
2.0099999999999962
 10
25.380000000000006
 20
1.9299999999999977
 10
25.279999999999998
 20
1.8100000000000003
 10
25.279999999999998
 20
1.7899999999999971
 10
25.2
 20
1.6899999999999957
 10
25.2
 20
1.6699999999999997
 10
25.139999999999997
 20
1.6099999999999974
 10
25.139999999999997
 20
1.5900000000000014
 10
24.86000000000001
 20
1.2700000000000011
 10
24.86000000000001
 20
1.249999999999998
 10
24.76
 20
1.1499999999999966
 10
24.76
 20
1.1300000000000006
 10
24.169999999999998
 20
0.5399999999999971
 10
24.150000000000002
 20
0.5399999999999971
 10
24.01
 20
0.4199999999999997
 10
23.990000000000006
 20
0.4199999999999997
 10
23.910000000000007
 20
0.3400000000000014
 10
23.889999999999997
 20
0.3400000000000014
 10
23.669999999999998
 20
0.1600000000000017
 10
23.529999999999998
 20
0.07999999999999631
 10
23.430000000000003
 20
-1.9897278269453977e-15
 10
23.410000000000007
 20
-1.9897278269453977e-15
 10
23.350000000000005
 20
-0.060000000000004265
 10
23.270000000000007
 20
-0.1000000000000034
 10
23.169999999999998
 20
-0.18000000000000171
 10
23.150000000000002
 20
-0.18000000000000171
 10
23.11000000000001
 20
-0.22000000000000086
 10
22.850000000000005
 20
-0.3399999999999983
 10
22.81
 20
-0.38000000000000456
 10
22.490000000000006
 20
-0.5400000000000011
 10
22.45
 20
-0.5400000000000011
 10
22.389999999999997
 20
-0.5800000000000003
 10
22.290000000000003
 20
-0.6000000000000034
 10
22.23
 20
-0.6400000000000026
 10
22.130000000000006
 20
-0.6599999999999986
 10
22.070000000000004
 20
-0.6999999999999977
 10
21.97000000000001
 20
-0.7200000000000009
 10
21.910000000000007
 20
-0.76
 10
21.87
 20
-0.76
 10
21.790000000000003
 20
-0.7999999999999992
 10
21.73
 20
-0.7999999999999992
 10
21.710000000000004
 20
-0.8200000000000023
 10
21.669999999999998
 20
-0.8200000000000023
 10
21.59
 20
-0.8600000000000014
 10
21.529999999999998
 20
-0.8600000000000014
 10
21.51
 20
-0.8800000000000046
 10
21.410000000000007
 20
-0.9000000000000006
 10
21.389999999999997
 20
-0.9200000000000037
 10
21.33000000000001
 20
-0.9200000000000037
 10
21.249999999999996
 20
-0.9600000000000029
 10
21.19000000000001
 20
-0.9600000000000029
 10
21.169999999999998
 20
-0.9799999999999989
 10
21.09
 20
-0.9799999999999989
 10
21.070000000000004
 20
-1.000000000000002
 10
20.990000000000006
 20
-1.000000000000002
 10
20.97000000000001
 20
-1.019999999999998
 10
20.889999999999997
 20
-1.019999999999998
 10
20.87
 20
-1.0400000000000011
 10
20.790000000000003
 20
-1.0400000000000011
 10
20.770000000000007
 20
-1.0600000000000043
 10
20.69000000000001
 20
-1.0600000000000043
 10
20.669999999999998
 20
-1.0800000000000003
 10
20.59
 20
-1.0800000000000003
 10
20.570000000000004
 20
-1.1000000000000034
 10
20.430000000000003
 20
-1.1000000000000034
 10
20.410000000000007
 20
-1.1199999999999994
 10
20.210000000000004
 20
-1.1199999999999994
 10
20.19000000000001
 20
-1.1400000000000026
 10
19.990000000000006
 20
-1.1400000000000026
 10
19.97000000000001
 20
-1.1599999999999986
 10
13.210000000000003
 20
-1.1599999999999986
 10
13.19
 20
-1.1800000000000017
 10
13.110000000000001
 20
-1.1800000000000017
 10
13.030000000000003
 20
-1.2200000000000009
 10
12.960000000000003
 20
-1.2900000000000011
 10
12.920000000000003
 20
-1.3699999999999994
 10
12.920000000000003
 20
-1.4499999999999977
 10
12.9
 20
-1.4700000000000009
 10
12.9
 20
-1.51
 10
12.87
 20
-1.5400000000000011
 10
12.83
 20
-1.5400000000000011
 10
12.810000000000004
 20
-1.5600000000000043
 10
12.750000000000002
 20
-1.5400000000000011
 10
12.72
 20
-1.51
 97
0
 75
1
 76
1
 52
0.0
 41
0.05
 77
0
 78
1
 53
45.0
 43
0.0
 44
0.0
 45
-0.1122532015
 46
0.1122532015
 79
0
 98
0
  0
MTEXT
  5
B1
330
17
100
AcDbEntity
  8
BLINDING-LABEL
100
AcDbMText
 10
25.27
 20
10.069999999999999
 30
0.0
 40
0.25
 71
5
  1
Continuous (strip) footings\P53.15 m²
  0
LWPOLYLINE
  5
B2
330
17
100
AcDbEntity
  8
BLINDING-STRIP
100
AcDbPolyline
 90
143
 70
1
 10
22.22000000000001
 20
24.289999999999996
 10
22.2
 20
24.31
 10
22.180000000000003
 20
24.63
 10
22.160000000000007
 20
24.649999999999995
 10
22.160000000000007
 20
24.789999999999996
 10
22.139999999999997
 20
24.81
 10
22.139999999999997
 20
24.969999999999995
 10
22.12
 20
24.99
 10
22.12
 20
25.13
 10
22.100000000000005
 20
25.149999999999995
 10
22.100000000000005
 20
25.31
 10
22.08000000000001
 20
25.329999999999995
 10
22.08000000000001
 20
25.469999999999995
 10
22.06
 20
25.49
 10
22.06
 20
25.649999999999995
 10
22.040000000000003
 20
25.669999999999998
 10
22.040000000000003
 20
25.81
 10
22.020000000000007
 20
25.829999999999995
 10
22.020000000000007
 20
25.99
 10
21.999999999999996
 20
26.009999999999994
 10
21.999999999999996
 20
26.149999999999995
 10
21.98
 20
26.169999999999998
 10
21.98
 20
26.329999999999995
 10
21.960000000000004
 20
26.349999999999998
 10
21.960000000000004
 20
26.49
 10
21.94000000000001
 20
26.509999999999994
 10
21.94000000000001
 20
26.649999999999995
 10
21.919999999999998
 20
26.669999999999998
 10
21.919999999999998
 20
26.829999999999995
 10
21.900000000000002
 20
26.849999999999998
 10
21.900000000000002
 20
26.99
 10
21.880000000000006
 20
27.009999999999994
 10
21.880000000000006
 20
27.169999999999998
 10
21.86000000000001
 20
27.19
 10
21.86000000000001
 20
27.329999999999995
 10
21.84
 20
27.349999999999998
 10
21.84
 20
27.509999999999994
 10
21.820000000000004
 20
27.529999999999998
 10
21.820000000000004
 20
27.669999999999998
 10
21.800000000000008
 20
27.69
 10
21.800000000000008
 20
27.849999999999998
 10
21.779999999999998
 20
27.87
 10
21.779999999999998
 20
28.009999999999998
 10
21.76
 20
28.029999999999998
 10
21.740000000000006
 20
28.349999999999998
 10
21.72000000000001
 20
28.369999999999997
 10
21.7
 20
28.529999999999998
 10
21.660000000000007
 20
28.61
 10
21.59
 20
28.679999999999996
 10
21.529999999999998
 20
28.7
 10
21.499999999999996
 20
28.729999999999997
 10
21.499999999999996
 20
28.769999999999996
 10
21.48
 20
28.79
 10
21.499999999999996
 20
28.81
 10
21.499999999999996
 20
28.849999999999998
 10
21.529999999999998
 20
28.88
 10
21.570000000000004
 20
28.88
 10
21.59
 20
28.9
 10
23.47000000000001
 20
28.9
 10
23.48
 20
30.669999999999998
 10
23.499999999999996
 20
30.689999999999998
 10
23.499999999999996
 20
30.729999999999997
 10
23.529999999999998
 20
30.759999999999998
 10
23.570000000000004
 20
30.759999999999998
 10
23.59
 20
30.779999999999998
 10
23.61000000000001
 20
30.759999999999998
 10
23.660000000000007
 20
30.749999999999996
 10
23.7
 20
30.669999999999998
 10
23.7
 20
30.529999999999998
 10
23.72000000000001
 20
30.509999999999998
 10
23.72000000000001
 20
30.369999999999997
 10
23.740000000000006
 20
30.349999999999998
 10
23.740000000000006
 20
30.189999999999998
 10
23.76
 20
30.169999999999998
 10
23.76
 20
30.029999999999998
 10
23.779999999999998
 20
30.009999999999998
 10
23.779999999999998
 20
29.849999999999998
 10
23.800000000000008
 20
29.83
 10
23.800000000000008
 20
29.689999999999998
 10
23.820000000000004
 20
29.669999999999998
 10
23.820000000000004
 20
29.509999999999998
 10
23.84
 20
29.49
 10
23.84
 20
29.349999999999998
 10
23.86000000000001
 20
29.33
 10
23.86000000000001
 20
29.189999999999998
 10
23.880000000000006
 20
29.169999999999998
 10
23.880000000000006
 20
29.009999999999998
 10
23.900000000000002
 20
28.99
 10
23.900000000000002
 20
28.849999999999998
 10
23.919999999999998
 20
28.83
 10
23.919999999999998
 20
28.669999999999998
 10
23.94000000000001
 20
28.65
 10
23.94000000000001
 20
28.509999999999998
 10
23.960000000000004
 20
28.49
 10
23.960000000000004
 20
28.33
 10
23.98
 20
28.31
 10
23.999999999999996
 20
28.009999999999998
 10
24.020000000000007
 20
27.99
 10
24.020000000000007
 20
27.829999999999995
 10
24.040000000000003
 20
27.81
 10
24.040000000000003
 20
27.669999999999998
 10
24.06
 20
27.649999999999995
 10
24.06
 20
27.49
 10
24.08000000000001
 20
27.469999999999995
 10
24.08000000000001
 20
27.329999999999995
 10
24.100000000000005
 20
27.31
 10
24.100000000000005
 20
27.149999999999995
 10
24.12
 20
27.13
 10
24.139999999999997
 20
26.829999999999995
 10
24.160000000000007
 20
26.81
 10
24.160000000000007
 20
26.649999999999995
 10
24.180000000000003
 20
26.63
 10
24.180000000000003
 20
26.49
 10
24.2
 20
26.469999999999995
 10
24.22000000000001
 20
26.149999999999995
 10
24.240000000000006
 20
26.13
 10
24.240000000000006
 20
25.969999999999995
 10
24.26
 20
25.95
 10
24.279999999999998
 20
25.649999999999995
 10
24.300000000000008
 20
25.63
 10
24.300000000000008
 20
25.469999999999995
 10
24.320000000000004
 20
25.45
 10
24.320000000000004
 20
25.31
 10
24.34
 20
25.289999999999996
 10
24.36000000000001
 20
24.969999999999995
 10
24.380000000000006
 20
24.95
 10
24.380000000000006
 20
24.789999999999996
 10
24.400000000000002
 20
24.77
 10
24.400000000000002
 20
24.63
 10
24.419999999999998
 20
24.609999999999996
 10
24.419999999999998
 20
24.469999999999995
 10
24.380000000000006
 20
24.389999999999997
 10
24.33000000000001
 20
24.38
 10
24.31
 20
24.359999999999996
 10
22.430000000000003
 20
24.359999999999996
 10
22.419999999999998
 20
24.31
 10
22.400000000000002
 20
24.289999999999996
 10
22.400000000000002
 20
24.249999999999996
 10
22.37
 20
24.219999999999995
 10
22.33000000000001
 20
24.219999999999995
 10
22.31
 20
24.2
 10
22.249999999999996
 20
24.219999999999995
 10
22.22000000000001
 20
24.249999999999996
  0
HATCH
  5
B3
330
17
100
AcDbEntity
  8
BLINDING-STRIP-HATCH
 62
7
100
AcDbHatch
 10
0.0
 20
0.0
 30
0.0
210
0.0
220
0.0
230
1.0
  2
ANSI31
 70
0
 71
0
 91
1
 92
3
 72
0
 73
1
 93
143
 10
22.22000000000001
 20
24.289999999999996
 10
22.2
 20
24.31
 10
22.180000000000003
 20
24.63
 10
22.160000000000007
 20
24.649999999999995
 10
22.160000000000007
 20
24.789999999999996
 10
22.139999999999997
 20
24.81
 10
22.139999999999997
 20
24.969999999999995
 10
22.12
 20
24.99
 10
22.12
 20
25.13
 10
22.100000000000005
 20
25.149999999999995
 10
22.100000000000005
 20
25.31
 10
22.08000000000001
 20
25.329999999999995
 10
22.08000000000001
 20
25.469999999999995
 10
22.06
 20
25.49
 10
22.06
 20
25.649999999999995
 10
22.040000000000003
 20
25.669999999999998
 10
22.040000000000003
 20
25.81
 10
22.020000000000007
 20
25.829999999999995
 10
22.020000000000007
 20
25.99
 10
21.999999999999996
 20
26.009999999999994
 10
21.999999999999996
 20
26.149999999999995
 10
21.98
 20
26.169999999999998
 10
21.98
 20
26.329999999999995
 10
21.960000000000004
 20
26.349999999999998
 10
21.960000000000004
 20
26.49
 10
21.94000000000001
 20
26.509999999999994
 10
21.94000000000001
 20
26.649999999999995
 10
21.919999999999998
 20
26.669999999999998
 10
21.919999999999998
 20
26.829999999999995
 10
21.900000000000002
 20
26.849999999999998
 10
21.900000000000002
 20
26.99
 10
21.880000000000006
 20
27.009999999999994
 10
21.880000000000006
 20
27.169999999999998
 10
21.86000000000001
 20
27.19
 10
21.86000000000001
 20
27.329999999999995
 10
21.84
 20
27.349999999999998
 10
21.84
 20
27.509999999999994
 10
21.820000000000004
 20
27.529999999999998
 10
21.820000000000004
 20
27.669999999999998
 10
21.800000000000008
 20
27.69
 10
21.800000000000008
 20
27.849999999999998
 10
21.779999999999998
 20
27.87
 10
21.779999999999998
 20
28.009999999999998
 10
21.76
 20
28.029999999999998
 10
21.740000000000006
 20
28.349999999999998
 10
21.72000000000001
 20
28.369999999999997
 10
21.7
 20
28.529999999999998
 10
21.660000000000007
 20
28.61
 10
21.59
 20
28.679999999999996
 10
21.529999999999998
 20
28.7
 10
21.499999999999996
 20
28.729999999999997
 10
21.499999999999996
 20
28.769999999999996
 10
21.48
 20
28.79
 10
21.499999999999996
 20
28.81
 10
21.499999999999996
 20
28.849999999999998
 10
21.529999999999998
 20
28.88
 10
21.570000000000004
 20
28.88
 10
21.59
 20
28.9
 10
23.47000000000001
 20
28.9
 10
23.48
 20
30.669999999999998
 10
23.499999999999996
 20
30.689999999999998
 10
23.499999999999996
 20
30.729999999999997
 10
23.529999999999998
 20
30.759999999999998
 10
23.570000000000004
 20
30.759999999999998
 10
23.59
 20
30.779999999999998
 10
23.61000000000001
 20
30.759999999999998
 10
23.660000000000007
 20
30.749999999999996
 10
23.7
 20
30.669999999999998
 10
23.7
 20
30.529999999999998
 10
23.72000000000001
 20
30.509999999999998
 10
23.72000000000001
 20
30.369999999999997
 10
23.740000000000006
 20
30.349999999999998
 10
23.740000000000006
 20
30.189999999999998
 10
23.76
 20
30.169999999999998
 10
23.76
 20
30.029999999999998
 10
23.779999999999998
 20
30.009999999999998
 10
23.779999999999998
 20
29.849999999999998
 10
23.800000000000008
 20
29.83
 10
23.800000000000008
 20
29.689999999999998
 10
23.820000000000004
 20
29.669999999999998
 10
23.820000000000004
 20
29.509999999999998
 10
23.84
 20
29.49
 10
23.84
 20
29.349999999999998
 10
23.86000000000001
 20
29.33
 10
23.86000000000001
 20
29.189999999999998
 10
23.880000000000006
 20
29.169999999999998
 10
23.880000000000006
 20
29.009999999999998
 10
23.900000000000002
 20
28.99
 10
23.900000000000002
 20
28.849999999999998
 10
23.919999999999998
 20
28.83
 10
23.919999999999998
 20
28.669999999999998
 10
23.94000000000001
 20
28.65
 10
23.94000000000001
 20
28.509999999999998
 10
23.960000000000004
 20
28.49
 10
23.960000000000004
 20
28.33
 10
23.98
 20
28.31
 10
23.999999999999996
 20
28.009999999999998
 10
24.020000000000007
 20
27.99
 10
24.020000000000007
 20
27.829999999999995
 10
24.040000000000003
 20
27.81
 10
24.040000000000003
 20
27.669999999999998
 10
24.06
 20
27.649999999999995
 10
24.06
 20
27.49
 10
24.08000000000001
 20
27.469999999999995
 10
24.08000000000001
 20
27.329999999999995
 10
24.100000000000005
 20
27.31
 10
24.100000000000005
 20
27.149999999999995
 10
24.12
 20
27.13
 10
24.139999999999997
 20
26.829999999999995
 10
24.160000000000007
 20
26.81
 10
24.160000000000007
 20
26.649999999999995
 10
24.180000000000003
 20
26.63
 10
24.180000000000003
 20
26.49
 10
24.2
 20
26.469999999999995
 10
24.22000000000001
 20
26.149999999999995
 10
24.240000000000006
 20
26.13
 10
24.240000000000006
 20
25.969999999999995
 10
24.26
 20
25.95
 10
24.279999999999998
 20
25.649999999999995
 10
24.300000000000008
 20
25.63
 10
24.300000000000008
 20
25.469999999999995
 10
24.320000000000004
 20
25.45
 10
24.320000000000004
 20
25.31
 10
24.34
 20
25.289999999999996
 10
24.36000000000001
 20
24.969999999999995
 10
24.380000000000006
 20
24.95
 10
24.380000000000006
 20
24.789999999999996
 10
24.400000000000002
 20
24.77
 10
24.400000000000002
 20
24.63
 10
24.419999999999998
 20
24.609999999999996
 10
24.419999999999998
 20
24.469999999999995
 10
24.380000000000006
 20
24.389999999999997
 10
24.33000000000001
 20
24.38
 10
24.31
 20
24.359999999999996
 10
22.430000000000003
 20
24.359999999999996
 10
22.419999999999998
 20
24.31
 10
22.400000000000002
 20
24.289999999999996
 10
22.400000000000002
 20
24.249999999999996
 10
22.37
 20
24.219999999999995
 10
22.33000000000001
 20
24.219999999999995
 10
22.31
 20
24.2
 10
22.249999999999996
 20
24.219999999999995
 10
22.22000000000001
 20
24.249999999999996
 97
0
 75
1
 76
1
 52
0.0
 41
0.05
 77
0
 78
1
 53
45.0
 43
0.0
 44
0.0
 45
-0.1122532015
 46
0.1122532015
 79
0
 98
0
  0
MTEXT
  5
B4
330
17
100
AcDbEntity
  8
BLINDING-LABEL
100
AcDbMText
 10
22.95
 20
27.499999999999996
 30
0.0
 40
0.25
 71
5
  1
Continuous (strip) footings\P10.81 m²
  0
LWPOLYLINE
  5
B5
330
17
100
AcDbEntity
  8
BLINDING-STRIP
100
AcDbPolyline
 90
152
 70
1
 10
21.2
 20
32.85
 10
21.180000000000003
 20
32.87
 10
21.180000000000003
 20
33.01
 10
21.160000000000007
 20
33.03
 10
21.160000000000007
 20
33.17
 10
21.139999999999997
 20
33.190000000000005
 10
21.139999999999997
 20
33.330000000000005
 10
21.12
 20
33.35
 10
21.12
 20
33.49
 10
21.100000000000005
 20
33.51
 10
21.08000000000001
 20
33.81
 10
21.06
 20
33.830000000000005
 10
21.06
 20
33.970000000000006
 10
21.040000000000003
 20
33.99
 10
21.040000000000003
 20
34.13
 10
21.020000000000007
 20
34.15
 10
21.020000000000007
 20
34.29
 10
20.999999999999996
 20
34.31
 10
20.999999999999996
 20
34.45
 10
20.98
 20
34.470000000000006
 10
20.98
 20
34.61000000000001
 10
20.960000000000004
 20
34.63
 10
20.960000000000004
 20
34.77
 10
20.94000000000001
 20
34.79
 10
20.94000000000001
 20
34.93
 10
20.919999999999998
 20
34.95
 10
20.900000000000002
 20
35.25
 10
20.880000000000006
 20
35.27
 10
20.880000000000006
 20
35.410000000000004
 10
20.86000000000001
 20
35.43
 10
20.86000000000001
 20
35.57
 10
20.84
 20
35.589999999999996
 10
20.84
 20
35.73
 10
20.820000000000004
 20
35.75
 10
20.820000000000004
 20
35.89
 10
20.800000000000008
 20
35.910000000000004
 10
20.800000000000008
 20
36.050000000000004
 10
20.779999999999998
 20
36.07
 10
20.779999999999998
 20
36.21
 10
20.76
 20
36.23
 10
20.76
 20
36.37
 10
20.740000000000006
 20
36.39
 10
20.740000000000006
 20
36.53
 10
20.72000000000001
 20
36.550000000000004
 10
20.72000000000001
 20
36.690000000000005
 10
20.7
 20
36.71
 10
20.7
 20
36.85
 10
20.680000000000003
 20
36.87
 10
20.680000000000003
 20
37.01
 10
20.660000000000007
 20
37.03
 10
20.660000000000007
 20
37.17
 10
20.639999999999997
 20
37.190000000000005
 10
20.62
 20
37.35
 10
20.58000000000001
 20
37.43
 10
20.460000000000004
 20
37.53
 10
20.460000000000004
 20
37.57
 10
20.44000000000001
 20
37.589999999999996
 10
20.48
 20
37.67
 10
20.529999999999998
 20
37.68
 10
20.550000000000008
 20
37.7
 10
22.430000000000003
 20
37.7
 10
22.44000000000001
 20
39.45
 10
22.48
 20
39.53
 10
22.529999999999998
 20
39.54
 10
22.550000000000008
 20
39.56
 10
22.570000000000004
 20
39.54
 10
22.61000000000001
 20
39.54
 10
22.639999999999997
 20
39.51
 10
22.639999999999997
 20
39.470000000000006
 10
22.660000000000007
 20
39.45
 10
22.660000000000007
 20
39.29
 10
22.680000000000003
 20
39.27
 10
22.680000000000003
 20
39.13
 10
22.7
 20
39.11000000000001
 10
22.7
 20
38.95
 10
22.72000000000001
 20
38.93
 10
22.72000000000001
 20
38.79
 10
22.740000000000006
 20
38.77
 10
22.740000000000006
 20
38.61000000000001
 10
22.76
 20
38.589999999999996
 10
22.76
 20
38.45
 10
22.779999999999998
 20
38.43
 10
22.779999999999998
 20
38.29
 10
22.800000000000008
 20
38.27
 10
22.800000000000008
 20
38.11000000000001
 10
22.820000000000004
 20
38.089999999999996
 10
22.820000000000004
 20
37.95
 10
22.84
 20
37.93
 10
22.84
 20
37.77
 10
22.86000000000001
 20
37.75
 10
22.86000000000001
 20
37.61000000000001
 10
22.880000000000006
 20
37.589999999999996
 10
22.880000000000006
 20
37.43
 10
22.900000000000002
 20
37.410000000000004
 10
22.919999999999998
 20
37.11000000000001
 10
22.94000000000001
 20
37.089999999999996
 10
22.94000000000001
 20
36.93
 10
22.960000000000004
 20
36.910000000000004
 10
22.960000000000004
 20
36.77
 10
22.98
 20
36.75
 10
22.98
 20
36.589999999999996
 10
22.999999999999996
 20
36.57
 10
22.999999999999996
 20
36.43
 10
23.020000000000007
 20
36.410000000000004
 10
23.020000000000007
 20
36.25
 10
23.040000000000003
 20
36.23
 10
23.040000000000003
 20
36.089999999999996
 10
23.06
 20
36.07
 10
23.06
 20
35.93
 10
23.08000000000001
 20
35.910000000000004
 10
23.08000000000001
 20
35.75
 10
23.100000000000005
 20
35.73
 10
23.100000000000005
 20
35.589999999999996
 10
23.12
 20
35.57
 10
23.139999999999997
 20
35.25
 10
23.160000000000007
 20
35.23
 10
23.160000000000007
 20
35.07
 10
23.180000000000003
 20
35.050000000000004
 10
23.2
 20
34.75
 10
23.22000000000001
 20
34.73
 10
23.22000000000001
 20
34.57
 10
23.240000000000006
 20
34.550000000000004
 10
23.240000000000006
 20
34.410000000000004
 10
23.26
 20
34.39
 10
23.26
 20
34.23
 10
23.279999999999998
 20
34.21
 10
23.279999999999998
 20
34.07
 10
23.300000000000008
 20
34.050000000000004
 10
23.300000000000008
 20
33.89
 10
23.320000000000004
 20
33.87
 10
23.320000000000004
 20
33.73
 10
23.34
 20
33.71
 10
23.34
 20
33.57
 10
23.36000000000001
 20
33.550000000000004
 10
23.36000000000001
 20
33.39
 10
23.380000000000006
 20
33.37
 10
23.380000000000006
 20
33.23
 10
23.400000000000002
 20
33.21
 10
23.400000000000002
 20
33.050000000000004
 10
23.380000000000006
 20
33.03
 10
23.380000000000006
 20
32.99
 10
23.350000000000005
 20
32.96
 10
23.31
 20
32.96
 10
23.290000000000003
 20
32.940000000000005
 10
21.410000000000007
 20
32.940000000000005
 10
21.380000000000006
 20
32.81
 10
21.350000000000005
 20
32.78
 10
21.31
 20
32.78
 10
21.290000000000003
 20
32.76
 10
21.270000000000007
 20
32.78
 10
21.23
 20
32.78
 10
21.2
 20
32.81
  0
HATCH
  5
B6
330
17
100
AcDbEntity
  8
BLINDING-STRIP-HATCH
 62
7
100
AcDbHatch
 10
0.0
 20
0.0
 30
0.0
210
0.0
220
0.0
230
1.0
  2
ANSI31
 70
0
 71
0
 91
1
 92
3
 72
0
 73
1
 93
152
 10
21.2
 20
32.85
 10
21.180000000000003
 20
32.87
 10
21.180000000000003
 20
33.01
 10
21.160000000000007
 20
33.03
 10
21.160000000000007
 20
33.17
 10
21.139999999999997
 20
33.190000000000005
 10
21.139999999999997
 20
33.330000000000005
 10
21.12
 20
33.35
 10
21.12
 20
33.49
 10
21.100000000000005
 20
33.51
 10
21.08000000000001
 20
33.81
 10
21.06
 20
33.830000000000005
 10
21.06
 20
33.970000000000006
 10
21.040000000000003
 20
33.99
 10
21.040000000000003
 20
34.13
 10
21.020000000000007
 20
34.15
 10
21.020000000000007
 20
34.29
 10
20.999999999999996
 20
34.31
 10
20.999999999999996
 20
34.45
 10
20.98
 20
34.470000000000006
 10
20.98
 20
34.61000000000001
 10
20.960000000000004
 20
34.63
 10
20.960000000000004
 20
34.77
 10
20.94000000000001
 20
34.79
 10
20.94000000000001
 20
34.93
 10
20.919999999999998
 20
34.95
 10
20.900000000000002
 20
35.25
 10
20.880000000000006
 20
35.27
 10
20.880000000000006
 20
35.410000000000004
 10
20.86000000000001
 20
35.43
 10
20.86000000000001
 20
35.57
 10
20.84
 20
35.589999999999996
 10
20.84
 20
35.73
 10
20.820000000000004
 20
35.75
 10
20.820000000000004
 20
35.89
 10
20.800000000000008
 20
35.910000000000004
 10
20.800000000000008
 20
36.050000000000004
 10
20.779999999999998
 20
36.07
 10
20.779999999999998
 20
36.21
 10
20.76
 20
36.23
 10
20.76
 20
36.37
 10
20.740000000000006
 20
36.39
 10
20.740000000000006
 20
36.53
 10
20.72000000000001
 20
36.550000000000004
 10
20.72000000000001
 20
36.690000000000005
 10
20.7
 20
36.71
 10
20.7
 20
36.85
 10
20.680000000000003
 20
36.87
 10
20.680000000000003
 20
37.01
 10
20.660000000000007
 20
37.03
 10
20.660000000000007
 20
37.17
 10
20.639999999999997
 20
37.190000000000005
 10
20.62
 20
37.35
 10
20.58000000000001
 20
37.43
 10
20.460000000000004
 20
37.53
 10
20.460000000000004
 20
37.57
 10
20.44000000000001
 20
37.589999999999996
 10
20.48
 20
37.67
 10
20.529999999999998
 20
37.68
 10
20.550000000000008
 20
37.7
 10
22.430000000000003
 20
37.7
 10
22.44000000000001
 20
39.45
 10
22.48
 20
39.53
 10
22.529999999999998
 20
39.54
 10
22.550000000000008
 20
39.56
 10
22.570000000000004
 20
39.54
 10
22.61000000000001
 20
39.54
 10
22.639999999999997
 20
39.51
 10
22.639999999999997
 20
39.470000000000006
 10
22.660000000000007
 20
39.45
 10
22.660000000000007
 20
39.29
 10
22.680000000000003
 20
39.27
 10
22.680000000000003
 20
39.13
 10
22.7
 20
39.11000000000001
 10
22.7
 20
38.95
 10
22.72000000000001
 20
38.93
 10
22.72000000000001
 20
38.79
 10
22.740000000000006
 20
38.77
 10
22.740000000000006
 20
38.61000000000001
 10
22.76
 20
38.589999999999996
 10
22.76
 20
38.45
 10
22.779999999999998
 20
38.43
 10
22.779999999999998
 20
38.29
 10
22.800000000000008
 20
38.27
 10
22.800000000000008
 20
38.11000000000001
 10
22.820000000000004
 20
38.089999999999996
 10
22.820000000000004
 20
37.95
 10
22.84
 20
37.93
 10
22.84
 20
37.77
 10
22.86000000000001
 20
37.75
 10
22.86000000000001
 20
37.61000000000001
 10
22.880000000000006
 20
37.589999999999996
 10
22.880000000000006
 20
37.43
 10
22.900000000000002
 20
37.410000000000004
 10
22.919999999999998
 20
37.11000000000001
 10
22.94000000000001
 20
37.089999999999996
 10
22.94000000000001
 20
36.93
 10
22.960000000000004
 20
36.910000000000004
 10
22.960000000000004
 20
36.77
 10
22.98
 20
36.75
 10
22.98
 20
36.589999999999996
 10
22.999999999999996
 20
36.57
 10
22.999999999999996
 20
36.43
 10
23.020000000000007
 20
36.410000000000004
 10
23.020000000000007
 20
36.25
 10
23.040000000000003
 20
36.23
 10
23.040000000000003
 20
36.089999999999996
 10
23.06
 20
36.07
 10
23.06
 20
35.93
 10
23.08000000000001
 20
35.910000000000004
 10
23.08000000000001
 20
35.75
 10
23.100000000000005
 20
35.73
 10
23.100000000000005
 20
35.589999999999996
 10
23.12
 20
35.57
 10
23.139999999999997
 20
35.25
 10
23.160000000000007
 20
35.23
 10
23.160000000000007
 20
35.07
 10
23.180000000000003
 20
35.050000000000004
 10
23.2
 20
34.75
 10
23.22000000000001
 20
34.73
 10
23.22000000000001
 20
34.57
 10
23.240000000000006
 20
34.550000000000004
 10
23.240000000000006
 20
34.410000000000004
 10
23.26
 20
34.39
 10
23.26
 20
34.23
 10
23.279999999999998
 20
34.21
 10
23.279999999999998
 20
34.07
 10
23.300000000000008
 20
34.050000000000004
 10
23.300000000000008
 20
33.89
 10
23.320000000000004
 20
33.87
 10
23.320000000000004
 20
33.73
 10
23.34
 20
33.71
 10
23.34
 20
33.57
 10
23.36000000000001
 20
33.550000000000004
 10
23.36000000000001
 20
33.39
 10
23.380000000000006
 20
33.37
 10
23.380000000000006
 20
33.23
 10
23.400000000000002
 20
33.21
 10
23.400000000000002
 20
33.050000000000004
 10
23.380000000000006
 20
33.03
 10
23.380000000000006
 20
32.99
 10
23.350000000000005
 20
32.96
 10
23.31
 20
32.96
 10
23.290000000000003
 20
32.940000000000005
 10
21.410000000000007
 20
32.940000000000005
 10
21.380000000000006
 20
32.81
 10
21.350000000000005
 20
32.78
 10
21.31
 20
32.78
 10
21.290000000000003
 20
32.76
 10
21.270000000000007
 20
32.78
 10
21.23
 20
32.78
 10
21.2
 20
32.81
 97
0
 75
1
 76
1
 52
0.0
 41
0.05
 77
0
 78
1
 53
45.0
 43
0.0
 44
0.0
 45
-0.1122532015
 46
0.1122532015
 79
0
 98
0
  0
MTEXT
  5
B7
330
17
100
AcDbEntity
  8
BLINDING-LABEL
100
AcDbMText
 10
21.91
 20
36.15
 30
0.0
 40
0.25
 71
5
  1
Continuous (strip) footings\P11.38 m²
  0
LWPOLYLINE
  5
B8
330
17
100
AcDbEntity
  8
BLINDING-STRIP
100
AcDbPolyline
 90
264
 70
1
 10
20.279999999999998
 20
41.23
 10
20.240000000000006
 20
41.31
 10
20.26
 20
41.330000000000005
 10
20.26
 20
41.37
 10
20.290000000000003
 20
41.4
 10
20.33000000000001
 20
41.4
 10
20.350000000000005
 20
41.42
 10
20.430000000000003
 20
41.42
 10
20.51
 20
41.46
 10
20.58000000000001
 20
41.53
 10
20.62
 20
41.61000000000001
 10
20.62
 20
41.690000000000005
 10
20.639999999999997
 20
41.71
 10
20.639999999999997
 20
41.87
 10
20.62
 20
41.89
 10
20.62
 20
42.03
 10
20.600000000000005
 20
42.050000000000004
 10
20.600000000000005
 20
42.21
 10
20.58000000000001
 20
42.23
 10
20.58000000000001
 20
42.39
 10
20.56
 20
42.410000000000004
 10
20.56
 20
42.57
 10
20.540000000000003
 20
42.589999999999996
 10
20.540000000000003
 20
42.75
 10
20.520000000000007
 20
42.77
 10
20.520000000000007
 20
42.93
 10
20.499999999999996
 20
42.95
 10
20.499999999999996
 20
43.11000000000001
 10
20.48
 20
43.13
 10
20.460000000000004
 20
43.410000000000004
 10
20.44000000000001
 20
43.43
 10
20.44000000000001
 20
43.51
 10
20.400000000000002
 20
43.59
 10
20.34
 20
43.65
 10
20.34
 20
43.690000000000005
 10
20.320000000000004
 20
43.71
 10
20.320000000000004
 20
44.65
 10
20.300000000000008
 20
44.67
 10
20.300000000000008
 20
44.81
 10
20.279999999999998
 20
44.830000000000005
 10
20.279999999999998
 20
44.970000000000006
 10
20.26
 20
44.99
 10
20.26
 20
45.15
 10
20.240000000000006
 20
45.17
 10
20.22000000000001
 20
45.49
 10
20.2
 20
45.51
 10
20.2
 20
45.65
 10
20.180000000000003
 20
45.67
 10
20.180000000000003
 20
45.830000000000005
 10
20.160000000000007
 20
45.85
 10
20.160000000000007
 20
45.99
 10
20.139999999999997
 20
46.01
 10
20.139999999999997
 20
46.15
 10
20.12
 20
46.17
 10
20.12
 20
46.330000000000005
 10
20.100000000000005
 20
46.35
 10
20.100000000000005
 20
46.49
 10
20.08000000000001
 20
46.51
 10
20.08000000000001
 20
46.67
 10
20.06
 20
46.690000000000005
 10
20.040000000000003
 20
47.01
 10
20.020000000000007
 20
47.03
 10
20.020000000000007
 20
47.17
 10
19.999999999999996
 20
47.190000000000005
 10
19.999999999999996
 20
47.35
 10
19.98
 20
47.37
 10
19.98
 20
47.51
 10
19.960000000000004
 20
47.53
 10
19.960000000000004
 20
47.67
 10
19.94000000000001
 20
47.690000000000005
 10
19.94000000000001
 20
47.85
 10
19.919999999999998
 20
47.87
 10
19.900000000000002
 20
48.190000000000005
 10
19.880000000000006
 20
48.21
 10
19.880000000000006
 20
48.35
 10
19.86000000000001
 20
48.37
 10
19.86000000000001
 20
48.53
 10
19.84
 20
48.550000000000004
 10
19.84
 20
48.690000000000005
 10
19.820000000000004
 20
48.71
 10
19.820000000000004
 20
48.85
 10
19.800000000000008
 20
48.87
 10
19.800000000000008
 20
49.03
 10
19.779999999999998
 20
49.050000000000004
 10
19.779999999999998
 20
49.190000000000005
 10
19.76
 20
49.21
 10
19.76
 20
49.37
 10
19.740000000000006
 20
49.39
 10
19.72000000000001
 20
49.71
 10
19.7
 20
49.730000000000004
 10
19.680000000000003
 20
50.03
 10
19.660000000000007
 20
50.050000000000004
 10
19.660000000000007
 20
50.21
 10
19.639999999999997
 20
50.230000000000004
 10
19.639999999999997
 20
50.37
 10
19.62
 20
50.39
 10
19.62
 20
50.550000000000004
 10
19.600000000000005
 20
50.57
 10
19.600000000000005
 20
50.71
 10
19.58000000000001
 20
50.730000000000004
 10
19.58000000000001
 20
50.89
 10
19.56
 20
50.910000000000004
 10
19.56
 20
51.050000000000004
 10
19.540000000000003
 20
51.07
 10
19.540000000000003
 20
51.230000000000004
 10
19.520000000000007
 20
51.25
 10
19.520000000000007
 20
51.39
 10
19.499999999999996
 20
51.410000000000004
 10
19.499999999999996
 20
51.550000000000004
 10
19.48
 20
51.57
 10
19.460000000000004
 20
51.77
 10
19.419999999999998
 20
51.85
 10
19.350000000000005
 20
51.92
 10
19.270000000000007
 20
51.96
 10
19.19000000000001
 20
51.96
 10
19.169999999999998
 20
51.980000000000004
 10
19.130000000000006
 20
51.980000000000004
 10
19.100000000000005
 20
52.01
 10
19.100000000000005
 20
52.050000000000004
 10
19.08000000000001
 20
52.07
 10
19.100000000000005
 20
52.09
 10
19.100000000000005
 20
52.13
 10
19.130000000000006
 20
52.160000000000004
 10
19.169999999999998
 20
52.160000000000004
 10
19.19000000000001
 20
52.18
 10
20.72000000000001
 20
52.190000000000005
 10
20.72000000000001
 20
53.93
 10
20.740000000000006
 20
53.95
 10
20.749999999999996
 20
54.0
 10
20.83000000000001
 20
54.04
 10
20.910000000000007
 20
54.0
 10
20.919999999999998
 20
53.95
 10
20.94000000000001
 20
53.93
 10
20.960000000000004
 20
53.61
 10
20.98
 20
53.59
 10
20.999999999999996
 20
53.29
 10
21.020000000000007
 20
53.27
 10
21.020000000000007
 20
53.11
 10
21.040000000000003
 20
53.09
 10
21.040000000000003
 20
52.95
 10
21.06
 20
52.93
 10
21.06
 20
52.77
 10
21.08000000000001
 20
52.75
 10
21.08000000000001
 20
52.61
 10
21.100000000000005
 20
52.59
 10
21.100000000000005
 20
52.43
 10
21.12
 20
52.410000000000004
 10
21.139999999999997
 20
52.11
 10
21.160000000000007
 20
52.09
 10
21.160000000000007
 20
51.93
 10
21.180000000000003
 20
51.910000000000004
 10
21.180000000000003
 20
51.77
 10
21.2
 20
51.75
 10
21.2
 20
51.59
 10
21.22000000000001
 20
51.57
 10
21.22000000000001
 20
51.43
 10
21.240000000000006
 20
51.410000000000004
 10
21.240000000000006
 20
51.25
 10
21.26
 20
51.230000000000004
 10
21.279999999999998
 20
50.93
 10
21.300000000000008
 20
50.910000000000004
 10
21.300000000000008
 20
50.75
 10
21.320000000000004
 20
50.730000000000004
 10
21.320000000000004
 20
50.59
 10
21.34
 20
50.57
 10
21.36000000000001
 20
50.25
 10
21.380000000000006
 20
50.230000000000004
 10
21.380000000000006
 20
50.07
 10
21.400000000000002
 20
50.050000000000004
 10
21.419999999999998
 20
49.75
 10
21.44000000000001
 20
49.730000000000004
 10
21.44000000000001
 20
49.57
 10
21.460000000000004
 20
49.550000000000004
 10
21.460000000000004
 20
49.410000000000004
 10
21.48
 20
49.39
 10
21.499999999999996
 20
49.07
 10
21.520000000000007
 20
49.050000000000004
 10
21.520000000000007
 20
48.89
 10
21.540000000000003
 20
48.87
 10
21.56
 20
48.57
 10
21.58000000000001
 20
48.550000000000004
 10
21.58000000000001
 20
48.39
 10
21.600000000000005
 20
48.37
 10
21.600000000000005
 20
48.230000000000004
 10
21.62
 20
48.21
 10
21.62
 20
48.050000000000004
 10
21.639999999999997
 20
48.03
 10
21.639999999999997
 20
47.89
 10
21.660000000000007
 20
47.87
 10
21.660000000000007
 20
47.730000000000004
 10
21.680000000000003
 20
47.71
 10
21.7
 20
47.39
 10
21.72000000000001
 20
47.37
 10
21.72000000000001
 20
47.21
 10
21.740000000000006
 20
47.190000000000005
 10
21.740000000000006
 20
47.050000000000004
 10
21.76
 20
47.03
 10
21.76
 20
46.87
 10
21.779999999999998
 20
46.85
 10
21.779999999999998
 20
46.71
 10
21.800000000000008
 20
46.690000000000005
 10
21.800000000000008
 20
46.550000000000004
 10
21.820000000000004
 20
46.53
 10
21.820000000000004
 20
46.37
 10
21.84
 20
46.35
 10
21.84
 20
46.21
 10
21.86000000000001
 20
46.190000000000005
 10
21.880000000000006
 20
45.87
 10
21.900000000000002
 20
45.85
 10
21.900000000000002
 20
45.690000000000005
 10
21.919999999999998
 20
45.67
 10
21.919999999999998
 20
45.53
 10
21.94000000000001
 20
45.51
 10
21.94000000000001
 20
45.37
 10
21.960000000000004
 20
45.35
 10
21.960000000000004
 20
45.190000000000005
 10
21.98
 20
45.17
 10
21.98
 20
45.03
 10
21.999999999999996
 20
45.01
 10
21.999999999999996
 20
44.85
 10
22.020000000000007
 20
44.830000000000005
 10
22.020000000000007
 20
44.690000000000005
 10
22.040000000000003
 20
44.67
 10
22.040000000000003
 20
44.51
 10
22.06
 20
44.49
 10
22.06
 20
44.35
 10
22.08000000000001
 20
44.330000000000005
 10
22.08000000000001
 20
44.190000000000005
 10
22.100000000000005
 20
44.17
 10
22.100000000000005
 20
44.01
 10
22.12
 20
43.99
 10
22.12
 20
43.85
 10
22.139999999999997
 20
43.830000000000005
 10
22.160000000000007
 20
43.51
 10
22.180000000000003
 20
43.49
 10
22.180000000000003
 20
43.330000000000005
 10
22.2
 20
43.31
 10
22.2
 20
43.17
 10
22.22000000000001
 20
43.15
 10
22.22000000000001
 20
43.01
 10
22.240000000000006
 20
42.99
 10
22.240000000000006
 20
42.830000000000005
 10
22.26
 20
42.81
 10
22.26
 20
42.67
 10
22.279999999999998
 20
42.65
 10
22.279999999999998
 20
42.49
 10
22.300000000000008
 20
42.470000000000006
 10
22.300000000000008
 20
42.330000000000005
 10
22.320000000000004
 20
42.31
 10
22.320000000000004
 20
42.15
 10
22.34
 20
42.13
 10
22.34
 20
41.99
 10
22.36000000000001
 20
41.970000000000006
 10
22.36000000000001
 20
41.830000000000005
 10
22.380000000000006
 20
41.81
 10
22.400000000000002
 20
41.49
 10
22.419999999999998
 20
41.470000000000006
 10
22.419999999999998
 20
41.31
 10
22.400000000000002
 20
41.29
 10
22.400000000000002
 20
41.25
 10
22.37
 20
41.220000000000006
 10
22.270000000000007
 20
41.2
 10
20.350000000000005
 20
41.2
 10
20.33000000000001
 20
41.220000000000006
  0
HATCH
  5
B9
330
17
100
AcDbEntity
  8
BLINDING-STRIP-HATCH
 62
7
100
AcDbHatch
 10
0.0
 20
0.0
 30
0.0
210
0.0
220
0.0
230
1.0
  2
ANSI31
 70
0
 71
0
 91
1
 92
3
 72
0
 73
1
 93
264
 10
20.279999999999998
 20
41.23
 10
20.240000000000006
 20
41.31
 10
20.26
 20
41.330000000000005
 10
20.26
 20
41.37
 10
20.290000000000003
 20
41.4
 10
20.33000000000001
 20
41.4
 10
20.350000000000005
 20
41.42
 10
20.430000000000003
 20
41.42
 10
20.51
 20
41.46
 10
20.58000000000001
 20
41.53
 10
20.62
 20
41.61000000000001
 10
20.62
 20
41.690000000000005
 10
20.639999999999997
 20
41.71
 10
20.639999999999997
 20
41.87
 10
20.62
 20
41.89
 10
20.62
 20
42.03
 10
20.600000000000005
 20
42.050000000000004
 10
20.600000000000005
 20
42.21
 10
20.58000000000001
 20
42.23
 10
20.58000000000001
 20
42.39
 10
20.56
 20
42.410000000000004
 10
20.56
 20
42.57
 10
20.540000000000003
 20
42.589999999999996
 10
20.540000000000003
 20
42.75
 10
20.520000000000007
 20
42.77
 10
20.520000000000007
 20
42.93
 10
20.499999999999996
 20
42.95
 10
20.499999999999996
 20
43.11000000000001
 10
20.48
 20
43.13
 10
20.460000000000004
 20
43.410000000000004
 10
20.44000000000001
 20
43.43
 10
20.44000000000001
 20
43.51
 10
20.400000000000002
 20
43.59
 10
20.34
 20
43.65
 10
20.34
 20
43.690000000000005
 10
20.320000000000004
 20
43.71
 10
20.320000000000004
 20
44.65
 10
20.300000000000008
 20
44.67
 10
20.300000000000008
 20
44.81
 10
20.279999999999998
 20
44.830000000000005
 10
20.279999999999998
 20
44.970000000000006
 10
20.26
 20
44.99
 10
20.26
 20
45.15
 10
20.240000000000006
 20
45.17
 10
20.22000000000001
 20
45.49
 10
20.2
 20
45.51
 10
20.2
 20
45.65
 10
20.180000000000003
 20
45.67
 10
20.180000000000003
 20
45.830000000000005
 10
20.160000000000007
 20
45.85
 10
20.160000000000007
 20
45.99
 10
20.139999999999997
 20
46.01
 10
20.139999999999997
 20
46.15
 10
20.12
 20
46.17
 10
20.12
 20
46.330000000000005
 10
20.100000000000005
 20
46.35
 10
20.100000000000005
 20
46.49
 10
20.08000000000001
 20
46.51
 10
20.08000000000001
 20
46.67
 10
20.06
 20
46.690000000000005
 10
20.040000000000003
 20
47.01
 10
20.020000000000007
 20
47.03
 10
20.020000000000007
 20
47.17
 10
19.999999999999996
 20
47.190000000000005
 10
19.999999999999996
 20
47.35
 10
19.98
 20
47.37
 10
19.98
 20
47.51
 10
19.960000000000004
 20
47.53
 10
19.960000000000004
 20
47.67
 10
19.94000000000001
 20
47.690000000000005
 10
19.94000000000001
 20
47.85
 10
19.919999999999998
 20
47.87
 10
19.900000000000002
 20
48.190000000000005
 10
19.880000000000006
 20
48.21
 10
19.880000000000006
 20
48.35
 10
19.86000000000001
 20
48.37
 10
19.86000000000001
 20
48.53
 10
19.84
 20
48.550000000000004
 10
19.84
 20
48.690000000000005
 10
19.820000000000004
 20
48.71
 10
19.820000000000004
 20
48.85
 10
19.800000000000008
 20
48.87
 10
19.800000000000008
 20
49.03
 10
19.779999999999998
 20
49.050000000000004
 10
19.779999999999998
 20
49.190000000000005
 10
19.76
 20
49.21
 10
19.76
 20
49.37
 10
19.740000000000006
 20
49.39
 10
19.72000000000001
 20
49.71
 10
19.7
 20
49.730000000000004
 10
19.680000000000003
 20
50.03
 10
19.660000000000007
 20
50.050000000000004
 10
19.660000000000007
 20
50.21
 10
19.639999999999997
 20
50.230000000000004
 10
19.639999999999997
 20
50.37
 10
19.62
 20
50.39
 10
19.62
 20
50.550000000000004
 10
19.600000000000005
 20
50.57
 10
19.600000000000005
 20
50.71
 10
19.58000000000001
 20
50.730000000000004
 10
19.58000000000001
 20
50.89
 10
19.56
 20
50.910000000000004
 10
19.56
 20
51.050000000000004
 10
19.540000000000003
 20
51.07
 10
19.540000000000003
 20
51.230000000000004
 10
19.520000000000007
 20
51.25
 10
19.520000000000007
 20
51.39
 10
19.499999999999996
 20
51.410000000000004
 10
19.499999999999996
 20
51.550000000000004
 10
19.48
 20
51.57
 10
19.460000000000004
 20
51.77
 10
19.419999999999998
 20
51.85
 10
19.350000000000005
 20
51.92
 10
19.270000000000007
 20
51.96
 10
19.19000000000001
 20
51.96
 10
19.169999999999998
 20
51.980000000000004
 10
19.130000000000006
 20
51.980000000000004
 10
19.100000000000005
 20
52.01
 10
19.100000000000005
 20
52.050000000000004
 10
19.08000000000001
 20
52.07
 10
19.100000000000005
 20
52.09
 10
19.100000000000005
 20
52.13
 10
19.130000000000006
 20
52.160000000000004
 10
19.169999999999998
 20
52.160000000000004
 10
19.19000000000001
 20
52.18
 10
20.72000000000001
 20
52.190000000000005
 10
20.72000000000001
 20
53.93
 10
20.740000000000006
 20
53.95
 10
20.749999999999996
 20
54.0
 10
20.83000000000001
 20
54.04
 10
20.910000000000007
 20
54.0
 10
20.919999999999998
 20
53.95
 10
20.94000000000001
 20
53.93
 10
20.960000000000004
 20
53.61
 10
20.98
 20
53.59
 10
20.999999999999996
 20
53.29
 10
21.020000000000007
 20
53.27
 10
21.020000000000007
 20
53.11
 10
21.040000000000003
 20
53.09
 10
21.040000000000003
 20
52.95
 10
21.06
 20
52.93
 10
21.06
 20
52.77
 10
21.08000000000001
 20
52.75
 10
21.08000000000001
 20
52.61
 10
21.100000000000005
 20
52.59
 10
21.100000000000005
 20
52.43
 10
21.12
 20
52.410000000000004
 10
21.139999999999997
 20
52.11
 10
21.160000000000007
 20
52.09
 10
21.160000000000007
 20
51.93
 10
21.180000000000003
 20
51.910000000000004
 10
21.180000000000003
 20
51.77
 10
21.2
 20
51.75
 10
21.2
 20
51.59
 10
21.22000000000001
 20
51.57
 10
21.22000000000001
 20
51.43
 10
21.240000000000006
 20
51.410000000000004
 10
21.240000000000006
 20
51.25
 10
21.26
 20
51.230000000000004
 10
21.279999999999998
 20
50.93
 10
21.300000000000008
 20
50.910000000000004
 10
21.300000000000008
 20
50.75
 10
21.320000000000004
 20
50.730000000000004
 10
21.320000000000004
 20
50.59
 10
21.34
 20
50.57
 10
21.36000000000001
 20
50.25
 10
21.380000000000006
 20
50.230000000000004
 10
21.380000000000006
 20
50.07
 10
21.400000000000002
 20
50.050000000000004
 10
21.419999999999998
 20
49.75
 10
21.44000000000001
 20
49.730000000000004
 10
21.44000000000001
 20
49.57
 10
21.460000000000004
 20
49.550000000000004
 10
21.460000000000004
 20
49.410000000000004
 10
21.48
 20
49.39
 10
21.499999999999996
 20
49.07
 10
21.520000000000007
 20
49.050000000000004
 10
21.520000000000007
 20
48.89
 10
21.540000000000003
 20
48.87
 10
21.56
 20
48.57
 10
21.58000000000001
 20
48.550000000000004
 10
21.58000000000001
 20
48.39
 10
21.600000000000005
 20
48.37
 10
21.600000000000005
 20
48.230000000000004
 10
21.62
 20
48.21
 10
21.62
 20
48.050000000000004
 10
21.639999999999997
 20
48.03
 10
21.639999999999997
 20
47.89
 10
21.660000000000007
 20
47.87
 10
21.660000000000007
 20
47.730000000000004
 10
21.680000000000003
 20
47.71
 10
21.7
 20
47.39
 10
21.72000000000001
 20
47.37
 10
21.72000000000001
 20
47.21
 10
21.740000000000006
 20
47.190000000000005
 10
21.740000000000006
 20
47.050000000000004
 10
21.76
 20
47.03
 10
21.76
 20
46.87
 10
21.779999999999998
 20
46.85
 10
21.779999999999998
 20
46.71
 10
21.800000000000008
 20
46.690000000000005
 10
21.800000000000008
 20
46.550000000000004
 10
21.820000000000004
 20
46.53
 10
21.820000000000004
 20
46.37
 10
21.84
 20
46.35
 10
21.84
 20
46.21
 10
21.86000000000001
 20
46.190000000000005
 10
21.880000000000006
 20
45.87
 10
21.900000000000002
 20
45.85
 10
21.900000000000002
 20
45.690000000000005
 10
21.919999999999998
 20
45.67
 10
21.919999999999998
 20
45.53
 10
21.94000000000001
 20
45.51
 10
21.94000000000001
 20
45.37
 10
21.960000000000004
 20
45.35
 10
21.960000000000004
 20
45.190000000000005
 10
21.98
 20
45.17
 10
21.98
 20
45.03
 10
21.999999999999996
 20
45.01
 10
21.999999999999996
 20
44.85
 10
22.020000000000007
 20
44.830000000000005
 10
22.020000000000007
 20
44.690000000000005
 10
22.040000000000003
 20
44.67
 10
22.040000000000003
 20
44.51
 10
22.06
 20
44.49
 10
22.06
 20
44.35
 10
22.08000000000001
 20
44.330000000000005
 10
22.08000000000001
 20
44.190000000000005
 10
22.100000000000005
 20
44.17
 10
22.100000000000005
 20
44.01
 10
22.12
 20
43.99
 10
22.12
 20
43.85
 10
22.139999999999997
 20
43.830000000000005
 10
22.160000000000007
 20
43.51
 10
22.180000000000003
 20
43.49
 10
22.180000000000003
 20
43.330000000000005
 10
22.2
 20
43.31
 10
22.2
 20
43.17
 10
22.22000000000001
 20
43.15
 10
22.22000000000001
 20
43.01
 10
22.240000000000006
 20
42.99
 10
22.240000000000006
 20
42.830000000000005
 10
22.26
 20
42.81
 10
22.26
 20
42.67
 10
22.279999999999998
 20
42.65
 10
22.279999999999998
 20
42.49
 10
22.300000000000008
 20
42.470000000000006
 10
22.300000000000008
 20
42.330000000000005
 10
22.320000000000004
 20
42.31
 10
22.320000000000004
 20
42.15
 10
22.34
 20
42.13
 10
22.34
 20
41.99
 10
22.36000000000001
 20
41.970000000000006
 10
22.36000000000001
 20
41.830000000000005
 10
22.380000000000006
 20
41.81
 10
22.400000000000002
 20
41.49
 10
22.419999999999998
 20
41.470000000000006
 10
22.419999999999998
 20
41.31
 10
22.400000000000002
 20
41.29
 10
22.400000000000002
 20
41.25
 10
22.37
 20
41.220000000000006
 10
22.270000000000007
 20
41.2
 10
20.350000000000005
 20
41.2
 10
20.33000000000001
 20
41.220000000000006
 97
0
 75
1
 76
1
 52
0.0
 41
0.05
 77
0
 78
1
 53
45.0
 43
0.0
 44
0.0
 45
-0.1122532015
 46
0.1122532015
 79
0
 98
0
  0
MTEXT
  5
BA
330
17
100
AcDbEntity
  8
BLINDING-LABEL
100
AcDbMText
 10
20.823437500000004
 20
47.6
 30
0.0
 40
0.25
 71
5
  1
Continuous (strip) footings\P19.76 m²
  0
LWPOLYLINE
  5
BD
330
17
100
AcDbEntity
  8
BLINDING-RAFT-50
100
AcDbPolyline
 90
94
 70
1
 10
-29.49
 20
46.32
 10
-29.509999999999998
 20
46.34
 10
-34.65
 20
46.34
 10
-34.67
 20
46.36
 10
-34.71
 20
46.36
 10
-34.74
 20
46.39
 10
-34.74
 20
46.43
 10
-34.76
 20
46.45
 10
-34.76
 20
51.25
 10
-34.74
 20
51.27
 10
-34.74
 20
51.31
 10
-34.67
 20
51.38
 10
-34.65
 20
51.38
 10
-34.49
 20
51.54
 10
-34.470000000000006
 20
51.54
 10
-34.31
 20
51.7
 10
-34.29
 20
51.7
 10
-34.13
 20
51.86
 10
-34.11
 20
51.86
 10
-33.95
 20
52.02
 10
-33.93
 20
52.02
 10
-33.77
 20
52.18
 10
-33.75
 20
52.18
 10
-33.59
 20
52.34
 10
-33.57
 20
52.34
 10
-33.410000000000004
 20
52.5
 10
-33.39
 20
52.5
 10
-33.23
 20
52.660000000000004
 10
-33.21
 20
52.660000000000004
 10
-33.050000000000004
 20
52.82
 10
-33.03
 20
52.82
 10
-32.87
 20
52.980000000000004
 10
-32.85
 20
52.980000000000004
 10
-32.690000000000005
 20
53.14
 10
-32.67
 20
53.14
 10
-32.51
 20
53.300000000000004
 10
-32.49
 20
53.300000000000004
 10
-32.330000000000005
 20
53.46
 10
-32.31
 20
53.46
 10
-32.15
 20
53.620000000000005
 10
-32.13
 20
53.620000000000005
 10
-31.63
 20
54.080000000000005
 10
-31.61
 20
54.080000000000005
 10
-31.45
 20
54.24
 10
-31.43
 20
54.24
 10
-31.27
 20
54.4
 10
-31.249999999999996
 20
54.4
 10
-31.089999999999996
 20
54.56
 10
-31.069999999999997
 20
54.56
 10
-30.909999999999997
 20
54.72
 10
-30.889999999999997
 20
54.72
 10
-30.729999999999997
 20
54.88
 10
-30.709999999999997
 20
54.88
 10
-30.549999999999997
 20
55.04
 10
-30.529999999999998
 20
55.04
 10
-30.369999999999997
 20
55.2
 10
-30.349999999999998
 20
55.2
 10
-30.189999999999998
 20
55.36
 10
-30.169999999999998
 20
55.36
 10
-30.009999999999998
 20
55.52
 10
-29.99
 20
55.52
 10
-29.83
 20
55.68
 10
-29.81
 20
55.68
 10
-29.65
 20
55.84
 10
-29.63
 20
55.84
 10
-29.47
 20
56.0
 10
-29.45
 20
56.0
 10
-29.29
 20
56.160000000000004
 10
-29.27
 20
56.160000000000004
 10
-29.11
 20
56.32
 10
-29.089999999999996
 20
56.32
 10
-28.849999999999998
 20
56.54
 10
-28.81
 20
56.54
 10
-28.79
 20
56.56
 10
-25.79
 20
56.56
 10
-25.709999999999997
 20
56.52
 10
-25.7
 20
56.47
 10
-25.679999999999996
 20
56.45
 10
-25.679999999999996
 20
55.65
 10
-25.659999999999997
 20
55.63
 10
-25.659999999999997
 20
54.53
 10
-25.679999999999996
 20
54.51
 10
-25.679999999999996
 20
49.31
 10
-25.659999999999997
 20
49.29
 10
-25.659999999999997
 20
48.190000000000005
 10
-25.679999999999996
 20
48.17
 10
-25.679999999999996
 20
46.45
 10
-25.7
 20
46.43
 10
-25.7
 20
46.39
 10
-25.729999999999997
 20
46.36
 10
-25.77
 20
46.36
 10
-25.79
 20
46.34
 10
-28.369999999999997
 20
46.34
 10
-28.409999999999997
 20
46.32
  0
HATCH
  5
BE
330
17
100
AcDbEntity
  8
BLINDING-RAFT-50-HATCH
 62
7
100
AcDbHatch
 10
0.0
 20
0.0
 30
0.0
210
0.0
220
0.0
230
1.0
  2
ANSI31
 70
0
 71
0
 91
1
 92
3
 72
0
 73
1
 93
94
 10
-29.49
 20
46.32
 10
-29.509999999999998
 20
46.34
 10
-34.65
 20
46.34
 10
-34.67
 20
46.36
 10
-34.71
 20
46.36
 10
-34.74
 20
46.39
 10
-34.74
 20
46.43
 10
-34.76
 20
46.45
 10
-34.76
 20
51.25
 10
-34.74
 20
51.27
 10
-34.74
 20
51.31
 10
-34.67
 20
51.38
 10
-34.65
 20
51.38
 10
-34.49
 20
51.54
 10
-34.470000000000006
 20
51.54
 10
-34.31
 20
51.7
 10
-34.29
 20
51.7
 10
-34.13
 20
51.86
 10
-34.11
 20
51.86
 10
-33.95
 20
52.02
 10
-33.93
 20
52.02
 10
-33.77
 20
52.18
 10
-33.75
 20
52.18
 10
-33.59
 20
52.34
 10
-33.57
 20
52.34
 10
-33.410000000000004
 20
52.5
 10
-33.39
 20
52.5
 10
-33.23
 20
52.660000000000004
 10
-33.21
 20
52.660000000000004
 10
-33.050000000000004
 20
52.82
 10
-33.03
 20
52.82
 10
-32.87
 20
52.980000000000004
 10
-32.85
 20
52.980000000000004
 10
-32.690000000000005
 20
53.14
 10
-32.67
 20
53.14
 10
-32.51
 20
53.300000000000004
 10
-32.49
 20
53.300000000000004
 10
-32.330000000000005
 20
53.46
 10
-32.31
 20
53.46
 10
-32.15
 20
53.620000000000005
 10
-32.13
 20
53.620000000000005
 10
-31.63
 20
54.080000000000005
 10
-31.61
 20
54.080000000000005
 10
-31.45
 20
54.24
 10
-31.43
 20
54.24
 10
-31.27
 20
54.4
 10
-31.249999999999996
 20
54.4
 10
-31.089999999999996
 20
54.56
 10
-31.069999999999997
 20
54.56
 10
-30.909999999999997
 20
54.72
 10
-30.889999999999997
 20
54.72
 10
-30.729999999999997
 20
54.88
 10
-30.709999999999997
 20
54.88
 10
-30.549999999999997
 20
55.04
 10
-30.529999999999998
 20
55.04
 10
-30.369999999999997
 20
55.2
 10
-30.349999999999998
 20
55.2
 10
-30.189999999999998
 20
55.36
 10
-30.169999999999998
 20
55.36
 10
-30.009999999999998
 20
55.52
 10
-29.99
 20
55.52
 10
-29.83
 20
55.68
 10
-29.81
 20
55.68
 10
-29.65
 20
55.84
 10
-29.63
 20
55.84
 10
-29.47
 20
56.0
 10
-29.45
 20
56.0
 10
-29.29
 20
56.160000000000004
 10
-29.27
 20
56.160000000000004
 10
-29.11
 20
56.32
 10
-29.089999999999996
 20
56.32
 10
-28.849999999999998
 20
56.54
 10
-28.81
 20
56.54
 10
-28.79
 20
56.56
 10
-25.79
 20
56.56
 10
-25.709999999999997
 20
56.52
 10
-25.7
 20
56.47
 10
-25.679999999999996
 20
56.45
 10
-25.679999999999996
 20
55.65
 10
-25.659999999999997
 20
55.63
 10
-25.659999999999997
 20
54.53
 10
-25.679999999999996
 20
54.51
 10
-25.679999999999996
 20
49.31
 10
-25.659999999999997
 20
49.29
 10
-25.659999999999997
 20
48.190000000000005
 10
-25.679999999999996
 20
48.17
 10
-25.679999999999996
 20
46.45
 10
-25.7
 20
46.43
 10
-25.7
 20
46.39
 10
-25.729999999999997
 20
46.36
 10
-25.77
 20
46.36
 10
-25.79
 20
46.34
 10
-28.369999999999997
 20
46.34
 10
-28.409999999999997
 20
46.32
 97
0
 75
1
 76
1
 52
0.0
 41
0.05
 77
0
 78
1
 53
45.0
 43
0.0
 44
0.0
 45
-0.1122532015
 46
0.1122532015
 79
0
 98
0
  0
MTEXT
  5
BF
330
17
100
AcDbEntity
  8
BLINDING-LABEL
100
AcDbMText
 10
-30.125
 20
51.46
 30
0.0
 40
0.25
 71
5
  1
Raft / mat 50 cm\P77.23 m²
  0
LWPOLYLINE
  5
C2
330
17
100
AcDbEntity
  8
BLINDING-RAFT-60
100
AcDbPolyline
 90
551
 70
1
 10
-27.229999999999997
 20
-4.419999999999996
 10
-27.74
 20
-3.869999999999999
 10
-27.74
 20
-3.850000000000003
 10
-27.919999999999998
 20
-3.6700000000000035
 10
-27.919999999999998
 20
-3.6500000000000004
 10
-28.099999999999998
 20
-3.4700000000000006
 10
-28.099999999999998
 20
-3.4500000000000046
 10
-28.279999999999998
 20
-3.269999999999998
 10
-28.279999999999998
 20
-3.2500000000000018
 10
-28.459999999999997
 20
-3.070000000000002
 10
-28.459999999999997
 20
-3.049999999999999
 10
-28.639999999999997
 20
-2.869999999999999
 10
-28.639999999999997
 20
-2.850000000000003
 10
-28.819999999999997
 20
-2.6700000000000035
 10
-28.819999999999997
 20
-2.6500000000000004
 10
-28.999999999999996
 20
-2.4700000000000006
 10
-28.999999999999996
 20
-2.4500000000000046
 10
-29.189999999999998
 20
-2.26
 10
-29.27
 20
-2.2200000000000006
 10
-29.349999999999998
 20
-2.2200000000000006
 10
-29.369999999999997
 20
-2.2000000000000046
 10
-30.249999999999996
 20
-2.2000000000000046
 10
-30.27
 20
-2.1800000000000015
 10
-30.31
 20
-2.1800000000000015
 10
-30.36
 20
-2.1300000000000043
 10
-30.36
 20
-2.089999999999998
 10
-30.38
 20
-2.070000000000002
 10
-30.419999999999998
 20
-1.9099999999999986
 10
-30.439999999999998
 20
-1.8900000000000026
 10
-30.439999999999998
 20
-1.8500000000000034
 10
-30.479999999999997
 20
-1.769999999999998
 10
-30.479999999999997
 20
-1.7299999999999989
 10
-30.499999999999996
 20
-1.7100000000000029
 10
-30.54
 20
-1.5499999999999992
 10
-30.56
 20
-1.5300000000000031
 10
-30.56
 20
-1.490000000000004
 10
-30.58
 20
-1.4700000000000009
 10
-30.599999999999998
 20
-1.3699999999999994
 10
-30.619999999999997
 20
-1.3500000000000034
 10
-30.659999999999997
 20
-1.1899999999999997
 10
-30.68
 20
-1.1700000000000037
 10
-30.72
 20
-1.01
 10
-30.74
 20
-0.990000000000004
 10
-30.74
 20
-0.9499999999999977
 10
-30.759999999999998
 20
-0.9300000000000017
 10
-30.799999999999997
 20
-0.769999999999998
 10
-30.839999999999996
 20
-0.6899999999999997
 10
-30.839999999999996
 20
-0.6500000000000006
 10
-30.86
 20
-0.6300000000000046
 10
-30.86
 20
-0.5899999999999983
 10
-30.88
 20
-0.5700000000000023
 10
-30.88
 20
-0.5300000000000031
 10
-30.9
 20
-0.51
 10
-30.919999999999998
 20
-0.4099999999999986
 10
-30.939999999999998
 20
-0.39000000000000257
 10
-30.979999999999997
 20
-0.22999999999999887
 10
-30.999999999999996
 20
-0.21000000000000285
 10
-31.04
 20
-0.04999999999999915
 10
-31.06
 20
-0.03000000000000313
 10
-31.06
 20
0.00999999999999602
 10
-31.08
 20
0.029999999999999145
 10
-31.099999999999998
 20
0.13000000000000056
 10
-31.119999999999997
 20
0.14999999999999658
 10
-31.159999999999997
 20
0.3100000000000003
 10
-31.18
 20
0.3299999999999963
 10
-31.22
 20
0.49
 10
-31.24
 20
0.509999999999996
 10
-31.24
 20
0.5500000000000023
 10
-31.259999999999998
 20
0.5699999999999983
 10
-31.299999999999997
 20
0.730000000000002
 10
-31.339999999999996
 20
0.8100000000000003
 10
-31.339999999999996
 20
0.8499999999999994
 10
-31.36
 20
0.8699999999999954
 10
-31.36
 20
0.9100000000000017
 10
-31.38
 20
0.9299999999999977
 10
-31.38
 20
0.9699999999999969
 10
-31.4
 20
0.99
 10
-31.419999999999998
 20
1.0900000000000014
 10
-31.439999999999998
 20
1.1099999999999974
 10
-31.479999999999997
 20
1.2700000000000011
 10
-31.499999999999996
 20
1.2899999999999971
 10
-31.54
 20
1.4500000000000008
 10
-31.56
 20
1.4699999999999969
 10
-31.56
 20
1.509999999999996
 10
-31.58
 20
1.5299999999999991
 10
-31.599999999999998
 20
1.6300000000000006
 10
-31.619999999999997
 20
1.6499999999999966
 10
-31.659999999999997
 20
1.8100000000000003
 10
-31.68
 20
1.8299999999999963
 10
-31.68
 20
1.8699999999999954
 10
-31.7
 20
1.8899999999999986
 10
-31.72
 20
1.99
 10
-31.74
 20
2.0099999999999962
 10
-31.779999999999998
 20
2.17
 10
-31.799999999999997
 20
2.189999999999996
 10
-31.839999999999996
 20
2.3499999999999996
 10
-31.86
 20
2.3699999999999957
 10
-31.86
 20
2.410000000000002
 10
-31.88
 20
2.429999999999998
 10
-31.88
 20
2.469999999999997
 10
-31.9
 20
2.49
 10
-31.919999999999998
 20
2.5900000000000016
 10
-31.939999999999998
 20
2.6099999999999977
 10
-31.979999999999997
 20
2.7700000000000014
 10
-31.999999999999996
 20
2.7899999999999974
 10
-31.999999999999996
 20
2.8299999999999965
 10
-32.02
 20
2.8499999999999996
 10
-32.04
 20
2.950000000000001
 10
-32.06
 20
2.969999999999997
 10
-32.06
 20
3.0099999999999962
 10
-32.080000000000005
 20
3.0299999999999994
 10
-32.1
 20
3.130000000000001
 10
-32.12
 20
3.149999999999997
 10
-32.12
 20
3.189999999999996
 10
-32.14
 20
3.209999999999999
 10
-32.14
 20
3.2499999999999982
 10
-32.160000000000004
 20
3.2700000000000014
 10
-32.18
 20
3.3699999999999957
 10
-32.2
 20
3.389999999999999
 10
-32.2
 20
3.429999999999998
 10
-32.220000000000006
 20
3.450000000000001
 10
-32.24
 20
3.5500000000000025
 10
-32.26
 20
3.5699999999999985
 10
-32.26
 20
3.6099999999999977
 10
-32.28
 20
3.630000000000001
 10
-32.28
 20
3.67
 10
-32.300000000000004
 20
3.689999999999996
 10
-32.300000000000004
 20
3.730000000000002
 10
-32.339999999999996
 20
3.8100000000000005
 10
-32.339999999999996
 20
3.8499999999999996
 10
-32.36000000000001
 20
3.8699999999999957
 10
-32.36000000000001
 20
3.910000000000002
 10
-32.38
 20
3.929999999999998
 10
-32.4
 20
4.029999999999999
 10
-32.42
 20
4.0500000000000025
 10
-32.42
 20
4.090000000000002
 10
-32.440000000000005
 20
4.109999999999998
 10
-32.48
 20
4.270000000000001
 10
-32.5
 20
4.289999999999997
 10
-32.5
 20
4.3299999999999965
 10
-32.52
 20
4.35
 10
-32.54
 20
4.450000000000001
 10
-32.580000000000005
 20
4.529999999999999
 10
-32.62
 20
4.689999999999996
 10
-32.64
 20
4.709999999999999
 10
-32.68
 20
4.869999999999996
 10
-32.720000000000006
 20
4.950000000000001
 10
-32.76
 20
5.109999999999998
 10
-32.78
 20
5.130000000000001
 10
-32.78
 20
5.17
 10
-32.800000000000004
 20
5.189999999999996
 10
-32.839999999999996
 20
5.35
 10
-32.86000000000001
 20
5.369999999999996
 10
-32.86000000000001
 20
5.410000000000002
 10
-32.88
 20
5.429999999999998
 10
-32.9
 20
5.529999999999999
 10
-32.92
 20
5.5500000000000025
 10
-32.92
 20
5.590000000000002
 10
-32.940000000000005
 20
5.609999999999998
 10
-32.98
 20
5.770000000000001
 10
-33.0
 20
5.789999999999997
 10
-33.04
 20
5.950000000000001
 10
-33.06
 20
5.969999999999997
 10
-33.06
 20
6.009999999999996
 10
-33.080000000000005
 20
6.029999999999999
 10
-33.1
 20
6.130000000000001
 10
-33.12
 20
6.149999999999997
 10
-33.12
 20
6.189999999999996
 10
-33.14
 20
6.209999999999999
 10
-33.14
 20
6.249999999999998
 10
-33.160000000000004
 20
6.270000000000001
 10
-33.18
 20
6.369999999999996
 10
-33.2
 20
6.389999999999999
 10
-33.2
 20
6.429999999999998
 10
-33.220000000000006
 20
6.450000000000001
 10
-33.24
 20
6.5500000000000025
 10
-33.26
 20
6.5699999999999985
 10
-33.26
 20
6.609999999999998
 10
-33.28
 20
6.630000000000001
 10
-33.28
 20
6.67
 10
-33.300000000000004
 20
6.689999999999996
 10
-33.32
 20
6.789999999999997
 10
-33.34
 20
6.8100000000000005
 10
-33.34
 20
6.85
 10
-33.36000000000001
 20
6.869999999999996
 10
-33.36000000000001
 20
6.910000000000002
 10
-33.4
 20
6.99
 10
-33.4
 20
7.029999999999999
 10
-33.42
 20
7.0500000000000025
 10
-33.42
 20
7.090000000000002
 10
-33.440000000000005
 20
7.109999999999998
 10
-33.46
 20
7.209999999999999
 10
-33.48
 20
7.230000000000002
 10
-33.48
 20
7.270000000000001
 10
-33.5
 20
7.289999999999997
 10
-33.54
 20
7.450000000000001
 10
-33.580000000000005
 20
7.529999999999999
 10
-33.62
 20
7.689999999999996
 10
-33.64
 20
7.709999999999999
 10
-33.64
 20
7.749999999999998
 10
-33.660000000000004
 20
7.770000000000001
 10
-33.68
 20
7.869999999999996
 10
-33.7
 20
7.889999999999999
 10
-33.7
 20
7.929999999999998
 10
-33.720000000000006
 20
7.950000000000001
 10
-33.74
 20
8.050000000000002
 10
-33.76
 20
8.069999999999999
 10
-33.76
 20
8.109999999999998
 10
-33.78
 20
8.13
 10
-33.82
 20
8.289999999999997
 10
-33.84
 20
8.31
 10
-33.84
 20
8.35
 10
-33.86000000000001
 20
8.369999999999996
 10
-33.86000000000001
 20
8.410000000000002
 10
-33.88
 20
8.429999999999998
 10
-33.9
 20
8.53
 10
-33.92
 20
8.550000000000002
 10
-33.92
 20
8.590000000000002
 10
-33.940000000000005
 20
8.609999999999998
 10
-33.98
 20
8.770000000000001
 10
-34.0
 20
8.789999999999997
 10
-34.04
 20
8.950000000000001
 10
-34.06
 20
8.969999999999997
 10
-34.06
 20
9.009999999999996
 10
-34.080000000000005
 20
9.03
 10
-34.1
 20
9.13
 10
-34.12
 20
9.149999999999997
 10
-34.12
 20
9.189999999999996
 10
-34.14
 20
9.209999999999999
 10
-34.14
 20
9.249999999999998
 10
-34.160000000000004
 20
9.270000000000001
 10
-34.18
 20
9.369999999999996
 10
-34.2
 20
9.389999999999999
 10
-34.2
 20
9.429999999999998
 10
-34.220000000000006
 20
9.450000000000001
 10
-34.24
 20
9.550000000000002
 10
-34.26
 20
9.569999999999999
 10
-34.26
 20
9.609999999999998
 10
-34.28
 20
9.63
 10
-34.28
 20
9.67
 10
-34.300000000000004
 20
9.689999999999996
 10
-34.32
 20
9.789999999999997
 10
-34.36
 20
9.869999999999996
 10
-34.36
 20
9.910000000000002
 10
-34.38
 20
9.929999999999998
 10
-34.4
 20
10.03
 10
-34.42
 20
10.050000000000002
 10
-34.42
 20
10.090000000000002
 10
-34.440000000000005
 20
10.109999999999998
 10
-34.46
 20
10.209999999999999
 10
-34.480000000000004
 20
10.230000000000002
 10
-34.5
 20
10.329999999999997
 10
-34.54
 20
10.410000000000002
 10
-34.54
 20
10.450000000000001
 10
-34.56
 20
10.469999999999997
 10
-34.56
 20
10.509999999999996
 10
-34.6
 20
10.590000000000002
 10
-34.6
 20
11.609999999999998
 10
-34.580000000000005
 20
11.63
 10
-34.580000000000005
 20
11.67
 10
-34.550000000000004
 20
11.700000000000001
 10
-34.45
 20
11.719999999999997
 10
-34.43
 20
11.74
 10
-34.330000000000005
 20
11.759999999999996
 10
-34.31
 20
11.78
 10
-34.27
 20
11.78
 10
-34.190000000000005
 20
11.819999999999999
 10
-34.13
 20
11.819999999999999
 10
-34.11
 20
11.840000000000002
 10
-34.01
 20
11.859999999999998
 10
-33.99
 20
11.88
 10
-33.89
 20
11.899999999999997
 10
-33.81
 20
11.939999999999996
 10
-33.77
 20
11.939999999999996
 10
-33.690000000000005
 20
11.980000000000002
 10
-33.62
 20
12.050000000000002
 10
-33.580000000000005
 20
12.13
 10
-33.580000000000005
 20
12.17
 10
-33.56
 20
12.189999999999996
 10
-33.56
 20
12.230000000000002
 10
-33.53
 20
12.259999999999996
 10
-33.49
 20
12.259999999999996
 10
-33.470000000000006
 20
12.28
 10
-32.79
 20
12.28
 10
-32.77
 20
12.300000000000002
 10
-32.690000000000005
 20
12.300000000000002
 10
-32.61000000000001
 20
12.340000000000002
 10
-32.51
 20
12.359999999999998
 10
-32.49
 20
12.38
 10
-32.39
 20
12.399999999999997
 10
-32.37
 20
12.42
 10
-31.349999999999998
 20
12.42
 10
-31.33
 20
12.399999999999997
 10
-31.29
 20
12.399999999999997
 10
-31.24
 20
12.329999999999997
 10
-31.24
 20
12.289999999999997
 10
-31.22
 20
12.270000000000001
 10
-31.22
 20
12.230000000000002
 10
-31.18
 20
12.149999999999997
 10
-31.18
 20
12.109999999999998
 10
-31.159999999999997
 20
12.090000000000002
 10
-31.119999999999997
 20
11.929999999999998
 10
-31.099999999999998
 20
11.910000000000002
 10
-31.099999999999998
 20
11.869999999999996
 10
-31.08
 20
11.85
 10
-31.06
 20
11.749999999999998
 10
-31.04
 20
11.730000000000002
 10
-31.04
 20
11.689999999999996
 10
-31.02
 20
11.67
 10
-31.02
 20
11.63
 10
-30.999999999999996
 20
11.609999999999998
 10
-30.979999999999997
 20
11.509999999999996
 10
-30.959999999999997
 20
11.49
 10
-30.919999999999998
 20
11.329999999999997
 10
-30.9
 20
11.31
 10
-30.9
 20
11.270000000000001
 10
-30.86
 20
11.189999999999996
 10
-30.86
 20
11.149999999999997
 10
-30.839999999999996
 20
11.13
 10
-30.799999999999997
 20
10.969999999999997
 10
-30.779999999999998
 20
10.950000000000001
 10
-30.74
 20
10.789999999999997
 10
-30.72
 20
10.770000000000001
 10
-30.72
 20
10.730000000000002
 10
-30.68
 20
10.649999999999997
 10
-30.68
 20
10.609999999999998
 10
-30.659999999999997
 20
10.590000000000002
 10
-30.619999999999997
 20
10.429999999999998
 10
-30.599999999999998
 20
10.410000000000002
 10
-30.599999999999998
 20
10.35
 10
-30.56
 20
10.270000000000001
 10
-30.52
 20
10.109999999999998
 10
-30.499999999999996
 20
10.090000000000002
 10
-30.459999999999997
 20
9.929999999999998
 10
-30.439999999999998
 20
9.910000000000002
 10
-30.439999999999998
 20
9.869999999999996
 10
-30.419999999999998
 20
9.85
 10
-30.4
 20
9.749999999999998
 10
-30.38
 20
9.730000000000002
 10
-30.38
 20
9.689999999999996
 10
-30.339999999999996
 20
9.609999999999998
 10
-30.339999999999996
 20
9.569999999999999
 10
-30.319999999999997
 20
9.550000000000002
 10
-30.319999999999997
 20
9.509999999999996
 10
-30.299999999999997
 20
9.49
 10
-30.299999999999997
 20
9.450000000000001
 10
-30.279999999999998
 20
9.429999999999998
 10
-30.259999999999998
 20
9.329999999999997
 10
-30.24
 20
9.31
 10
-30.2
 20
9.149999999999997
 10
-30.18
 20
9.13
 10
-30.139999999999997
 20
8.969999999999997
 10
-30.119999999999997
 20
8.950000000000001
 10
-30.119999999999997
 20
8.910000000000002
 10
-30.099999999999998
 20
8.889999999999999
 10
-30.08
 20
8.789999999999997
 10
-30.06
 20
8.770000000000001
 10
-30.02
 20
8.609999999999998
 10
-29.999999999999996
 20
8.590000000000002
 10
-29.959999999999997
 20
8.429999999999998
 10
-29.939999999999998
 20
8.410000000000002
 10
-29.939999999999998
 20
8.369999999999996
 10
-29.919999999999998
 20
8.35
 10
-29.88
 20
8.189999999999996
 10
-29.86
 20
8.17
 10
-29.86
 20
8.13
 10
-29.839999999999996
 20
8.109999999999998
 10
-29.839999999999996
 20
8.069999999999999
 10
-29.819999999999997
 20
8.050000000000002
 10
-29.819999999999997
 20
8.009999999999996
 10
-29.799999999999997
 20
7.99
 10
-29.799999999999997
 20
7.950000000000001
 10
-29.779999999999998
 20
7.929999999999998
 10
-29.759999999999998
 20
7.8299999999999965
 10
-29.74
 20
7.8100000000000005
 10
-29.7
 20
7.649999999999997
 10
-29.68
 20
7.630000000000001
 10
-29.639999999999997
 20
7.469999999999997
 10
-29.619999999999997
 20
7.450000000000001
 10
-29.619999999999997
 20
7.410000000000002
 10
-29.599999999999998
 20
7.389999999999999
 10
-29.58
 20
7.289999999999997
 10
-29.56
 20
7.270000000000001
 10
-29.52
 20
7.109999999999998
 10
-29.499999999999996
 20
7.090000000000002
 10
-29.459999999999997
 20
6.929999999999998
 10
-29.439999999999998
 20
6.910000000000002
 10
-29.439999999999998
 20
6.869999999999996
 10
-29.419999999999998
 20
6.85
 10
-29.4
 20
6.749999999999998
 10
-29.38
 20
6.730000000000002
 10
-29.38
 20
6.689999999999996
 10
-29.36
 20
6.67
 10
-29.36
 20
6.630000000000001
 10
-29.339999999999996
 20
6.609999999999998
 10
-29.319999999999997
 20
6.509999999999996
 10
-29.299999999999997
 20
6.49
 10
-29.259999999999998
 20
6.3299999999999965
 10
-29.24
 20
6.3100000000000005
 10
-29.24
 20
6.270000000000001
 10
-29.2
 20
6.189999999999996
 10
-29.2
 20
6.149999999999997
 10
-29.18
 20
6.130000000000001
 10
-29.18
 20
6.090000000000002
 10
-29.159999999999997
 20
6.0699999999999985
 10
-29.139999999999997
 20
5.969999999999997
 10
-29.119999999999997
 20
5.950000000000001
 10
-29.119999999999997
 20
5.910000000000002
 10
-29.08
 20
5.8299999999999965
 10
-29.08
 20
5.789999999999997
 10
-29.04
 20
5.709999999999999
 10
-29.04
 20
5.649999999999997
 10
-29.02
 20
5.630000000000001
 10
-29.02
 20
5.590000000000002
 10
-28.999999999999996
 20
5.5699999999999985
 10
-28.979999999999997
 20
5.469999999999997
 10
-28.959999999999997
 20
5.450000000000001
 10
-28.919999999999998
 20
5.289999999999997
 10
-28.9
 20
5.270000000000001
 10
-28.9
 20
5.230000000000002
 10
-28.86
 20
5.149999999999997
 10
-28.86
 20
5.109999999999998
 10
-28.839999999999996
 20
5.090000000000002
 10
-28.799999999999997
 20
4.929999999999998
 10
-28.779999999999998
 20
4.910000000000002
 10
-28.779999999999998
 20
4.869999999999996
 10
-28.759999999999998
 20
4.85
 10
-28.74
 20
4.749999999999998
 10
-28.72
 20
4.730000000000002
 10
-28.72
 20
4.689999999999996
 10
-28.7
 20
4.67
 10
-28.68
 20
4.5699999999999985
 10
-28.659999999999997
 20
4.5500000000000025
 10
-28.659999999999997
 20
4.509999999999996
 10
-28.639999999999997
 20
4.49
 10
-28.639999999999997
 20
4.450000000000001
 10
-28.619999999999997
 20
4.429999999999998
 10
-28.599999999999998
 20
4.3299999999999965
 10
-28.58
 20
4.3100000000000005
 10
-28.54
 20
4.149999999999997
 10
-28.52
 20
4.130000000000001
 10
-28.52
 20
4.090000000000002
 10
-28.499999999999996
 20
4.0699999999999985
 10
-28.479999999999997
 20
3.969999999999997
 10
-28.459999999999997
 20
3.950000000000001
 10
-28.419999999999998
 20
3.7899999999999974
 10
-28.4
 20
3.7700000000000014
 10
-28.4
 20
3.730000000000002
 10
-28.36
 20
3.649999999999997
 10
-28.36
 20
3.6099999999999977
 10
-28.339999999999996
 20
3.5900000000000016
 10
-28.299999999999997
 20
3.429999999999998
 10
-28.279999999999998
 20
3.410000000000002
 10
-28.279999999999998
 20
3.3699999999999957
 10
-28.259999999999998
 20
3.3499999999999996
 10
-28.24
 20
3.2499999999999982
 10
-28.22
 20
3.230000000000002
 10
-28.22
 20
3.189999999999996
 10
-28.2
 20
3.17
 10
-28.18
 20
3.0699999999999985
 10
-28.159999999999997
 20
3.0500000000000025
 10
-28.159999999999997
 20
3.0099999999999962
 10
-28.139999999999997
 20
2.99
 10
-28.139999999999997
 20
2.950000000000001
 10
-28.119999999999997
 20
2.929999999999998
 10
-28.099999999999998
 20
2.8299999999999965
 10
-28.08
 20
2.8100000000000005
 10
-28.04
 20
2.649999999999997
 10
-28.02
 20
2.630000000000001
 10
-28.02
 20
2.5900000000000016
 10
-27.999999999999996
 20
2.5699999999999985
 10
-27.979999999999997
 20
2.469999999999997
 10
-27.959999999999997
 20
2.450000000000001
 10
-27.919999999999998
 20
2.2899999999999974
 10
-27.9
 20
2.2700000000000014
 10
-27.9
 20
2.230000000000002
 10
-27.86
 20
2.149999999999997
 10
-27.86
 20
2.1099999999999977
 10
-27.839999999999996
 20
2.0900000000000016
 10
-27.799999999999997
 20
1.9299999999999977
 10
-27.779999999999998
 20
1.9100000000000017
 10
-27.779999999999998
 20
1.8699999999999954
 10
-27.759999999999998
 20
1.8499999999999994
 10
-27.74
 20
1.749999999999998
 10
-27.72
 20
1.730000000000002
 10
-27.72
 20
1.6899999999999957
 10
-27.7
 20
1.6699999999999997
 10
-27.68
 20
1.5699999999999983
 10
-27.659999999999997
 20
1.5500000000000023
 10
-27.659999999999997
 20
1.509999999999996
 10
-27.639999999999997
 20
1.49
 10
-27.599999999999998
 20
1.3299999999999963
 10
-27.58
 20
1.3100000000000003
 10
-27.58
 20
1.2700000000000011
 10
-27.54
 20
1.1899999999999957
 10
-27.54
 20
1.1499999999999966
 10
-27.499999999999996
 20
1.0699999999999983
 10
-27.499999999999996
 20
1.009999999999996
 10
-27.479999999999997
 20
0.99
 10
-27.479999999999997
 20
0.9500000000000008
 10
-27.459999999999997
 20
0.9299999999999977
 10
-27.439999999999998
 20
0.8299999999999963
 10
-27.419999999999998
 20
0.8100000000000003
 10
-27.38
 20
0.6499999999999966
 10
-27.36
 20
0.6300000000000006
 10
-27.36
 20
0.5900000000000014
 10
-27.339999999999996
 20
0.5699999999999983
 10
-27.319999999999997
 20
0.46999999999999686
 10
-27.299999999999997
 20
0.45000000000000084
 10
-27.259999999999998
 20
0.28999999999999715
 10
-27.24
 20
0.27000000000000113
 10
-27.24
 20
0.23000000000000198
 10
-27.2
 20
0.14999999999999658
 10
-27.2
 20
0.10999999999999745
 10
-27.18
 20
0.09000000000000143
 10
-27.18
 20
0.05000000000000227
 10
-27.159999999999997
 20
0.029999999999999145
 10
-27.139999999999997
 20
-0.07000000000000227
 10
-27.119999999999997
 20
-0.08999999999999829
 10
-27.08
 20
-0.250000000000002
 10
-27.06
 20
-0.269999999999998
 10
-27.06
 20
-0.31000000000000427
 10
-27.04
 20
-0.3300000000000003
 10
-27.02
 20
-0.4300000000000017
 10
-26.999999999999996
 20
-0.44999999999999774
 10
-26.999999999999996
 20
-0.490000000000004
 10
-26.979999999999997
 20
-0.51
 10
-26.979999999999997
 20
-0.5499999999999992
 10
-26.939999999999998
 20
-0.6300000000000046
 10
-26.939999999999998
 20
-1.6100000000000014
 10
-26.919999999999998
 20
-1.6300000000000046
 10
-26.919999999999998
 20
-1.7100000000000029
 10
-26.88
 20
-1.7900000000000011
 10
-26.779999999999998
 20
-1.8900000000000026
 10
-26.779999999999998
 20
-1.9099999999999986
 10
-26.619999999999997
 20
-2.070000000000002
 10
-26.619999999999997
 20
-2.089999999999998
 10
-26.459999999999997
 20
-2.2500000000000018
 10
-26.459999999999997
 20
-2.269999999999998
 10
-26.299999999999997
 20
-2.4300000000000015
 10
-26.299999999999997
 20
-2.4500000000000046
 10
-25.799999999999997
 20
-2.9900000000000038
 10
-25.799999999999997
 20
-3.030000000000003
 10
-25.779999999999998
 20
-3.049999999999999
 10
-25.779999999999998
 20
-4.070000000000002
 10
-25.799999999999997
 20
-4.089999999999998
 10
-25.799999999999997
 20
-4.130000000000004
 10
-26.11
 20
-4.419999999999996
 10
-26.229999999999997
 20
-4.440000000000007
 10
-27.169999999999998
 20
-4.440000000000007
 10
-27.189999999999998
 20
-4.419999999999996
  0
HATCH
  5
C3
330
17
100
AcDbEntity
  8
BLINDING-RAFT-60-HATCH
 62
7
100
AcDbHatch
 10
0.0
 20
0.0
 30
0.0
210
0.0
220
0.0
230
1.0
  2
ANSI31
 70
0
 71
0
 91
1
 92
3
 72
0
 73
1
 93
551
 10
-27.229999999999997
 20
-4.419999999999996
 10
-27.74
 20
-3.869999999999999
 10
-27.74
 20
-3.850000000000003
 10
-27.919999999999998
 20
-3.6700000000000035
 10
-27.919999999999998
 20
-3.6500000000000004
 10
-28.099999999999998
 20
-3.4700000000000006
 10
-28.099999999999998
 20
-3.4500000000000046
 10
-28.279999999999998
 20
-3.269999999999998
 10
-28.279999999999998
 20
-3.2500000000000018
 10
-28.459999999999997
 20
-3.070000000000002
 10
-28.459999999999997
 20
-3.049999999999999
 10
-28.639999999999997
 20
-2.869999999999999
 10
-28.639999999999997
 20
-2.850000000000003
 10
-28.819999999999997
 20
-2.6700000000000035
 10
-28.819999999999997
 20
-2.6500000000000004
 10
-28.999999999999996
 20
-2.4700000000000006
 10
-28.999999999999996
 20
-2.4500000000000046
 10
-29.189999999999998
 20
-2.26
 10
-29.27
 20
-2.2200000000000006
 10
-29.349999999999998
 20
-2.2200000000000006
 10
-29.369999999999997
 20
-2.2000000000000046
 10
-30.249999999999996
 20
-2.2000000000000046
 10
-30.27
 20
-2.1800000000000015
 10
-30.31
 20
-2.1800000000000015
 10
-30.36
 20
-2.1300000000000043
 10
-30.36
 20
-2.089999999999998
 10
-30.38
 20
-2.070000000000002
 10
-30.419999999999998
 20
-1.9099999999999986
 10
-30.439999999999998
 20
-1.8900000000000026
 10
-30.439999999999998
 20
-1.8500000000000034
 10
-30.479999999999997
 20
-1.769999999999998
 10
-30.479999999999997
 20
-1.7299999999999989
 10
-30.499999999999996
 20
-1.7100000000000029
 10
-30.54
 20
-1.5499999999999992
 10
-30.56
 20
-1.5300000000000031
 10
-30.56
 20
-1.490000000000004
 10
-30.58
 20
-1.4700000000000009
 10
-30.599999999999998
 20
-1.3699999999999994
 10
-30.619999999999997
 20
-1.3500000000000034
 10
-30.659999999999997
 20
-1.1899999999999997
 10
-30.68
 20
-1.1700000000000037
 10
-30.72
 20
-1.01
 10
-30.74
 20
-0.990000000000004
 10
-30.74
 20
-0.9499999999999977
 10
-30.759999999999998
 20
-0.9300000000000017
 10
-30.799999999999997
 20
-0.769999999999998
 10
-30.839999999999996
 20
-0.6899999999999997
 10
-30.839999999999996
 20
-0.6500000000000006
 10
-30.86
 20
-0.6300000000000046
 10
-30.86
 20
-0.5899999999999983
 10
-30.88
 20
-0.5700000000000023
 10
-30.88
 20
-0.5300000000000031
 10
-30.9
 20
-0.51
 10
-30.919999999999998
 20
-0.4099999999999986
 10
-30.939999999999998
 20
-0.39000000000000257
 10
-30.979999999999997
 20
-0.22999999999999887
 10
-30.999999999999996
 20
-0.21000000000000285
 10
-31.04
 20
-0.04999999999999915
 10
-31.06
 20
-0.03000000000000313
 10
-31.06
 20
0.00999999999999602
 10
-31.08
 20
0.029999999999999145
 10
-31.099999999999998
 20
0.13000000000000056
 10
-31.119999999999997
 20
0.14999999999999658
 10
-31.159999999999997
 20
0.3100000000000003
 10
-31.18
 20
0.3299999999999963
 10
-31.22
 20
0.49
 10
-31.24
 20
0.509999999999996
 10
-31.24
 20
0.5500000000000023
 10
-31.259999999999998
 20
0.5699999999999983
 10
-31.299999999999997
 20
0.730000000000002
 10
-31.339999999999996
 20
0.8100000000000003
 10
-31.339999999999996
 20
0.8499999999999994
 10
-31.36
 20
0.8699999999999954
 10
-31.36
 20
0.9100000000000017
 10
-31.38
 20
0.9299999999999977
 10
-31.38
 20
0.9699999999999969
 10
-31.4
 20
0.99
 10
-31.419999999999998
 20
1.0900000000000014
 10
-31.439999999999998
 20
1.1099999999999974
 10
-31.479999999999997
 20
1.2700000000000011
 10
-31.499999999999996
 20
1.2899999999999971
 10
-31.54
 20
1.4500000000000008
 10
-31.56
 20
1.4699999999999969
 10
-31.56
 20
1.509999999999996
 10
-31.58
 20
1.5299999999999991
 10
-31.599999999999998
 20
1.6300000000000006
 10
-31.619999999999997
 20
1.6499999999999966
 10
-31.659999999999997
 20
1.8100000000000003
 10
-31.68
 20
1.8299999999999963
 10
-31.68
 20
1.8699999999999954
 10
-31.7
 20
1.8899999999999986
 10
-31.72
 20
1.99
 10
-31.74
 20
2.0099999999999962
 10
-31.779999999999998
 20
2.17
 10
-31.799999999999997
 20
2.189999999999996
 10
-31.839999999999996
 20
2.3499999999999996
 10
-31.86
 20
2.3699999999999957
 10
-31.86
 20
2.410000000000002
 10
-31.88
 20
2.429999999999998
 10
-31.88
 20
2.469999999999997
 10
-31.9
 20
2.49
 10
-31.919999999999998
 20
2.5900000000000016
 10
-31.939999999999998
 20
2.6099999999999977
 10
-31.979999999999997
 20
2.7700000000000014
 10
-31.999999999999996
 20
2.7899999999999974
 10
-31.999999999999996
 20
2.8299999999999965
 10
-32.02
 20
2.8499999999999996
 10
-32.04
 20
2.950000000000001
 10
-32.06
 20
2.969999999999997
 10
-32.06
 20
3.0099999999999962
 10
-32.080000000000005
 20
3.0299999999999994
 10
-32.1
 20
3.130000000000001
 10
-32.12
 20
3.149999999999997
 10
-32.12
 20
3.189999999999996
 10
-32.14
 20
3.209999999999999
 10
-32.14
 20
3.2499999999999982
 10
-32.160000000000004
 20
3.2700000000000014
 10
-32.18
 20
3.3699999999999957
 10
-32.2
 20
3.389999999999999
 10
-32.2
 20
3.429999999999998
 10
-32.220000000000006
 20
3.450000000000001
 10
-32.24
 20
3.5500000000000025
 10
-32.26
 20
3.5699999999999985
 10
-32.26
 20
3.6099999999999977
 10
-32.28
 20
3.630000000000001
 10
-32.28
 20
3.67
 10
-32.300000000000004
 20
3.689999999999996
 10
-32.300000000000004
 20
3.730000000000002
 10
-32.339999999999996
 20
3.8100000000000005
 10
-32.339999999999996
 20
3.8499999999999996
 10
-32.36000000000001
 20
3.8699999999999957
 10
-32.36000000000001
 20
3.910000000000002
 10
-32.38
 20
3.929999999999998
 10
-32.4
 20
4.029999999999999
 10
-32.42
 20
4.0500000000000025
 10
-32.42
 20
4.090000000000002
 10
-32.440000000000005
 20
4.109999999999998
 10
-32.48
 20
4.270000000000001
 10
-32.5
 20
4.289999999999997
 10
-32.5
 20
4.3299999999999965
 10
-32.52
 20
4.35
 10
-32.54
 20
4.450000000000001
 10
-32.580000000000005
 20
4.529999999999999
 10
-32.62
 20
4.689999999999996
 10
-32.64
 20
4.709999999999999
 10
-32.68
 20
4.869999999999996
 10
-32.720000000000006
 20
4.950000000000001
 10
-32.76
 20
5.109999999999998
 10
-32.78
 20
5.130000000000001
 10
-32.78
 20
5.17
 10
-32.800000000000004
 20
5.189999999999996
 10
-32.839999999999996
 20
5.35
 10
-32.86000000000001
 20
5.369999999999996
 10
-32.86000000000001
 20
5.410000000000002
 10
-32.88
 20
5.429999999999998
 10
-32.9
 20
5.529999999999999
 10
-32.92
 20
5.5500000000000025
 10
-32.92
 20
5.590000000000002
 10
-32.940000000000005
 20
5.609999999999998
 10
-32.98
 20
5.770000000000001
 10
-33.0
 20
5.789999999999997
 10
-33.04
 20
5.950000000000001
 10
-33.06
 20
5.969999999999997
 10
-33.06
 20
6.009999999999996
 10
-33.080000000000005
 20
6.029999999999999
 10
-33.1
 20
6.130000000000001
 10
-33.12
 20
6.149999999999997
 10
-33.12
 20
6.189999999999996
 10
-33.14
 20
6.209999999999999
 10
-33.14
 20
6.249999999999998
 10
-33.160000000000004
 20
6.270000000000001
 10
-33.18
 20
6.369999999999996
 10
-33.2
 20
6.389999999999999
 10
-33.2
 20
6.429999999999998
 10
-33.220000000000006
 20
6.450000000000001
 10
-33.24
 20
6.5500000000000025
 10
-33.26
 20
6.5699999999999985
 10
-33.26
 20
6.609999999999998
 10
-33.28
 20
6.630000000000001
 10
-33.28
 20
6.67
 10
-33.300000000000004
 20
6.689999999999996
 10
-33.32
 20
6.789999999999997
 10
-33.34
 20
6.8100000000000005
 10
-33.34
 20
6.85
 10
-33.36000000000001
 20
6.869999999999996
 10
-33.36000000000001
 20
6.910000000000002
 10
-33.4
 20
6.99
 10
-33.4
 20
7.029999999999999
 10
-33.42
 20
7.0500000000000025
 10
-33.42
 20
7.090000000000002
 10
-33.440000000000005
 20
7.109999999999998
 10
-33.46
 20
7.209999999999999
 10
-33.48
 20
7.230000000000002
 10
-33.48
 20
7.270000000000001
 10
-33.5
 20
7.289999999999997
 10
-33.54
 20
7.450000000000001
 10
-33.580000000000005
 20
7.529999999999999
 10
-33.62
 20
7.689999999999996
 10
-33.64
 20
7.709999999999999
 10
-33.64
 20
7.749999999999998
 10
-33.660000000000004
 20
7.770000000000001
 10
-33.68
 20
7.869999999999996
 10
-33.7
 20
7.889999999999999
 10
-33.7
 20
7.929999999999998
 10
-33.720000000000006
 20
7.950000000000001
 10
-33.74
 20
8.050000000000002
 10
-33.76
 20
8.069999999999999
 10
-33.76
 20
8.109999999999998
 10
-33.78
 20
8.13
 10
-33.82
 20
8.289999999999997
 10
-33.84
 20
8.31
 10
-33.84
 20
8.35
 10
-33.86000000000001
 20
8.369999999999996
 10
-33.86000000000001
 20
8.410000000000002
 10
-33.88
 20
8.429999999999998
 10
-33.9
 20
8.53
 10
-33.92
 20
8.550000000000002
 10
-33.92
 20
8.590000000000002
 10
-33.940000000000005
 20
8.609999999999998
 10
-33.98
 20
8.770000000000001
 10
-34.0
 20
8.789999999999997
 10
-34.04
 20
8.950000000000001
 10
-34.06
 20
8.969999999999997
 10
-34.06
 20
9.009999999999996
 10
-34.080000000000005
 20
9.03
 10
-34.1
 20
9.13
 10
-34.12
 20
9.149999999999997
 10
-34.12
 20
9.189999999999996
 10
-34.14
 20
9.209999999999999
 10
-34.14
 20
9.249999999999998
 10
-34.160000000000004
 20
9.270000000000001
 10
-34.18
 20
9.369999999999996
 10
-34.2
 20
9.389999999999999
 10
-34.2
 20
9.429999999999998
 10
-34.220000000000006
 20
9.450000000000001
 10
-34.24
 20
9.550000000000002
 10
-34.26
 20
9.569999999999999
 10
-34.26
 20
9.609999999999998
 10
-34.28
 20
9.63
 10
-34.28
 20
9.67
 10
-34.300000000000004
 20
9.689999999999996
 10
-34.32
 20
9.789999999999997
 10
-34.36
 20
9.869999999999996
 10
-34.36
 20
9.910000000000002
 10
-34.38
 20
9.929999999999998
 10
-34.4
 20
10.03
 10
-34.42
 20
10.050000000000002
 10
-34.42
 20
10.090000000000002
 10
-34.440000000000005
 20
10.109999999999998
 10
-34.46
 20
10.209999999999999
 10
-34.480000000000004
 20
10.230000000000002
 10
-34.5
 20
10.329999999999997
 10
-34.54
 20
10.410000000000002
 10
-34.54
 20
10.450000000000001
 10
-34.56
 20
10.469999999999997
 10
-34.56
 20
10.509999999999996
 10
-34.6
 20
10.590000000000002
 10
-34.6
 20
11.609999999999998
 10
-34.580000000000005
 20
11.63
 10
-34.580000000000005
 20
11.67
 10
-34.550000000000004
 20
11.700000000000001
 10
-34.45
 20
11.719999999999997
 10
-34.43
 20
11.74
 10
-34.330000000000005
 20
11.759999999999996
 10
-34.31
 20
11.78
 10
-34.27
 20
11.78
 10
-34.190000000000005
 20
11.819999999999999
 10
-34.13
 20
11.819999999999999
 10
-34.11
 20
11.840000000000002
 10
-34.01
 20
11.859999999999998
 10
-33.99
 20
11.88
 10
-33.89
 20
11.899999999999997
 10
-33.81
 20
11.939999999999996
 10
-33.77
 20
11.939999999999996
 10
-33.690000000000005
 20
11.980000000000002
 10
-33.62
 20
12.050000000000002
 10
-33.580000000000005
 20
12.13
 10
-33.580000000000005
 20
12.17
 10
-33.56
 20
12.189999999999996
 10
-33.56
 20
12.230000000000002
 10
-33.53
 20
12.259999999999996
 10
-33.49
 20
12.259999999999996
 10
-33.470000000000006
 20
12.28
 10
-32.79
 20
12.28
 10
-32.77
 20
12.300000000000002
 10
-32.690000000000005
 20
12.300000000000002
 10
-32.61000000000001
 20
12.340000000000002
 10
-32.51
 20
12.359999999999998
 10
-32.49
 20
12.38
 10
-32.39
 20
12.399999999999997
 10
-32.37
 20
12.42
 10
-31.349999999999998
 20
12.42
 10
-31.33
 20
12.399999999999997
 10
-31.29
 20
12.399999999999997
 10
-31.24
 20
12.329999999999997
 10
-31.24
 20
12.289999999999997
 10
-31.22
 20
12.270000000000001
 10
-31.22
 20
12.230000000000002
 10
-31.18
 20
12.149999999999997
 10
-31.18
 20
12.109999999999998
 10
-31.159999999999997
 20
12.090000000000002
 10
-31.119999999999997
 20
11.929999999999998
 10
-31.099999999999998
 20
11.910000000000002
 10
-31.099999999999998
 20
11.869999999999996
 10
-31.08
 20
11.85
 10
-31.06
 20
11.749999999999998
 10
-31.04
 20
11.730000000000002
 10
-31.04
 20
11.689999999999996
 10
-31.02
 20
11.67
 10
-31.02
 20
11.63
 10
-30.999999999999996
 20
11.609999999999998
 10
-30.979999999999997
 20
11.509999999999996
 10
-30.959999999999997
 20
11.49
 10
-30.919999999999998
 20
11.329999999999997
 10
-30.9
 20
11.31
 10
-30.9
 20
11.270000000000001
 10
-30.86
 20
11.189999999999996
 10
-30.86
 20
11.149999999999997
 10
-30.839999999999996
 20
11.13
 10
-30.799999999999997
 20
10.969999999999997
 10
-30.779999999999998
 20
10.950000000000001
 10
-30.74
 20
10.789999999999997
 10
-30.72
 20
10.770000000000001
 10
-30.72
 20
10.730000000000002
 10
-30.68
 20
10.649999999999997
 10
-30.68
 20
10.609999999999998
 10
-30.659999999999997
 20
10.590000000000002
 10
-30.619999999999997
 20
10.429999999999998
 10
-30.599999999999998
 20
10.410000000000002
 10
-30.599999999999998
 20
10.35
 10
-30.56
 20
10.270000000000001
 10
-30.52
 20
10.109999999999998
 10
-30.499999999999996
 20
10.090000000000002
 10
-30.459999999999997
 20
9.929999999999998
 10
-30.439999999999998
 20
9.910000000000002
 10
-30.439999999999998
 20
9.869999999999996
 10
-30.419999999999998
 20
9.85
 10
-30.4
 20
9.749999999999998
 10
-30.38
 20
9.730000000000002
 10
-30.38
 20
9.689999999999996
 10
-30.339999999999996
 20
9.609999999999998
 10
-30.339999999999996
 20
9.569999999999999
 10
-30.319999999999997
 20
9.550000000000002
 10
-30.319999999999997
 20
9.509999999999996
 10
-30.299999999999997
 20
9.49
 10
-30.299999999999997
 20
9.450000000000001
 10
-30.279999999999998
 20
9.429999999999998
 10
-30.259999999999998
 20
9.329999999999997
 10
-30.24
 20
9.31
 10
-30.2
 20
9.149999999999997
 10
-30.18
 20
9.13
 10
-30.139999999999997
 20
8.969999999999997
 10
-30.119999999999997
 20
8.950000000000001
 10
-30.119999999999997
 20
8.910000000000002
 10
-30.099999999999998
 20
8.889999999999999
 10
-30.08
 20
8.789999999999997
 10
-30.06
 20
8.770000000000001
 10
-30.02
 20
8.609999999999998
 10
-29.999999999999996
 20
8.590000000000002
 10
-29.959999999999997
 20
8.429999999999998
 10
-29.939999999999998
 20
8.410000000000002
 10
-29.939999999999998
 20
8.369999999999996
 10
-29.919999999999998
 20
8.35
 10
-29.88
 20
8.189999999999996
 10
-29.86
 20
8.17
 10
-29.86
 20
8.13
 10
-29.839999999999996
 20
8.109999999999998
 10
-29.839999999999996
 20
8.069999999999999
 10
-29.819999999999997
 20
8.050000000000002
 10
-29.819999999999997
 20
8.009999999999996
 10
-29.799999999999997
 20
7.99
 10
-29.799999999999997
 20
7.950000000000001
 10
-29.779999999999998
 20
7.929999999999998
 10
-29.759999999999998
 20
7.8299999999999965
 10
-29.74
 20
7.8100000000000005
 10
-29.7
 20
7.649999999999997
 10
-29.68
 20
7.630000000000001
 10
-29.639999999999997
 20
7.469999999999997
 10
-29.619999999999997
 20
7.450000000000001
 10
-29.619999999999997
 20
7.410000000000002
 10
-29.599999999999998
 20
7.389999999999999
 10
-29.58
 20
7.289999999999997
 10
-29.56
 20
7.270000000000001
 10
-29.52
 20
7.109999999999998
 10
-29.499999999999996
 20
7.090000000000002
 10
-29.459999999999997
 20
6.929999999999998
 10
-29.439999999999998
 20
6.910000000000002
 10
-29.439999999999998
 20
6.869999999999996
 10
-29.419999999999998
 20
6.85
 10
-29.4
 20
6.749999999999998
 10
-29.38
 20
6.730000000000002
 10
-29.38
 20
6.689999999999996
 10
-29.36
 20
6.67
 10
-29.36
 20
6.630000000000001
 10
-29.339999999999996
 20
6.609999999999998
 10
-29.319999999999997
 20
6.509999999999996
 10
-29.299999999999997
 20
6.49
 10
-29.259999999999998
 20
6.3299999999999965
 10
-29.24
 20
6.3100000000000005
 10
-29.24
 20
6.270000000000001
 10
-29.2
 20
6.189999999999996
 10
-29.2
 20
6.149999999999997
 10
-29.18
 20
6.130000000000001
 10
-29.18
 20
6.090000000000002
 10
-29.159999999999997
 20
6.0699999999999985
 10
-29.139999999999997
 20
5.969999999999997
 10
-29.119999999999997
 20
5.950000000000001
 10
-29.119999999999997
 20
5.910000000000002
 10
-29.08
 20
5.8299999999999965
 10
-29.08
 20
5.789999999999997
 10
-29.04
 20
5.709999999999999
 10
-29.04
 20
5.649999999999997
 10
-29.02
 20
5.630000000000001
 10
-29.02
 20
5.590000000000002
 10
-28.999999999999996
 20
5.5699999999999985
 10
-28.979999999999997
 20
5.469999999999997
 10
-28.959999999999997
 20
5.450000000000001
 10
-28.919999999999998
 20
5.289999999999997
 10
-28.9
 20
5.270000000000001
 10
-28.9
 20
5.230000000000002
 10
-28.86
 20
5.149999999999997
 10
-28.86
 20
5.109999999999998
 10
-28.839999999999996
 20
5.090000000000002
 10
-28.799999999999997
 20
4.929999999999998
 10
-28.779999999999998
 20
4.910000000000002
 10
-28.779999999999998
 20
4.869999999999996
 10
-28.759999999999998
 20
4.85
 10
-28.74
 20
4.749999999999998
 10
-28.72
 20
4.730000000000002
 10
-28.72
 20
4.689999999999996
 10
-28.7
 20
4.67
 10
-28.68
 20
4.5699999999999985
 10
-28.659999999999997
 20
4.5500000000000025
 10
-28.659999999999997
 20
4.509999999999996
 10
-28.639999999999997
 20
4.49
 10
-28.639999999999997
 20
4.450000000000001
 10
-28.619999999999997
 20
4.429999999999998
 10
-28.599999999999998
 20
4.3299999999999965
 10
-28.58
 20
4.3100000000000005
 10
-28.54
 20
4.149999999999997
 10
-28.52
 20
4.130000000000001
 10
-28.52
 20
4.090000000000002
 10
-28.499999999999996
 20
4.0699999999999985
 10
-28.479999999999997
 20
3.969999999999997
 10
-28.459999999999997
 20
3.950000000000001
 10
-28.419999999999998
 20
3.7899999999999974
 10
-28.4
 20
3.7700000000000014
 10
-28.4
 20
3.730000000000002
 10
-28.36
 20
3.649999999999997
 10
-28.36
 20
3.6099999999999977
 10
-28.339999999999996
 20
3.5900000000000016
 10
-28.299999999999997
 20
3.429999999999998
 10
-28.279999999999998
 20
3.410000000000002
 10
-28.279999999999998
 20
3.3699999999999957
 10
-28.259999999999998
 20
3.3499999999999996
 10
-28.24
 20
3.2499999999999982
 10
-28.22
 20
3.230000000000002
 10
-28.22
 20
3.189999999999996
 10
-28.2
 20
3.17
 10
-28.18
 20
3.0699999999999985
 10
-28.159999999999997
 20
3.0500000000000025
 10
-28.159999999999997
 20
3.0099999999999962
 10
-28.139999999999997
 20
2.99
 10
-28.139999999999997
 20
2.950000000000001
 10
-28.119999999999997
 20
2.929999999999998
 10
-28.099999999999998
 20
2.8299999999999965
 10
-28.08
 20
2.8100000000000005
 10
-28.04
 20
2.649999999999997
 10
-28.02
 20
2.630000000000001
 10
-28.02
 20
2.5900000000000016
 10
-27.999999999999996
 20
2.5699999999999985
 10
-27.979999999999997
 20
2.469999999999997
 10
-27.959999999999997
 20
2.450000000000001
 10
-27.919999999999998
 20
2.2899999999999974
 10
-27.9
 20
2.2700000000000014
 10
-27.9
 20
2.230000000000002
 10
-27.86
 20
2.149999999999997
 10
-27.86
 20
2.1099999999999977
 10
-27.839999999999996
 20
2.0900000000000016
 10
-27.799999999999997
 20
1.9299999999999977
 10
-27.779999999999998
 20
1.9100000000000017
 10
-27.779999999999998
 20
1.8699999999999954
 10
-27.759999999999998
 20
1.8499999999999994
 10
-27.74
 20
1.749999999999998
 10
-27.72
 20
1.730000000000002
 10
-27.72
 20
1.6899999999999957
 10
-27.7
 20
1.6699999999999997
 10
-27.68
 20
1.5699999999999983
 10
-27.659999999999997
 20
1.5500000000000023
 10
-27.659999999999997
 20
1.509999999999996
 10
-27.639999999999997
 20
1.49
 10
-27.599999999999998
 20
1.3299999999999963
 10
-27.58
 20
1.3100000000000003
 10
-27.58
 20
1.2700000000000011
 10
-27.54
 20
1.1899999999999957
 10
-27.54
 20
1.1499999999999966
 10
-27.499999999999996
 20
1.0699999999999983
 10
-27.499999999999996
 20
1.009999999999996
 10
-27.479999999999997
 20
0.99
 10
-27.479999999999997
 20
0.9500000000000008
 10
-27.459999999999997
 20
0.9299999999999977
 10
-27.439999999999998
 20
0.8299999999999963
 10
-27.419999999999998
 20
0.8100000000000003
 10
-27.38
 20
0.6499999999999966
 10
-27.36
 20
0.6300000000000006
 10
-27.36
 20
0.5900000000000014
 10
-27.339999999999996
 20
0.5699999999999983
 10
-27.319999999999997
 20
0.46999999999999686
 10
-27.299999999999997
 20
0.45000000000000084
 10
-27.259999999999998
 20
0.28999999999999715
 10
-27.24
 20
0.27000000000000113
 10
-27.24
 20
0.23000000000000198
 10
-27.2
 20
0.14999999999999658
 10
-27.2
 20
0.10999999999999745
 10
-27.18
 20
0.09000000000000143
 10
-27.18
 20
0.05000000000000227
 10
-27.159999999999997
 20
0.029999999999999145
 10
-27.139999999999997
 20
-0.07000000000000227
 10
-27.119999999999997
 20
-0.08999999999999829
 10
-27.08
 20
-0.250000000000002
 10
-27.06
 20
-0.269999999999998
 10
-27.06
 20
-0.31000000000000427
 10
-27.04
 20
-0.3300000000000003
 10
-27.02
 20
-0.4300000000000017
 10
-26.999999999999996
 20
-0.44999999999999774
 10
-26.999999999999996
 20
-0.490000000000004
 10
-26.979999999999997
 20
-0.51
 10
-26.979999999999997
 20
-0.5499999999999992
 10
-26.939999999999998
 20
-0.6300000000000046
 10
-26.939999999999998
 20
-1.6100000000000014
 10
-26.919999999999998
 20
-1.6300000000000046
 10
-26.919999999999998
 20
-1.7100000000000029
 10
-26.88
 20
-1.7900000000000011
 10
-26.779999999999998
 20
-1.8900000000000026
 10
-26.779999999999998
 20
-1.9099999999999986
 10
-26.619999999999997
 20
-2.070000000000002
 10
-26.619999999999997
 20
-2.089999999999998
 10
-26.459999999999997
 20
-2.2500000000000018
 10
-26.459999999999997
 20
-2.269999999999998
 10
-26.299999999999997
 20
-2.4300000000000015
 10
-26.299999999999997
 20
-2.4500000000000046
 10
-25.799999999999997
 20
-2.9900000000000038
 10
-25.799999999999997
 20
-3.030000000000003
 10
-25.779999999999998
 20
-3.049999999999999
 10
-25.779999999999998
 20
-4.070000000000002
 10
-25.799999999999997
 20
-4.089999999999998
 10
-25.799999999999997
 20
-4.130000000000004
 10
-26.11
 20
-4.419999999999996
 10
-26.229999999999997
 20
-4.440000000000007
 10
-27.169999999999998
 20
-4.440000000000007
 10
-27.189999999999998
 20
-4.419999999999996
 97
0
 75
1
 76
1
 52
0.0
 41
0.05
 77
0
 78
1
 53
45.0
 43
0.0
 44
0.0
 45
-0.1122532015
 46
0.1122532015
 79
0
 98
0
  0
MTEXT
  5
C4
330
17
100
AcDbEntity
  8
BLINDING-LABEL
100
AcDbMText
 10
-30.439999999999998
 20
3.9999999999999982
 30
0.0
 40
0.25
 71
5
  1
Raft / mat 60 cm\P60.80 m²
  0
LWPOLYLINE
  5
C5
330
17
100
AcDbEntity
  8
BLINDING-RAFT-60
100
AcDbPolyline
 90
165
 70
1
 10
18.23
 20
19.2
 10
18.180000000000003
 20
19.27
 10
18.180000000000003
 20
19.31
 10
18.160000000000007
 20
19.329999999999995
 10
18.160000000000007
 20
19.49
 10
18.139999999999997
 20
19.509999999999994
 10
18.139999999999997
 20
19.649999999999995
 10
18.12
 20
19.669999999999998
 10
18.100000000000005
 20
19.99
 10
18.08000000000001
 20
20.009999999999994
 10
18.08000000000001
 20
20.149999999999995
 10
18.06
 20
20.169999999999998
 10
18.06
 20
20.329999999999995
 10
18.040000000000003
 20
20.349999999999998
 10
18.040000000000003
 20
20.49
 10
18.020000000000007
 20
20.509999999999994
 10
18.020000000000007
 20
20.669999999999998
 10
17.999999999999996
 20
20.689999999999994
 10
17.999999999999996
 20
20.829999999999995
 10
17.98
 20
20.849999999999998
 10
17.98
 20
20.95
 10
17.960000000000004
 20
20.969999999999995
 10
17.960000000000004
 20
21.05
 10
17.919999999999998
 20
21.13
 10
17.859999999999996
 20
21.189999999999994
 10
17.859999999999996
 20
21.23
 10
17.84
 20
21.249999999999996
 10
17.84
 20
22.189999999999994
 10
17.820000000000004
 20
22.209999999999997
 10
17.820000000000004
 20
23.249999999999996
 10
17.84
 20
23.27
 10
17.84
 20
23.31
 10
17.87
 20
23.34
 10
17.95
 20
23.359999999999996
 10
17.97000000000001
 20
23.38
 10
18.290000000000003
 20
23.399999999999995
 10
18.31
 20
23.419999999999998
 10
18.61000000000001
 20
23.439999999999994
 10
18.630000000000006
 20
23.459999999999997
 10
18.790000000000003
 20
23.459999999999997
 10
18.81
 20
23.48
 10
19.11000000000001
 20
23.499999999999996
 10
19.130000000000006
 20
23.52
 10
19.290000000000003
 20
23.52
 10
19.31
 20
23.539999999999996
 10
20.45
 20
23.539999999999996
 10
20.47000000000001
 20
23.56
 10
20.550000000000008
 20
23.56
 10
20.630000000000006
 20
23.599999999999998
 10
20.710000000000004
 20
23.679999999999996
 10
20.790000000000003
 20
23.7
 10
20.81
 20
23.719999999999995
 10
20.95
 20
23.719999999999995
 10
20.97000000000001
 20
23.74
 10
21.130000000000006
 20
23.74
 10
21.150000000000002
 20
23.759999999999994
 10
21.31
 20
23.759999999999994
 10
21.33000000000001
 20
23.779999999999998
 10
21.47000000000001
 20
23.779999999999998
 10
21.490000000000006
 20
23.8
 10
21.650000000000002
 20
23.8
 10
21.669999999999998
 20
23.819999999999997
 10
21.83000000000001
 20
23.819999999999997
 10
21.850000000000005
 20
23.84
 10
21.930000000000003
 20
23.84
 10
21.95
 20
23.859999999999996
 10
22.01
 20
23.859999999999996
 10
22.09
 20
23.899999999999995
 10
22.160000000000007
 20
23.969999999999995
 10
22.2
 20
24.05
 10
22.22000000000001
 20
24.23
 10
22.23
 20
24.24
 10
22.249999999999996
 20
24.219999999999995
 10
22.290000000000003
 20
24.219999999999995
 10
22.31
 20
24.2
 10
22.33000000000001
 20
24.219999999999995
 10
22.37
 20
24.219999999999995
 10
22.400000000000002
 20
24.249999999999996
 10
22.400000000000002
 20
24.289999999999996
 10
22.419999999999998
 20
24.31
 10
22.430000000000003
 20
24.359999999999996
 10
24.31
 20
24.359999999999996
 10
24.33000000000001
 20
24.38
 10
24.37
 20
24.38
 10
24.400000000000002
 20
24.41
 10
24.400000000000002
 20
24.45
 10
24.430000000000003
 20
24.459999999999997
 10
24.44000000000001
 20
24.289999999999996
 10
24.460000000000004
 20
24.27
 10
24.460000000000004
 20
24.13
 10
24.48
 20
24.109999999999996
 10
24.48
 20
23.95
 10
24.499999999999996
 20
23.929999999999996
 10
24.499999999999996
 20
23.789999999999996
 10
24.520000000000007
 20
23.77
 10
24.520000000000007
 20
23.609999999999996
 10
24.540000000000003
 20
23.59
 10
24.540000000000003
 20
23.45
 10
24.56
 20
23.429999999999996
 10
24.56
 20
23.289999999999996
 10
24.58000000000001
 20
23.27
 10
24.58000000000001
 20
23.109999999999996
 10
24.600000000000005
 20
23.09
 10
24.600000000000005
 20
22.95
 10
24.62
 20
22.929999999999996
 10
24.62
 20
22.77
 10
24.639999999999997
 20
22.749999999999996
 10
24.639999999999997
 20
22.609999999999996
 10
24.660000000000007
 20
22.59
 10
24.660000000000007
 20
22.429999999999996
 10
24.680000000000003
 20
22.41
 10
24.7
 20
22.109999999999996
 10
24.72000000000001
 20
22.09
 10
24.72000000000001
 20
21.929999999999996
 10
24.740000000000006
 20
21.91
 10
24.740000000000006
 20
21.77
 10
24.76
 20
21.749999999999996
 10
24.749999999999996
 20
21.639999999999997
 10
24.669999999999998
 20
21.679999999999996
 10
24.650000000000002
 20
21.66
 10
24.61000000000001
 20
21.66
 10
24.58000000000001
 20
21.63
 10
24.58000000000001
 20
21.59
 10
24.56
 20
21.569999999999997
 10
24.56
 20
19.829999999999995
 10
23.01
 20
19.819999999999997
 10
22.990000000000006
 20
19.8
 10
22.95
 20
19.8
 10
22.919999999999998
 20
19.77
 10
22.919999999999998
 20
19.73
 10
22.900000000000002
 20
19.709999999999997
 10
22.94000000000001
 20
19.63
 10
22.889999999999997
 20
19.62
 10
22.87
 20
19.599999999999998
 10
22.73
 20
19.599999999999998
 10
22.710000000000004
 20
19.579999999999995
 10
22.570000000000004
 20
19.579999999999995
 10
22.550000000000008
 20
19.56
 10
22.410000000000007
 20
19.56
 10
22.389999999999997
 20
19.539999999999996
 10
22.09
 20
19.52
 10
22.070000000000004
 20
19.499999999999996
 10
21.770000000000007
 20
19.48
 10
21.749999999999996
 20
19.459999999999997
 10
21.61000000000001
 20
19.459999999999997
 10
21.59
 20
19.439999999999994
 10
21.45
 20
19.439999999999994
 10
21.430000000000003
 20
19.419999999999998
 10
21.290000000000003
 20
19.419999999999998
 10
21.270000000000007
 20
19.399999999999995
 10
21.130000000000006
 20
19.399999999999995
 10
21.11000000000001
 20
19.38
 10
20.97000000000001
 20
19.38
 10
20.95
 20
19.359999999999996
 10
20.749999999999996
 20
19.34
 10
20.669999999999998
 20
19.3
 10
20.61000000000001
 20
19.24
 10
20.570000000000004
 20
19.24
 10
20.550000000000008
 20
19.219999999999995
 10
19.59
 20
19.219999999999995
 10
19.570000000000004
 20
19.2
 10
19.410000000000007
 20
19.2
 10
19.389999999999997
 20
19.179999999999996
 10
18.290000000000003
 20
19.179999999999996
 10
18.270000000000007
 20
19.2
  0
HATCH
  5
C6
330
17
100
AcDbEntity
  8
BLINDING-RAFT-60-HATCH
 62
7
100
AcDbHatch
 10
0.0
 20
0.0
 30
0.0
210
0.0
220
0.0
230
1.0
  2
ANSI31
 70
0
 71
0
 91
1
 92
3
 72
0
 73
1
 93
165
 10
18.23
 20
19.2
 10
18.180000000000003
 20
19.27
 10
18.180000000000003
 20
19.31
 10
18.160000000000007
 20
19.329999999999995
 10
18.160000000000007
 20
19.49
 10
18.139999999999997
 20
19.509999999999994
 10
18.139999999999997
 20
19.649999999999995
 10
18.12
 20
19.669999999999998
 10
18.100000000000005
 20
19.99
 10
18.08000000000001
 20
20.009999999999994
 10
18.08000000000001
 20
20.149999999999995
 10
18.06
 20
20.169999999999998
 10
18.06
 20
20.329999999999995
 10
18.040000000000003
 20
20.349999999999998
 10
18.040000000000003
 20
20.49
 10
18.020000000000007
 20
20.509999999999994
 10
18.020000000000007
 20
20.669999999999998
 10
17.999999999999996
 20
20.689999999999994
 10
17.999999999999996
 20
20.829999999999995
 10
17.98
 20
20.849999999999998
 10
17.98
 20
20.95
 10
17.960000000000004
 20
20.969999999999995
 10
17.960000000000004
 20
21.05
 10
17.919999999999998
 20
21.13
 10
17.859999999999996
 20
21.189999999999994
 10
17.859999999999996
 20
21.23
 10
17.84
 20
21.249999999999996
 10
17.84
 20
22.189999999999994
 10
17.820000000000004
 20
22.209999999999997
 10
17.820000000000004
 20
23.249999999999996
 10
17.84
 20
23.27
 10
17.84
 20
23.31
 10
17.87
 20
23.34
 10
17.95
 20
23.359999999999996
 10
17.97000000000001
 20
23.38
 10
18.290000000000003
 20
23.399999999999995
 10
18.31
 20
23.419999999999998
 10
18.61000000000001
 20
23.439999999999994
 10
18.630000000000006
 20
23.459999999999997
 10
18.790000000000003
 20
23.459999999999997
 10
18.81
 20
23.48
 10
19.11000000000001
 20
23.499999999999996
 10
19.130000000000006
 20
23.52
 10
19.290000000000003
 20
23.52
 10
19.31
 20
23.539999999999996
 10
20.45
 20
23.539999999999996
 10
20.47000000000001
 20
23.56
 10
20.550000000000008
 20
23.56
 10
20.630000000000006
 20
23.599999999999998
 10
20.710000000000004
 20
23.679999999999996
 10
20.790000000000003
 20
23.7
 10
20.81
 20
23.719999999999995
 10
20.95
 20
23.719999999999995
 10
20.97000000000001
 20
23.74
 10
21.130000000000006
 20
23.74
 10
21.150000000000002
 20
23.759999999999994
 10
21.31
 20
23.759999999999994
 10
21.33000000000001
 20
23.779999999999998
 10
21.47000000000001
 20
23.779999999999998
 10
21.490000000000006
 20
23.8
 10
21.650000000000002
 20
23.8
 10
21.669999999999998
 20
23.819999999999997
 10
21.83000000000001
 20
23.819999999999997
 10
21.850000000000005
 20
23.84
 10
21.930000000000003
 20
23.84
 10
21.95
 20
23.859999999999996
 10
22.01
 20
23.859999999999996
 10
22.09
 20
23.899999999999995
 10
22.160000000000007
 20
23.969999999999995
 10
22.2
 20
24.05
 10
22.22000000000001
 20
24.23
 10
22.23
 20
24.24
 10
22.249999999999996
 20
24.219999999999995
 10
22.290000000000003
 20
24.219999999999995
 10
22.31
 20
24.2
 10
22.33000000000001
 20
24.219999999999995
 10
22.37
 20
24.219999999999995
 10
22.400000000000002
 20
24.249999999999996
 10
22.400000000000002
 20
24.289999999999996
 10
22.419999999999998
 20
24.31
 10
22.430000000000003
 20
24.359999999999996
 10
24.31
 20
24.359999999999996
 10
24.33000000000001
 20
24.38
 10
24.37
 20
24.38
 10
24.400000000000002
 20
24.41
 10
24.400000000000002
 20
24.45
 10
24.430000000000003
 20
24.459999999999997
 10
24.44000000000001
 20
24.289999999999996
 10
24.460000000000004
 20
24.27
 10
24.460000000000004
 20
24.13
 10
24.48
 20
24.109999999999996
 10
24.48
 20
23.95
 10
24.499999999999996
 20
23.929999999999996
 10
24.499999999999996
 20
23.789999999999996
 10
24.520000000000007
 20
23.77
 10
24.520000000000007
 20
23.609999999999996
 10
24.540000000000003
 20
23.59
 10
24.540000000000003
 20
23.45
 10
24.56
 20
23.429999999999996
 10
24.56
 20
23.289999999999996
 10
24.58000000000001
 20
23.27
 10
24.58000000000001
 20
23.109999999999996
 10
24.600000000000005
 20
23.09
 10
24.600000000000005
 20
22.95
 10
24.62
 20
22.929999999999996
 10
24.62
 20
22.77
 10
24.639999999999997
 20
22.749999999999996
 10
24.639999999999997
 20
22.609999999999996
 10
24.660000000000007
 20
22.59
 10
24.660000000000007
 20
22.429999999999996
 10
24.680000000000003
 20
22.41
 10
24.7
 20
22.109999999999996
 10
24.72000000000001
 20
22.09
 10
24.72000000000001
 20
21.929999999999996
 10
24.740000000000006
 20
21.91
 10
24.740000000000006
 20
21.77
 10
24.76
 20
21.749999999999996
 10
24.749999999999996
 20
21.639999999999997
 10
24.669999999999998
 20
21.679999999999996
 10
24.650000000000002
 20
21.66
 10
24.61000000000001
 20
21.66
 10
24.58000000000001
 20
21.63
 10
24.58000000000001
 20
21.59
 10
24.56
 20
21.569999999999997
 10
24.56
 20
19.829999999999995
 10
23.01
 20
19.819999999999997
 10
22.990000000000006
 20
19.8
 10
22.95
 20
19.8
 10
22.919999999999998
 20
19.77
 10
22.919999999999998
 20
19.73
 10
22.900000000000002
 20
19.709999999999997
 10
22.94000000000001
 20
19.63
 10
22.889999999999997
 20
19.62
 10
22.87
 20
19.599999999999998
 10
22.73
 20
19.599999999999998
 10
22.710000000000004
 20
19.579999999999995
 10
22.570000000000004
 20
19.579999999999995
 10
22.550000000000008
 20
19.56
 10
22.410000000000007
 20
19.56
 10
22.389999999999997
 20
19.539999999999996
 10
22.09
 20
19.52
 10
22.070000000000004
 20
19.499999999999996
 10
21.770000000000007
 20
19.48
 10
21.749999999999996
 20
19.459999999999997
 10
21.61000000000001
 20
19.459999999999997
 10
21.59
 20
19.439999999999994
 10
21.45
 20
19.439999999999994
 10
21.430000000000003
 20
19.419999999999998
 10
21.290000000000003
 20
19.419999999999998
 10
21.270000000000007
 20
19.399999999999995
 10
21.130000000000006
 20
19.399999999999995
 10
21.11000000000001
 20
19.38
 10
20.97000000000001
 20
19.38
 10
20.95
 20
19.359999999999996
 10
20.749999999999996
 20
19.34
 10
20.669999999999998
 20
19.3
 10
20.61000000000001
 20
19.24
 10
20.570000000000004
 20
19.24
 10
20.550000000000008
 20
19.219999999999995
 10
19.59
 20
19.219999999999995
 10
19.570000000000004
 20
19.2
 10
19.410000000000007
 20
19.2
 10
19.389999999999997
 20
19.179999999999996
 10
18.290000000000003
 20
19.179999999999996
 10
18.270000000000007
 20
19.2
 97
0
 75
1
 76
1
 52
0.0
 41
0.05
 77
0
 78
1
 53
45.0
 43
0.0
 44
0.0
 45
-0.1122532015
 46
0.1122532015
 79
0
 98
0
  0
MTEXT
  5
C7
330
17
100
AcDbEntity
  8
BLINDING-LABEL
100
AcDbMText
 10
21.290000000000003
 20
21.84
 30
0.0
 40
0.25
 71
5
  1
Raft / mat 60 cm\P29.37 m²
  0
LWPOLYLINE
  5
C8
330
17
100
AcDbEntity
  8
BLINDING-RAFT-60
100
AcDbPolyline
 90
752
 70
1
 10
-15.730000000000002
 20
-4.419999999999996
 10
-15.829999999999997
 20
-4.339999999999998
 10
-15.910000000000002
 20
-4.300000000000006
 10
-16.009999999999994
 20
-4.220000000000008
 10
-16.029999999999998
 20
-4.220000000000008
 10
-16.099999999999998
 20
-4.15
 10
-16.099999999999998
 20
-4.109999999999994
 10
-16.12
 20
-4.089999999999998
 10
-16.12
 20
-3.089999999999998
 10
-16.099999999999998
 20
-3.070000000000002
 10
-16.079999999999995
 20
-2.9900000000000038
 10
-15.980000000000002
 20
-2.869999999999999
 10
-15.980000000000002
 20
-2.850000000000003
 10
-15.899999999999997
 20
-2.7500000000000018
 10
-15.899999999999997
 20
-2.7299999999999986
 10
-15.819999999999999
 20
-2.6300000000000043
 10
-15.819999999999999
 20
-2.610000000000001
 10
-15.78
 20
-2.570000000000002
 10
-15.700000000000001
 20
-2.4300000000000015
 10
-15.700000000000001
 20
-2.350000000000003
 10
-15.679999999999998
 20
-2.310000000000004
 10
-15.700000000000001
 20
-2.290000000000001
 10
-15.700000000000001
 20
-2.2100000000000026
 10
-15.74
 20
-2.1300000000000043
 10
-15.81
 20
-2.060000000000004
 10
-15.889999999999999
 20
-2.019999999999998
 10
-15.969999999999997
 20
-2.019999999999998
 10
-15.99
 20
-2.0000000000000018
 10
-17.069999999999997
 20
-2.0000000000000018
 10
-17.09
 20
-1.9799999999999989
 10
-17.13
 20
-1.9799999999999989
 10
-17.16
 20
-1.9500000000000048
 10
-17.16
 20
-1.9099999999999986
 10
-17.179999999999996
 20
-1.8900000000000026
 10
-17.179999999999996
 20
0.7099999999999989
 10
-17.16
 20
0.730000000000002
 10
-17.179999999999996
 20
0.749999999999998
 10
-17.179999999999996
 20
0.8299999999999963
 10
-17.219999999999995
 20
0.9100000000000017
 10
-17.289999999999996
 20
0.980000000000002
 10
-17.37
 20
1.0200000000000011
 10
-17.45
 20
1.0200000000000011
 10
-17.469999999999995
 20
1.0399999999999971
 10
-18.889999999999997
 20
1.0399999999999971
 10
-18.909999999999997
 20
1.0600000000000003
 10
-18.95
 20
1.0600000000000003
 10
-18.979999999999997
 20
1.0900000000000014
 10
-18.979999999999997
 20
1.1300000000000006
 10
-18.999999999999996
 20
1.1499999999999966
 10
-18.999999999999996
 20
6.3299999999999965
 10
-19.019999999999996
 20
6.35
 10
-19.019999999999996
 20
6.429999999999998
 10
-19.06
 20
6.509999999999996
 10
-19.13
 20
6.5799999999999965
 10
-19.209999999999997
 20
6.619999999999996
 10
-19.29
 20
6.619999999999996
 10
-19.31
 20
6.639999999999999
 10
-21.049999999999997
 20
6.639999999999999
 10
-21.069999999999997
 20
6.660000000000002
 10
-21.11
 20
6.660000000000002
 10
-21.139999999999997
 20
6.689999999999996
 10
-21.179999999999996
 20
6.85
 10
-21.22
 20
6.910000000000002
 10
-21.22
 20
6.950000000000001
 10
-21.24
 20
6.969999999999997
 10
-21.24
 20
7.009999999999996
 10
-21.279999999999998
 20
7.090000000000002
 10
-21.279999999999998
 20
7.130000000000001
 10
-21.319999999999997
 20
7.209999999999999
 10
-21.319999999999997
 20
7.249999999999998
 10
-21.36
 20
7.3100000000000005
 10
-21.38
 20
7.410000000000002
 10
-21.4
 20
7.429999999999998
 10
-21.4
 20
7.469999999999997
 10
-21.439999999999998
 20
7.5500000000000025
 10
-21.439999999999998
 20
7.590000000000002
 10
-21.459999999999997
 20
7.609999999999998
 10
-21.459999999999997
 20
7.649999999999997
 10
-21.499999999999996
 20
7.709999999999999
 10
-21.499999999999996
 20
7.749999999999998
 10
-21.54
 20
7.8299999999999965
 10
-21.58
 20
7.99
 10
-21.599999999999998
 20
8.009999999999996
 10
-21.599999999999998
 20
8.050000000000002
 10
-21.639999999999997
 20
8.109999999999998
 10
-21.639999999999997
 20
8.149999999999997
 10
-21.659999999999997
 20
8.17
 10
-21.679999999999996
 20
8.270000000000001
 10
-21.7
 20
8.289999999999997
 10
-21.7
 20
8.329999999999997
 10
-21.74
 20
8.389999999999999
 10
-21.779999999999998
 20
8.550000000000002
 10
-21.819999999999997
 20
8.63
 10
-21.819999999999997
 20
8.67
 10
-21.86
 20
8.730000000000002
 10
-21.86
 20
8.770000000000001
 10
-21.88
 20
8.789999999999997
 10
-21.88
 20
8.829999999999997
 10
-21.919999999999998
 20
8.910000000000002
 10
-21.919999999999998
 20
8.950000000000001
 10
-21.959999999999997
 20
9.009999999999996
 10
-21.959999999999997
 20
9.050000000000002
 10
-21.999999999999996
 20
9.13
 10
-21.999999999999996
 20
11.749999999999998
 10
-21.979999999999997
 20
11.770000000000001
 10
-21.979999999999997
 20
11.81
 10
-21.95
 20
11.840000000000002
 10
-21.909999999999997
 20
11.840000000000002
 10
-21.889999999999997
 20
11.859999999999998
 10
-20.81
 20
11.859999999999998
 10
-20.79
 20
11.88
 10
-19.63
 20
11.88
 10
-19.61
 20
11.859999999999998
 10
-16.91
 20
11.859999999999998
 10
-16.889999999999997
 20
11.88
 10
-15.789999999999997
 20
11.88
 10
-15.770000000000001
 20
11.859999999999998
 10
-9.709999999999999
 20
11.859999999999998
 10
-9.689999999999996
 20
11.88
 10
-8.590000000000002
 20
11.88
 10
-8.569999999999999
 20
11.859999999999998
 10
-7.389999999999999
 20
11.859999999999998
 10
-7.370000000000003
 20
11.840000000000002
 10
-7.3299999999999965
 20
11.840000000000002
 10
-7.3000000000000025
 20
11.81
 10
-7.3000000000000025
 20
11.770000000000001
 10
-7.279999999999999
 20
11.749999999999998
 10
-7.279999999999999
 20
6.749999999999998
 10
-7.3000000000000025
 20
6.730000000000002
 10
-7.3000000000000025
 20
6.689999999999996
 10
-7.3299999999999965
 20
6.660000000000002
 10
-7.370000000000003
 20
6.660000000000002
 10
-7.389999999999999
 20
6.639999999999999
 10
-8.569999999999999
 20
6.639999999999999
 10
-8.590000000000002
 20
6.619999999999996
 10
-9.689999999999996
 20
6.619999999999996
 10
-9.709999999999999
 20
6.639999999999999
 10
-10.370000000000003
 20
6.639999999999999
 10
-10.389999999999999
 20
6.619999999999996
 10
-10.469999999999997
 20
6.619999999999996
 10
-10.550000000000002
 20
6.5799999999999965
 10
-10.620000000000003
 20
6.509999999999996
 10
-10.660000000000002
 20
6.429999999999998
 10
-10.660000000000002
 20
6.35
 10
-10.679999999999998
 20
6.3299999999999965
 10
-10.679999999999998
 20
5.090000000000002
 10
-10.660000000000002
 20
5.0699999999999985
 10
-10.660000000000002
 20
3.969999999999997
 10
-10.679999999999998
 20
3.950000000000001
 10
-10.679999999999998
 20
1.0500000000000023
 10
-10.700000000000001
 20
1.0299999999999991
 10
-10.679999999999998
 20
1.009999999999996
 10
-10.679999999999998
 20
0.9299999999999977
 10
-10.639999999999999
 20
0.8499999999999994
 10
-10.569999999999999
 20
0.7799999999999991
 10
-10.49
 20
0.74
 10
-10.410000000000002
 20
0.74
 10
-10.389999999999999
 20
0.7199999999999969
 10
-3.8700000000000028
 20
0.7199999999999969
 10
-3.8499999999999996
 20
0.74
 10
-3.7700000000000014
 20
0.74
 10
-3.689999999999996
 20
0.7799999999999991
 10
-3.649999999999997
 20
0.8199999999999983
 10
-3.5799999999999965
 20
0.9299999999999977
 10
-3.5799999999999965
 20
1.009999999999996
 10
-3.5600000000000005
 20
1.0299999999999991
 10
-3.5600000000000005
 20
3.929999999999998
 10
-3.5799999999999965
 20
3.950000000000001
 10
-3.5799999999999965
 20
4.029999999999999
 10
-3.6200000000000028
 20
4.109999999999998
 10
-3.689999999999996
 20
4.179999999999998
 10
-3.7700000000000014
 20
4.219999999999997
 10
-3.8499999999999996
 20
4.219999999999997
 10
-3.8700000000000028
 20
4.24
 10
-5.5500000000000025
 20
4.24
 10
-5.5699999999999985
 20
4.259999999999996
 10
-5.609999999999998
 20
4.259999999999996
 10
-5.639999999999999
 20
4.289999999999997
 10
-5.639999999999999
 20
4.3299999999999965
 10
-5.660000000000002
 20
4.35
 10
-5.660000000000002
 20
11.689999999999996
 10
-5.639999999999999
 20
11.709999999999999
 10
-5.639999999999999
 20
11.749999999999998
 10
-5.609999999999998
 20
11.78
 10
-5.5699999999999985
 20
11.78
 10
-5.5500000000000025
 20
11.800000000000002
 10
1.490000000000004
 20
11.800000000000002
 10
1.51
 20
11.819999999999999
 10
2.610000000000001
 20
11.819999999999999
 10
2.6300000000000043
 20
11.800000000000002
 10
6.229999999999999
 20
11.800000000000002
 10
6.250000000000002
 20
11.819999999999999
 10
6.33
 20
11.819999999999999
 10
6.409999999999998
 20
11.859999999999998
 10
6.479999999999999
 20
11.929999999999998
 10
6.519999999999998
 20
12.009999999999996
 10
6.519999999999998
 20
12.090000000000002
 10
6.540000000000001
 20
12.109999999999998
 10
6.540000000000001
 20
18.069999999999997
 10
6.519999999999998
 20
18.09
 10
6.519999999999998
 20
18.169999999999998
 10
6.479999999999999
 20
18.249999999999996
 10
6.409999999999998
 20
18.319999999999997
 10
6.290000000000001
 20
18.38
 10
6.250000000000002
 20
18.38
 10
6.220000000000001
 20
18.41
 10
6.220000000000001
 20
18.45
 10
6.1999999999999975
 20
18.469999999999995
 10
6.1999999999999975
 20
20.95
 10
6.1800000000000015
 20
20.969999999999995
 10
6.1800000000000015
 20
22.069999999999997
 10
6.1999999999999975
 20
22.09
 10
6.1999999999999975
 20
24.509999999999994
 10
6.220000000000001
 20
24.529999999999998
 10
6.220000000000001
 20
24.569999999999997
 10
6.250000000000002
 20
24.599999999999998
 10
6.290000000000001
 20
24.599999999999998
 10
6.409999999999998
 20
24.66
 10
6.479999999999999
 20
24.73
 10
6.519999999999998
 20
24.81
 10
6.519999999999998
 20
24.889999999999997
 10
6.540000000000001
 20
24.91
 10
6.540000000000001
 20
27.069999999999997
 10
6.519999999999998
 20
27.09
 10
6.519999999999998
 20
27.169999999999998
 10
6.479999999999999
 20
27.249999999999996
 10
6.409999999999998
 20
27.319999999999997
 10
6.290000000000001
 20
27.38
 10
6.250000000000002
 20
27.38
 10
6.220000000000001
 20
27.41
 10
6.220000000000001
 20
27.45
 10
6.1999999999999975
 20
27.469999999999995
 10
6.1999999999999975
 20
29.95
 10
6.1800000000000015
 20
29.97
 10
6.1800000000000015
 20
31.069999999999997
 10
6.1999999999999975
 20
31.089999999999996
 10
6.1999999999999975
 20
33.51
 10
6.220000000000001
 20
33.53
 10
6.220000000000001
 20
33.57
 10
6.250000000000002
 20
33.6
 10
6.290000000000001
 20
33.6
 10
6.409999999999998
 20
33.660000000000004
 10
6.479999999999999
 20
33.73
 10
6.519999999999998
 20
33.81
 10
6.519999999999998
 20
33.89
 10
6.540000000000001
 20
33.910000000000004
 10
6.540000000000001
 20
35.830000000000005
 10
6.519999999999998
 20
35.85
 10
6.519999999999998
 20
35.93
 10
6.479999999999999
 20
36.01
 10
6.409999999999998
 20
36.080000000000005
 10
6.33
 20
36.12
 10
6.250000000000002
 20
36.12
 10
6.229999999999999
 20
36.14
 10
6.049999999999999
 20
36.14
 10
6.030000000000003
 20
36.160000000000004
 10
5.990000000000004
 20
36.160000000000004
 10
5.960000000000003
 20
36.190000000000005
 10
5.960000000000003
 20
36.23
 10
5.9399999999999995
 20
36.25
 10
5.9399999999999995
 20
38.95
 10
5.9200000000000035
 20
38.970000000000006
 10
5.9200000000000035
 20
40.07
 10
5.9399999999999995
 20
40.089999999999996
 10
5.9399999999999995
 20
43.410000000000004
 10
5.9200000000000035
 20
43.43
 10
5.9200000000000035
 20
44.53
 10
5.9399999999999995
 20
44.550000000000004
 10
5.9399999999999995
 20
47.190000000000005
 10
5.960000000000003
 20
47.21
 10
5.960000000000003
 20
47.25
 10
5.990000000000004
 20
47.28
 10
6.030000000000003
 20
47.28
 10
6.049999999999999
 20
47.300000000000004
 10
6.229999999999999
 20
47.300000000000004
 10
6.250000000000002
 20
47.32
 10
6.33
 20
47.32
 10
6.409999999999998
 20
47.36
 10
6.479999999999999
 20
47.43
 10
6.519999999999998
 20
47.51
 10
6.519999999999998
 20
47.59
 10
6.540000000000001
 20
47.61
 10
6.540000000000001
 20
49.15
 10
6.519999999999998
 20
49.17
 10
6.519999999999998
 20
50.27
 10
6.540000000000001
 20
50.29
 10
6.540000000000001
 20
53.330000000000005
 10
6.519999999999998
 20
53.35
 10
6.519999999999998
 20
53.43
 10
6.479999999999999
 20
53.51
 10
6.409999999999998
 20
53.580000000000005
 10
6.33
 20
53.620000000000005
 10
6.250000000000002
 20
53.620000000000005
 10
6.229999999999999
 20
53.64
 10
5.530000000000003
 20
53.64
 10
5.51
 20
53.620000000000005
 10
5.4300000000000015
 20
53.620000000000005
 10
5.350000000000003
 20
53.580000000000005
 10
5.290000000000001
 20
53.52
 10
5.240000000000004
 20
53.43
 10
5.240000000000004
 20
53.35
 10
5.220000000000001
 20
53.330000000000005
 10
5.220000000000001
 20
52.89
 10
5.1999999999999975
 20
52.870000000000005
 10
5.1999999999999975
 20
52.830000000000005
 10
5.1700000000000035
 20
52.800000000000004
 10
5.130000000000004
 20
52.800000000000004
 10
5.110000000000001
 20
52.78
 10
2.6300000000000043
 20
52.78
 10
2.610000000000001
 20
52.76
 10
1.51
 20
52.76
 10
1.490000000000004
 20
52.78
 10
-0.8899999999999986
 20
52.78
 10
-0.9100000000000017
 20
52.800000000000004
 10
-0.9500000000000008
 20
52.800000000000004
 10
-0.980000000000002
 20
52.830000000000005
 10
-0.980000000000002
 20
52.870000000000005
 10
-0.999999999999998
 20
52.89
 10
-0.999999999999998
 20
53.330000000000005
 10
-1.0200000000000011
 20
53.35
 10
-1.0200000000000011
 20
53.43
 10
-1.0600000000000003
 20
53.51
 10
-1.1300000000000006
 20
53.580000000000005
 10
-1.2099999999999989
 20
53.620000000000005
 10
-1.2899999999999971
 20
53.620000000000005
 10
-1.3100000000000003
 20
53.64
 10
-5.67
 20
53.64
 10
-5.689999999999996
 20
53.620000000000005
 10
-5.770000000000001
 20
53.620000000000005
 10
-5.85
 20
53.580000000000005
 10
-5.92
 20
53.51
 10
-5.959999999999999
 20
53.43
 10
-5.959999999999999
 20
53.35
 10
-5.980000000000002
 20
53.330000000000005
 10
-5.980000000000002
 20
52.89
 10
-5.999999999999998
 20
52.870000000000005
 10
-6.009999999999996
 20
52.82
 10
-6.090000000000002
 20
52.78
 10
-8.569999999999999
 20
52.78
 10
-8.590000000000002
 20
52.76
 10
-9.689999999999996
 20
52.76
 10
-9.709999999999999
 20
52.78
 10
-12.090000000000002
 20
52.78
 10
-12.109999999999998
 20
52.800000000000004
 10
-12.160000000000002
 20
52.81
 10
-12.200000000000001
 20
52.89
 10
-12.200000000000001
 20
53.330000000000005
 10
-12.219999999999997
 20
53.35
 10
-12.219999999999997
 20
53.43
 10
-12.259999999999996
 20
53.51
 10
-12.329999999999997
 20
53.580000000000005
 10
-12.410000000000002
 20
53.620000000000005
 10
-12.49
 20
53.620000000000005
 10
-12.509999999999996
 20
53.64
 10
-12.870000000000003
 20
53.64
 10
-12.889999999999999
 20
53.620000000000005
 10
-12.969999999999997
 20
53.620000000000005
 10
-13.050000000000002
 20
53.580000000000005
 10
-13.120000000000003
 20
53.51
 10
-13.160000000000002
 20
53.43
 10
-13.160000000000002
 20
53.35
 10
-13.179999999999998
 20
53.330000000000005
 10
-13.179999999999998
 20
52.89
 10
-13.200000000000001
 20
52.870000000000005
 10
-13.209999999999999
 20
52.82
 10
-13.289999999999997
 20
52.78
 10
-15.770000000000001
 20
52.78
 10
-15.789999999999997
 20
52.76
 10
-16.889999999999997
 20
52.76
 10
-16.91
 20
52.78
 10
-19.29
 20
52.78
 10
-19.31
 20
52.800000000000004
 10
-19.36
 20
52.81
 10
-19.4
 20
52.89
 10
-19.4
 20
55.050000000000004
 10
-19.419999999999998
 20
55.07
 10
-19.419999999999998
 20
56.17
 10
-19.4
 20
56.190000000000005
 10
-19.4
 20
58.89
 10
-19.38
 20
58.910000000000004
 10
-19.38
 20
58.95
 10
-19.349999999999998
 20
58.980000000000004
 10
-19.31
 20
58.980000000000004
 10
-19.29
 20
59.0
 10
-13.289999999999997
 20
59.0
 10
-13.270000000000001
 20
58.980000000000004
 10
-13.230000000000002
 20
58.980000000000004
 10
-13.200000000000001
 20
58.95
 10
-13.179999999999998
 20
58.870000000000005
 10
-13.160000000000002
 20
58.85
 10
-13.160000000000002
 20
58.77
 10
-13.120000000000003
 20
58.690000000000005
 10
-13.050000000000002
 20
58.620000000000005
 10
-12.969999999999997
 20
58.580000000000005
 10
-12.889999999999999
 20
58.580000000000005
 10
-12.870000000000003
 20
58.56
 10
-12.509999999999996
 20
58.56
 10
-12.49
 20
58.580000000000005
 10
-12.410000000000002
 20
58.580000000000005
 10
-12.329999999999997
 20
58.620000000000005
 10
-12.259999999999996
 20
58.690000000000005
 10
-12.219999999999997
 20
58.77
 10
-12.219999999999997
 20
58.85
 10
-12.200000000000001
 20
58.870000000000005
 10
-12.179999999999998
 20
58.95
 10
-12.149999999999997
 20
58.980000000000004
 10
-12.109999999999998
 20
58.980000000000004
 10
-12.090000000000002
 20
59.0
 10
-6.090000000000002
 20
59.0
 10
-6.0699999999999985
 20
58.980000000000004
 10
-6.029999999999999
 20
58.980000000000004
 10
-5.999999999999998
 20
58.95
 10
-5.980000000000002
 20
58.870000000000005
 10
-5.959999999999999
 20
58.85
 10
-5.959999999999999
 20
58.77
 10
-5.92
 20
58.690000000000005
 10
-5.85
 20
58.620000000000005
 10
-5.770000000000001
 20
58.580000000000005
 10
-5.689999999999996
 20
58.580000000000005
 10
-5.67
 20
58.56
 10
-1.3100000000000003
 20
58.56
 10
-1.2899999999999971
 20
58.580000000000005
 10
-1.2099999999999989
 20
58.580000000000005
 10
-1.1300000000000006
 20
58.620000000000005
 10
-1.0600000000000003
 20
58.690000000000005
 10
-1.0200000000000011
 20
58.77
 10
-1.0200000000000011
 20
58.85
 10
-0.999999999999998
 20
58.870000000000005
 10
-0.980000000000002
 20
58.95
 10
-0.9500000000000008
 20
58.980000000000004
 10
-0.9100000000000017
 20
58.980000000000004
 10
-0.8899999999999986
 20
59.0
 10
5.110000000000001
 20
59.0
 10
5.130000000000004
 20
58.980000000000004
 10
5.1700000000000035
 20
58.980000000000004
 10
5.1999999999999975
 20
58.95
 10
5.220000000000001
 20
58.870000000000005
 10
5.240000000000004
 20
58.85
 10
5.240000000000004
 20
58.77
 10
5.280000000000003
 20
58.690000000000005
 10
5.350000000000003
 20
58.620000000000005
 10
5.4300000000000015
 20
58.580000000000005
 10
5.51
 20
58.580000000000005
 10
5.530000000000003
 20
58.56
 10
11.350000000000003
 20
58.56
 10
11.37
 20
58.54
 10
11.409999999999998
 20
58.54
 10
11.44
 20
58.510000000000005
 10
11.44
 20
58.47
 10
11.460000000000003
 20
58.45
 10
11.460000000000003
 20
56.71
 10
11.479999999999999
 20
56.690000000000005
 10
11.479999999999999
 20
56.61
 10
11.519999999999998
 20
56.53
 10
11.589999999999998
 20
56.46
 10
11.670000000000003
 20
56.42
 10
11.750000000000002
 20
56.42
 10
11.769999999999998
 20
56.4
 10
20.550000000000008
 20
56.4
 10
20.570000000000004
 20
56.38
 10
20.61000000000001
 20
56.38
 10
20.639999999999997
 20
56.35
 10
20.639999999999997
 20
56.31
 10
20.660000000000007
 20
56.29
 10
20.680000000000003
 20
55.97
 10
20.7
 20
55.95
 10
20.7
 20
55.81
 10
20.72000000000001
 20
55.79
 10
20.72000000000001
 20
55.65
 10
20.740000000000006
 20
55.63
 10
20.740000000000006
 20
55.47
 10
20.76
 20
55.45
 10
20.76
 20
55.31
 10
20.779999999999998
 20
55.29
 10
20.779999999999998
 20
55.13
 10
20.800000000000008
 20
55.11
 10
20.800000000000008
 20
54.97
 10
20.820000000000004
 20
54.95
 10
20.820000000000004
 20
54.79
 10
20.84
 20
54.77
 10
20.84
 20
54.63
 10
20.86000000000001
 20
54.61
 10
20.86000000000001
 20
54.47
 10
20.880000000000006
 20
54.45
 10
20.880000000000006
 20
54.29
 10
20.900000000000002
 20
54.27
 10
20.900000000000002
 20
54.13
 10
20.919999999999998
 20
54.11
 10
20.910000000000007
 20
54.0
 10
20.83000000000001
 20
54.04
 10
20.81
 20
54.02
 10
20.770000000000007
 20
54.02
 10
20.740000000000006
 20
53.99
 10
20.740000000000006
 20
53.95
 10
20.72000000000001
 20
53.93
 10
20.710000000000004
 20
52.18
 10
19.19000000000001
 20
52.18
 10
19.169999999999998
 20
52.160000000000004
 10
19.130000000000006
 20
52.160000000000004
 10
19.100000000000005
 20
52.13
 10
19.100000000000005
 20
52.09
 10
19.08000000000001
 20
52.07
 10
19.100000000000005
 20
52.050000000000004
 10
19.100000000000005
 20
52.01
 10
19.12
 20
51.99
 10
19.11000000000001
 20
51.980000000000004
 10
11.769999999999998
 20
51.980000000000004
 10
11.750000000000002
 20
51.96
 10
11.670000000000003
 20
51.96
 10
11.589999999999998
 20
51.92
 10
11.519999999999998
 20
51.85
 10
11.479999999999999
 20
51.77
 10
11.479999999999999
 20
51.690000000000005
 10
11.460000000000003
 20
51.67
 10
11.460000000000003
 20
47.61
 10
11.479999999999999
 20
47.59
 10
11.479999999999999
 20
47.51
 10
11.519999999999998
 20
47.43
 10
11.589999999999998
 20
47.36
 10
11.670000000000003
 20
47.32
 10
11.750000000000002
 20
47.32
 10
11.769999999999998
 20
47.300000000000004
 10
12.549999999999999
 20
47.300000000000004
 10
12.630000000000004
 20
47.26
 10
12.640000000000002
 20
47.21
 10
12.659999999999998
 20
47.190000000000005
 10
12.659999999999998
 20
44.550000000000004
 10
12.680000000000001
 20
44.53
 10
12.680000000000001
 20
43.43
 10
12.659999999999998
 20
43.410000000000004
 10
12.659999999999998
 20
40.089999999999996
 10
12.680000000000001
 20
40.07
 10
12.680000000000001
 20
38.970000000000006
 10
12.659999999999998
 20
38.95
 10
12.659999999999998
 20
36.25
 10
12.640000000000002
 20
36.23
 10
12.630000000000004
 20
36.18
 10
12.549999999999999
 20
36.14
 10
11.769999999999998
 20
36.14
 10
11.750000000000002
 20
36.12
 10
11.670000000000003
 20
36.12
 10
11.589999999999998
 20
36.080000000000005
 10
11.519999999999998
 20
36.01
 10
11.479999999999999
 20
35.93
 10
11.479999999999999
 20
35.85
 10
11.460000000000003
 20
35.830000000000005
 10
11.460000000000003
 20
33.910000000000004
 10
11.479999999999999
 20
33.89
 10
11.479999999999999
 20
33.81
 10
11.519999999999998
 20
33.73
 10
11.589999999999998
 20
33.660000000000004
 10
11.670000000000003
 20
33.62
 10
11.750000000000002
 20
33.62
 10
11.769999999999998
 20
33.6
 10
12.310000000000004
 20
33.6
 10
12.33
 20
33.580000000000005
 10
12.37
 20
33.580000000000005
 10
12.4
 20
33.550000000000004
 10
12.4
 20
33.51
 10
12.420000000000003
 20
33.49
 10
12.420000000000003
 20
31.089999999999996
 10
12.44
 20
31.069999999999997
 10
12.44
 20
29.97
 10
12.420000000000003
 20
29.95
 10
12.420000000000003
 20
27.49
 10
12.4
 20
27.469999999999995
 10
12.4
 20
27.429999999999996
 10
12.37
 20
27.399999999999995
 10
12.33
 20
27.399999999999995
 10
12.310000000000004
 20
27.38
 10
11.769999999999998
 20
27.38
 10
11.750000000000002
 20
27.359999999999996
 10
11.670000000000003
 20
27.359999999999996
 10
11.589999999999998
 20
27.319999999999997
 10
11.519999999999998
 20
27.249999999999996
 10
11.479999999999999
 20
27.169999999999998
 10
11.479999999999999
 20
27.09
 10
11.460000000000003
 20
27.069999999999997
 10
11.460000000000003
 20
24.91
 10
11.479999999999999
 20
24.889999999999997
 10
11.479999999999999
 20
24.81
 10
11.519999999999998
 20
24.73
 10
11.589999999999998
 20
24.66
 10
11.670000000000003
 20
24.62
 10
11.750000000000002
 20
24.62
 10
11.769999999999998
 20
24.599999999999998
 10
12.310000000000004
 20
24.599999999999998
 10
12.33
 20
24.579999999999995
 10
12.37
 20
24.579999999999995
 10
12.4
 20
24.55
 10
12.4
 20
24.509999999999994
 10
12.420000000000003
 20
24.49
 10
12.420000000000003
 20
22.09
 10
12.44
 20
22.069999999999997
 10
12.44
 20
20.969999999999995
 10
12.420000000000003
 20
20.95
 10
12.420000000000003
 20
18.49
 10
12.4
 20
18.469999999999995
 10
12.4
 20
18.429999999999996
 10
12.37
 20
18.399999999999995
 10
12.33
 20
18.399999999999995
 10
12.310000000000004
 20
18.38
 10
11.769999999999998
 20
18.38
 10
11.750000000000002
 20
18.359999999999996
 10
11.670000000000003
 20
18.359999999999996
 10
11.589999999999998
 20
18.319999999999997
 10
11.519999999999998
 20
18.249999999999996
 10
11.479999999999999
 20
18.169999999999998
 10
11.479999999999999
 20
18.09
 10
11.460000000000003
 20
18.069999999999997
 10
11.460000000000003
 20
12.109999999999998
 10
11.479999999999999
 20
12.090000000000002
 10
11.479999999999999
 20
12.009999999999996
 10
11.519999999999998
 20
11.929999999999998
 10
11.589999999999998
 20
11.859999999999998
 10
11.670000000000003
 20
11.819999999999999
 10
11.750000000000002
 20
11.819999999999999
 10
11.769999999999998
 20
11.800000000000002
 10
12.549999999999999
 20
11.800000000000002
 10
12.570000000000002
 20
11.78
 10
12.610000000000001
 20
11.78
 10
12.640000000000002
 20
11.749999999999998
 10
12.640000000000002
 20
11.709999999999999
 10
12.659999999999998
 20
11.689999999999996
 10
12.659999999999998
 20
9.950000000000001
 10
12.680000000000001
 20
9.929999999999998
 10
12.680000000000001
 20
8.829999999999997
 10
12.659999999999998
 20
8.81
 10
12.659999999999998
 20
7.429999999999998
 10
12.640000000000002
 20
7.410000000000002
 10
12.640000000000002
 20
7.369999999999996
 10
12.610000000000001
 20
7.340000000000002
 10
12.570000000000002
 20
7.340000000000002
 10
12.549999999999999
 20
7.3199999999999985
 10
12.47
 20
7.3199999999999985
 10
12.390000000000002
 20
7.279999999999999
 10
12.339999999999998
 20
7.230000000000002
 10
12.280000000000003
 20
7.130000000000001
 10
12.280000000000003
 20
7.0500000000000025
 10
12.26
 20
7.029999999999999
 10
12.26
 20
6.649999999999997
 10
12.280000000000003
 20
6.630000000000001
 10
12.280000000000003
 20
5.529999999999999
 10
12.26
 20
5.509999999999996
 10
12.26
 20
4.889999999999999
 10
12.2517728403913
 20
4.881772840391297
 10
12.2517728403913
 20
7.298809792043626
 10
10.1517728403913
 20
7.298809792043626
 10
10.1517728403913
 20
4.798809792043627
 10
12.168809792043628
 20
4.798809792043627
 10
12.15
 20
4.779999999999999
 10
11.729999999999999
 20
4.779999999999999
 10
11.710000000000003
 20
4.759999999999996
 10
10.610000000000001
 20
4.759999999999996
 10
10.589999999999998
 20
4.779999999999999
 10
10.170000000000003
 20
4.779999999999999
 10
10.15
 20
4.759999999999996
 10
10.070000000000002
 20
4.759999999999996
 10
9.990000000000004
 20
4.719999999999997
 10
9.920000000000003
 20
4.649999999999997
 10
9.880000000000004
 20
4.5699999999999985
 10
9.880000000000004
 20
4.49
 10
9.860000000000001
 20
4.469999999999997
 10
9.860000000000001
 20
0.8699999999999954
 10
9.880000000000004
 20
0.8499999999999994
 10
9.880000000000004
 20
0.7700000000000011
 10
9.920000000000003
 20
0.6899999999999957
 10
9.990000000000004
 20
0.6199999999999954
 10
10.070000000000002
 20
0.5799999999999963
 10
10.15
 20
0.5799999999999963
 10
10.170000000000003
 20
0.5600000000000003
 10
10.589999999999998
 20
0.5600000000000003
 10
10.610000000000001
 20
0.5799999999999963
 10
11.710000000000003
 20
0.5799999999999963
 10
11.729999999999999
 20
0.5600000000000003
 10
12.799999999999999
 20
0.5500000000000023
 10
12.750000000000002
 20
0.5399999999999971
 10
12.729999999999999
 20
0.5200000000000011
 10
12.72
 20
0.46999999999999686
 10
12.700000000000005
 20
0.45000000000000084
 10
12.700000000000005
 20
-1.4499999999999977
 10
12.72
 20
-1.4700000000000009
 10
12.72
 20
-1.51
 10
12.750000000000002
 20
-1.5400000000000011
 10
12.790000000000001
 20
-1.5400000000000011
 10
12.810000000000004
 20
-1.5600000000000043
 10
12.890000000000002
 20
-1.519999999999998
 10
12.9
 20
-1.5300000000000031
 10
12.9
 20
-2.610000000000001
 10
12.880000000000004
 20
-2.6300000000000043
 10
12.880000000000004
 20
-2.6700000000000035
 10
12.850000000000003
 20
-2.7000000000000046
 10
12.810000000000004
 20
-2.7000000000000046
 10
12.790000000000001
 20
-2.7200000000000006
 10
9.790000000000001
 20
-2.7200000000000006
 10
9.769999999999998
 20
-2.7000000000000046
 10
9.729999999999999
 20
-2.7000000000000046
 10
9.699999999999998
 20
-2.6700000000000035
 10
9.699999999999998
 20
-2.6300000000000043
 10
9.680000000000001
 20
-2.610000000000001
 10
9.680000000000001
 20
-2.030000000000003
 10
9.659999999999998
 20
-2.01
 10
9.659999999999998
 20
-1.9300000000000017
 10
9.62
 20
-1.8500000000000034
 10
9.549999999999999
 20
-1.7800000000000031
 10
9.47
 20
-1.740000000000004
 10
9.390000000000002
 20
-1.740000000000004
 10
9.37
 20
-1.7200000000000009
 10
-2.5699999999999985
 20
-1.7200000000000009
 10
-2.5900000000000016
 20
-1.740000000000004
 10
-2.67
 20
-1.740000000000004
 10
-2.7499999999999982
 20
-1.7800000000000031
 10
-2.8199999999999985
 20
-1.8500000000000034
 10
-2.8599999999999977
 20
-1.9500000000000048
 10
-2.889999999999999
 20
-1.9799999999999989
 10
-2.929999999999998
 20
-1.9799999999999989
 10
-2.950000000000001
 20
-2.0000000000000018
 10
-12.81
 20
-2.0000000000000018
 10
-12.829999999999997
 20
-2.019999999999998
 10
-12.910000000000002
 20
-2.019999999999998
 10
-12.99
 20
-2.060000000000004
 10
-13.06
 20
-2.1300000000000043
 10
-13.1
 20
-2.2100000000000026
 10
-13.219999999999997
 20
-2.369999999999999
 10
-13.219999999999997
 20
-2.3900000000000023
 10
-13.259999999999996
 20
-2.4300000000000015
 10
-13.259999999999996
 20
-2.4500000000000046
 10
-13.319999999999999
 20
-2.51
 10
-13.319999999999999
 20
-2.530000000000003
 10
-13.439999999999996
 20
-2.6899999999999995
 10
-13.439999999999996
 20
-2.7100000000000026
 10
-13.719999999999997
 20
-3.110000000000001
 10
-13.719999999999997
 20
-3.1300000000000043
 10
-13.92
 20
-3.4099999999999984
 10
-13.92
 20
-3.4300000000000015
 10
-13.980000000000002
 20
-3.4900000000000038
 10
-14.06
 20
-3.6300000000000043
 10
-14.179999999999998
 20
-3.790000000000001
 10
-14.179999999999998
 20
-3.810000000000004
 10
-14.259999999999996
 20
-3.9099999999999984
 10
-14.259999999999996
 20
-3.9300000000000015
 10
-14.340000000000002
 20
-4.029999999999996
 10
-14.340000000000002
 20
-4.050000000000006
 10
-14.38
 20
-4.089999999999998
 10
-14.38
 20
-4.109999999999994
 10
-14.499999999999998
 20
-4.270000000000005
 10
-14.539999999999997
 20
-4.350000000000003
 10
-14.609999999999998
 20
-4.419999999999996
 10
-14.649999999999997
 20
-4.419999999999996
 10
-14.67
 20
-4.440000000000007
 10
-15.67
 20
-4.440000000000007
 10
-15.689999999999996
 20
-4.419999999999996
  0
HATCH
  5
C9
330
17
100
AcDbEntity
  8
BLINDING-RAFT-60-HATCH
 62
7
100
AcDbHatch
 10
0.0
 20
0.0
 30
0.0
210
0.0
220
0.0
230
1.0
  2
ANSI31
 70
0
 71
0
 91
1
 92
3
 72
0
 73
1
 93
752
 10
-15.730000000000002
 20
-4.419999999999996
 10
-15.829999999999997
 20
-4.339999999999998
 10
-15.910000000000002
 20
-4.300000000000006
 10
-16.009999999999994
 20
-4.220000000000008
 10
-16.029999999999998
 20
-4.220000000000008
 10
-16.099999999999998
 20
-4.15
 10
-16.099999999999998
 20
-4.109999999999994
 10
-16.12
 20
-4.089999999999998
 10
-16.12
 20
-3.089999999999998
 10
-16.099999999999998
 20
-3.070000000000002
 10
-16.079999999999995
 20
-2.9900000000000038
 10
-15.980000000000002
 20
-2.869999999999999
 10
-15.980000000000002
 20
-2.850000000000003
 10
-15.899999999999997
 20
-2.7500000000000018
 10
-15.899999999999997
 20
-2.7299999999999986
 10
-15.819999999999999
 20
-2.6300000000000043
 10
-15.819999999999999
 20
-2.610000000000001
 10
-15.78
 20
-2.570000000000002
 10
-15.700000000000001
 20
-2.4300000000000015
 10
-15.700000000000001
 20
-2.350000000000003
 10
-15.679999999999998
 20
-2.310000000000004
 10
-15.700000000000001
 20
-2.290000000000001
 10
-15.700000000000001
 20
-2.2100000000000026
 10
-15.74
 20
-2.1300000000000043
 10
-15.81
 20
-2.060000000000004
 10
-15.889999999999999
 20
-2.019999999999998
 10
-15.969999999999997
 20
-2.019999999999998
 10
-15.99
 20
-2.0000000000000018
 10
-17.069999999999997
 20
-2.0000000000000018
 10
-17.09
 20
-1.9799999999999989
 10
-17.13
 20
-1.9799999999999989
 10
-17.16
 20
-1.9500000000000048
 10
-17.16
 20
-1.9099999999999986
 10
-17.179999999999996
 20
-1.8900000000000026
 10
-17.179999999999996
 20
0.7099999999999989
 10
-17.16
 20
0.730000000000002
 10
-17.179999999999996
 20
0.749999999999998
 10
-17.179999999999996
 20
0.8299999999999963
 10
-17.219999999999995
 20
0.9100000000000017
 10
-17.289999999999996
 20
0.980000000000002
 10
-17.37
 20
1.0200000000000011
 10
-17.45
 20
1.0200000000000011
 10
-17.469999999999995
 20
1.0399999999999971
 10
-18.889999999999997
 20
1.0399999999999971
 10
-18.909999999999997
 20
1.0600000000000003
 10
-18.95
 20
1.0600000000000003
 10
-18.979999999999997
 20
1.0900000000000014
 10
-18.979999999999997
 20
1.1300000000000006
 10
-18.999999999999996
 20
1.1499999999999966
 10
-18.999999999999996
 20
6.3299999999999965
 10
-19.019999999999996
 20
6.35
 10
-19.019999999999996
 20
6.429999999999998
 10
-19.06
 20
6.509999999999996
 10
-19.13
 20
6.5799999999999965
 10
-19.209999999999997
 20
6.619999999999996
 10
-19.29
 20
6.619999999999996
 10
-19.31
 20
6.639999999999999
 10
-21.049999999999997
 20
6.639999999999999
 10
-21.069999999999997
 20
6.660000000000002
 10
-21.11
 20
6.660000000000002
 10
-21.139999999999997
 20
6.689999999999996
 10
-21.179999999999996
 20
6.85
 10
-21.22
 20
6.910000000000002
 10
-21.22
 20
6.950000000000001
 10
-21.24
 20
6.969999999999997
 10
-21.24
 20
7.009999999999996
 10
-21.279999999999998
 20
7.090000000000002
 10
-21.279999999999998
 20
7.130000000000001
 10
-21.319999999999997
 20
7.209999999999999
 10
-21.319999999999997
 20
7.249999999999998
 10
-21.36
 20
7.3100000000000005
 10
-21.38
 20
7.410000000000002
 10
-21.4
 20
7.429999999999998
 10
-21.4
 20
7.469999999999997
 10
-21.439999999999998
 20
7.5500000000000025
 10
-21.439999999999998
 20
7.590000000000002
 10
-21.459999999999997
 20
7.609999999999998
 10
-21.459999999999997
 20
7.649999999999997
 10
-21.499999999999996
 20
7.709999999999999
 10
-21.499999999999996
 20
7.749999999999998
 10
-21.54
 20
7.8299999999999965
 10
-21.58
 20
7.99
 10
-21.599999999999998
 20
8.009999999999996
 10
-21.599999999999998
 20
8.050000000000002
 10
-21.639999999999997
 20
8.109999999999998
 10
-21.639999999999997
 20
8.149999999999997
 10
-21.659999999999997
 20
8.17
 10
-21.679999999999996
 20
8.270000000000001
 10
-21.7
 20
8.289999999999997
 10
-21.7
 20
8.329999999999997
 10
-21.74
 20
8.389999999999999
 10
-21.779999999999998
 20
8.550000000000002
 10
-21.819999999999997
 20
8.63
 10
-21.819999999999997
 20
8.67
 10
-21.86
 20
8.730000000000002
 10
-21.86
 20
8.770000000000001
 10
-21.88
 20
8.789999999999997
 10
-21.88
 20
8.829999999999997
 10
-21.919999999999998
 20
8.910000000000002
 10
-21.919999999999998
 20
8.950000000000001
 10
-21.959999999999997
 20
9.009999999999996
 10
-21.959999999999997
 20
9.050000000000002
 10
-21.999999999999996
 20
9.13
 10
-21.999999999999996
 20
11.749999999999998
 10
-21.979999999999997
 20
11.770000000000001
 10
-21.979999999999997
 20
11.81
 10
-21.95
 20
11.840000000000002
 10
-21.909999999999997
 20
11.840000000000002
 10
-21.889999999999997
 20
11.859999999999998
 10
-20.81
 20
11.859999999999998
 10
-20.79
 20
11.88
 10
-19.63
 20
11.88
 10
-19.61
 20
11.859999999999998
 10
-16.91
 20
11.859999999999998
 10
-16.889999999999997
 20
11.88
 10
-15.789999999999997
 20
11.88
 10
-15.770000000000001
 20
11.859999999999998
 10
-9.709999999999999
 20
11.859999999999998
 10
-9.689999999999996
 20
11.88
 10
-8.590000000000002
 20
11.88
 10
-8.569999999999999
 20
11.859999999999998
 10
-7.389999999999999
 20
11.859999999999998
 10
-7.370000000000003
 20
11.840000000000002
 10
-7.3299999999999965
 20
11.840000000000002
 10
-7.3000000000000025
 20
11.81
 10
-7.3000000000000025
 20
11.770000000000001
 10
-7.279999999999999
 20
11.749999999999998
 10
-7.279999999999999
 20
6.749999999999998
 10
-7.3000000000000025
 20
6.730000000000002
 10
-7.3000000000000025
 20
6.689999999999996
 10
-7.3299999999999965
 20
6.660000000000002
 10
-7.370000000000003
 20
6.660000000000002
 10
-7.389999999999999
 20
6.639999999999999
 10
-8.569999999999999
 20
6.639999999999999
 10
-8.590000000000002
 20
6.619999999999996
 10
-9.689999999999996
 20
6.619999999999996
 10
-9.709999999999999
 20
6.639999999999999
 10
-10.370000000000003
 20
6.639999999999999
 10
-10.389999999999999
 20
6.619999999999996
 10
-10.469999999999997
 20
6.619999999999996
 10
-10.550000000000002
 20
6.5799999999999965
 10
-10.620000000000003
 20
6.509999999999996
 10
-10.660000000000002
 20
6.429999999999998
 10
-10.660000000000002
 20
6.35
 10
-10.679999999999998
 20
6.3299999999999965
 10
-10.679999999999998
 20
5.090000000000002
 10
-10.660000000000002
 20
5.0699999999999985
 10
-10.660000000000002
 20
3.969999999999997
 10
-10.679999999999998
 20
3.950000000000001
 10
-10.679999999999998
 20
1.0500000000000023
 10
-10.700000000000001
 20
1.0299999999999991
 10
-10.679999999999998
 20
1.009999999999996
 10
-10.679999999999998
 20
0.9299999999999977
 10
-10.639999999999999
 20
0.8499999999999994
 10
-10.569999999999999
 20
0.7799999999999991
 10
-10.49
 20
0.74
 10
-10.410000000000002
 20
0.74
 10
-10.389999999999999
 20
0.7199999999999969
 10
-3.8700000000000028
 20
0.7199999999999969
 10
-3.8499999999999996
 20
0.74
 10
-3.7700000000000014
 20
0.74
 10
-3.689999999999996
 20
0.7799999999999991
 10
-3.649999999999997
 20
0.8199999999999983
 10
-3.5799999999999965
 20
0.9299999999999977
 10
-3.5799999999999965
 20
1.009999999999996
 10
-3.5600000000000005
 20
1.0299999999999991
 10
-3.5600000000000005
 20
3.929999999999998
 10
-3.5799999999999965
 20
3.950000000000001
 10
-3.5799999999999965
 20
4.029999999999999
 10
-3.6200000000000028
 20
4.109999999999998
 10
-3.689999999999996
 20
4.179999999999998
 10
-3.7700000000000014
 20
4.219999999999997
 10
-3.8499999999999996
 20
4.219999999999997
 10
-3.8700000000000028
 20
4.24
 10
-5.5500000000000025
 20
4.24
 10
-5.5699999999999985
 20
4.259999999999996
 10
-5.609999999999998
 20
4.259999999999996
 10
-5.639999999999999
 20
4.289999999999997
 10
-5.639999999999999
 20
4.3299999999999965
 10
-5.660000000000002
 20
4.35
 10
-5.660000000000002
 20
11.689999999999996
 10
-5.639999999999999
 20
11.709999999999999
 10
-5.639999999999999
 20
11.749999999999998
 10
-5.609999999999998
 20
11.78
 10
-5.5699999999999985
 20
11.78
 10
-5.5500000000000025
 20
11.800000000000002
 10
1.490000000000004
 20
11.800000000000002
 10
1.51
 20
11.819999999999999
 10
2.610000000000001
 20
11.819999999999999
 10
2.6300000000000043
 20
11.800000000000002
 10
6.229999999999999
 20
11.800000000000002
 10
6.250000000000002
 20
11.819999999999999
 10
6.33
 20
11.819999999999999
 10
6.409999999999998
 20
11.859999999999998
 10
6.479999999999999
 20
11.929999999999998
 10
6.519999999999998
 20
12.009999999999996
 10
6.519999999999998
 20
12.090000000000002
 10
6.540000000000001
 20
12.109999999999998
 10
6.540000000000001
 20
18.069999999999997
 10
6.519999999999998
 20
18.09
 10
6.519999999999998
 20
18.169999999999998
 10
6.479999999999999
 20
18.249999999999996
 10
6.409999999999998
 20
18.319999999999997
 10
6.290000000000001
 20
18.38
 10
6.250000000000002
 20
18.38
 10
6.220000000000001
 20
18.41
 10
6.220000000000001
 20
18.45
 10
6.1999999999999975
 20
18.469999999999995
 10
6.1999999999999975
 20
20.95
 10
6.1800000000000015
 20
20.969999999999995
 10
6.1800000000000015
 20
22.069999999999997
 10
6.1999999999999975
 20
22.09
 10
6.1999999999999975
 20
24.509999999999994
 10
6.220000000000001
 20
24.529999999999998
 10
6.220000000000001
 20
24.569999999999997
 10
6.250000000000002
 20
24.599999999999998
 10
6.290000000000001
 20
24.599999999999998
 10
6.409999999999998
 20
24.66
 10
6.479999999999999
 20
24.73
 10
6.519999999999998
 20
24.81
 10
6.519999999999998
 20
24.889999999999997
 10
6.540000000000001
 20
24.91
 10
6.540000000000001
 20
27.069999999999997
 10
6.519999999999998
 20
27.09
 10
6.519999999999998
 20
27.169999999999998
 10
6.479999999999999
 20
27.249999999999996
 10
6.409999999999998
 20
27.319999999999997
 10
6.290000000000001
 20
27.38
 10
6.250000000000002
 20
27.38
 10
6.220000000000001
 20
27.41
 10
6.220000000000001
 20
27.45
 10
6.1999999999999975
 20
27.469999999999995
 10
6.1999999999999975
 20
29.95
 10
6.1800000000000015
 20
29.97
 10
6.1800000000000015
 20
31.069999999999997
 10
6.1999999999999975
 20
31.089999999999996
 10
6.1999999999999975
 20
33.51
 10
6.220000000000001
 20
33.53
 10
6.220000000000001
 20
33.57
 10
6.250000000000002
 20
33.6
 10
6.290000000000001
 20
33.6
 10
6.409999999999998
 20
33.660000000000004
 10
6.479999999999999
 20
33.73
 10
6.519999999999998
 20
33.81
 10
6.519999999999998
 20
33.89
 10
6.540000000000001
 20
33.910000000000004
 10
6.540000000000001
 20
35.830000000000005
 10
6.519999999999998
 20
35.85
 10
6.519999999999998
 20
35.93
 10
6.479999999999999
 20
36.01
 10
6.409999999999998
 20
36.080000000000005
 10
6.33
 20
36.12
 10
6.250000000000002
 20
36.12
 10
6.229999999999999
 20
36.14
 10
6.049999999999999
 20
36.14
 10
6.030000000000003
 20
36.160000000000004
 10
5.990000000000004
 20
36.160000000000004
 10
5.960000000000003
 20
36.190000000000005
 10
5.960000000000003
 20
36.23
 10
5.9399999999999995
 20
36.25
 10
5.9399999999999995
 20
38.95
 10
5.9200000000000035
 20
38.970000000000006
 10
5.9200000000000035
 20
40.07
 10
5.9399999999999995
 20
40.089999999999996
 10
5.9399999999999995
 20
43.410000000000004
 10
5.9200000000000035
 20
43.43
 10
5.9200000000000035
 20
44.53
 10
5.9399999999999995
 20
44.550000000000004
 10
5.9399999999999995
 20
47.190000000000005
 10
5.960000000000003
 20
47.21
 10
5.960000000000003
 20
47.25
 10
5.990000000000004
 20
47.28
 10
6.030000000000003
 20
47.28
 10
6.049999999999999
 20
47.300000000000004
 10
6.229999999999999
 20
47.300000000000004
 10
6.250000000000002
 20
47.32
 10
6.33
 20
47.32
 10
6.409999999999998
 20
47.36
 10
6.479999999999999
 20
47.43
 10
6.519999999999998
 20
47.51
 10
6.519999999999998
 20
47.59
 10
6.540000000000001
 20
47.61
 10
6.540000000000001
 20
49.15
 10
6.519999999999998
 20
49.17
 10
6.519999999999998
 20
50.27
 10
6.540000000000001
 20
50.29
 10
6.540000000000001
 20
53.330000000000005
 10
6.519999999999998
 20
53.35
 10
6.519999999999998
 20
53.43
 10
6.479999999999999
 20
53.51
 10
6.409999999999998
 20
53.580000000000005
 10
6.33
 20
53.620000000000005
 10
6.250000000000002
 20
53.620000000000005
 10
6.229999999999999
 20
53.64
 10
5.530000000000003
 20
53.64
 10
5.51
 20
53.620000000000005
 10
5.4300000000000015
 20
53.620000000000005
 10
5.350000000000003
 20
53.580000000000005
 10
5.290000000000001
 20
53.52
 10
5.240000000000004
 20
53.43
 10
5.240000000000004
 20
53.35
 10
5.220000000000001
 20
53.330000000000005
 10
5.220000000000001
 20
52.89
 10
5.1999999999999975
 20
52.870000000000005
 10
5.1999999999999975
 20
52.830000000000005
 10
5.1700000000000035
 20
52.800000000000004
 10
5.130000000000004
 20
52.800000000000004
 10
5.110000000000001
 20
52.78
 10
2.6300000000000043
 20
52.78
 10
2.610000000000001
 20
52.76
 10
1.51
 20
52.76
 10
1.490000000000004
 20
52.78
 10
-0.8899999999999986
 20
52.78
 10
-0.9100000000000017
 20
52.800000000000004
 10
-0.9500000000000008
 20
52.800000000000004
 10
-0.980000000000002
 20
52.830000000000005
 10
-0.980000000000002
 20
52.870000000000005
 10
-0.999999999999998
 20
52.89
 10
-0.999999999999998
 20
53.330000000000005
 10
-1.0200000000000011
 20
53.35
 10
-1.0200000000000011
 20
53.43
 10
-1.0600000000000003
 20
53.51
 10
-1.1300000000000006
 20
53.580000000000005
 10
-1.2099999999999989
 20
53.620000000000005
 10
-1.2899999999999971
 20
53.620000000000005
 10
-1.3100000000000003
 20
53.64
 10
-5.67
 20
53.64
 10
-5.689999999999996
 20
53.620000000000005
 10
-5.770000000000001
 20
53.620000000000005
 10
-5.85
 20
53.580000000000005
 10
-5.92
 20
53.51
 10
-5.959999999999999
 20
53.43
 10
-5.959999999999999
 20
53.35
 10
-5.980000000000002
 20
53.330000000000005
 10
-5.980000000000002
 20
52.89
 10
-5.999999999999998
 20
52.870000000000005
 10
-6.009999999999996
 20
52.82
 10
-6.090000000000002
 20
52.78
 10
-8.569999999999999
 20
52.78
 10
-8.590000000000002
 20
52.76
 10
-9.689999999999996
 20
52.76
 10
-9.709999999999999
 20
52.78
 10
-12.090000000000002
 20
52.78
 10
-12.109999999999998
 20
52.800000000000004
 10
-12.160000000000002
 20
52.81
 10
-12.200000000000001
 20
52.89
 10
-12.200000000000001
 20
53.330000000000005
 10
-12.219999999999997
 20
53.35
 10
-12.219999999999997
 20
53.43
 10
-12.259999999999996
 20
53.51
 10
-12.329999999999997
 20
53.580000000000005
 10
-12.410000000000002
 20
53.620000000000005
 10
-12.49
 20
53.620000000000005
 10
-12.509999999999996
 20
53.64
 10
-12.870000000000003
 20
53.64
 10
-12.889999999999999
 20
53.620000000000005
 10
-12.969999999999997
 20
53.620000000000005
 10
-13.050000000000002
 20
53.580000000000005
 10
-13.120000000000003
 20
53.51
 10
-13.160000000000002
 20
53.43
 10
-13.160000000000002
 20
53.35
 10
-13.179999999999998
 20
53.330000000000005
 10
-13.179999999999998
 20
52.89
 10
-13.200000000000001
 20
52.870000000000005
 10
-13.209999999999999
 20
52.82
 10
-13.289999999999997
 20
52.78
 10
-15.770000000000001
 20
52.78
 10
-15.789999999999997
 20
52.76
 10
-16.889999999999997
 20
52.76
 10
-16.91
 20
52.78
 10
-19.29
 20
52.78
 10
-19.31
 20
52.800000000000004
 10
-19.36
 20
52.81
 10
-19.4
 20
52.89
 10
-19.4
 20
55.050000000000004
 10
-19.419999999999998
 20
55.07
 10
-19.419999999999998
 20
56.17
 10
-19.4
 20
56.190000000000005
 10
-19.4
 20
58.89
 10
-19.38
 20
58.910000000000004
 10
-19.38
 20
58.95
 10
-19.349999999999998
 20
58.980000000000004
 10
-19.31
 20
58.980000000000004
 10
-19.29
 20
59.0
 10
-13.289999999999997
 20
59.0
 10
-13.270000000000001
 20
58.980000000000004
 10
-13.230000000000002
 20
58.980000000000004
 10
-13.200000000000001
 20
58.95
 10
-13.179999999999998
 20
58.870000000000005
 10
-13.160000000000002
 20
58.85
 10
-13.160000000000002
 20
58.77
 10
-13.120000000000003
 20
58.690000000000005
 10
-13.050000000000002
 20
58.620000000000005
 10
-12.969999999999997
 20
58.580000000000005
 10
-12.889999999999999
 20
58.580000000000005
 10
-12.870000000000003
 20
58.56
 10
-12.509999999999996
 20
58.56
 10
-12.49
 20
58.580000000000005
 10
-12.410000000000002
 20
58.580000000000005
 10
-12.329999999999997
 20
58.620000000000005
 10
-12.259999999999996
 20
58.690000000000005
 10
-12.219999999999997
 20
58.77
 10
-12.219999999999997
 20
58.85
 10
-12.200000000000001
 20
58.870000000000005
 10
-12.179999999999998
 20
58.95
 10
-12.149999999999997
 20
58.980000000000004
 10
-12.109999999999998
 20
58.980000000000004
 10
-12.090000000000002
 20
59.0
 10
-6.090000000000002
 20
59.0
 10
-6.0699999999999985
 20
58.980000000000004
 10
-6.029999999999999
 20
58.980000000000004
 10
-5.999999999999998
 20
58.95
 10
-5.980000000000002
 20
58.870000000000005
 10
-5.959999999999999
 20
58.85
 10
-5.959999999999999
 20
58.77
 10
-5.92
 20
58.690000000000005
 10
-5.85
 20
58.620000000000005
 10
-5.770000000000001
 20
58.580000000000005
 10
-5.689999999999996
 20
58.580000000000005
 10
-5.67
 20
58.56
 10
-1.3100000000000003
 20
58.56
 10
-1.2899999999999971
 20
58.580000000000005
 10
-1.2099999999999989
 20
58.580000000000005
 10
-1.1300000000000006
 20
58.620000000000005
 10
-1.0600000000000003
 20
58.690000000000005
 10
-1.0200000000000011
 20
58.77
 10
-1.0200000000000011
 20
58.85
 10
-0.999999999999998
 20
58.870000000000005
 10
-0.980000000000002
 20
58.95
 10
-0.9500000000000008
 20
58.980000000000004
 10
-0.9100000000000017
 20
58.980000000000004
 10
-0.8899999999999986
 20
59.0
 10
5.110000000000001
 20
59.0
 10
5.130000000000004
 20
58.980000000000004
 10
5.1700000000000035
 20
58.980000000000004
 10
5.1999999999999975
 20
58.95
 10
5.220000000000001
 20
58.870000000000005
 10
5.240000000000004
 20
58.85
 10
5.240000000000004
 20
58.77
 10
5.280000000000003
 20
58.690000000000005
 10
5.350000000000003
 20
58.620000000000005
 10
5.4300000000000015
 20
58.580000000000005
 10
5.51
 20
58.580000000000005
 10
5.530000000000003
 20
58.56
 10
11.350000000000003
 20
58.56
 10
11.37
 20
58.54
 10
11.409999999999998
 20
58.54
 10
11.44
 20
58.510000000000005
 10
11.44
 20
58.47
 10
11.460000000000003
 20
58.45
 10
11.460000000000003
 20
56.71
 10
11.479999999999999
 20
56.690000000000005
 10
11.479999999999999
 20
56.61
 10
11.519999999999998
 20
56.53
 10
11.589999999999998
 20
56.46
 10
11.670000000000003
 20
56.42
 10
11.750000000000002
 20
56.42
 10
11.769999999999998
 20
56.4
 10
20.550000000000008
 20
56.4
 10
20.570000000000004
 20
56.38
 10
20.61000000000001
 20
56.38
 10
20.639999999999997
 20
56.35
 10
20.639999999999997
 20
56.31
 10
20.660000000000007
 20
56.29
 10
20.680000000000003
 20
55.97
 10
20.7
 20
55.95
 10
20.7
 20
55.81
 10
20.72000000000001
 20
55.79
 10
20.72000000000001
 20
55.65
 10
20.740000000000006
 20
55.63
 10
20.740000000000006
 20
55.47
 10
20.76
 20
55.45
 10
20.76
 20
55.31
 10
20.779999999999998
 20
55.29
 10
20.779999999999998
 20
55.13
 10
20.800000000000008
 20
55.11
 10
20.800000000000008
 20
54.97
 10
20.820000000000004
 20
54.95
 10
20.820000000000004
 20
54.79
 10
20.84
 20
54.77
 10
20.84
 20
54.63
 10
20.86000000000001
 20
54.61
 10
20.86000000000001
 20
54.47
 10
20.880000000000006
 20
54.45
 10
20.880000000000006
 20
54.29
 10
20.900000000000002
 20
54.27
 10
20.900000000000002
 20
54.13
 10
20.919999999999998
 20
54.11
 10
20.910000000000007
 20
54.0
 10
20.83000000000001
 20
54.04
 10
20.81
 20
54.02
 10
20.770000000000007
 20
54.02
 10
20.740000000000006
 20
53.99
 10
20.740000000000006
 20
53.95
 10
20.72000000000001
 20
53.93
 10
20.710000000000004
 20
52.18
 10
19.19000000000001
 20
52.18
 10
19.169999999999998
 20
52.160000000000004
 10
19.130000000000006
 20
52.160000000000004
 10
19.100000000000005
 20
52.13
 10
19.100000000000005
 20
52.09
 10
19.08000000000001
 20
52.07
 10
19.100000000000005
 20
52.050000000000004
 10
19.100000000000005
 20
52.01
 10
19.12
 20
51.99
 10
19.11000000000001
 20
51.980000000000004
 10
11.769999999999998
 20
51.980000000000004
 10
11.750000000000002
 20
51.96
 10
11.670000000000003
 20
51.96
 10
11.589999999999998
 20
51.92
 10
11.519999999999998
 20
51.85
 10
11.479999999999999
 20
51.77
 10
11.479999999999999
 20
51.690000000000005
 10
11.460000000000003
 20
51.67
 10
11.460000000000003
 20
47.61
 10
11.479999999999999
 20
47.59
 10
11.479999999999999
 20
47.51
 10
11.519999999999998
 20
47.43
 10
11.589999999999998
 20
47.36
 10
11.670000000000003
 20
47.32
 10
11.750000000000002
 20
47.32
 10
11.769999999999998
 20
47.300000000000004
 10
12.549999999999999
 20
47.300000000000004
 10
12.630000000000004
 20
47.26
 10
12.640000000000002
 20
47.21
 10
12.659999999999998
 20
47.190000000000005
 10
12.659999999999998
 20
44.550000000000004
 10
12.680000000000001
 20
44.53
 10
12.680000000000001
 20
43.43
 10
12.659999999999998
 20
43.410000000000004
 10
12.659999999999998
 20
40.089999999999996
 10
12.680000000000001
 20
40.07
 10
12.680000000000001
 20
38.970000000000006
 10
12.659999999999998
 20
38.95
 10
12.659999999999998
 20
36.25
 10
12.640000000000002
 20
36.23
 10
12.630000000000004
 20
36.18
 10
12.549999999999999
 20
36.14
 10
11.769999999999998
 20
36.14
 10
11.750000000000002
 20
36.12
 10
11.670000000000003
 20
36.12
 10
11.589999999999998
 20
36.080000000000005
 10
11.519999999999998
 20
36.01
 10
11.479999999999999
 20
35.93
 10
11.479999999999999
 20
35.85
 10
11.460000000000003
 20
35.830000000000005
 10
11.460000000000003
 20
33.910000000000004
 10
11.479999999999999
 20
33.89
 10
11.479999999999999
 20
33.81
 10
11.519999999999998
 20
33.73
 10
11.589999999999998
 20
33.660000000000004
 10
11.670000000000003
 20
33.62
 10
11.750000000000002
 20
33.62
 10
11.769999999999998
 20
33.6
 10
12.310000000000004
 20
33.6
 10
12.33
 20
33.580000000000005
 10
12.37
 20
33.580000000000005
 10
12.4
 20
33.550000000000004
 10
12.4
 20
33.51
 10
12.420000000000003
 20
33.49
 10
12.420000000000003
 20
31.089999999999996
 10
12.44
 20
31.069999999999997
 10
12.44
 20
29.97
 10
12.420000000000003
 20
29.95
 10
12.420000000000003
 20
27.49
 10
12.4
 20
27.469999999999995
 10
12.4
 20
27.429999999999996
 10
12.37
 20
27.399999999999995
 10
12.33
 20
27.399999999999995
 10
12.310000000000004
 20
27.38
 10
11.769999999999998
 20
27.38
 10
11.750000000000002
 20
27.359999999999996
 10
11.670000000000003
 20
27.359999999999996
 10
11.589999999999998
 20
27.319999999999997
 10
11.519999999999998
 20
27.249999999999996
 10
11.479999999999999
 20
27.169999999999998
 10
11.479999999999999
 20
27.09
 10
11.460000000000003
 20
27.069999999999997
 10
11.460000000000003
 20
24.91
 10
11.479999999999999
 20
24.889999999999997
 10
11.479999999999999
 20
24.81
 10
11.519999999999998
 20
24.73
 10
11.589999999999998
 20
24.66
 10
11.670000000000003
 20
24.62
 10
11.750000000000002
 20
24.62
 10
11.769999999999998
 20
24.599999999999998
 10
12.310000000000004
 20
24.599999999999998
 10
12.33
 20
24.579999999999995
 10
12.37
 20
24.579999999999995
 10
12.4
 20
24.55
 10
12.4
 20
24.509999999999994
 10
12.420000000000003
 20
24.49
 10
12.420000000000003
 20
22.09
 10
12.44
 20
22.069999999999997
 10
12.44
 20
20.969999999999995
 10
12.420000000000003
 20
20.95
 10
12.420000000000003
 20
18.49
 10
12.4
 20
18.469999999999995
 10
12.4
 20
18.429999999999996
 10
12.37
 20
18.399999999999995
 10
12.33
 20
18.399999999999995
 10
12.310000000000004
 20
18.38
 10
11.769999999999998
 20
18.38
 10
11.750000000000002
 20
18.359999999999996
 10
11.670000000000003
 20
18.359999999999996
 10
11.589999999999998
 20
18.319999999999997
 10
11.519999999999998
 20
18.249999999999996
 10
11.479999999999999
 20
18.169999999999998
 10
11.479999999999999
 20
18.09
 10
11.460000000000003
 20
18.069999999999997
 10
11.460000000000003
 20
12.109999999999998
 10
11.479999999999999
 20
12.090000000000002
 10
11.479999999999999
 20
12.009999999999996
 10
11.519999999999998
 20
11.929999999999998
 10
11.589999999999998
 20
11.859999999999998
 10
11.670000000000003
 20
11.819999999999999
 10
11.750000000000002
 20
11.819999999999999
 10
11.769999999999998
 20
11.800000000000002
 10
12.549999999999999
 20
11.800000000000002
 10
12.570000000000002
 20
11.78
 10
12.610000000000001
 20
11.78
 10
12.640000000000002
 20
11.749999999999998
 10
12.640000000000002
 20
11.709999999999999
 10
12.659999999999998
 20
11.689999999999996
 10
12.659999999999998
 20
9.950000000000001
 10
12.680000000000001
 20
9.929999999999998
 10
12.680000000000001
 20
8.829999999999997
 10
12.659999999999998
 20
8.81
 10
12.659999999999998
 20
7.429999999999998
 10
12.640000000000002
 20
7.410000000000002
 10
12.640000000000002
 20
7.369999999999996
 10
12.610000000000001
 20
7.340000000000002
 10
12.570000000000002
 20
7.340000000000002
 10
12.549999999999999
 20
7.3199999999999985
 10
12.47
 20
7.3199999999999985
 10
12.390000000000002
 20
7.279999999999999
 10
12.339999999999998
 20
7.230000000000002
 10
12.280000000000003
 20
7.130000000000001
 10
12.280000000000003
 20
7.0500000000000025
 10
12.26
 20
7.029999999999999
 10
12.26
 20
6.649999999999997
 10
12.280000000000003
 20
6.630000000000001
 10
12.280000000000003
 20
5.529999999999999
 10
12.26
 20
5.509999999999996
 10
12.26
 20
4.889999999999999
 10
12.2517728403913
 20
4.881772840391297
 10
12.2517728403913
 20
7.298809792043626
 10
10.1517728403913
 20
7.298809792043626
 10
10.1517728403913
 20
4.798809792043627
 10
12.168809792043628
 20
4.798809792043627
 10
12.15
 20
4.779999999999999
 10
11.729999999999999
 20
4.779999999999999
 10
11.710000000000003
 20
4.759999999999996
 10
10.610000000000001
 20
4.759999999999996
 10
10.589999999999998
 20
4.779999999999999
 10
10.170000000000003
 20
4.779999999999999
 10
10.15
 20
4.759999999999996
 10
10.070000000000002
 20
4.759999999999996
 10
9.990000000000004
 20
4.719999999999997
 10
9.920000000000003
 20
4.649999999999997
 10
9.880000000000004
 20
4.5699999999999985
 10
9.880000000000004
 20
4.49
 10
9.860000000000001
 20
4.469999999999997
 10
9.860000000000001
 20
0.8699999999999954
 10
9.880000000000004
 20
0.8499999999999994
 10
9.880000000000004
 20
0.7700000000000011
 10
9.920000000000003
 20
0.6899999999999957
 10
9.990000000000004
 20
0.6199999999999954
 10
10.070000000000002
 20
0.5799999999999963
 10
10.15
 20
0.5799999999999963
 10
10.170000000000003
 20
0.5600000000000003
 10
10.589999999999998
 20
0.5600000000000003
 10
10.610000000000001
 20
0.5799999999999963
 10
11.710000000000003
 20
0.5799999999999963
 10
11.729999999999999
 20
0.5600000000000003
 10
12.799999999999999
 20
0.5500000000000023
 10
12.750000000000002
 20
0.5399999999999971
 10
12.729999999999999
 20
0.5200000000000011
 10
12.72
 20
0.46999999999999686
 10
12.700000000000005
 20
0.45000000000000084
 10
12.700000000000005
 20
-1.4499999999999977
 10
12.72
 20
-1.4700000000000009
 10
12.72
 20
-1.51
 10
12.750000000000002
 20
-1.5400000000000011
 10
12.790000000000001
 20
-1.5400000000000011
 10
12.810000000000004
 20
-1.5600000000000043
 10
12.890000000000002
 20
-1.519999999999998
 10
12.9
 20
-1.5300000000000031
 10
12.9
 20
-2.610000000000001
 10
12.880000000000004
 20
-2.6300000000000043
 10
12.880000000000004
 20
-2.6700000000000035
 10
12.850000000000003
 20
-2.7000000000000046
 10
12.810000000000004
 20
-2.7000000000000046
 10
12.790000000000001
 20
-2.7200000000000006
 10
9.790000000000001
 20
-2.7200000000000006
 10
9.769999999999998
 20
-2.7000000000000046
 10
9.729999999999999
 20
-2.7000000000000046
 10
9.699999999999998
 20
-2.6700000000000035
 10
9.699999999999998
 20
-2.6300000000000043
 10
9.680000000000001
 20
-2.610000000000001
 10
9.680000000000001
 20
-2.030000000000003
 10
9.659999999999998
 20
-2.01
 10
9.659999999999998
 20
-1.9300000000000017
 10
9.62
 20
-1.8500000000000034
 10
9.549999999999999
 20
-1.7800000000000031
 10
9.47
 20
-1.740000000000004
 10
9.390000000000002
 20
-1.740000000000004
 10
9.37
 20
-1.7200000000000009
 10
-2.5699999999999985
 20
-1.7200000000000009
 10
-2.5900000000000016
 20
-1.740000000000004
 10
-2.67
 20
-1.740000000000004
 10
-2.7499999999999982
 20
-1.7800000000000031
 10
-2.8199999999999985
 20
-1.8500000000000034
 10
-2.8599999999999977
 20
-1.9500000000000048
 10
-2.889999999999999
 20
-1.9799999999999989
 10
-2.929999999999998
 20
-1.9799999999999989
 10
-2.950000000000001
 20
-2.0000000000000018
 10
-12.81
 20
-2.0000000000000018
 10
-12.829999999999997
 20
-2.019999999999998
 10
-12.910000000000002
 20
-2.019999999999998
 10
-12.99
 20
-2.060000000000004
 10
-13.06
 20
-2.1300000000000043
 10
-13.1
 20
-2.2100000000000026
 10
-13.219999999999997
 20
-2.369999999999999
 10
-13.219999999999997
 20
-2.3900000000000023
 10
-13.259999999999996
 20
-2.4300000000000015
 10
-13.259999999999996
 20
-2.4500000000000046
 10
-13.319999999999999
 20
-2.51
 10
-13.319999999999999
 20
-2.530000000000003
 10
-13.439999999999996
 20
-2.6899999999999995
 10
-13.439999999999996
 20
-2.7100000000000026
 10
-13.719999999999997
 20
-3.110000000000001
 10
-13.719999999999997
 20
-3.1300000000000043
 10
-13.92
 20
-3.4099999999999984
 10
-13.92
 20
-3.4300000000000015
 10
-13.980000000000002
 20
-3.4900000000000038
 10
-14.06
 20
-3.6300000000000043
 10
-14.179999999999998
 20
-3.790000000000001
 10
-14.179999999999998
 20
-3.810000000000004
 10
-14.259999999999996
 20
-3.9099999999999984
 10
-14.259999999999996
 20
-3.9300000000000015
 10
-14.340000000000002
 20
-4.029999999999996
 10
-14.340000000000002
 20
-4.050000000000006
 10
-14.38
 20
-4.089999999999998
 10
-14.38
 20
-4.109999999999994
 10
-14.499999999999998
 20
-4.270000000000005
 10
-14.539999999999997
 20
-4.350000000000003
 10
-14.609999999999998
 20
-4.419999999999996
 10
-14.649999999999997
 20
-4.419999999999996
 10
-14.67
 20
-4.440000000000007
 10
-15.67
 20
-4.440000000000007
 10
-15.689999999999996
 20
-4.419999999999996
 97
0
 75
1
 76
1
 52
0.0
 41
0.05
 77
0
 78
1
 53
45.0
 43
0.0
 44
0.0
 45
-0.1122532015
 46
0.1122532015
 79
0
 98
0
  0
MTEXT
  5
CA
330
17
100
AcDbEntity
  8
BLINDING-LABEL
100
AcDbMText
 10
8.999999999999998
 20
27.284999999999997
 30
0.0
 40
0.25
 71
5
  1
Raft / mat 60 cm\P847.62 m²
  0
LWPOLYLINE
  5
CB
330
17
100
AcDbEntity
  8
BLINDING-RAFT-60
100
AcDbPolyline
 90
140
 70
1
 10
18.279999999999998
 20
28.569999999999997
 10
18.279999999999998
 20
28.61
 10
18.26
 20
28.63
 10
18.26
 20
28.79
 10
18.240000000000006
 20
28.81
 10
18.240000000000006
 20
28.97
 10
18.22000000000001
 20
28.99
 10
18.22000000000001
 20
29.13
 10
18.2
 20
29.15
 10
18.2
 20
29.31
 10
18.180000000000003
 20
29.33
 10
18.180000000000003
 20
29.49
 10
18.160000000000007
 20
29.509999999999998
 10
18.160000000000007
 20
29.65
 10
18.139999999999997
 20
29.669999999999998
 10
18.139999999999997
 20
29.83
 10
18.12
 20
29.849999999999998
 10
18.12
 20
29.95
 10
18.100000000000005
 20
29.97
 10
18.100000000000005
 20
30.049999999999997
 10
18.06
 20
30.13
 10
17.999999999999996
 20
30.189999999999998
 10
17.999999999999996
 20
30.229999999999997
 10
17.98
 20
30.249999999999996
 10
17.98
 20
31.97
 10
17.999999999999996
 20
31.99
 10
17.999999999999996
 20
32.03
 10
18.029999999999998
 20
32.06
 10
18.070000000000004
 20
32.06
 10
18.150000000000002
 20
32.1
 10
18.47000000000001
 20
32.12
 10
18.490000000000006
 20
32.14
 10
18.630000000000006
 20
32.14
 10
18.650000000000002
 20
32.160000000000004
 10
18.95
 20
32.18
 10
18.97000000000001
 20
32.2
 10
19.130000000000006
 20
32.2
 10
19.150000000000002
 20
32.220000000000006
 10
19.290000000000003
 20
32.220000000000006
 10
19.31
 20
32.24
 10
19.45
 20
32.24
 10
19.47000000000001
 20
32.26
 10
19.630000000000006
 20
32.26
 10
19.650000000000002
 20
32.28
 10
19.790000000000003
 20
32.28
 10
19.81
 20
32.300000000000004
 10
20.11000000000001
 20
32.32
 10
20.130000000000006
 20
32.339999999999996
 10
20.290000000000003
 20
32.339999999999996
 10
20.31
 20
32.36000000000001
 10
20.47000000000001
 20
32.36000000000001
 10
20.490000000000006
 20
32.38
 10
20.630000000000006
 20
32.38
 10
20.650000000000002
 20
32.4
 10
20.81
 20
32.4
 10
20.83000000000001
 20
32.42
 10
20.990000000000006
 20
32.440000000000005
 10
21.070000000000004
 20
32.48
 10
21.139999999999997
 20
32.550000000000004
 10
21.180000000000003
 20
32.63
 10
21.2
 20
32.79
 10
21.210000000000004
 20
32.800000000000004
 10
21.290000000000003
 20
32.76
 10
21.31
 20
32.78
 10
21.350000000000005
 20
32.78
 10
21.380000000000006
 20
32.81
 10
21.410000000000007
 20
32.940000000000005
 10
23.290000000000003
 20
32.940000000000005
 10
23.31
 20
32.96
 10
23.350000000000005
 20
32.96
 10
23.380000000000006
 20
32.99
 10
23.380000000000006
 20
33.03
 10
23.410000000000007
 20
33.04
 10
23.419999999999998
 20
32.89
 10
23.44000000000001
 20
32.87
 10
23.44000000000001
 20
32.71
 10
23.460000000000004
 20
32.690000000000005
 10
23.460000000000004
 20
32.550000000000004
 10
23.48
 20
32.53
 10
23.48
 20
32.39
 10
23.499999999999996
 20
32.37
 10
23.499999999999996
 20
32.21
 10
23.520000000000007
 20
32.190000000000005
 10
23.520000000000007
 20
32.050000000000004
 10
23.540000000000003
 20
32.03
 10
23.56
 20
31.709999999999997
 10
23.58000000000001
 20
31.689999999999998
 10
23.58000000000001
 20
31.529999999999998
 10
23.600000000000005
 20
31.509999999999998
 10
23.600000000000005
 20
31.369999999999997
 10
23.62
 20
31.349999999999998
 10
23.62
 20
31.209999999999997
 10
23.639999999999997
 20
31.189999999999998
 10
23.639999999999997
 20
31.029999999999998
 10
23.660000000000007
 20
31.009999999999998
 10
23.660000000000007
 20
30.869999999999997
 10
23.680000000000003
 20
30.849999999999998
 10
23.669999999999998
 20
30.74
 10
23.59
 20
30.779999999999998
 10
23.570000000000004
 20
30.759999999999998
 10
23.529999999999998
 20
30.759999999999998
 10
23.499999999999996
 20
30.729999999999997
 10
23.499999999999996
 20
30.689999999999998
 10
23.48
 20
30.669999999999998
 10
23.48
 20
28.909999999999997
 10
21.59
 20
28.9
 10
21.570000000000004
 20
28.88
 10
21.529999999999998
 20
28.88
 10
21.499999999999996
 20
28.849999999999998
 10
21.499999999999996
 20
28.81
 10
21.48
 20
28.79
 10
21.499999999999996
 20
28.769999999999996
 10
21.490000000000006
 20
28.72
 10
21.430000000000003
 20
28.72
 10
21.410000000000007
 20
28.74
 10
21.290000000000003
 20
28.74
 10
21.270000000000007
 20
28.72
 10
20.97000000000001
 20
28.7
 10
20.95
 20
28.679999999999996
 10
20.790000000000003
 20
28.679999999999996
 10
20.770000000000007
 20
28.659999999999997
 10
20.630000000000006
 20
28.659999999999997
 10
20.61000000000001
 20
28.639999999999997
 10
20.47000000000001
 20
28.639999999999997
 10
20.45
 20
28.619999999999997
 10
20.31
 20
28.619999999999997
 10
20.290000000000003
 20
28.599999999999998
 10
20.150000000000002
 20
28.599999999999998
 10
20.130000000000006
 20
28.58
 10
19.990000000000006
 20
28.58
 10
19.97000000000001
 20
28.56
 10
19.83000000000001
 20
28.56
 10
19.81
 20
28.54
 10
19.669999999999998
 20
28.54
 10
19.650000000000002
 20
28.519999999999996
 10
19.51
 20
28.519999999999996
 10
19.490000000000006
 20
28.499999999999996
 10
18.389999999999997
 20
28.499999999999996
 10
18.37
 20
28.519999999999996
 10
18.33000000000001
 20
28.519999999999996
  0
HATCH
  5
CC
330
17
100
AcDbEntity
  8
BLINDING-RAFT-60-HATCH
 62
7
100
AcDbHatch
 10
0.0
 20
0.0
 30
0.0
210
0.0
220
0.0
230
1.0
  2
ANSI31
 70
0
 71
0
 91
1
 92
3
 72
0
 73
1
 93
140
 10
18.279999999999998
 20
28.569999999999997
 10
18.279999999999998
 20
28.61
 10
18.26
 20
28.63
 10
18.26
 20
28.79
 10
18.240000000000006
 20
28.81
 10
18.240000000000006
 20
28.97
 10
18.22000000000001
 20
28.99
 10
18.22000000000001
 20
29.13
 10
18.2
 20
29.15
 10
18.2
 20
29.31
 10
18.180000000000003
 20
29.33
 10
18.180000000000003
 20
29.49
 10
18.160000000000007
 20
29.509999999999998
 10
18.160000000000007
 20
29.65
 10
18.139999999999997
 20
29.669999999999998
 10
18.139999999999997
 20
29.83
 10
18.12
 20
29.849999999999998
 10
18.12
 20
29.95
 10
18.100000000000005
 20
29.97
 10
18.100000000000005
 20
30.049999999999997
 10
18.06
 20
30.13
 10
17.999999999999996
 20
30.189999999999998
 10
17.999999999999996
 20
30.229999999999997
 10
17.98
 20
30.249999999999996
 10
17.98
 20
31.97
 10
17.999999999999996
 20
31.99
 10
17.999999999999996
 20
32.03
 10
18.029999999999998
 20
32.06
 10
18.070000000000004
 20
32.06
 10
18.150000000000002
 20
32.1
 10
18.47000000000001
 20
32.12
 10
18.490000000000006
 20
32.14
 10
18.630000000000006
 20
32.14
 10
18.650000000000002
 20
32.160000000000004
 10
18.95
 20
32.18
 10
18.97000000000001
 20
32.2
 10
19.130000000000006
 20
32.2
 10
19.150000000000002
 20
32.220000000000006
 10
19.290000000000003
 20
32.220000000000006
 10
19.31
 20
32.24
 10
19.45
 20
32.24
 10
19.47000000000001
 20
32.26
 10
19.630000000000006
 20
32.26
 10
19.650000000000002
 20
32.28
 10
19.790000000000003
 20
32.28
 10
19.81
 20
32.300000000000004
 10
20.11000000000001
 20
32.32
 10
20.130000000000006
 20
32.339999999999996
 10
20.290000000000003
 20
32.339999999999996
 10
20.31
 20
32.36000000000001
 10
20.47000000000001
 20
32.36000000000001
 10
20.490000000000006
 20
32.38
 10
20.630000000000006
 20
32.38
 10
20.650000000000002
 20
32.4
 10
20.81
 20
32.4
 10
20.83000000000001
 20
32.42
 10
20.990000000000006
 20
32.440000000000005
 10
21.070000000000004
 20
32.48
 10
21.139999999999997
 20
32.550000000000004
 10
21.180000000000003
 20
32.63
 10
21.2
 20
32.79
 10
21.210000000000004
 20
32.800000000000004
 10
21.290000000000003
 20
32.76
 10
21.31
 20
32.78
 10
21.350000000000005
 20
32.78
 10
21.380000000000006
 20
32.81
 10
21.410000000000007
 20
32.940000000000005
 10
23.290000000000003
 20
32.940000000000005
 10
23.31
 20
32.96
 10
23.350000000000005
 20
32.96
 10
23.380000000000006
 20
32.99
 10
23.380000000000006
 20
33.03
 10
23.410000000000007
 20
33.04
 10
23.419999999999998
 20
32.89
 10
23.44000000000001
 20
32.87
 10
23.44000000000001
 20
32.71
 10
23.460000000000004
 20
32.690000000000005
 10
23.460000000000004
 20
32.550000000000004
 10
23.48
 20
32.53
 10
23.48
 20
32.39
 10
23.499999999999996
 20
32.37
 10
23.499999999999996
 20
32.21
 10
23.520000000000007
 20
32.190000000000005
 10
23.520000000000007
 20
32.050000000000004
 10
23.540000000000003
 20
32.03
 10
23.56
 20
31.709999999999997
 10
23.58000000000001
 20
31.689999999999998
 10
23.58000000000001
 20
31.529999999999998
 10
23.600000000000005
 20
31.509999999999998
 10
23.600000000000005
 20
31.369999999999997
 10
23.62
 20
31.349999999999998
 10
23.62
 20
31.209999999999997
 10
23.639999999999997
 20
31.189999999999998
 10
23.639999999999997
 20
31.029999999999998
 10
23.660000000000007
 20
31.009999999999998
 10
23.660000000000007
 20
30.869999999999997
 10
23.680000000000003
 20
30.849999999999998
 10
23.669999999999998
 20
30.74
 10
23.59
 20
30.779999999999998
 10
23.570000000000004
 20
30.759999999999998
 10
23.529999999999998
 20
30.759999999999998
 10
23.499999999999996
 20
30.729999999999997
 10
23.499999999999996
 20
30.689999999999998
 10
23.48
 20
30.669999999999998
 10
23.48
 20
28.909999999999997
 10
21.59
 20
28.9
 10
21.570000000000004
 20
28.88
 10
21.529999999999998
 20
28.88
 10
21.499999999999996
 20
28.849999999999998
 10
21.499999999999996
 20
28.81
 10
21.48
 20
28.79
 10
21.499999999999996
 20
28.769999999999996
 10
21.490000000000006
 20
28.72
 10
21.430000000000003
 20
28.72
 10
21.410000000000007
 20
28.74
 10
21.290000000000003
 20
28.74
 10
21.270000000000007
 20
28.72
 10
20.97000000000001
 20
28.7
 10
20.95
 20
28.679999999999996
 10
20.790000000000003
 20
28.679999999999996
 10
20.770000000000007
 20
28.659999999999997
 10
20.630000000000006
 20
28.659999999999997
 10
20.61000000000001
 20
28.639999999999997
 10
20.47000000000001
 20
28.639999999999997
 10
20.45
 20
28.619999999999997
 10
20.31
 20
28.619999999999997
 10
20.290000000000003
 20
28.599999999999998
 10
20.150000000000002
 20
28.599999999999998
 10
20.130000000000006
 20
28.58
 10
19.990000000000006
 20
28.58
 10
19.97000000000001
 20
28.56
 10
19.83000000000001
 20
28.56
 10
19.81
 20
28.54
 10
19.669999999999998
 20
28.54
 10
19.650000000000002
 20
28.519999999999996
 10
19.51
 20
28.519999999999996
 10
19.490000000000006
 20
28.499999999999996
 10
18.389999999999997
 20
28.499999999999996
 10
18.37
 20
28.519999999999996
 10
18.33000000000001
 20
28.519999999999996
 97
0
 75
1
 76
1
 52
0.0
 41
0.05
 77
0
 78
1
 53
45.0
 43
0.0
 44
0.0
 45
-0.1122532015
 46
0.1122532015
 79
0
 98
0
  0
MTEXT
  5
CD
330
17
100
AcDbEntity
  8
BLINDING-LABEL
100
AcDbMText
 10
20.78
 20
30.769999999999996
 30
0.0
 40
0.25
 71
5
  1
Raft / mat 60 cm\P20.98 m²
  0
LWPOLYLINE
  5
CE
330
17
100
AcDbEntity
  8
BLINDING-RAFT-60
100
AcDbPolyline
 90
106
 70
1
 10
18.48
 20
37.57
 10
18.48
 20
37.61000000000001
 10
18.460000000000004
 20
37.63
 10
18.460000000000004
 20
37.79
 10
18.44000000000001
 20
37.81
 10
18.44000000000001
 20
37.970000000000006
 10
18.419999999999998
 20
37.99
 10
18.419999999999998
 20
38.13
 10
18.400000000000002
 20
38.15
 10
18.400000000000002
 20
38.31
 10
18.380000000000006
 20
38.330000000000005
 10
18.380000000000006
 20
38.49
 10
18.36000000000001
 20
38.51
 10
18.36000000000001
 20
38.65
 10
18.34
 20
38.67
 10
18.34
 20
38.830000000000005
 10
18.320000000000004
 20
38.85
 10
18.320000000000004
 20
38.95
 10
18.300000000000008
 20
38.970000000000006
 10
18.300000000000008
 20
39.050000000000004
 10
18.26
 20
39.13
 10
18.2
 20
39.190000000000005
 10
18.2
 20
39.23
 10
18.180000000000003
 20
39.25
 10
18.180000000000003
 20
41.07
 10
18.2
 20
41.089999999999996
 10
18.2
 20
41.13
 10
18.23
 20
41.160000000000004
 10
18.350000000000005
 20
41.18
 10
18.37
 20
41.2
 10
18.529999999999998
 20
41.2
 10
18.550000000000008
 20
41.220000000000006
 10
18.710000000000004
 20
41.220000000000006
 10
18.73
 20
41.24
 10
18.910000000000007
 20
41.24
 10
18.930000000000003
 20
41.26
 10
19.09
 20
41.26
 10
19.11000000000001
 20
41.28
 10
19.270000000000007
 20
41.28
 10
19.290000000000003
 20
41.300000000000004
 10
19.47000000000001
 20
41.300000000000004
 10
19.490000000000006
 20
41.32
 10
19.650000000000002
 20
41.32
 10
19.669999999999998
 20
41.339999999999996
 10
19.83000000000001
 20
41.339999999999996
 10
19.850000000000005
 20
41.36000000000001
 10
20.029999999999998
 20
41.36000000000001
 10
20.050000000000008
 20
41.38
 10
20.210000000000004
 20
41.38
 10
20.23
 20
41.4
 10
20.279999999999998
 20
41.39
 10
20.240000000000006
 20
41.31
 10
20.26
 20
41.29
 10
20.26
 20
41.25
 10
20.290000000000003
 20
41.220000000000006
 10
20.33000000000001
 20
41.220000000000006
 10
20.350000000000005
 20
41.2
 10
22.31
 20
41.2
 10
22.33000000000001
 20
41.220000000000006
 10
22.37
 20
41.220000000000006
 10
22.400000000000002
 20
41.25
 10
22.400000000000002
 20
41.29
 10
22.430000000000003
 20
41.300000000000004
 10
22.44000000000001
 20
41.15
 10
22.460000000000004
 20
41.13
 10
22.460000000000004
 20
40.970000000000006
 10
22.48
 20
40.95
 10
22.48
 20
40.81
 10
22.499999999999996
 20
40.79
 10
22.499999999999996
 20
40.65
 10
22.520000000000007
 20
40.63
 10
22.540000000000003
 20
40.31
 10
22.56
 20
40.29
 10
22.58000000000001
 20
39.970000000000006
 10
22.600000000000005
 20
39.95
 10
22.600000000000005
 20
39.79
 10
22.62
 20
39.77
 10
22.62
 20
39.63
 10
22.639999999999997
 20
39.61000000000001
 10
22.630000000000006
 20
39.52
 10
22.550000000000008
 20
39.56
 10
22.529999999999998
 20
39.54
 10
22.490000000000006
 20
39.54
 10
22.460000000000004
 20
39.51
 10
22.460000000000004
 20
39.470000000000006
 10
22.44000000000001
 20
39.45
 10
22.44000000000001
 20
37.71
 10
20.550000000000008
 20
37.7
 10
20.529999999999998
 20
37.68
 10
20.490000000000006
 20
37.68
 10
20.460000000000004
 20
37.65
 10
20.460000000000004
 20
37.61000000000001
 10
20.44000000000001
 20
37.589999999999996
 10
20.460000000000004
 20
37.57
 10
20.45
 20
37.52
 10
20.430000000000003
 20
37.54
 10
20.350000000000005
 20
37.54
 10
20.33000000000001
 20
37.56
 10
20.31
 20
37.54
 10
19.95
 20
37.52
 10
19.930000000000003
 20
37.5
 10
19.770000000000007
 20
37.5
 10
19.73
 20
37.48
 10
18.59
 20
37.48
 10
18.570000000000004
 20
37.5
 10
18.529999999999998
 20
37.5
  0
HATCH
  5
CF
330
17
100
AcDbEntity
  8
BLINDING-RAFT-60-HATCH
 62
7
100
AcDbHatch
 10
0.0
 20
0.0
 30
0.0
210
0.0
220
0.0
230
1.0
  2
ANSI31
 70
0
 71
0
 91
1
 92
3
 72
0
 73
1
 93
106
 10
18.48
 20
37.57
 10
18.48
 20
37.61000000000001
 10
18.460000000000004
 20
37.63
 10
18.460000000000004
 20
37.79
 10
18.44000000000001
 20
37.81
 10
18.44000000000001
 20
37.970000000000006
 10
18.419999999999998
 20
37.99
 10
18.419999999999998
 20
38.13
 10
18.400000000000002
 20
38.15
 10
18.400000000000002
 20
38.31
 10
18.380000000000006
 20
38.330000000000005
 10
18.380000000000006
 20
38.49
 10
18.36000000000001
 20
38.51
 10
18.36000000000001
 20
38.65
 10
18.34
 20
38.67
 10
18.34
 20
38.830000000000005
 10
18.320000000000004
 20
38.85
 10
18.320000000000004
 20
38.95
 10
18.300000000000008
 20
38.970000000000006
 10
18.300000000000008
 20
39.050000000000004
 10
18.26
 20
39.13
 10
18.2
 20
39.190000000000005
 10
18.2
 20
39.23
 10
18.180000000000003
 20
39.25
 10
18.180000000000003
 20
41.07
 10
18.2
 20
41.089999999999996
 10
18.2
 20
41.13
 10
18.23
 20
41.160000000000004
 10
18.350000000000005
 20
41.18
 10
18.37
 20
41.2
 10
18.529999999999998
 20
41.2
 10
18.550000000000008
 20
41.220000000000006
 10
18.710000000000004
 20
41.220000000000006
 10
18.73
 20
41.24
 10
18.910000000000007
 20
41.24
 10
18.930000000000003
 20
41.26
 10
19.09
 20
41.26
 10
19.11000000000001
 20
41.28
 10
19.270000000000007
 20
41.28
 10
19.290000000000003
 20
41.300000000000004
 10
19.47000000000001
 20
41.300000000000004
 10
19.490000000000006
 20
41.32
 10
19.650000000000002
 20
41.32
 10
19.669999999999998
 20
41.339999999999996
 10
19.83000000000001
 20
41.339999999999996
 10
19.850000000000005
 20
41.36000000000001
 10
20.029999999999998
 20
41.36000000000001
 10
20.050000000000008
 20
41.38
 10
20.210000000000004
 20
41.38
 10
20.23
 20
41.4
 10
20.279999999999998
 20
41.39
 10
20.240000000000006
 20
41.31
 10
20.26
 20
41.29
 10
20.26
 20
41.25
 10
20.290000000000003
 20
41.220000000000006
 10
20.33000000000001
 20
41.220000000000006
 10
20.350000000000005
 20
41.2
 10
22.31
 20
41.2
 10
22.33000000000001
 20
41.220000000000006
 10
22.37
 20
41.220000000000006
 10
22.400000000000002
 20
41.25
 10
22.400000000000002
 20
41.29
 10
22.430000000000003
 20
41.300000000000004
 10
22.44000000000001
 20
41.15
 10
22.460000000000004
 20
41.13
 10
22.460000000000004
 20
40.970000000000006
 10
22.48
 20
40.95
 10
22.48
 20
40.81
 10
22.499999999999996
 20
40.79
 10
22.499999999999996
 20
40.65
 10
22.520000000000007
 20
40.63
 10
22.540000000000003
 20
40.31
 10
22.56
 20
40.29
 10
22.58000000000001
 20
39.970000000000006
 10
22.600000000000005
 20
39.95
 10
22.600000000000005
 20
39.79
 10
22.62
 20
39.77
 10
22.62
 20
39.63
 10
22.639999999999997
 20
39.61000000000001
 10
22.630000000000006
 20
39.52
 10
22.550000000000008
 20
39.56
 10
22.529999999999998
 20
39.54
 10
22.490000000000006
 20
39.54
 10
22.460000000000004
 20
39.51
 10
22.460000000000004
 20
39.470000000000006
 10
22.44000000000001
 20
39.45
 10
22.44000000000001
 20
37.71
 10
20.550000000000008
 20
37.7
 10
20.529999999999998
 20
37.68
 10
20.490000000000006
 20
37.68
 10
20.460000000000004
 20
37.65
 10
20.460000000000004
 20
37.61000000000001
 10
20.44000000000001
 20
37.589999999999996
 10
20.460000000000004
 20
37.57
 10
20.45
 20
37.52
 10
20.430000000000003
 20
37.54
 10
20.350000000000005
 20
37.54
 10
20.33000000000001
 20
37.56
 10
20.31
 20
37.54
 10
19.95
 20
37.52
 10
19.930000000000003
 20
37.5
 10
19.770000000000007
 20
37.5
 10
19.73
 20
37.48
 10
18.59
 20
37.48
 10
18.570000000000004
 20
37.5
 10
18.529999999999998
 20
37.5
 97
0
 75
1
 76
1
 52
0.0
 41
0.05
 77
0
 78
1
 53
45.0
 43
0.0
 44
0.0
 45
-0.1122532015
 46
0.1122532015
 79
0
 98
0
  0
MTEXT
  5
D0
330
17
100
AcDbEntity
  8
BLINDING-LABEL
100
AcDbMText
 10
20.310000000000006
 20
39.35
 30
0.0
 40
0.25
 71
5
  1
Raft / mat 60 cm\P15.36 m²
  0
LWPOLYLINE
  5
D3
330
17
100
AcDbEntity
  8
BLINDING-RAFT-80
100
AcDbPolyline
 90
991
 70
1
 10
-37.57
 20
15.639999999999999
 10
-37.61
 20
15.639999999999999
 10
-37.660000000000004
 20
15.709999999999999
 10
-37.68
 20
15.81
 10
-37.7
 20
15.829999999999997
 10
-37.7
 20
15.870000000000003
 10
-37.720000000000006
 20
15.889999999999999
 10
-37.74
 20
15.99
 10
-37.76
 20
16.009999999999994
 10
-37.76
 20
16.05
 10
-37.78
 20
16.069999999999997
 10
-37.78
 20
16.109999999999996
 10
-37.800000000000004
 20
16.13
 10
-37.82
 20
16.23
 10
-37.84
 20
16.249999999999996
 10
-37.86
 20
16.349999999999998
 10
-37.9
 20
16.429999999999996
 10
-37.9
 20
16.469999999999995
 10
-37.92
 20
16.49
 10
-37.96
 20
16.649999999999995
 10
-37.980000000000004
 20
16.669999999999998
 10
-38.0
 20
16.77
 10
-38.02
 20
16.789999999999996
 10
-38.06
 20
16.95
 10
-38.080000000000005
 20
16.969999999999995
 10
-38.12
 20
17.13
 10
-38.14
 20
17.149999999999995
 10
-38.18
 20
17.31
 10
-38.2
 20
17.329999999999995
 10
-38.2
 20
17.37
 10
-38.220000000000006
 20
17.389999999999997
 10
-38.24
 20
17.49
 10
-38.26
 20
17.509999999999994
 10
-38.26
 20
17.55
 10
-38.28
 20
17.569999999999997
 10
-38.32
 20
17.73
 10
-38.34
 20
17.749999999999996
 10
-38.36
 20
17.849999999999998
 10
-38.38
 20
17.87
 10
-38.4
 20
17.969999999999995
 10
-38.42
 20
17.99
 10
-38.42
 20
18.029999999999998
 10
-38.440000000000005
 20
18.05
 10
-38.46
 20
18.149999999999995
 10
-38.5
 20
18.23
 10
-38.5
 20
18.27
 10
-38.52
 20
18.289999999999996
 10
-38.54
 20
18.389999999999997
 10
-38.56
 20
18.41
 10
-38.56
 20
18.45
 10
-38.6
 20
18.529999999999998
 10
-38.6
 20
18.59
 10
-38.64
 20
18.669999999999998
 10
-38.64
 20
18.709999999999997
 10
-38.660000000000004
 20
18.73
 10
-38.7
 20
18.889999999999997
 10
-38.720000000000006
 20
18.91
 10
-38.76
 20
19.069999999999997
 10
-38.800000000000004
 20
19.149999999999995
 10
-38.82
 20
19.249999999999996
 10
-38.86
 20
19.329999999999995
 10
-38.86
 20
19.37
 10
-38.88
 20
19.389999999999997
 10
-38.9
 20
19.49
 10
-38.92
 20
19.509999999999994
 10
-38.92
 20
19.55
 10
-38.96
 20
19.63
 10
-38.96
 20
19.669999999999998
 10
-38.980000000000004
 20
19.689999999999994
 10
-38.980000000000004
 20
19.73
 10
-39.02
 20
19.81
 10
-39.04
 20
19.91
 10
-39.06
 20
19.929999999999996
 10
-39.06
 20
19.969999999999995
 10
-39.080000000000005
 20
19.99
 10
-39.12
 20
20.149999999999995
 10
-39.14
 20
20.169999999999998
 10
-39.18
 20
20.329999999999995
 10
-39.2
 20
20.349999999999998
 10
-39.2
 20
20.389999999999997
 10
-39.220000000000006
 20
20.41
 10
-39.26
 20
20.569999999999997
 10
-39.28
 20
20.59
 10
-39.28
 20
20.63
 10
-39.300000000000004
 20
20.649999999999995
 10
-39.300000000000004
 20
20.689999999999994
 10
-39.34
 20
20.77
 10
-39.36
 20
20.87
 10
-39.38
 20
20.889999999999997
 10
-39.4
 20
20.99
 10
-39.42
 20
21.009999999999994
 10
-39.42
 20
21.05
 10
-39.440000000000005
 20
21.069999999999997
 10
-39.46
 20
21.169999999999998
 10
-39.480000000000004
 20
21.189999999999994
 10
-39.480000000000004
 20
21.23
 10
-39.52
 20
21.31
 10
-39.54
 20
21.41
 10
-39.56
 20
21.429999999999996
 10
-39.56
 20
21.469999999999995
 10
-39.580000000000005
 20
21.49
 10
-39.62
 20
21.649999999999995
 10
-39.64
 20
21.669999999999998
 10
-39.68
 20
21.829999999999995
 10
-39.7
 20
21.849999999999998
 10
-39.7
 20
21.889999999999997
 10
-39.720000000000006
 20
21.91
 10
-39.76
 20
22.069999999999997
 10
-39.78
 20
22.09
 10
-39.78
 20
22.13
 10
-39.800000000000004
 20
22.149999999999995
 10
-39.82
 20
22.249999999999996
 10
-39.86
 20
22.329999999999995
 10
-39.86
 20
22.37
 10
-39.88
 20
22.389999999999997
 10
-39.9
 20
22.49
 10
-39.92
 20
22.509999999999994
 10
-39.92
 20
22.55
 10
-39.940000000000005
 20
22.569999999999997
 10
-39.96
 20
22.669999999999998
 10
-39.980000000000004
 20
22.689999999999994
 10
-39.980000000000004
 20
22.73
 10
-40.02
 20
22.81
 10
-40.04
 20
22.91
 10
-40.06
 20
22.929999999999996
 10
-40.06
 20
22.969999999999995
 10
-40.080000000000005
 20
22.99
 10
-40.12
 20
23.149999999999995
 10
-40.14
 20
23.169999999999998
 10
-40.18
 20
23.329999999999995
 10
-40.2
 20
23.349999999999998
 10
-40.2
 20
23.389999999999997
 10
-40.220000000000006
 20
23.41
 10
-40.26
 20
23.569999999999997
 10
-40.28
 20
23.59
 10
-40.28
 20
23.63
 10
-40.300000000000004
 20
23.649999999999995
 10
-40.32
 20
23.749999999999996
 10
-40.36
 20
23.829999999999995
 10
-40.36
 20
23.87
 10
-40.38
 20
23.889999999999997
 10
-40.4
 20
23.99
 10
-40.42
 20
24.009999999999994
 10
-40.42
 20
24.05
 10
-40.440000000000005
 20
24.069999999999997
 10
-40.46
 20
24.169999999999998
 10
-40.480000000000004
 20
24.189999999999994
 10
-40.480000000000004
 20
24.23
 10
-40.52
 20
24.31
 10
-40.54
 20
24.41
 10
-40.56
 20
24.429999999999996
 10
-40.56
 20
24.469999999999995
 10
-40.580000000000005
 20
24.49
 10
-40.62
 20
24.649999999999995
 10
-40.64
 20
24.669999999999998
 10
-40.64
 20
24.709999999999997
 10
-40.660000000000004
 20
24.73
 10
-40.68
 20
24.829999999999995
 10
-40.7
 20
24.849999999999998
 10
-40.7
 20
24.889999999999997
 10
-40.720000000000006
 20
24.91
 10
-40.720000000000006
 20
24.95
 10
-40.76
 20
25.029999999999998
 10
-40.76
 20
25.069999999999997
 10
-40.78
 20
25.09
 10
-40.78
 20
25.149999999999995
 10
-40.800000000000004
 20
25.169999999999998
 10
-40.82
 20
25.27
 10
-40.84
 20
25.289999999999996
 10
-40.86
 20
25.389999999999997
 10
-40.9
 20
25.469999999999995
 10
-40.9
 20
25.509999999999994
 10
-40.92
 20
25.529999999999998
 10
-40.96
 20
25.689999999999994
 10
-40.980000000000004
 20
25.709999999999997
 10
-41.0
 20
25.81
 10
-41.02
 20
25.829999999999995
 10
-41.06
 20
25.99
 10
-41.080000000000005
 20
26.009999999999994
 10
-41.080000000000005
 20
26.05
 10
-41.1
 20
26.069999999999997
 10
-41.12
 20
26.169999999999998
 10
-41.14
 20
26.19
 10
-41.14
 20
26.23
 10
-41.160000000000004
 20
26.249999999999996
 10
-41.2
 20
26.41
 10
-41.220000000000006
 20
26.429999999999996
 10
-41.220000000000006
 20
26.469999999999995
 10
-41.24
 20
26.49
 10
-41.26
 20
26.59
 10
-41.28
 20
26.609999999999996
 10
-41.28
 20
26.649999999999995
 10
-41.300000000000004
 20
26.669999999999998
 10
-41.32
 20
26.77
 10
-41.34
 20
26.789999999999996
 10
-41.36
 20
26.889999999999997
 10
-41.38
 20
26.91
 10
-41.4
 20
27.009999999999994
 10
-41.42
 20
27.029999999999998
 10
-41.42
 20
27.069999999999997
 10
-41.440000000000005
 20
27.09
 10
-41.46
 20
27.19
 10
-41.480000000000004
 20
27.209999999999997
 10
-41.5
 20
27.31
 10
-41.52
 20
27.329999999999995
 10
-41.56
 20
27.49
 10
-41.580000000000005
 20
27.509999999999994
 10
-41.580000000000005
 20
27.55
 10
-41.6
 20
27.569999999999997
 10
-41.62
 20
27.669999999999998
 10
-41.64
 20
27.69
 10
-41.64
 20
27.73
 10
-41.660000000000004
 20
27.749999999999996
 10
-41.7
 20
27.91
 10
-41.720000000000006
 20
27.929999999999996
 10
-41.76
 20
28.089999999999996
 10
-41.78
 20
28.11
 10
-41.78
 20
28.15
 10
-41.800000000000004
 20
28.169999999999998
 10
-41.82
 20
28.269999999999996
 10
-41.84
 20
28.29
 10
-41.86
 20
28.389999999999997
 10
-41.9
 20
28.47
 10
-41.9
 20
28.509999999999998
 10
-41.92
 20
28.529999999999998
 10
-41.96
 20
28.689999999999998
 10
-42.0
 20
28.769999999999996
 10
-42.0
 20
28.81
 10
-42.02
 20
28.83
 10
-42.04
 20
28.929999999999996
 10
-42.06
 20
28.95
 10
-42.1
 20
29.11
 10
-42.120000000000005
 20
29.13
 10
-42.14
 20
29.229999999999997
 10
-42.160000000000004
 20
29.249999999999996
 10
-42.18
 20
29.349999999999998
 10
-42.22
 20
29.429999999999996
 10
-42.22
 20
29.47
 10
-42.24
 20
29.49
 10
-42.26
 20
29.589999999999996
 10
-42.28
 20
29.61
 10
-42.32
 20
29.77
 10
-42.34
 20
29.79
 10
-42.36
 20
29.889999999999997
 10
-42.4
 20
29.97
 10
-42.4
 20
30.009999999999998
 10
-42.42
 20
30.029999999999998
 10
-42.46
 20
30.189999999999998
 10
-42.5
 20
30.27
 10
-42.5
 20
30.31
 10
-42.52
 20
30.33
 10
-42.54
 20
30.429999999999996
 10
-42.56
 20
30.45
 10
-42.6
 20
30.61
 10
-42.620000000000005
 20
30.63
 10
-42.64
 20
30.729999999999997
 10
-42.660000000000004
 20
30.749999999999996
 10
-42.68
 20
30.849999999999998
 10
-42.72
 20
30.929999999999996
 10
-42.72
 20
30.97
 10
-42.74
 20
30.99
 10
-42.76
 20
31.089999999999996
 10
-42.78
 20
31.11
 10
-42.82
 20
31.27
 10
-42.84
 20
31.29
 10
-42.86
 20
31.389999999999997
 10
-42.9
 20
31.47
 10
-42.9
 20
31.509999999999998
 10
-42.92
 20
31.529999999999998
 10
-42.92
 20
31.569999999999997
 10
-42.96
 20
31.65
 10
-42.96
 20
31.709999999999997
 10
-42.980000000000004
 20
31.729999999999997
 10
-43.0
 20
31.83
 10
-43.04
 20
31.909999999999997
 10
-43.04
 20
31.95
 10
-43.06
 20
31.97
 10
-43.1
 20
32.13
 10
-43.120000000000005
 20
32.15
 10
-43.14
 20
32.25
 10
-43.160000000000004
 20
32.27
 10
-43.18
 20
32.37
 10
-43.22
 20
32.45
 10
-43.22
 20
32.49
 10
-43.26
 20
32.57
 10
-43.26
 20
32.61000000000001
 10
-43.28
 20
32.63
 10
-43.28
 20
32.67
 10
-43.300000000000004
 20
32.690000000000005
 10
-43.32
 20
32.79
 10
-43.36
 20
32.87
 10
-43.36
 20
32.910000000000004
 10
-43.38
 20
32.93
 10
-43.4
 20
33.03
 10
-43.42
 20
33.050000000000004
 10
-43.46
 20
33.21
 10
-43.5
 20
33.29
 10
-43.5
 20
33.330000000000005
 10
-43.52
 20
33.35
 10
-43.54
 20
33.45
 10
-43.56
 20
33.470000000000006
 10
-43.6
 20
33.63
 10
-43.620000000000005
 20
33.65
 10
-43.64
 20
33.75
 10
-43.660000000000004
 20
33.77
 10
-43.68
 20
33.87
 10
-43.72
 20
33.95
 10
-43.72
 20
33.99
 10
-43.76
 20
34.07
 10
-43.76
 20
34.11000000000001
 10
-43.78
 20
34.13
 10
-43.78
 20
34.17
 10
-43.800000000000004
 20
34.190000000000005
 10
-43.82
 20
34.29
 10
-43.86
 20
34.37
 10
-43.86
 20
34.410000000000004
 10
-43.88
 20
34.43
 10
-43.9
 20
34.53
 10
-43.92
 20
34.550000000000004
 10
-43.96
 20
34.71
 10
-44.0
 20
34.79
 10
-44.0
 20
34.830000000000005
 10
-44.02
 20
34.85
 10
-44.04
 20
34.95
 10
-44.06
 20
34.970000000000006
 10
-44.1
 20
35.13
 10
-44.120000000000005
 20
35.15
 10
-44.14
 20
35.25
 10
-44.160000000000004
 20
35.27
 10
-44.18
 20
35.37
 10
-44.22
 20
35.45
 10
-44.22
 20
35.49
 10
-44.26
 20
35.57
 10
-44.26
 20
35.61000000000001
 10
-44.28
 20
35.63
 10
-44.28
 20
35.67
 10
-44.300000000000004
 20
35.690000000000005
 10
-44.32
 20
35.79
 10
-44.36
 20
35.87
 10
-44.36
 20
35.910000000000004
 10
-44.38
 20
35.93
 10
-44.4
 20
36.03
 10
-44.42
 20
36.050000000000004
 10
-44.46
 20
36.21
 10
-44.5
 20
36.29
 10
-44.5
 20
36.330000000000005
 10
-44.52
 20
36.35
 10
-44.54
 20
36.45
 10
-44.56
 20
36.470000000000006
 10
-44.6
 20
36.63
 10
-44.620000000000005
 20
36.65
 10
-44.64
 20
36.75
 10
-44.660000000000004
 20
36.77
 10
-44.68
 20
36.87
 10
-44.72
 20
36.95
 10
-44.72
 20
36.99
 10
-44.76
 20
37.07
 10
-44.76
 20
37.11000000000001
 10
-44.78
 20
37.13
 10
-44.78
 20
37.17
 10
-44.800000000000004
 20
37.190000000000005
 10
-44.82
 20
37.29
 10
-44.86
 20
37.37
 10
-44.86
 20
37.410000000000004
 10
-44.9
 20
37.49
 10
-44.9
 20
37.53
 10
-44.92
 20
37.550000000000004
 10
-44.96
 20
37.71
 10
-45.0
 20
37.79
 10
-45.0
 20
37.830000000000005
 10
-45.04
 20
37.910000000000004
 10
-45.04
 20
37.95
 10
-45.06
 20
37.970000000000006
 10
-45.1
 20
38.13
 10
-45.14
 20
38.21
 10
-45.14
 20
38.27
 10
-45.160000000000004
 20
38.29
 10
-45.160000000000004
 20
38.330000000000005
 10
-45.2
 20
38.410000000000004
 10
-45.22
 20
38.51
 10
-45.24
 20
38.53
 10
-45.26
 20
38.63
 10
-45.28
 20
38.65
 10
-45.28
 20
38.690000000000005
 10
-45.300000000000004
 20
38.71
 10
-45.32
 20
38.81
 10
-45.34
 20
38.830000000000005
 10
-45.36
 20
38.93
 10
-45.4
 20
39.01
 10
-45.4
 20
39.050000000000004
 10
-45.42
 20
39.07
 10
-45.42
 20
39.11000000000001
 10
-45.440000000000005
 20
39.13
 10
-45.46
 20
39.23
 10
-45.5
 20
39.31
 10
-45.5
 20
39.35
 10
-45.54
 20
39.43
 10
-45.54
 20
39.470000000000006
 10
-45.56
 20
39.49
 10
-45.56
 20
39.53
 10
-45.580000000000005
 20
39.550000000000004
 10
-45.6
 20
39.65
 10
-45.64
 20
39.73
 10
-45.64
 20
39.77
 10
-45.660000000000004
 20
39.79
 10
-45.68
 20
39.89
 10
-45.7
 20
39.910000000000004
 10
-45.72
 20
40.01
 10
-45.76
 20
40.089999999999996
 10
-45.76
 20
40.13
 10
-45.78
 20
40.15
 10
-45.78
 20
40.190000000000005
 10
-45.800000000000004
 20
40.21
 10
-45.82
 20
40.31
 10
-45.84
 20
40.330000000000005
 10
-45.86
 20
40.43
 10
-45.9
 20
40.51
 10
-45.9
 20
41.53
 10
-45.88
 20
41.550000000000004
 10
-45.88
 20
41.589999999999996
 10
-45.85
 20
41.62
 10
-45.77
 20
41.64
 10
-45.75
 20
41.660000000000004
 10
-45.71
 20
41.660000000000004
 10
-45.690000000000005
 20
41.68
 10
-45.65
 20
41.68
 10
-45.63
 20
41.7
 10
-45.59
 20
41.7
 10
-45.57
 20
41.720000000000006
 10
-45.53
 20
41.720000000000006
 10
-45.51
 20
41.74
 10
-45.47
 20
41.74
 10
-45.45
 20
41.76
 10
-45.410000000000004
 20
41.76
 10
-45.39
 20
41.78
 10
-45.35
 20
41.78
 10
-45.330000000000005
 20
41.800000000000004
 10
-45.29
 20
41.800000000000004
 10
-45.27
 20
41.82
 10
-45.230000000000004
 20
41.82
 10
-45.21
 20
41.839999999999996
 10
-45.17
 20
41.839999999999996
 10
-45.15
 20
41.86000000000001
 10
-45.11
 20
41.86000000000001
 10
-45.09
 20
41.88
 10
-45.050000000000004
 20
41.88
 10
-44.93
 20
41.940000000000005
 10
-44.77
 20
41.98
 10
-44.75
 20
42.0
 10
-44.71
 20
42.0
 10
-44.690000000000005
 20
42.02
 10
-44.59
 20
42.04
 10
-44.57
 20
42.06
 10
-44.53
 20
42.06
 10
-44.51
 20
42.080000000000005
 10
-44.47
 20
42.080000000000005
 10
-44.39
 20
42.12
 10
-44.35
 20
42.12
 10
-44.330000000000005
 20
42.14
 10
-44.29
 20
42.14
 10
-44.27
 20
42.160000000000004
 10
-44.17
 20
42.18
 10
-44.15
 20
42.2
 10
-44.11
 20
42.2
 10
-44.09
 20
42.220000000000006
 10
-43.93
 20
42.26
 10
-43.85
 20
42.300000000000004
 10
-43.690000000000005
 20
42.339999999999996
 10
-43.67
 20
42.36000000000001
 10
-43.51
 20
42.4
 10
-43.49
 20
42.42
 10
-43.45
 20
42.42
 10
-43.43
 20
42.440000000000005
 10
-43.39
 20
42.440000000000005
 10
-43.31
 20
42.48
 10
-43.27
 20
42.48
 10
-43.190000000000005
 20
42.52
 10
-43.15
 20
42.52
 10
-43.07
 20
42.56
 10
-43.03
 20
42.56
 10
-43.01
 20
42.580000000000005
 10
-42.85
 20
42.62
 10
-42.830000000000005
 20
42.64
 10
-42.79
 20
42.64
 10
-42.77
 20
42.660000000000004
 10
-42.730000000000004
 20
42.660000000000004
 10
-42.67
 20
42.7
 10
-42.63
 20
42.7
 10
-42.550000000000004
 20
42.74
 10
-41.53
 20
42.74
 10
-41.51
 20
42.720000000000006
 10
-41.470000000000006
 20
42.720000000000006
 10
-41.440000000000005
 20
42.690000000000005
 10
-41.42
 20
42.61000000000001
 10
-41.4
 20
42.589999999999996
 10
-41.4
 20
42.550000000000004
 10
-41.38
 20
42.53
 10
-41.38
 20
42.49
 10
-41.36
 20
42.470000000000006
 10
-41.36
 20
42.43
 10
-41.34
 20
42.410000000000004
 10
-41.34
 20
42.37
 10
-41.32
 20
42.35
 10
-41.32
 20
42.31
 10
-41.300000000000004
 20
42.29
 10
-41.300000000000004
 20
42.23
 10
-41.28
 20
42.21
 10
-41.28
 20
42.17
 10
-41.26
 20
42.15
 10
-41.24
 20
42.050000000000004
 10
-41.220000000000006
 20
42.03
 10
-41.220000000000006
 20
41.99
 10
-41.2
 20
41.970000000000006
 10
-41.2
 20
41.93
 10
-41.18
 20
41.910000000000004
 10
-41.160000000000004
 20
41.81
 10
-41.14
 20
41.79
 10
-41.14
 20
41.75
 10
-41.12
 20
41.73
 10
-41.1
 20
41.63
 10
-41.080000000000005
 20
41.61000000000001
 10
-41.080000000000005
 20
41.57
 10
-41.06
 20
41.550000000000004
 10
-41.06
 20
41.51
 10
-41.04
 20
41.49
 10
-41.02
 20
41.39
 10
-41.0
 20
41.37
 10
-40.980000000000004
 20
41.27
 10
-40.940000000000005
 20
41.190000000000005
 10
-40.940000000000005
 20
41.15
 10
-40.92
 20
41.13
 10
-40.92
 20
41.089999999999996
 10
-40.9
 20
41.07
 10
-40.88
 20
40.970000000000006
 10
-40.84
 20
40.89
 10
-40.84
 20
40.85
 10
-40.800000000000004
 20
40.77
 10
-40.800000000000004
 20
40.73
 10
-40.76
 20
40.65
 10
-40.76
 20
40.589999999999996
 10
-40.74
 20
40.57
 10
-40.720000000000006
 20
40.470000000000006
 10
-40.7
 20
40.45
 10
-40.7
 20
40.410000000000004
 10
-40.68
 20
40.39
 10
-40.660000000000004
 20
40.29
 10
-40.64
 20
40.27
 10
-40.64
 20
40.23
 10
-40.62
 20
40.21
 10
-40.580000000000005
 20
40.050000000000004
 10
-40.56
 20
40.03
 10
-40.56
 20
39.99
 10
-40.52
 20
39.910000000000004
 10
-40.45
 20
39.839999999999996
 10
-40.37
 20
39.800000000000004
 10
-40.29
 20
39.800000000000004
 10
-40.27
 20
39.78
 10
-40.230000000000004
 20
39.78
 10
-40.2
 20
39.75
 10
-40.2
 20
39.71
 10
-40.18
 20
39.690000000000005
 10
-40.18
 20
38.93
 10
-40.160000000000004
 20
38.910000000000004
 10
-40.160000000000004
 20
38.830000000000005
 10
-40.14
 20
38.81
 10
-40.14
 20
38.77
 10
-40.12
 20
38.75
 10
-40.1
 20
38.65
 10
-40.080000000000005
 20
38.63
 10
-40.080000000000005
 20
38.589999999999996
 10
-40.06
 20
38.57
 10
-40.06
 20
38.53
 10
-40.04
 20
38.51
 10
-40.02
 20
38.410000000000004
 10
-39.980000000000004
 20
38.330000000000005
 10
-39.980000000000004
 20
38.29
 10
-39.96
 20
38.27
 10
-39.940000000000005
 20
38.17
 10
-39.92
 20
38.15
 10
-39.88
 20
37.99
 10
-39.84
 20
37.910000000000004
 10
-39.84
 20
37.87
 10
-39.82
 20
37.85
 10
-39.800000000000004
 20
37.75
 10
-39.78
 20
37.73
 10
-39.74
 20
37.57
 10
-39.720000000000006
 20
37.550000000000004
 10
-39.720000000000006
 20
37.51
 10
-39.7
 20
37.49
 10
-39.660000000000004
 20
37.330000000000005
 10
-39.64
 20
37.31
 10
-39.64
 20
37.27
 10
-39.6
 20
37.190000000000005
 10
-39.6
 20
37.13
 10
-39.56
 20
37.050000000000004
 10
-39.56
 20
37.01
 10
-39.54
 20
36.99
 10
-39.52
 20
36.89
 10
-39.5
 20
36.87
 10
-39.480000000000004
 20
36.77
 10
-39.440000000000005
 20
36.690000000000005
 10
-39.440000000000005
 20
36.65
 10
-39.42
 20
36.63
 10
-39.42
 20
36.589999999999996
 10
-39.4
 20
36.57
 10
-39.38
 20
36.470000000000006
 10
-39.34
 20
36.39
 10
-39.34
 20
36.35
 10
-39.300000000000004
 20
36.27
 10
-39.300000000000004
 20
36.23
 10
-39.28
 20
36.21
 10
-39.28
 20
36.17
 10
-39.26
 20
36.15
 10
-39.24
 20
36.050000000000004
 10
-39.220000000000006
 20
36.03
 10
-39.220000000000006
 20
35.99
 10
-39.2
 20
35.970000000000006
 10
-39.2
 20
35.93
 10
-39.18
 20
35.910000000000004
 10
-39.160000000000004
 20
35.81
 10
-39.14
 20
35.79
 10
-39.14
 20
35.75
 10
-39.12
 20
35.73
 10
-39.1
 20
35.63
 10
-39.080000000000005
 20
35.61000000000001
 10
-39.080000000000005
 20
35.57
 10
-39.06
 20
35.550000000000004
 10
-39.06
 20
35.51
 10
-39.04
 20
35.49
 10
-39.02
 20
35.39
 10
-39.0
 20
35.37
 10
-38.980000000000004
 20
35.27
 10
-38.940000000000005
 20
35.190000000000005
 10
-38.940000000000005
 20
35.15
 10
-38.92
 20
35.13
 10
-38.92
 20
35.089999999999996
 10
-38.9
 20
35.07
 10
-38.88
 20
34.970000000000006
 10
-38.84
 20
34.89
 10
-38.84
 20
34.85
 10
-38.800000000000004
 20
34.77
 10
-38.800000000000004
 20
34.73
 10
-38.76
 20
34.65
 10
-38.720000000000006
 20
34.49
 10
-38.7
 20
34.470000000000006
 10
-38.7
 20
34.43
 10
-38.68
 20
34.410000000000004
 10
-38.660000000000004
 20
34.31
 10
-38.64
 20
34.29
 10
-38.64
 20
34.25
 10
-38.62
 20
34.23
 10
-38.580000000000005
 20
34.07
 10
-38.56
 20
34.050000000000004
 10
-38.56
 20
34.01
 10
-38.54
 20
33.99
 10
-38.52
 20
33.89
 10
-38.5
 20
33.87
 10
-38.480000000000004
 20
33.77
 10
-38.440000000000005
 20
33.690000000000005
 10
-38.440000000000005
 20
33.65
 10
-38.42
 20
33.63
 10
-38.42
 20
33.589999999999996
 10
-38.4
 20
33.57
 10
-38.38
 20
33.470000000000006
 10
-38.34
 20
33.39
 10
-38.34
 20
33.35
 10
-38.32
 20
33.330000000000005
 10
-38.300000000000004
 20
33.23
 10
-38.28
 20
33.21
 10
-38.28
 20
33.17
 10
-38.26
 20
33.15
 10
-38.24
 20
33.050000000000004
 10
-38.220000000000006
 20
33.03
 10
-38.220000000000006
 20
32.99
 10
-38.2
 20
32.970000000000006
 10
-38.2
 20
32.93
 10
-38.18
 20
32.910000000000004
 10
-38.18
 20
32.85
 10
-38.14
 20
32.77
 10
-38.14
 20
32.73
 10
-38.12
 20
32.71
 10
-38.080000000000005
 20
32.550000000000004
 10
-38.06
 20
32.53
 10
-38.06
 20
32.49
 10
-38.04
 20
32.470000000000006
 10
-38.02
 20
32.37
 10
-38.0
 20
32.35
 10
-37.980000000000004
 20
32.25
 10
-37.96
 20
32.23
 10
-37.940000000000005
 20
32.13
 10
-37.92
 20
32.11000000000001
 10
-37.92
 20
32.07
 10
-37.9
 20
32.050000000000004
 10
-37.9
 20
32.01
 10
-37.86
 20
31.929999999999996
 10
-37.84
 20
31.83
 10
-37.82
 20
31.81
 10
-37.78
 20
31.65
 10
-37.76
 20
31.63
 10
-37.76
 20
31.589999999999996
 10
-37.720000000000006
 20
31.509999999999998
 10
-37.720000000000006
 20
31.47
 10
-37.7
 20
31.45
 10
-37.7
 20
31.409999999999997
 10
-37.68
 20
31.389999999999997
 10
-37.660000000000004
 20
31.29
 10
-37.64
 20
31.27
 10
-37.64
 20
31.229999999999997
 10
-37.62
 20
31.209999999999997
 10
-37.580000000000005
 20
31.049999999999997
 10
-37.56
 20
31.029999999999998
 10
-37.56
 20
30.99
 10
-37.52
 20
30.909999999999997
 10
-37.45
 20
30.839999999999996
 10
-37.37
 20
30.799999999999997
 10
-37.25
 20
30.779999999999998
 10
-37.220000000000006
 20
30.749999999999996
 10
-37.220000000000006
 20
30.709999999999997
 10
-37.2
 20
30.689999999999998
 10
-37.2
 20
29.929999999999996
 10
-37.18
 20
29.909999999999997
 10
-37.18
 20
29.83
 10
-37.14
 20
29.749999999999996
 10
-37.14
 20
29.709999999999997
 10
-37.12
 20
29.689999999999998
 10
-37.12
 20
29.65
 10
-37.1
 20
29.63
 10
-37.080000000000005
 20
29.529999999999998
 10
-37.06
 20
29.509999999999998
 10
-37.06
 20
29.47
 10
-37.04
 20
29.45
 10
-37.04
 20
29.409999999999997
 10
-37.0
 20
29.33
 10
-36.980000000000004
 20
29.229999999999997
 10
-36.96
 20
29.209999999999997
 10
-36.940000000000005
 20
29.11
 10
-36.92
 20
29.089999999999996
 10
-36.92
 20
29.049999999999997
 10
-36.9
 20
29.029999999999998
 10
-36.88
 20
28.929999999999996
 10
-36.86
 20
28.909999999999997
 10
-36.84
 20
28.81
 10
-36.800000000000004
 20
28.729999999999997
 10
-36.800000000000004
 20
28.689999999999998
 10
-36.78
 20
28.669999999999998
 10
-36.78
 20
28.63
 10
-36.76
 20
28.61
 10
-36.76
 20
28.569999999999997
 10
-36.720000000000006
 20
28.49
 10
-36.720000000000006
 20
28.45
 10
-36.7
 20
28.429999999999996
 10
-36.7
 20
28.389999999999997
 10
-36.68
 20
28.369999999999997
 10
-36.64
 20
28.209999999999997
 10
-36.62
 20
28.189999999999998
 10
-36.62
 20
28.13
 10
-36.6
 20
28.11
 10
-36.580000000000005
 20
28.009999999999998
 10
-36.56
 20
27.99
 10
-36.56
 20
27.95
 10
-36.54
 20
27.929999999999996
 10
-36.52
 20
27.829999999999995
 10
-36.5
 20
27.81
 10
-36.480000000000004
 20
27.709999999999997
 10
-36.46
 20
27.69
 10
-36.42
 20
27.529999999999998
 10
-36.4
 20
27.509999999999994
 10
-36.38
 20
27.41
 10
-36.36
 20
27.389999999999997
 10
-36.34
 20
27.289999999999996
 10
-36.32
 20
27.27
 10
-36.28
 20
27.109999999999996
 10
-36.26
 20
27.09
 10
-36.220000000000006
 20
26.929999999999996
 10
-36.2
 20
26.91
 10
-36.160000000000004
 20
26.749999999999996
 10
-36.14
 20
26.73
 10
-36.14
 20
26.69
 10
-36.12
 20
26.669999999999998
 10
-36.12
 20
26.63
 10
-36.080000000000005
 20
26.55
 10
-36.080000000000005
 20
26.509999999999994
 10
-36.06
 20
26.49
 10
-36.06
 20
26.45
 10
-36.04
 20
26.429999999999996
 10
-36.02
 20
26.329999999999995
 10
-36.0
 20
26.31
 10
-35.980000000000004
 20
26.209999999999997
 10
-35.96
 20
26.19
 10
-35.92
 20
26.029999999999998
 10
-35.9
 20
26.009999999999994
 10
-35.88
 20
25.91
 10
-35.86
 20
25.889999999999997
 10
-35.84
 20
25.789999999999996
 10
-35.82
 20
25.77
 10
-35.78
 20
25.609999999999996
 10
-35.76
 20
25.59
 10
-35.720000000000006
 20
25.429999999999996
 10
-35.7
 20
25.41
 10
-35.660000000000004
 20
25.249999999999996
 10
-35.64
 20
25.23
 10
-35.64
 20
25.189999999999994
 10
-35.62
 20
25.169999999999998
 10
-35.62
 20
25.13
 10
-35.580000000000005
 20
25.05
 10
-35.580000000000005
 20
25.009999999999994
 10
-35.56
 20
24.99
 10
-35.56
 20
24.95
 10
-35.54
 20
24.929999999999996
 10
-35.52
 20
24.829999999999995
 10
-35.5
 20
24.81
 10
-35.480000000000004
 20
24.709999999999997
 10
-35.46
 20
24.689999999999994
 10
-35.440000000000005
 20
24.59
 10
-35.42
 20
24.569999999999997
 10
-35.42
 20
24.529999999999998
 10
-35.4
 20
24.509999999999994
 10
-35.38
 20
24.41
 10
-35.36
 20
24.389999999999997
 10
-35.34
 20
24.289999999999996
 10
-35.32
 20
24.27
 10
-35.28
 20
24.109999999999996
 10
-35.26
 20
24.09
 10
-35.220000000000006
 20
23.929999999999996
 10
-35.2
 20
23.91
 10
-35.2
 20
23.849999999999998
 10
-35.18
 20
23.829999999999995
 10
-35.160000000000004
 20
23.73
 10
-35.14
 20
23.709999999999997
 10
-35.14
 20
23.669999999999998
 10
-35.12
 20
23.649999999999995
 10
-35.12
 20
23.609999999999996
 10
-35.080000000000005
 20
23.529999999999998
 10
-35.080000000000005
 20
23.49
 10
-35.06
 20
23.469999999999995
 10
-35.06
 20
23.429999999999996
 10
-35.04
 20
23.41
 10
-35.02
 20
23.31
 10
-34.980000000000004
 20
23.23
 10
-34.980000000000004
 20
23.189999999999994
 10
-34.96
 20
23.169999999999998
 10
-34.940000000000005
 20
23.069999999999997
 10
-34.92
 20
23.05
 10
-34.92
 20
23.009999999999994
 10
-34.9
 20
22.99
 10
-34.88
 20
22.889999999999997
 10
-34.86
 20
22.87
 10
-34.86
 20
22.829999999999995
 10
-34.82
 20
22.749999999999996
 10
-34.800000000000004
 20
22.649999999999995
 10
-34.78
 20
22.63
 10
-34.78
 20
22.59
 10
-34.76
 20
22.569999999999997
 10
-34.74
 20
22.469999999999995
 10
-34.720000000000006
 20
22.45
 10
-34.720000000000006
 20
22.41
 10
-34.7
 20
22.389999999999997
 10
-34.660000000000004
 20
22.23
 10
-34.62
 20
22.149999999999995
 10
-34.580000000000005
 20
21.99
 10
-34.54
 20
21.91
 10
-34.470000000000006
 20
21.84
 10
-34.39
 20
21.8
 10
-34.31
 20
21.8
 10
-34.29
 20
21.779999999999998
 10
-34.25
 20
21.779999999999998
 10
-34.220000000000006
 20
21.749999999999996
 10
-34.220000000000006
 20
21.709999999999997
 10
-34.2
 20
21.689999999999994
 10
-34.2
 20
20.929999999999996
 10
-34.18
 20
20.91
 10
-34.18
 20
20.829999999999995
 10
-34.14
 20
20.749999999999996
 10
-34.14
 20
20.689999999999994
 10
-34.12
 20
20.669999999999998
 10
-34.080000000000005
 20
20.509999999999994
 10
-34.06
 20
20.49
 10
-34.02
 20
20.329999999999995
 10
-33.98
 20
20.249999999999996
 10
-33.940000000000005
 20
20.09
 10
-33.92
 20
20.069999999999997
 10
-33.92
 20
20.029999999999998
 10
-33.9
 20
20.009999999999994
 10
-33.9
 20
19.969999999999995
 10
-33.86000000000001
 20
19.889999999999997
 10
-33.86000000000001
 20
19.849999999999998
 10
-33.84
 20
19.829999999999995
 10
-33.800000000000004
 20
19.669999999999998
 10
-33.78
 20
19.649999999999995
 10
-33.78
 20
19.609999999999996
 10
-33.76
 20
19.59
 10
-33.76
 20
19.529999999999998
 10
-33.720000000000006
 20
19.45
 10
-33.720000000000006
 20
19.41
 10
-33.7
 20
19.389999999999997
 10
-33.7
 20
19.349999999999998
 10
-33.68
 20
19.329999999999995
 10
-33.660000000000004
 20
19.23
 10
-33.64
 20
19.209999999999997
 10
-33.64
 20
19.169999999999998
 10
-33.62
 20
19.149999999999995
 10
-33.580000000000005
 20
18.99
 10
-33.56
 20
18.969999999999995
 10
-33.56
 20
18.929999999999996
 10
-33.54
 20
18.91
 10
-33.5
 20
18.749999999999996
 10
-33.48
 20
18.73
 10
-33.440000000000005
 20
18.569999999999997
 10
-33.42
 20
18.55
 10
-33.42
 20
18.509999999999994
 10
-33.4
 20
18.49
 10
-33.38
 20
18.389999999999997
 10
-33.36000000000001
 20
18.37
 10
-33.36000000000001
 20
18.329999999999995
 10
-33.34
 20
18.31
 10
-33.300000000000004
 20
18.149999999999995
 10
-33.28
 20
18.13
 10
-33.28
 20
18.09
 10
-33.26
 20
18.069999999999997
 10
-33.24
 20
17.969999999999995
 10
-33.220000000000006
 20
17.95
 10
-33.220000000000006
 20
17.91
 10
-33.18
 20
17.829999999999995
 10
-33.18
 20
16.81
 10
-33.2
 20
16.789999999999996
 10
-33.2
 20
16.749999999999996
 10
-33.23
 20
16.719999999999995
 10
-33.31
 20
16.7
 10
-33.330000000000005
 20
16.679999999999996
 10
-33.37
 20
16.679999999999996
 10
-33.39
 20
16.66
 10
-33.43
 20
16.66
 10
-33.45
 20
16.639999999999997
 10
-33.49
 20
16.639999999999997
 10
-33.51
 20
16.62
 10
-33.550000000000004
 20
16.62
 10
-33.57
 20
16.599999999999998
 10
-33.61000000000001
 20
16.599999999999998
 10
-33.63
 20
16.579999999999995
 10
-33.67
 20
16.579999999999995
 10
-33.690000000000005
 20
16.56
 10
-33.73
 20
16.56
 10
-33.75
 20
16.539999999999996
 10
-33.79
 20
16.539999999999996
 10
-33.81
 20
16.52
 10
-33.85
 20
16.52
 10
-33.87
 20
16.499999999999996
 10
-33.910000000000004
 20
16.499999999999996
 10
-33.93
 20
16.48
 10
-33.970000000000006
 20
16.48
 10
-33.99
 20
16.459999999999997
 10
-34.03
 20
16.459999999999997
 10
-34.15
 20
16.399999999999995
 10
-34.220000000000006
 20
16.329999999999995
 10
-34.26
 20
16.249999999999996
 10
-34.26
 20
16.209999999999997
 10
-34.28
 20
16.189999999999994
 10
-34.28
 20
16.149999999999995
 10
-34.31
 20
16.12
 10
-34.35
 20
16.12
 10
-34.37
 20
16.099999999999998
 10
-35.07
 20
16.099999999999998
 10
-35.09
 20
16.079999999999995
 10
-35.17
 20
16.079999999999995
 10
-35.25
 20
16.039999999999996
 10
-35.29
 20
16.039999999999996
 10
-35.37
 20
15.999999999999998
 10
-35.53
 20
15.959999999999999
 10
-35.550000000000004
 20
15.939999999999996
 10
-35.65
 20
15.92
 10
-35.67
 20
15.899999999999997
 10
-35.77
 20
15.88
 10
-35.79
 20
15.859999999999998
 10
-35.830000000000005
 20
15.859999999999998
 10
-35.910000000000004
 20
15.819999999999999
 10
-36.01
 20
15.800000000000002
 10
-36.03
 20
15.78
 10
-36.07
 20
15.78
 10
-36.09
 20
15.759999999999996
 10
-36.21
 20
15.74
 10
-36.230000000000004
 20
15.719999999999997
 10
-36.27
 20
15.719999999999997
 10
-36.29
 20
15.700000000000001
 10
-36.330000000000005
 20
15.700000000000001
 10
-36.35
 20
15.679999999999998
 10
-36.39
 20
15.679999999999998
 10
-36.410000000000004
 20
15.660000000000002
 10
-36.45
 20
15.660000000000002
 10
-36.470000000000006
 20
15.639999999999999
 10
-36.550000000000004
 20
15.620000000000003
 10
-37.550000000000004
 20
15.620000000000003
  0
HATCH
  5
D4
330
17
100
AcDbEntity
  8
BLINDING-RAFT-80-HATCH
 62
7
100
AcDbHatch
 10
0.0
 20
0.0
 30
0.0
210
0.0
220
0.0
230
1.0
  2
ANSI31
 70
0
 71
0
 91
1
 92
3
 72
0
 73
1
 93
991
 10
-37.57
 20
15.639999999999999
 10
-37.61
 20
15.639999999999999
 10
-37.660000000000004
 20
15.709999999999999
 10
-37.68
 20
15.81
 10
-37.7
 20
15.829999999999997
 10
-37.7
 20
15.870000000000003
 10
-37.720000000000006
 20
15.889999999999999
 10
-37.74
 20
15.99
 10
-37.76
 20
16.009999999999994
 10
-37.76
 20
16.05
 10
-37.78
 20
16.069999999999997
 10
-37.78
 20
16.109999999999996
 10
-37.800000000000004
 20
16.13
 10
-37.82
 20
16.23
 10
-37.84
 20
16.249999999999996
 10
-37.86
 20
16.349999999999998
 10
-37.9
 20
16.429999999999996
 10
-37.9
 20
16.469999999999995
 10
-37.92
 20
16.49
 10
-37.96
 20
16.649999999999995
 10
-37.980000000000004
 20
16.669999999999998
 10
-38.0
 20
16.77
 10
-38.02
 20
16.789999999999996
 10
-38.06
 20
16.95
 10
-38.080000000000005
 20
16.969999999999995
 10
-38.12
 20
17.13
 10
-38.14
 20
17.149999999999995
 10
-38.18
 20
17.31
 10
-38.2
 20
17.329999999999995
 10
-38.2
 20
17.37
 10
-38.220000000000006
 20
17.389999999999997
 10
-38.24
 20
17.49
 10
-38.26
 20
17.509999999999994
 10
-38.26
 20
17.55
 10
-38.28
 20
17.569999999999997
 10
-38.32
 20
17.73
 10
-38.34
 20
17.749999999999996
 10
-38.36
 20
17.849999999999998
 10
-38.38
 20
17.87
 10
-38.4
 20
17.969999999999995
 10
-38.42
 20
17.99
 10
-38.42
 20
18.029999999999998
 10
-38.440000000000005
 20
18.05
 10
-38.46
 20
18.149999999999995
 10
-38.5
 20
18.23
 10
-38.5
 20
18.27
 10
-38.52
 20
18.289999999999996
 10
-38.54
 20
18.389999999999997
 10
-38.56
 20
18.41
 10
-38.56
 20
18.45
 10
-38.6
 20
18.529999999999998
 10
-38.6
 20
18.59
 10
-38.64
 20
18.669999999999998
 10
-38.64
 20
18.709999999999997
 10
-38.660000000000004
 20
18.73
 10
-38.7
 20
18.889999999999997
 10
-38.720000000000006
 20
18.91
 10
-38.76
 20
19.069999999999997
 10
-38.800000000000004
 20
19.149999999999995
 10
-38.82
 20
19.249999999999996
 10
-38.86
 20
19.329999999999995
 10
-38.86
 20
19.37
 10
-38.88
 20
19.389999999999997
 10
-38.9
 20
19.49
 10
-38.92
 20
19.509999999999994
 10
-38.92
 20
19.55
 10
-38.96
 20
19.63
 10
-38.96
 20
19.669999999999998
 10
-38.980000000000004
 20
19.689999999999994
 10
-38.980000000000004
 20
19.73
 10
-39.02
 20
19.81
 10
-39.04
 20
19.91
 10
-39.06
 20
19.929999999999996
 10
-39.06
 20
19.969999999999995
 10
-39.080000000000005
 20
19.99
 10
-39.12
 20
20.149999999999995
 10
-39.14
 20
20.169999999999998
 10
-39.18
 20
20.329999999999995
 10
-39.2
 20
20.349999999999998
 10
-39.2
 20
20.389999999999997
 10
-39.220000000000006
 20
20.41
 10
-39.26
 20
20.569999999999997
 10
-39.28
 20
20.59
 10
-39.28
 20
20.63
 10
-39.300000000000004
 20
20.649999999999995
 10
-39.300000000000004
 20
20.689999999999994
 10
-39.34
 20
20.77
 10
-39.36
 20
20.87
 10
-39.38
 20
20.889999999999997
 10
-39.4
 20
20.99
 10
-39.42
 20
21.009999999999994
 10
-39.42
 20
21.05
 10
-39.440000000000005
 20
21.069999999999997
 10
-39.46
 20
21.169999999999998
 10
-39.480000000000004
 20
21.189999999999994
 10
-39.480000000000004
 20
21.23
 10
-39.52
 20
21.31
 10
-39.54
 20
21.41
 10
-39.56
 20
21.429999999999996
 10
-39.56
 20
21.469999999999995
 10
-39.580000000000005
 20
21.49
 10
-39.62
 20
21.649999999999995
 10
-39.64
 20
21.669999999999998
 10
-39.68
 20
21.829999999999995
 10
-39.7
 20
21.849999999999998
 10
-39.7
 20
21.889999999999997
 10
-39.720000000000006
 20
21.91
 10
-39.76
 20
22.069999999999997
 10
-39.78
 20
22.09
 10
-39.78
 20
22.13
 10
-39.800000000000004
 20
22.149999999999995
 10
-39.82
 20
22.249999999999996
 10
-39.86
 20
22.329999999999995
 10
-39.86
 20
22.37
 10
-39.88
 20
22.389999999999997
 10
-39.9
 20
22.49
 10
-39.92
 20
22.509999999999994
 10
-39.92
 20
22.55
 10
-39.940000000000005
 20
22.569999999999997
 10
-39.96
 20
22.669999999999998
 10
-39.980000000000004
 20
22.689999999999994
 10
-39.980000000000004
 20
22.73
 10
-40.02
 20
22.81
 10
-40.04
 20
22.91
 10
-40.06
 20
22.929999999999996
 10
-40.06
 20
22.969999999999995
 10
-40.080000000000005
 20
22.99
 10
-40.12
 20
23.149999999999995
 10
-40.14
 20
23.169999999999998
 10
-40.18
 20
23.329999999999995
 10
-40.2
 20
23.349999999999998
 10
-40.2
 20
23.389999999999997
 10
-40.220000000000006
 20
23.41
 10
-40.26
 20
23.569999999999997
 10
-40.28
 20
23.59
 10
-40.28
 20
23.63
 10
-40.300000000000004
 20
23.649999999999995
 10
-40.32
 20
23.749999999999996
 10
-40.36
 20
23.829999999999995
 10
-40.36
 20
23.87
 10
-40.38
 20
23.889999999999997
 10
-40.4
 20
23.99
 10
-40.42
 20
24.009999999999994
 10
-40.42
 20
24.05
 10
-40.440000000000005
 20
24.069999999999997
 10
-40.46
 20
24.169999999999998
 10
-40.480000000000004
 20
24.189999999999994
 10
-40.480000000000004
 20
24.23
 10
-40.52
 20
24.31
 10
-40.54
 20
24.41
 10
-40.56
 20
24.429999999999996
 10
-40.56
 20
24.469999999999995
 10
-40.580000000000005
 20
24.49
 10
-40.62
 20
24.649999999999995
 10
-40.64
 20
24.669999999999998
 10
-40.64
 20
24.709999999999997
 10
-40.660000000000004
 20
24.73
 10
-40.68
 20
24.829999999999995
 10
-40.7
 20
24.849999999999998
 10
-40.7
 20
24.889999999999997
 10
-40.720000000000006
 20
24.91
 10
-40.720000000000006
 20
24.95
 10
-40.76
 20
25.029999999999998
 10
-40.76
 20
25.069999999999997
 10
-40.78
 20
25.09
 10
-40.78
 20
25.149999999999995
 10
-40.800000000000004
 20
25.169999999999998
 10
-40.82
 20
25.27
 10
-40.84
 20
25.289999999999996
 10
-40.86
 20
25.389999999999997
 10
-40.9
 20
25.469999999999995
 10
-40.9
 20
25.509999999999994
 10
-40.92
 20
25.529999999999998
 10
-40.96
 20
25.689999999999994
 10
-40.980000000000004
 20
25.709999999999997
 10
-41.0
 20
25.81
 10
-41.02
 20
25.829999999999995
 10
-41.06
 20
25.99
 10
-41.080000000000005
 20
26.009999999999994
 10
-41.080000000000005
 20
26.05
 10
-41.1
 20
26.069999999999997
 10
-41.12
 20
26.169999999999998
 10
-41.14
 20
26.19
 10
-41.14
 20
26.23
 10
-41.160000000000004
 20
26.249999999999996
 10
-41.2
 20
26.41
 10
-41.220000000000006
 20
26.429999999999996
 10
-41.220000000000006
 20
26.469999999999995
 10
-41.24
 20
26.49
 10
-41.26
 20
26.59
 10
-41.28
 20
26.609999999999996
 10
-41.28
 20
26.649999999999995
 10
-41.300000000000004
 20
26.669999999999998
 10
-41.32
 20
26.77
 10
-41.34
 20
26.789999999999996
 10
-41.36
 20
26.889999999999997
 10
-41.38
 20
26.91
 10
-41.4
 20
27.009999999999994
 10
-41.42
 20
27.029999999999998
 10
-41.42
 20
27.069999999999997
 10
-41.440000000000005
 20
27.09
 10
-41.46
 20
27.19
 10
-41.480000000000004
 20
27.209999999999997
 10
-41.5
 20
27.31
 10
-41.52
 20
27.329999999999995
 10
-41.56
 20
27.49
 10
-41.580000000000005
 20
27.509999999999994
 10
-41.580000000000005
 20
27.55
 10
-41.6
 20
27.569999999999997
 10
-41.62
 20
27.669999999999998
 10
-41.64
 20
27.69
 10
-41.64
 20
27.73
 10
-41.660000000000004
 20
27.749999999999996
 10
-41.7
 20
27.91
 10
-41.720000000000006
 20
27.929999999999996
 10
-41.76
 20
28.089999999999996
 10
-41.78
 20
28.11
 10
-41.78
 20
28.15
 10
-41.800000000000004
 20
28.169999999999998
 10
-41.82
 20
28.269999999999996
 10
-41.84
 20
28.29
 10
-41.86
 20
28.389999999999997
 10
-41.9
 20
28.47
 10
-41.9
 20
28.509999999999998
 10
-41.92
 20
28.529999999999998
 10
-41.96
 20
28.689999999999998
 10
-42.0
 20
28.769999999999996
 10
-42.0
 20
28.81
 10
-42.02
 20
28.83
 10
-42.04
 20
28.929999999999996
 10
-42.06
 20
28.95
 10
-42.1
 20
29.11
 10
-42.120000000000005
 20
29.13
 10
-42.14
 20
29.229999999999997
 10
-42.160000000000004
 20
29.249999999999996
 10
-42.18
 20
29.349999999999998
 10
-42.22
 20
29.429999999999996
 10
-42.22
 20
29.47
 10
-42.24
 20
29.49
 10
-42.26
 20
29.589999999999996
 10
-42.28
 20
29.61
 10
-42.32
 20
29.77
 10
-42.34
 20
29.79
 10
-42.36
 20
29.889999999999997
 10
-42.4
 20
29.97
 10
-42.4
 20
30.009999999999998
 10
-42.42
 20
30.029999999999998
 10
-42.46
 20
30.189999999999998
 10
-42.5
 20
30.27
 10
-42.5
 20
30.31
 10
-42.52
 20
30.33
 10
-42.54
 20
30.429999999999996
 10
-42.56
 20
30.45
 10
-42.6
 20
30.61
 10
-42.620000000000005
 20
30.63
 10
-42.64
 20
30.729999999999997
 10
-42.660000000000004
 20
30.749999999999996
 10
-42.68
 20
30.849999999999998
 10
-42.72
 20
30.929999999999996
 10
-42.72
 20
30.97
 10
-42.74
 20
30.99
 10
-42.76
 20
31.089999999999996
 10
-42.78
 20
31.11
 10
-42.82
 20
31.27
 10
-42.84
 20
31.29
 10
-42.86
 20
31.389999999999997
 10
-42.9
 20
31.47
 10
-42.9
 20
31.509999999999998
 10
-42.92
 20
31.529999999999998
 10
-42.92
 20
31.569999999999997
 10
-42.96
 20
31.65
 10
-42.96
 20
31.709999999999997
 10
-42.980000000000004
 20
31.729999999999997
 10
-43.0
 20
31.83
 10
-43.04
 20
31.909999999999997
 10
-43.04
 20
31.95
 10
-43.06
 20
31.97
 10
-43.1
 20
32.13
 10
-43.120000000000005
 20
32.15
 10
-43.14
 20
32.25
 10
-43.160000000000004
 20
32.27
 10
-43.18
 20
32.37
 10
-43.22
 20
32.45
 10
-43.22
 20
32.49
 10
-43.26
 20
32.57
 10
-43.26
 20
32.61000000000001
 10
-43.28
 20
32.63
 10
-43.28
 20
32.67
 10
-43.300000000000004
 20
32.690000000000005
 10
-43.32
 20
32.79
 10
-43.36
 20
32.87
 10
-43.36
 20
32.910000000000004
 10
-43.38
 20
32.93
 10
-43.4
 20
33.03
 10
-43.42
 20
33.050000000000004
 10
-43.46
 20
33.21
 10
-43.5
 20
33.29
 10
-43.5
 20
33.330000000000005
 10
-43.52
 20
33.35
 10
-43.54
 20
33.45
 10
-43.56
 20
33.470000000000006
 10
-43.6
 20
33.63
 10
-43.620000000000005
 20
33.65
 10
-43.64
 20
33.75
 10
-43.660000000000004
 20
33.77
 10
-43.68
 20
33.87
 10
-43.72
 20
33.95
 10
-43.72
 20
33.99
 10
-43.76
 20
34.07
 10
-43.76
 20
34.11000000000001
 10
-43.78
 20
34.13
 10
-43.78
 20
34.17
 10
-43.800000000000004
 20
34.190000000000005
 10
-43.82
 20
34.29
 10
-43.86
 20
34.37
 10
-43.86
 20
34.410000000000004
 10
-43.88
 20
34.43
 10
-43.9
 20
34.53
 10
-43.92
 20
34.550000000000004
 10
-43.96
 20
34.71
 10
-44.0
 20
34.79
 10
-44.0
 20
34.830000000000005
 10
-44.02
 20
34.85
 10
-44.04
 20
34.95
 10
-44.06
 20
34.970000000000006
 10
-44.1
 20
35.13
 10
-44.120000000000005
 20
35.15
 10
-44.14
 20
35.25
 10
-44.160000000000004
 20
35.27
 10
-44.18
 20
35.37
 10
-44.22
 20
35.45
 10
-44.22
 20
35.49
 10
-44.26
 20
35.57
 10
-44.26
 20
35.61000000000001
 10
-44.28
 20
35.63
 10
-44.28
 20
35.67
 10
-44.300000000000004
 20
35.690000000000005
 10
-44.32
 20
35.79
 10
-44.36
 20
35.87
 10
-44.36
 20
35.910000000000004
 10
-44.38
 20
35.93
 10
-44.4
 20
36.03
 10
-44.42
 20
36.050000000000004
 10
-44.46
 20
36.21
 10
-44.5
 20
36.29
 10
-44.5
 20
36.330000000000005
 10
-44.52
 20
36.35
 10
-44.54
 20
36.45
 10
-44.56
 20
36.470000000000006
 10
-44.6
 20
36.63
 10
-44.620000000000005
 20
36.65
 10
-44.64
 20
36.75
 10
-44.660000000000004
 20
36.77
 10
-44.68
 20
36.87
 10
-44.72
 20
36.95
 10
-44.72
 20
36.99
 10
-44.76
 20
37.07
 10
-44.76
 20
37.11000000000001
 10
-44.78
 20
37.13
 10
-44.78
 20
37.17
 10
-44.800000000000004
 20
37.190000000000005
 10
-44.82
 20
37.29
 10
-44.86
 20
37.37
 10
-44.86
 20
37.410000000000004
 10
-44.9
 20
37.49
 10
-44.9
 20
37.53
 10
-44.92
 20
37.550000000000004
 10
-44.96
 20
37.71
 10
-45.0
 20
37.79
 10
-45.0
 20
37.830000000000005
 10
-45.04
 20
37.910000000000004
 10
-45.04
 20
37.95
 10
-45.06
 20
37.970000000000006
 10
-45.1
 20
38.13
 10
-45.14
 20
38.21
 10
-45.14
 20
38.27
 10
-45.160000000000004
 20
38.29
 10
-45.160000000000004
 20
38.330000000000005
 10
-45.2
 20
38.410000000000004
 10
-45.22
 20
38.51
 10
-45.24
 20
38.53
 10
-45.26
 20
38.63
 10
-45.28
 20
38.65
 10
-45.28
 20
38.690000000000005
 10
-45.300000000000004
 20
38.71
 10
-45.32
 20
38.81
 10
-45.34
 20
38.830000000000005
 10
-45.36
 20
38.93
 10
-45.4
 20
39.01
 10
-45.4
 20
39.050000000000004
 10
-45.42
 20
39.07
 10
-45.42
 20
39.11000000000001
 10
-45.440000000000005
 20
39.13
 10
-45.46
 20
39.23
 10
-45.5
 20
39.31
 10
-45.5
 20
39.35
 10
-45.54
 20
39.43
 10
-45.54
 20
39.470000000000006
 10
-45.56
 20
39.49
 10
-45.56
 20
39.53
 10
-45.580000000000005
 20
39.550000000000004
 10
-45.6
 20
39.65
 10
-45.64
 20
39.73
 10
-45.64
 20
39.77
 10
-45.660000000000004
 20
39.79
 10
-45.68
 20
39.89
 10
-45.7
 20
39.910000000000004
 10
-45.72
 20
40.01
 10
-45.76
 20
40.089999999999996
 10
-45.76
 20
40.13
 10
-45.78
 20
40.15
 10
-45.78
 20
40.190000000000005
 10
-45.800000000000004
 20
40.21
 10
-45.82
 20
40.31
 10
-45.84
 20
40.330000000000005
 10
-45.86
 20
40.43
 10
-45.9
 20
40.51
 10
-45.9
 20
41.53
 10
-45.88
 20
41.550000000000004
 10
-45.88
 20
41.589999999999996
 10
-45.85
 20
41.62
 10
-45.77
 20
41.64
 10
-45.75
 20
41.660000000000004
 10
-45.71
 20
41.660000000000004
 10
-45.690000000000005
 20
41.68
 10
-45.65
 20
41.68
 10
-45.63
 20
41.7
 10
-45.59
 20
41.7
 10
-45.57
 20
41.720000000000006
 10
-45.53
 20
41.720000000000006
 10
-45.51
 20
41.74
 10
-45.47
 20
41.74
 10
-45.45
 20
41.76
 10
-45.410000000000004
 20
41.76
 10
-45.39
 20
41.78
 10
-45.35
 20
41.78
 10
-45.330000000000005
 20
41.800000000000004
 10
-45.29
 20
41.800000000000004
 10
-45.27
 20
41.82
 10
-45.230000000000004
 20
41.82
 10
-45.21
 20
41.839999999999996
 10
-45.17
 20
41.839999999999996
 10
-45.15
 20
41.86000000000001
 10
-45.11
 20
41.86000000000001
 10
-45.09
 20
41.88
 10
-45.050000000000004
 20
41.88
 10
-44.93
 20
41.940000000000005
 10
-44.77
 20
41.98
 10
-44.75
 20
42.0
 10
-44.71
 20
42.0
 10
-44.690000000000005
 20
42.02
 10
-44.59
 20
42.04
 10
-44.57
 20
42.06
 10
-44.53
 20
42.06
 10
-44.51
 20
42.080000000000005
 10
-44.47
 20
42.080000000000005
 10
-44.39
 20
42.12
 10
-44.35
 20
42.12
 10
-44.330000000000005
 20
42.14
 10
-44.29
 20
42.14
 10
-44.27
 20
42.160000000000004
 10
-44.17
 20
42.18
 10
-44.15
 20
42.2
 10
-44.11
 20
42.2
 10
-44.09
 20
42.220000000000006
 10
-43.93
 20
42.26
 10
-43.85
 20
42.300000000000004
 10
-43.690000000000005
 20
42.339999999999996
 10
-43.67
 20
42.36000000000001
 10
-43.51
 20
42.4
 10
-43.49
 20
42.42
 10
-43.45
 20
42.42
 10
-43.43
 20
42.440000000000005
 10
-43.39
 20
42.440000000000005
 10
-43.31
 20
42.48
 10
-43.27
 20
42.48
 10
-43.190000000000005
 20
42.52
 10
-43.15
 20
42.52
 10
-43.07
 20
42.56
 10
-43.03
 20
42.56
 10
-43.01
 20
42.580000000000005
 10
-42.85
 20
42.62
 10
-42.830000000000005
 20
42.64
 10
-42.79
 20
42.64
 10
-42.77
 20
42.660000000000004
 10
-42.730000000000004
 20
42.660000000000004
 10
-42.67
 20
42.7
 10
-42.63
 20
42.7
 10
-42.550000000000004
 20
42.74
 10
-41.53
 20
42.74
 10
-41.51
 20
42.720000000000006
 10
-41.470000000000006
 20
42.720000000000006
 10
-41.440000000000005
 20
42.690000000000005
 10
-41.42
 20
42.61000000000001
 10
-41.4
 20
42.589999999999996
 10
-41.4
 20
42.550000000000004
 10
-41.38
 20
42.53
 10
-41.38
 20
42.49
 10
-41.36
 20
42.470000000000006
 10
-41.36
 20
42.43
 10
-41.34
 20
42.410000000000004
 10
-41.34
 20
42.37
 10
-41.32
 20
42.35
 10
-41.32
 20
42.31
 10
-41.300000000000004
 20
42.29
 10
-41.300000000000004
 20
42.23
 10
-41.28
 20
42.21
 10
-41.28
 20
42.17
 10
-41.26
 20
42.15
 10
-41.24
 20
42.050000000000004
 10
-41.220000000000006
 20
42.03
 10
-41.220000000000006
 20
41.99
 10
-41.2
 20
41.970000000000006
 10
-41.2
 20
41.93
 10
-41.18
 20
41.910000000000004
 10
-41.160000000000004
 20
41.81
 10
-41.14
 20
41.79
 10
-41.14
 20
41.75
 10
-41.12
 20
41.73
 10
-41.1
 20
41.63
 10
-41.080000000000005
 20
41.61000000000001
 10
-41.080000000000005
 20
41.57
 10
-41.06
 20
41.550000000000004
 10
-41.06
 20
41.51
 10
-41.04
 20
41.49
 10
-41.02
 20
41.39
 10
-41.0
 20
41.37
 10
-40.980000000000004
 20
41.27
 10
-40.940000000000005
 20
41.190000000000005
 10
-40.940000000000005
 20
41.15
 10
-40.92
 20
41.13
 10
-40.92
 20
41.089999999999996
 10
-40.9
 20
41.07
 10
-40.88
 20
40.970000000000006
 10
-40.84
 20
40.89
 10
-40.84
 20
40.85
 10
-40.800000000000004
 20
40.77
 10
-40.800000000000004
 20
40.73
 10
-40.76
 20
40.65
 10
-40.76
 20
40.589999999999996
 10
-40.74
 20
40.57
 10
-40.720000000000006
 20
40.470000000000006
 10
-40.7
 20
40.45
 10
-40.7
 20
40.410000000000004
 10
-40.68
 20
40.39
 10
-40.660000000000004
 20
40.29
 10
-40.64
 20
40.27
 10
-40.64
 20
40.23
 10
-40.62
 20
40.21
 10
-40.580000000000005
 20
40.050000000000004
 10
-40.56
 20
40.03
 10
-40.56
 20
39.99
 10
-40.52
 20
39.910000000000004
 10
-40.45
 20
39.839999999999996
 10
-40.37
 20
39.800000000000004
 10
-40.29
 20
39.800000000000004
 10
-40.27
 20
39.78
 10
-40.230000000000004
 20
39.78
 10
-40.2
 20
39.75
 10
-40.2
 20
39.71
 10
-40.18
 20
39.690000000000005
 10
-40.18
 20
38.93
 10
-40.160000000000004
 20
38.910000000000004
 10
-40.160000000000004
 20
38.830000000000005
 10
-40.14
 20
38.81
 10
-40.14
 20
38.77
 10
-40.12
 20
38.75
 10
-40.1
 20
38.65
 10
-40.080000000000005
 20
38.63
 10
-40.080000000000005
 20
38.589999999999996
 10
-40.06
 20
38.57
 10
-40.06
 20
38.53
 10
-40.04
 20
38.51
 10
-40.02
 20
38.410000000000004
 10
-39.980000000000004
 20
38.330000000000005
 10
-39.980000000000004
 20
38.29
 10
-39.96
 20
38.27
 10
-39.940000000000005
 20
38.17
 10
-39.92
 20
38.15
 10
-39.88
 20
37.99
 10
-39.84
 20
37.910000000000004
 10
-39.84
 20
37.87
 10
-39.82
 20
37.85
 10
-39.800000000000004
 20
37.75
 10
-39.78
 20
37.73
 10
-39.74
 20
37.57
 10
-39.720000000000006
 20
37.550000000000004
 10
-39.720000000000006
 20
37.51
 10
-39.7
 20
37.49
 10
-39.660000000000004
 20
37.330000000000005
 10
-39.64
 20
37.31
 10
-39.64
 20
37.27
 10
-39.6
 20
37.190000000000005
 10
-39.6
 20
37.13
 10
-39.56
 20
37.050000000000004
 10
-39.56
 20
37.01
 10
-39.54
 20
36.99
 10
-39.52
 20
36.89
 10
-39.5
 20
36.87
 10
-39.480000000000004
 20
36.77
 10
-39.440000000000005
 20
36.690000000000005
 10
-39.440000000000005
 20
36.65
 10
-39.42
 20
36.63
 10
-39.42
 20
36.589999999999996
 10
-39.4
 20
36.57
 10
-39.38
 20
36.470000000000006
 10
-39.34
 20
36.39
 10
-39.34
 20
36.35
 10
-39.300000000000004
 20
36.27
 10
-39.300000000000004
 20
36.23
 10
-39.28
 20
36.21
 10
-39.28
 20
36.17
 10
-39.26
 20
36.15
 10
-39.24
 20
36.050000000000004
 10
-39.220000000000006
 20
36.03
 10
-39.220000000000006
 20
35.99
 10
-39.2
 20
35.970000000000006
 10
-39.2
 20
35.93
 10
-39.18
 20
35.910000000000004
 10
-39.160000000000004
 20
35.81
 10
-39.14
 20
35.79
 10
-39.14
 20
35.75
 10
-39.12
 20
35.73
 10
-39.1
 20
35.63
 10
-39.080000000000005
 20
35.61000000000001
 10
-39.080000000000005
 20
35.57
 10
-39.06
 20
35.550000000000004
 10
-39.06
 20
35.51
 10
-39.04
 20
35.49
 10
-39.02
 20
35.39
 10
-39.0
 20
35.37
 10
-38.980000000000004
 20
35.27
 10
-38.940000000000005
 20
35.190000000000005
 10
-38.940000000000005
 20
35.15
 10
-38.92
 20
35.13
 10
-38.92
 20
35.089999999999996
 10
-38.9
 20
35.07
 10
-38.88
 20
34.970000000000006
 10
-38.84
 20
34.89
 10
-38.84
 20
34.85
 10
-38.800000000000004
 20
34.77
 10
-38.800000000000004
 20
34.73
 10
-38.76
 20
34.65
 10
-38.720000000000006
 20
34.49
 10
-38.7
 20
34.470000000000006
 10
-38.7
 20
34.43
 10
-38.68
 20
34.410000000000004
 10
-38.660000000000004
 20
34.31
 10
-38.64
 20
34.29
 10
-38.64
 20
34.25
 10
-38.62
 20
34.23
 10
-38.580000000000005
 20
34.07
 10
-38.56
 20
34.050000000000004
 10
-38.56
 20
34.01
 10
-38.54
 20
33.99
 10
-38.52
 20
33.89
 10
-38.5
 20
33.87
 10
-38.480000000000004
 20
33.77
 10
-38.440000000000005
 20
33.690000000000005
 10
-38.440000000000005
 20
33.65
 10
-38.42
 20
33.63
 10
-38.42
 20
33.589999999999996
 10
-38.4
 20
33.57
 10
-38.38
 20
33.470000000000006
 10
-38.34
 20
33.39
 10
-38.34
 20
33.35
 10
-38.32
 20
33.330000000000005
 10
-38.300000000000004
 20
33.23
 10
-38.28
 20
33.21
 10
-38.28
 20
33.17
 10
-38.26
 20
33.15
 10
-38.24
 20
33.050000000000004
 10
-38.220000000000006
 20
33.03
 10
-38.220000000000006
 20
32.99
 10
-38.2
 20
32.970000000000006
 10
-38.2
 20
32.93
 10
-38.18
 20
32.910000000000004
 10
-38.18
 20
32.85
 10
-38.14
 20
32.77
 10
-38.14
 20
32.73
 10
-38.12
 20
32.71
 10
-38.080000000000005
 20
32.550000000000004
 10
-38.06
 20
32.53
 10
-38.06
 20
32.49
 10
-38.04
 20
32.470000000000006
 10
-38.02
 20
32.37
 10
-38.0
 20
32.35
 10
-37.980000000000004
 20
32.25
 10
-37.96
 20
32.23
 10
-37.940000000000005
 20
32.13
 10
-37.92
 20
32.11000000000001
 10
-37.92
 20
32.07
 10
-37.9
 20
32.050000000000004
 10
-37.9
 20
32.01
 10
-37.86
 20
31.929999999999996
 10
-37.84
 20
31.83
 10
-37.82
 20
31.81
 10
-37.78
 20
31.65
 10
-37.76
 20
31.63
 10
-37.76
 20
31.589999999999996
 10
-37.720000000000006
 20
31.509999999999998
 10
-37.720000000000006
 20
31.47
 10
-37.7
 20
31.45
 10
-37.7
 20
31.409999999999997
 10
-37.68
 20
31.389999999999997
 10
-37.660000000000004
 20
31.29
 10
-37.64
 20
31.27
 10
-37.64
 20
31.229999999999997
 10
-37.62
 20
31.209999999999997
 10
-37.580000000000005
 20
31.049999999999997
 10
-37.56
 20
31.029999999999998
 10
-37.56
 20
30.99
 10
-37.52
 20
30.909999999999997
 10
-37.45
 20
30.839999999999996
 10
-37.37
 20
30.799999999999997
 10
-37.25
 20
30.779999999999998
 10
-37.220000000000006
 20
30.749999999999996
 10
-37.220000000000006
 20
30.709999999999997
 10
-37.2
 20
30.689999999999998
 10
-37.2
 20
29.929999999999996
 10
-37.18
 20
29.909999999999997
 10
-37.18
 20
29.83
 10
-37.14
 20
29.749999999999996
 10
-37.14
 20
29.709999999999997
 10
-37.12
 20
29.689999999999998
 10
-37.12
 20
29.65
 10
-37.1
 20
29.63
 10
-37.080000000000005
 20
29.529999999999998
 10
-37.06
 20
29.509999999999998
 10
-37.06
 20
29.47
 10
-37.04
 20
29.45
 10
-37.04
 20
29.409999999999997
 10
-37.0
 20
29.33
 10
-36.980000000000004
 20
29.229999999999997
 10
-36.96
 20
29.209999999999997
 10
-36.940000000000005
 20
29.11
 10
-36.92
 20
29.089999999999996
 10
-36.92
 20
29.049999999999997
 10
-36.9
 20
29.029999999999998
 10
-36.88
 20
28.929999999999996
 10
-36.86
 20
28.909999999999997
 10
-36.84
 20
28.81
 10
-36.800000000000004
 20
28.729999999999997
 10
-36.800000000000004
 20
28.689999999999998
 10
-36.78
 20
28.669999999999998
 10
-36.78
 20
28.63
 10
-36.76
 20
28.61
 10
-36.76
 20
28.569999999999997
 10
-36.720000000000006
 20
28.49
 10
-36.720000000000006
 20
28.45
 10
-36.7
 20
28.429999999999996
 10
-36.7
 20
28.389999999999997
 10
-36.68
 20
28.369999999999997
 10
-36.64
 20
28.209999999999997
 10
-36.62
 20
28.189999999999998
 10
-36.62
 20
28.13
 10
-36.6
 20
28.11
 10
-36.580000000000005
 20
28.009999999999998
 10
-36.56
 20
27.99
 10
-36.56
 20
27.95
 10
-36.54
 20
27.929999999999996
 10
-36.52
 20
27.829999999999995
 10
-36.5
 20
27.81
 10
-36.480000000000004
 20
27.709999999999997
 10
-36.46
 20
27.69
 10
-36.42
 20
27.529999999999998
 10
-36.4
 20
27.509999999999994
 10
-36.38
 20
27.41
 10
-36.36
 20
27.389999999999997
 10
-36.34
 20
27.289999999999996
 10
-36.32
 20
27.27
 10
-36.28
 20
27.109999999999996
 10
-36.26
 20
27.09
 10
-36.220000000000006
 20
26.929999999999996
 10
-36.2
 20
26.91
 10
-36.160000000000004
 20
26.749999999999996
 10
-36.14
 20
26.73
 10
-36.14
 20
26.69
 10
-36.12
 20
26.669999999999998
 10
-36.12
 20
26.63
 10
-36.080000000000005
 20
26.55
 10
-36.080000000000005
 20
26.509999999999994
 10
-36.06
 20
26.49
 10
-36.06
 20
26.45
 10
-36.04
 20
26.429999999999996
 10
-36.02
 20
26.329999999999995
 10
-36.0
 20
26.31
 10
-35.980000000000004
 20
26.209999999999997
 10
-35.96
 20
26.19
 10
-35.92
 20
26.029999999999998
 10
-35.9
 20
26.009999999999994
 10
-35.88
 20
25.91
 10
-35.86
 20
25.889999999999997
 10
-35.84
 20
25.789999999999996
 10
-35.82
 20
25.77
 10
-35.78
 20
25.609999999999996
 10
-35.76
 20
25.59
 10
-35.720000000000006
 20
25.429999999999996
 10
-35.7
 20
25.41
 10
-35.660000000000004
 20
25.249999999999996
 10
-35.64
 20
25.23
 10
-35.64
 20
25.189999999999994
 10
-35.62
 20
25.169999999999998
 10
-35.62
 20
25.13
 10
-35.580000000000005
 20
25.05
 10
-35.580000000000005
 20
25.009999999999994
 10
-35.56
 20
24.99
 10
-35.56
 20
24.95
 10
-35.54
 20
24.929999999999996
 10
-35.52
 20
24.829999999999995
 10
-35.5
 20
24.81
 10
-35.480000000000004
 20
24.709999999999997
 10
-35.46
 20
24.689999999999994
 10
-35.440000000000005
 20
24.59
 10
-35.42
 20
24.569999999999997
 10
-35.42
 20
24.529999999999998
 10
-35.4
 20
24.509999999999994
 10
-35.38
 20
24.41
 10
-35.36
 20
24.389999999999997
 10
-35.34
 20
24.289999999999996
 10
-35.32
 20
24.27
 10
-35.28
 20
24.109999999999996
 10
-35.26
 20
24.09
 10
-35.220000000000006
 20
23.929999999999996
 10
-35.2
 20
23.91
 10
-35.2
 20
23.849999999999998
 10
-35.18
 20
23.829999999999995
 10
-35.160000000000004
 20
23.73
 10
-35.14
 20
23.709999999999997
 10
-35.14
 20
23.669999999999998
 10
-35.12
 20
23.649999999999995
 10
-35.12
 20
23.609999999999996
 10
-35.080000000000005
 20
23.529999999999998
 10
-35.080000000000005
 20
23.49
 10
-35.06
 20
23.469999999999995
 10
-35.06
 20
23.429999999999996
 10
-35.04
 20
23.41
 10
-35.02
 20
23.31
 10
-34.980000000000004
 20
23.23
 10
-34.980000000000004
 20
23.189999999999994
 10
-34.96
 20
23.169999999999998
 10
-34.940000000000005
 20
23.069999999999997
 10
-34.92
 20
23.05
 10
-34.92
 20
23.009999999999994
 10
-34.9
 20
22.99
 10
-34.88
 20
22.889999999999997
 10
-34.86
 20
22.87
 10
-34.86
 20
22.829999999999995
 10
-34.82
 20
22.749999999999996
 10
-34.800000000000004
 20
22.649999999999995
 10
-34.78
 20
22.63
 10
-34.78
 20
22.59
 10
-34.76
 20
22.569999999999997
 10
-34.74
 20
22.469999999999995
 10
-34.720000000000006
 20
22.45
 10
-34.720000000000006
 20
22.41
 10
-34.7
 20
22.389999999999997
 10
-34.660000000000004
 20
22.23
 10
-34.62
 20
22.149999999999995
 10
-34.580000000000005
 20
21.99
 10
-34.54
 20
21.91
 10
-34.470000000000006
 20
21.84
 10
-34.39
 20
21.8
 10
-34.31
 20
21.8
 10
-34.29
 20
21.779999999999998
 10
-34.25
 20
21.779999999999998
 10
-34.220000000000006
 20
21.749999999999996
 10
-34.220000000000006
 20
21.709999999999997
 10
-34.2
 20
21.689999999999994
 10
-34.2
 20
20.929999999999996
 10
-34.18
 20
20.91
 10
-34.18
 20
20.829999999999995
 10
-34.14
 20
20.749999999999996
 10
-34.14
 20
20.689999999999994
 10
-34.12
 20
20.669999999999998
 10
-34.080000000000005
 20
20.509999999999994
 10
-34.06
 20
20.49
 10
-34.02
 20
20.329999999999995
 10
-33.98
 20
20.249999999999996
 10
-33.940000000000005
 20
20.09
 10
-33.92
 20
20.069999999999997
 10
-33.92
 20
20.029999999999998
 10
-33.9
 20
20.009999999999994
 10
-33.9
 20
19.969999999999995
 10
-33.86000000000001
 20
19.889999999999997
 10
-33.86000000000001
 20
19.849999999999998
 10
-33.84
 20
19.829999999999995
 10
-33.800000000000004
 20
19.669999999999998
 10
-33.78
 20
19.649999999999995
 10
-33.78
 20
19.609999999999996
 10
-33.76
 20
19.59
 10
-33.76
 20
19.529999999999998
 10
-33.720000000000006
 20
19.45
 10
-33.720000000000006
 20
19.41
 10
-33.7
 20
19.389999999999997
 10
-33.7
 20
19.349999999999998
 10
-33.68
 20
19.329999999999995
 10
-33.660000000000004
 20
19.23
 10
-33.64
 20
19.209999999999997
 10
-33.64
 20
19.169999999999998
 10
-33.62
 20
19.149999999999995
 10
-33.580000000000005
 20
18.99
 10
-33.56
 20
18.969999999999995
 10
-33.56
 20
18.929999999999996
 10
-33.54
 20
18.91
 10
-33.5
 20
18.749999999999996
 10
-33.48
 20
18.73
 10
-33.440000000000005
 20
18.569999999999997
 10
-33.42
 20
18.55
 10
-33.42
 20
18.509999999999994
 10
-33.4
 20
18.49
 10
-33.38
 20
18.389999999999997
 10
-33.36000000000001
 20
18.37
 10
-33.36000000000001
 20
18.329999999999995
 10
-33.34
 20
18.31
 10
-33.300000000000004
 20
18.149999999999995
 10
-33.28
 20
18.13
 10
-33.28
 20
18.09
 10
-33.26
 20
18.069999999999997
 10
-33.24
 20
17.969999999999995
 10
-33.220000000000006
 20
17.95
 10
-33.220000000000006
 20
17.91
 10
-33.18
 20
17.829999999999995
 10
-33.18
 20
16.81
 10
-33.2
 20
16.789999999999996
 10
-33.2
 20
16.749999999999996
 10
-33.23
 20
16.719999999999995
 10
-33.31
 20
16.7
 10
-33.330000000000005
 20
16.679999999999996
 10
-33.37
 20
16.679999999999996
 10
-33.39
 20
16.66
 10
-33.43
 20
16.66
 10
-33.45
 20
16.639999999999997
 10
-33.49
 20
16.639999999999997
 10
-33.51
 20
16.62
 10
-33.550000000000004
 20
16.62
 10
-33.57
 20
16.599999999999998
 10
-33.61000000000001
 20
16.599999999999998
 10
-33.63
 20
16.579999999999995
 10
-33.67
 20
16.579999999999995
 10
-33.690000000000005
 20
16.56
 10
-33.73
 20
16.56
 10
-33.75
 20
16.539999999999996
 10
-33.79
 20
16.539999999999996
 10
-33.81
 20
16.52
 10
-33.85
 20
16.52
 10
-33.87
 20
16.499999999999996
 10
-33.910000000000004
 20
16.499999999999996
 10
-33.93
 20
16.48
 10
-33.970000000000006
 20
16.48
 10
-33.99
 20
16.459999999999997
 10
-34.03
 20
16.459999999999997
 10
-34.15
 20
16.399999999999995
 10
-34.220000000000006
 20
16.329999999999995
 10
-34.26
 20
16.249999999999996
 10
-34.26
 20
16.209999999999997
 10
-34.28
 20
16.189999999999994
 10
-34.28
 20
16.149999999999995
 10
-34.31
 20
16.12
 10
-34.35
 20
16.12
 10
-34.37
 20
16.099999999999998
 10
-35.07
 20
16.099999999999998
 10
-35.09
 20
16.079999999999995
 10
-35.17
 20
16.079999999999995
 10
-35.25
 20
16.039999999999996
 10
-35.29
 20
16.039999999999996
 10
-35.37
 20
15.999999999999998
 10
-35.53
 20
15.959999999999999
 10
-35.550000000000004
 20
15.939999999999996
 10
-35.65
 20
15.92
 10
-35.67
 20
15.899999999999997
 10
-35.77
 20
15.88
 10
-35.79
 20
15.859999999999998
 10
-35.830000000000005
 20
15.859999999999998
 10
-35.910000000000004
 20
15.819999999999999
 10
-36.01
 20
15.800000000000002
 10
-36.03
 20
15.78
 10
-36.07
 20
15.78
 10
-36.09
 20
15.759999999999996
 10
-36.21
 20
15.74
 10
-36.230000000000004
 20
15.719999999999997
 10
-36.27
 20
15.719999999999997
 10
-36.29
 20
15.700000000000001
 10
-36.330000000000005
 20
15.700000000000001
 10
-36.35
 20
15.679999999999998
 10
-36.39
 20
15.679999999999998
 10
-36.410000000000004
 20
15.660000000000002
 10
-36.45
 20
15.660000000000002
 10
-36.470000000000006
 20
15.639999999999999
 10
-36.550000000000004
 20
15.620000000000003
 10
-37.550000000000004
 20
15.620000000000003
 97
0
 75
1
 76
1
 52
0.0
 41
0.05
 77
0
 78
1
 53
45.0
 43
0.0
 44
0.0
 45
-0.1122532015
 46
0.1122532015
 79
0
 98
0
  0
MTEXT
  5
D5
330
17
100
AcDbEntity
  8
BLINDING-LABEL
100
AcDbMText
 10
-39.540000000000006
 20
29.169999999999998
 30
0.0
 40
0.25
 71
5
  1
Raft / mat 80 cm\P135.43 m²
  0
LWPOLYLINE
  5
D6
330
17
100
AcDbEntity
  8
BLINDING-RAFT-80
100
AcDbPolyline
 90
888
 70
1
 10
-24.63
 20
18.06
 10
-24.669999999999998
 20
18.06
 10
-24.7
 20
18.09
 10
-24.72
 20
18.169999999999998
 10
-24.74
 20
18.189999999999994
 10
-24.74
 20
18.249999999999996
 10
-24.779999999999998
 20
18.329999999999995
 10
-24.779999999999998
 20
18.37
 10
-24.799999999999997
 20
18.389999999999997
 10
-24.819999999999997
 20
18.49
 10
-24.839999999999996
 20
18.509999999999994
 10
-24.839999999999996
 20
18.55
 10
-24.86
 20
18.569999999999997
 10
-24.86
 20
18.63
 10
-24.88
 20
18.649999999999995
 10
-24.919999999999998
 20
18.81
 10
-24.939999999999998
 20
18.829999999999995
 10
-24.939999999999998
 20
18.87
 10
-24.979999999999997
 20
18.95
 10
-24.979999999999997
 20
19.009999999999994
 10
-25.02
 20
19.09
 10
-25.02
 20
19.13
 10
-25.04
 20
19.149999999999995
 10
-25.06
 20
19.249999999999996
 10
-25.08
 20
19.27
 10
-25.08
 20
19.329999999999995
 10
-25.099999999999998
 20
19.349999999999998
 10
-25.119999999999997
 20
19.45
 10
-25.139999999999997
 20
19.469999999999995
 10
-25.179999999999996
 20
19.63
 10
-25.2
 20
19.649999999999995
 10
-25.2
 20
19.709999999999997
 10
-25.24
 20
19.789999999999996
 10
-25.279999999999998
 20
19.95
 10
-25.299999999999997
 20
19.969999999999995
 10
-25.299999999999997
 20
20.029999999999998
 10
-25.319999999999997
 20
20.05
 10
-25.319999999999997
 20
20.09
 10
-25.339999999999996
 20
20.109999999999996
 10
-25.339999999999996
 20
20.149999999999995
 10
-25.36
 20
20.169999999999998
 10
-25.38
 20
20.27
 10
-25.419999999999998
 20
20.349999999999998
 10
-25.419999999999998
 20
20.41
 10
-25.439999999999998
 20
20.429999999999996
 10
-25.479999999999997
 20
20.59
 10
-25.499999999999996
 20
20.609999999999996
 10
-25.499999999999996
 20
20.649999999999995
 10
-25.54
 20
20.73
 10
-25.54
 20
20.789999999999996
 10
-25.56
 20
20.81
 10
-25.58
 20
20.91
 10
-25.599999999999998
 20
20.929999999999996
 10
-25.619999999999997
 20
21.029999999999998
 10
-25.659999999999997
 20
21.109999999999996
 10
-25.749999999999996
 20
21.2
 10
-25.83
 20
21.24
 10
-25.929999999999996
 20
21.259999999999994
 10
-25.959999999999997
 20
21.289999999999996
 10
-25.959999999999997
 20
21.329999999999995
 10
-25.979999999999997
 20
21.349999999999998
 10
-25.979999999999997
 20
22.13
 10
-25.999999999999996
 20
22.149999999999995
 10
-25.999999999999996
 20
22.23
 10
-26.02
 20
22.249999999999996
 10
-26.06
 20
22.41
 10
-26.099999999999998
 20
22.49
 10
-26.099999999999998
 20
22.55
 10
-26.119999999999997
 20
22.569999999999997
 10
-26.159999999999997
 20
22.73
 10
-26.18
 20
22.749999999999996
 10
-26.22
 20
22.91
 10
-26.259999999999998
 20
22.99
 10
-26.259999999999998
 20
23.05
 10
-26.279999999999998
 20
23.069999999999997
 10
-26.319999999999997
 20
23.23
 10
-26.339999999999996
 20
23.249999999999996
 10
-26.339999999999996
 20
23.289999999999996
 10
-26.36
 20
23.31
 10
-26.38
 20
23.41
 10
-26.419999999999998
 20
23.49
 10
-26.419999999999998
 20
23.55
 10
-26.439999999999998
 20
23.569999999999997
 10
-26.479999999999997
 20
23.73
 10
-26.499999999999996
 20
23.749999999999996
 10
-26.499999999999996
 20
23.789999999999996
 10
-26.52
 20
23.81
 10
-26.54
 20
23.91
 10
-26.58
 20
23.99
 10
-26.58
 20
24.05
 10
-26.599999999999998
 20
24.069999999999997
 10
-26.639999999999997
 20
24.23
 10
-26.659999999999997
 20
24.249999999999996
 10
-26.659999999999997
 20
24.289999999999996
 10
-26.68
 20
24.31
 10
-26.7
 20
24.41
 10
-26.74
 20
24.49
 10
-26.74
 20
24.55
 10
-26.759999999999998
 20
24.569999999999997
 10
-26.799999999999997
 20
24.73
 10
-26.819999999999997
 20
24.749999999999996
 10
-26.839999999999996
 20
24.849999999999998
 10
-26.86
 20
24.87
 10
-26.86
 20
24.91
 10
-26.9
 20
24.99
 10
-26.9
 20
25.05
 10
-26.919999999999998
 20
25.069999999999997
 10
-26.959999999999997
 20
25.23
 10
-26.979999999999997
 20
25.249999999999996
 10
-26.999999999999996
 20
25.349999999999998
 10
-27.02
 20
25.37
 10
-27.02
 20
25.41
 10
-27.06
 20
25.49
 10
-27.06
 20
25.55
 10
-27.08
 20
25.569999999999997
 10
-27.119999999999997
 20
25.73
 10
-27.139999999999997
 20
25.749999999999996
 10
-27.159999999999997
 20
25.849999999999998
 10
-27.18
 20
25.87
 10
-27.18
 20
25.91
 10
-27.22
 20
25.99
 10
-27.22
 20
26.05
 10
-27.24
 20
26.069999999999997
 10
-27.24
 20
26.109999999999996
 10
-27.259999999999998
 20
26.13
 10
-27.279999999999998
 20
26.23
 10
-27.299999999999997
 20
26.249999999999996
 10
-27.339999999999996
 20
26.41
 10
-27.38
 20
26.49
 10
-27.38
 20
26.55
 10
-27.4
 20
26.569999999999997
 10
-27.4
 20
26.609999999999996
 10
-27.419999999999998
 20
26.63
 10
-27.439999999999998
 20
26.73
 10
-27.459999999999997
 20
26.749999999999996
 10
-27.499999999999996
 20
26.91
 10
-27.54
 20
26.99
 10
-27.54
 20
27.05
 10
-27.56
 20
27.069999999999997
 10
-27.56
 20
27.109999999999996
 10
-27.58
 20
27.13
 10
-27.599999999999998
 20
27.23
 10
-27.619999999999997
 20
27.249999999999996
 10
-27.659999999999997
 20
27.41
 10
-27.7
 20
27.49
 10
-27.7
 20
27.55
 10
-27.72
 20
27.569999999999997
 10
-27.759999999999998
 20
27.73
 10
-27.779999999999998
 20
27.749999999999996
 10
-27.819999999999997
 20
27.91
 10
-27.839999999999996
 20
27.929999999999996
 10
-27.839999999999996
 20
27.969999999999995
 10
-27.86
 20
27.99
 10
-27.86
 20
28.049999999999997
 10
-27.88
 20
28.069999999999997
 10
-27.88
 20
28.11
 10
-27.9
 20
28.13
 10
-27.9
 20
28.169999999999998
 10
-27.939999999999998
 20
28.249999999999996
 10
-27.979999999999997
 20
28.409999999999997
 10
-27.999999999999996
 20
28.429999999999996
 10
-27.999999999999996
 20
28.47
 10
-28.02
 20
28.49
 10
-28.02
 20
28.549999999999997
 10
-28.04
 20
28.569999999999997
 10
-28.04
 20
28.61
 10
-28.06
 20
28.63
 10
-28.06
 20
28.669999999999998
 10
-28.099999999999998
 20
28.749999999999996
 10
-28.139999999999997
 20
28.909999999999997
 10
-28.159999999999997
 20
28.929999999999996
 10
-28.159999999999997
 20
28.97
 10
-28.18
 20
28.99
 10
-28.18
 20
29.049999999999997
 10
-28.2
 20
29.069999999999997
 10
-28.2
 20
29.11
 10
-28.22
 20
29.13
 10
-28.22
 20
29.169999999999998
 10
-28.259999999999998
 20
29.249999999999996
 10
-28.299999999999997
 20
29.409999999999997
 10
-28.319999999999997
 20
29.429999999999996
 10
-28.319999999999997
 20
29.47
 10
-28.339999999999996
 20
29.49
 10
-28.339999999999996
 20
29.549999999999997
 10
-28.36
 20
29.569999999999997
 10
-28.36
 20
29.61
 10
-28.38
 20
29.63
 10
-28.38
 20
29.669999999999998
 10
-28.419999999999998
 20
29.749999999999996
 10
-28.419999999999998
 20
29.79
 10
-28.439999999999998
 20
29.81
 10
-28.439999999999998
 20
29.849999999999998
 10
-28.479999999999997
 20
29.929999999999996
 10
-28.479999999999997
 20
29.97
 10
-28.499999999999996
 20
29.99
 10
-28.499999999999996
 20
30.049999999999997
 10
-28.54
 20
30.13
 10
-28.61
 20
30.2
 10
-28.689999999999998
 20
30.24
 10
-28.81
 20
30.259999999999998
 10
-28.839999999999996
 20
30.29
 10
-28.839999999999996
 20
30.33
 10
-28.86
 20
30.349999999999998
 10
-28.86
 20
31.13
 10
-28.88
 20
31.15
 10
-28.88
 20
31.229999999999997
 10
-28.9
 20
31.249999999999996
 10
-28.9
 20
31.29
 10
-28.919999999999998
 20
31.31
 10
-28.959999999999997
 20
31.47
 10
-28.979999999999997
 20
31.49
 10
-28.979999999999997
 20
31.549999999999997
 10
-29.02
 20
31.63
 10
-29.06
 20
31.79
 10
-29.08
 20
31.81
 10
-29.08
 20
31.849999999999998
 10
-29.119999999999997
 20
31.929999999999996
 10
-29.119999999999997
 20
31.97
 10
-29.139999999999997
 20
31.99
 10
-29.159999999999997
 20
32.11000000000001
 10
-29.18
 20
32.13
 10
-29.18
 20
32.17
 10
-29.2
 20
32.190000000000005
 10
-29.22
 20
32.29
 10
-29.24
 20
32.31
 10
-29.24
 20
32.35
 10
-29.259999999999998
 20
32.37
 10
-29.259999999999998
 20
32.410000000000004
 10
-29.279999999999998
 20
32.43
 10
-29.279999999999998
 20
32.470000000000006
 10
-29.299999999999997
 20
32.49
 10
-29.299999999999997
 20
32.550000000000004
 10
-29.319999999999997
 20
32.57
 10
-29.319999999999997
 20
32.61000000000001
 10
-29.339999999999996
 20
32.63
 10
-29.339999999999996
 20
32.67
 10
-29.38
 20
32.75
 10
-29.4
 20
32.85
 10
-29.419999999999998
 20
32.87
 10
-29.419999999999998
 20
32.910000000000004
 10
-29.439999999999998
 20
32.93
 10
-29.439999999999998
 20
32.970000000000006
 10
-29.459999999999997
 20
32.99
 10
-29.459999999999997
 20
33.050000000000004
 10
-29.479999999999997
 20
33.07
 10
-29.479999999999997
 20
33.11000000000001
 10
-29.499999999999996
 20
33.13
 10
-29.499999999999996
 20
33.17
 10
-29.54
 20
33.25
 10
-29.56
 20
33.35
 10
-29.58
 20
33.37
 10
-29.58
 20
33.410000000000004
 10
-29.599999999999998
 20
33.43
 10
-29.599999999999998
 20
33.470000000000006
 10
-29.619999999999997
 20
33.49
 10
-29.619999999999997
 20
33.550000000000004
 10
-29.639999999999997
 20
33.57
 10
-29.639999999999997
 20
33.61000000000001
 10
-29.659999999999997
 20
33.63
 10
-29.659999999999997
 20
33.67
 10
-29.7
 20
33.75
 10
-29.72
 20
33.85
 10
-29.74
 20
33.87
 10
-29.74
 20
33.910000000000004
 10
-29.759999999999998
 20
33.93
 10
-29.759999999999998
 20
33.970000000000006
 10
-29.779999999999998
 20
33.99
 10
-29.779999999999998
 20
34.050000000000004
 10
-29.799999999999997
 20
34.07
 10
-29.799999999999997
 20
34.11000000000001
 10
-29.819999999999997
 20
34.13
 10
-29.819999999999997
 20
34.17
 10
-29.86
 20
34.25
 10
-29.88
 20
34.35
 10
-29.9
 20
34.37
 10
-29.9
 20
34.410000000000004
 10
-29.919999999999998
 20
34.43
 10
-29.919999999999998
 20
34.470000000000006
 10
-29.939999999999998
 20
34.49
 10
-29.939999999999998
 20
34.550000000000004
 10
-29.959999999999997
 20
34.57
 10
-29.959999999999997
 20
34.61000000000001
 10
-29.979999999999997
 20
34.63
 10
-29.979999999999997
 20
34.67
 10
-30.02
 20
34.75
 10
-30.04
 20
34.85
 10
-30.06
 20
34.87
 10
-30.06
 20
34.910000000000004
 10
-30.08
 20
34.93
 10
-30.08
 20
34.970000000000006
 10
-30.099999999999998
 20
34.99
 10
-30.099999999999998
 20
35.050000000000004
 10
-30.119999999999997
 20
35.07
 10
-30.119999999999997
 20
35.11000000000001
 10
-30.139999999999997
 20
35.13
 10
-30.139999999999997
 20
35.17
 10
-30.18
 20
35.25
 10
-30.2
 20
35.35
 10
-30.22
 20
35.37
 10
-30.22
 20
35.410000000000004
 10
-30.24
 20
35.43
 10
-30.24
 20
35.470000000000006
 10
-30.259999999999998
 20
35.49
 10
-30.259999999999998
 20
35.550000000000004
 10
-30.279999999999998
 20
35.57
 10
-30.279999999999998
 20
35.61000000000001
 10
-30.299999999999997
 20
35.63
 10
-30.339999999999996
 20
35.79
 10
-30.36
 20
35.81
 10
-30.38
 20
35.910000000000004
 10
-30.4
 20
35.93
 10
-30.4
 20
35.970000000000006
 10
-30.419999999999998
 20
35.99
 10
-30.419999999999998
 20
36.050000000000004
 10
-30.439999999999998
 20
36.07
 10
-30.439999999999998
 20
36.11000000000001
 10
-30.459999999999997
 20
36.13
 10
-30.499999999999996
 20
36.29
 10
-30.52
 20
36.31
 10
-30.54
 20
36.410000000000004
 10
-30.56
 20
36.43
 10
-30.56
 20
36.470000000000006
 10
-30.58
 20
36.49
 10
-30.58
 20
36.550000000000004
 10
-30.599999999999998
 20
36.57
 10
-30.599999999999998
 20
36.61000000000001
 10
-30.619999999999997
 20
36.63
 10
-30.659999999999997
 20
36.79
 10
-30.68
 20
36.81
 10
-30.7
 20
36.910000000000004
 10
-30.72
 20
36.93
 10
-30.72
 20
36.970000000000006
 10
-30.74
 20
36.99
 10
-30.74
 20
37.050000000000004
 10
-30.759999999999998
 20
37.07
 10
-30.759999999999998
 20
37.11000000000001
 10
-30.779999999999998
 20
37.13
 10
-30.779999999999998
 20
37.17
 10
-30.799999999999997
 20
37.190000000000005
 10
-30.819999999999997
 20
37.29
 10
-30.839999999999996
 20
37.31
 10
-30.839999999999996
 20
37.35
 10
-30.86
 20
37.37
 10
-30.86
 20
37.410000000000004
 10
-30.9
 20
37.49
 10
-30.9
 20
37.550000000000004
 10
-30.919999999999998
 20
37.57
 10
-30.919999999999998
 20
37.61000000000001
 10
-30.939999999999998
 20
37.63
 10
-30.939999999999998
 20
37.67
 10
-30.959999999999997
 20
37.690000000000005
 10
-30.979999999999997
 20
37.79
 10
-30.999999999999996
 20
37.81
 10
-30.999999999999996
 20
37.85
 10
-31.02
 20
37.87
 10
-31.02
 20
37.910000000000004
 10
-31.06
 20
37.99
 10
-31.06
 20
38.050000000000004
 10
-31.08
 20
38.07
 10
-31.08
 20
38.11000000000001
 10
-31.099999999999998
 20
38.13
 10
-31.099999999999998
 20
38.17
 10
-31.119999999999997
 20
38.190000000000005
 10
-31.139999999999997
 20
38.29
 10
-31.159999999999997
 20
38.31
 10
-31.159999999999997
 20
38.35
 10
-31.18
 20
38.37
 10
-31.18
 20
38.410000000000004
 10
-31.22
 20
38.49
 10
-31.22
 20
38.550000000000004
 10
-31.24
 20
38.57
 10
-31.24
 20
38.61000000000001
 10
-31.259999999999998
 20
38.63
 10
-31.259999999999998
 20
38.67
 10
-31.279999999999998
 20
38.690000000000005
 10
-31.299999999999997
 20
38.79
 10
-31.319999999999997
 20
38.81
 10
-31.319999999999997
 20
38.85
 10
-31.339999999999996
 20
38.87
 10
-31.339999999999996
 20
38.910000000000004
 10
-31.38
 20
38.99
 10
-31.38
 20
39.050000000000004
 10
-31.419999999999998
 20
39.13
 10
-31.49
 20
39.2
 10
-31.569999999999997
 20
39.24
 10
-31.689999999999998
 20
39.26
 10
-31.72
 20
39.29
 10
-31.72
 20
39.330000000000005
 10
-31.74
 20
39.35
 10
-31.74
 20
40.13
 10
-31.759999999999998
 20
40.15
 10
-31.759999999999998
 20
40.23
 10
-31.779999999999998
 20
40.25
 10
-31.799999999999997
 20
40.35
 10
-31.819999999999997
 20
40.37
 10
-31.839999999999996
 20
40.470000000000006
 10
-31.86
 20
40.49
 10
-31.86
 20
40.53
 10
-31.88
 20
40.550000000000004
 10
-31.9
 20
40.65
 10
-31.919999999999998
 20
40.67
 10
-31.919999999999998
 20
41.67
 10
-31.9
 20
41.690000000000005
 10
-31.9
 20
41.73
 10
-31.83
 20
41.78
 10
-31.669999999999998
 20
41.82
 10
-31.61
 20
41.86000000000001
 10
-31.569999999999997
 20
41.86000000000001
 10
-31.49
 20
41.9
 10
-31.45
 20
41.9
 10
-31.43
 20
41.92
 10
-31.389999999999997
 20
41.92
 10
-31.369999999999997
 20
41.940000000000005
 10
-31.27
 20
41.96
 10
-31.209999999999997
 20
42.0
 10
-31.169999999999998
 20
42.0
 10
-31.15
 20
42.02
 10
-31.11
 20
42.02
 10
-31.029999999999998
 20
42.06
 10
-30.99
 20
42.06
 10
-30.97
 20
42.080000000000005
 10
-30.93
 20
42.080000000000005
 10
-30.869999999999997
 20
42.12
 10
-30.83
 20
42.12
 10
-30.749999999999996
 20
42.160000000000004
 10
-30.709999999999997
 20
42.160000000000004
 10
-30.63
 20
42.2
 10
-30.589999999999996
 20
42.2
 10
-30.569999999999997
 20
42.220000000000006
 10
-30.529999999999998
 20
42.220000000000006
 10
-30.47
 20
42.26
 10
-30.43
 20
42.26
 10
-30.409999999999997
 20
42.28
 10
-30.369999999999997
 20
42.28
 10
-30.349999999999998
 20
42.300000000000004
 10
-30.249999999999996
 20
42.32
 10
-30.229999999999997
 20
42.339999999999996
 10
-30.189999999999998
 20
42.339999999999996
 10
-30.13
 20
42.38
 10
-30.089999999999996
 20
42.38
 10
-30.009999999999998
 20
42.42
 10
-29.97
 20
42.42
 10
-29.95
 20
42.440000000000005
 10
-29.79
 20
42.48
 10
-29.729999999999997
 20
42.52
 10
-29.63
 20
42.54
 10
-29.61
 20
42.56
 10
-29.569999999999997
 20
42.56
 10
-29.49
 20
42.6
 10
-29.45
 20
42.6
 10
-29.33
 20
42.660000000000004
 10
-29.259999999999998
 20
42.73
 10
-29.22
 20
42.81
 10
-29.22
 20
42.89
 10
-29.2
 20
42.910000000000004
 10
-29.2
 20
42.95
 10
-29.169999999999998
 20
42.98
 10
-29.13
 20
42.98
 10
-29.11
 20
43.0
 10
-27.47
 20
43.0
 10
-27.45
 20
42.98
 10
-27.409999999999997
 20
42.98
 10
-27.36
 20
42.93
 10
-27.36
 20
42.89
 10
-27.319999999999997
 20
42.81
 10
-27.299999999999997
 20
42.71
 10
-27.279999999999998
 20
42.690000000000005
 10
-27.279999999999998
 20
42.65
 10
-27.259999999999998
 20
42.63
 10
-27.259999999999998
 20
42.57
 10
-27.24
 20
42.550000000000004
 10
-27.2
 20
42.39
 10
-27.159999999999997
 20
42.31
 10
-27.139999999999997
 20
42.21
 10
-27.119999999999997
 20
42.190000000000005
 10
-27.119999999999997
 20
42.13
 10
-27.099999999999998
 20
42.11000000000001
 10
-27.08
 20
42.01
 10
-27.06
 20
41.99
 10
-27.04
 20
41.89
 10
-27.02
 20
41.87
 10
-27.02
 20
41.830000000000005
 10
-26.979999999999997
 20
41.75
 10
-26.979999999999997
 20
41.690000000000005
 10
-26.939999999999998
 20
41.61000000000001
 10
-26.939999999999998
 20
41.57
 10
-26.919999999999998
 20
41.550000000000004
 10
-26.919999999999998
 20
41.51
 10
-26.9
 20
41.49
 10
-26.86
 20
41.330000000000005
 10
-26.839999999999996
 20
41.31
 10
-26.839999999999996
 20
41.25
 10
-26.799999999999997
 20
41.17
 10
-26.799999999999997
 20
41.13
 10
-26.779999999999998
 20
41.11000000000001
 10
-26.779999999999998
 20
41.07
 10
-26.759999999999998
 20
41.050000000000004
 10
-26.72
 20
40.89
 10
-26.7
 20
40.87
 10
-26.7
 20
40.81
 10
-26.68
 20
40.79
 10
-26.68
 20
40.75
 10
-26.639999999999997
 20
40.67
 10
-26.639999999999997
 20
40.63
 10
-26.619999999999997
 20
40.61000000000001
 10
-26.58
 20
40.45
 10
-26.56
 20
40.43
 10
-26.56
 20
40.37
 10
-26.54
 20
40.35
 10
-26.54
 20
40.31
 10
-26.52
 20
40.29
 10
-26.52
 20
40.25
 10
-26.479999999999997
 20
40.17
 10
-26.479999999999997
 20
40.13
 10
-26.459999999999997
 20
40.11000000000001
 10
-26.439999999999998
 20
40.01
 10
-26.4
 20
39.93
 10
-26.31
 20
39.839999999999996
 10
-26.229999999999997
 20
39.800000000000004
 10
-26.189999999999998
 20
39.800000000000004
 10
-26.169999999999998
 20
39.78
 10
-26.13
 20
39.78
 10
-26.099999999999998
 20
39.75
 10
-26.099999999999998
 20
39.71
 10
-26.08
 20
39.690000000000005
 10
-26.08
 20
38.910000000000004
 10
-26.06
 20
38.89
 10
-26.06
 20
38.81
 10
-26.04
 20
38.79
 10
-26.02
 20
38.690000000000005
 10
-25.999999999999996
 20
38.67
 10
-25.999999999999996
 20
38.63
 10
-25.979999999999997
 20
38.61000000000001
 10
-25.959999999999997
 20
38.49
 10
-25.939999999999998
 20
38.470000000000006
 10
-25.919999999999998
 20
38.37
 10
-25.9
 20
38.35
 10
-25.88
 20
38.25
 10
-25.839999999999996
 20
38.17
 10
-25.839999999999996
 20
38.13
 10
-25.819999999999997
 20
38.11000000000001
 10
-25.819999999999997
 20
38.07
 10
-25.799999999999997
 20
38.050000000000004
 10
-25.799999999999997
 20
37.99
 10
-25.779999999999998
 20
37.970000000000006
 10
-25.759999999999998
 20
37.87
 10
-25.74
 20
37.85
 10
-25.72
 20
37.75
 10
-25.679999999999996
 20
37.67
 10
-25.679999999999996
 20
37.63
 10
-25.659999999999997
 20
37.61000000000001
 10
-25.659999999999997
 20
37.57
 10
-25.639999999999997
 20
37.550000000000004
 10
-25.639999999999997
 20
37.49
 10
-25.619999999999997
 20
37.470000000000006
 10
-25.599999999999998
 20
37.37
 10
-25.58
 20
37.35
 10
-25.56
 20
37.25
 10
-25.52
 20
37.17
 10
-25.52
 20
37.13
 10
-25.479999999999997
 20
37.050000000000004
 10
-25.479999999999997
 20
36.99
 10
-25.459999999999997
 20
36.970000000000006
 10
-25.439999999999998
 20
36.87
 10
-25.419999999999998
 20
36.85
 10
-25.4
 20
36.75
 10
-25.36
 20
36.67
 10
-25.36
 20
36.63
 10
-25.319999999999997
 20
36.550000000000004
 10
-25.319999999999997
 20
36.49
 10
-25.299999999999997
 20
36.470000000000006
 10
-25.279999999999998
 20
36.37
 10
-25.259999999999998
 20
36.35
 10
-25.24
 20
36.25
 10
-25.2
 20
36.17
 10
-25.2
 20
36.13
 10
-25.159999999999997
 20
36.050000000000004
 10
-25.159999999999997
 20
35.99
 10
-25.139999999999997
 20
35.970000000000006
 10
-25.139999999999997
 20
35.93
 10
-25.119999999999997
 20
35.910000000000004
 10
-25.119999999999997
 20
35.87
 10
-25.099999999999998
 20
35.85
 10
-25.08
 20
35.75
 10
-25.04
 20
35.67
 10
-25.04
 20
35.63
 10
-25.02
 20
35.61000000000001
 10
-25.02
 20
35.57
 10
-24.999999999999996
 20
35.550000000000004
 10
-24.999999999999996
 20
35.49
 10
-24.979999999999997
 20
35.470000000000006
 10
-24.979999999999997
 20
35.43
 10
-24.959999999999997
 20
35.410000000000004
 10
-24.959999999999997
 20
35.37
 10
-24.939999999999998
 20
35.35
 10
-24.919999999999998
 20
35.25
 10
-24.88
 20
35.17
 10
-24.88
 20
35.13
 10
-24.86
 20
35.11000000000001
 10
-24.86
 20
35.07
 10
-24.839999999999996
 20
35.050000000000004
 10
-24.839999999999996
 20
34.99
 10
-24.819999999999997
 20
34.970000000000006
 10
-24.819999999999997
 20
34.93
 10
-24.799999999999997
 20
34.910000000000004
 10
-24.799999999999997
 20
34.87
 10
-24.779999999999998
 20
34.85
 10
-24.759999999999998
 20
34.75
 10
-24.72
 20
34.67
 10
-24.72
 20
34.63
 10
-24.7
 20
34.61000000000001
 10
-24.7
 20
34.57
 10
-24.679999999999996
 20
34.550000000000004
 10
-24.679999999999996
 20
34.49
 10
-24.659999999999997
 20
34.470000000000006
 10
-24.659999999999997
 20
34.43
 10
-24.639999999999997
 20
34.410000000000004
 10
-24.639999999999997
 20
34.37
 10
-24.619999999999997
 20
34.35
 10
-24.599999999999998
 20
34.25
 10
-24.56
 20
34.17
 10
-24.56
 20
34.13
 10
-24.54
 20
34.11000000000001
 10
-24.54
 20
34.07
 10
-24.52
 20
34.050000000000004
 10
-24.52
 20
33.99
 10
-24.499999999999996
 20
33.970000000000006
 10
-24.479999999999997
 20
33.87
 10
-24.459999999999997
 20
33.85
 10
-24.439999999999998
 20
33.75
 10
-24.4
 20
33.67
 10
-24.4
 20
33.63
 10
-24.38
 20
33.61000000000001
 10
-24.38
 20
33.57
 10
-24.36
 20
33.550000000000004
 10
-24.36
 20
33.49
 10
-24.339999999999996
 20
33.470000000000006
 10
-24.319999999999997
 20
33.37
 10
-24.299999999999997
 20
33.35
 10
-24.279999999999998
 20
33.25
 10
-24.24
 20
33.17
 10
-24.24
 20
33.13
 10
-24.22
 20
33.11000000000001
 10
-24.22
 20
33.07
 10
-24.2
 20
33.050000000000004
 10
-24.2
 20
32.99
 10
-24.179999999999996
 20
32.970000000000006
 10
-24.159999999999997
 20
32.87
 10
-24.139999999999997
 20
32.85
 10
-24.119999999999997
 20
32.75
 10
-24.08
 20
32.67
 10
-24.08
 20
32.63
 10
-24.06
 20
32.61000000000001
 10
-24.06
 20
32.57
 10
-24.04
 20
32.550000000000004
 10
-24.04
 20
32.49
 10
-24.02
 20
32.470000000000006
 10
-24.02
 20
32.43
 10
-23.999999999999996
 20
32.410000000000004
 10
-23.999999999999996
 20
32.37
 10
-23.979999999999997
 20
32.35
 10
-23.959999999999997
 20
32.25
 10
-23.919999999999998
 20
32.17
 10
-23.919999999999998
 20
32.13
 10
-23.9
 20
32.11000000000001
 10
-23.9
 20
32.07
 10
-23.88
 20
32.050000000000004
 10
-23.88
 20
31.99
 10
-23.86
 20
31.97
 10
-23.86
 20
31.929999999999996
 10
-23.839999999999996
 20
31.909999999999997
 10
-23.799999999999997
 20
31.749999999999996
 10
-23.779999999999998
 20
31.729999999999997
 10
-23.74
 20
31.569999999999997
 10
-23.72
 20
31.549999999999997
 10
-23.72
 20
31.49
 10
-23.7
 20
31.47
 10
-23.7
 20
31.429999999999996
 10
-23.679999999999996
 20
31.409999999999997
 10
-23.639999999999997
 20
31.249999999999996
 10
-23.619999999999997
 20
31.229999999999997
 10
-23.58
 20
31.069999999999997
 10
-23.56
 20
31.049999999999997
 10
-23.56
 20
30.99
 10
-23.52
 20
30.909999999999997
 10
-23.45
 20
30.839999999999996
 10
-23.369999999999997
 20
30.799999999999997
 10
-23.249999999999996
 20
30.779999999999998
 10
-23.22
 20
30.749999999999996
 10
-23.22
 20
30.709999999999997
 10
-23.2
 20
30.689999999999998
 10
-23.2
 20
29.909999999999997
 10
-23.179999999999996
 20
29.889999999999997
 10
-23.179999999999996
 20
29.81
 10
-23.159999999999997
 20
29.79
 10
-23.159999999999997
 20
29.749999999999996
 10
-23.139999999999997
 20
29.729999999999997
 10
-23.099999999999998
 20
29.569999999999997
 10
-23.08
 20
29.549999999999997
 10
-23.08
 20
29.49
 10
-23.06
 20
29.47
 10
-23.02
 20
29.31
 10
-22.999999999999996
 20
29.29
 10
-22.999999999999996
 20
29.249999999999996
 10
-22.979999999999997
 20
29.229999999999997
 10
-22.979999999999997
 20
29.189999999999998
 10
-22.939999999999998
 20
29.11
 10
-22.939999999999998
 20
29.069999999999997
 10
-22.919999999999998
 20
29.049999999999997
 10
-22.9
 20
28.929999999999996
 10
-22.88
 20
28.909999999999997
 10
-22.86
 20
28.81
 10
-22.839999999999996
 20
28.79
 10
-22.839999999999996
 20
28.749999999999996
 10
-22.819999999999997
 20
28.729999999999997
 10
-22.779999999999998
 20
28.569999999999997
 10
-22.759999999999998
 20
28.549999999999997
 10
-22.759999999999998
 20
28.49
 10
-22.74
 20
28.47
 10
-22.74
 20
28.429999999999996
 10
-22.72
 20
28.409999999999997
 10
-22.7
 20
28.31
 10
-22.679999999999996
 20
28.29
 10
-22.679999999999996
 20
28.249999999999996
 10
-22.659999999999997
 20
28.229999999999997
 10
-22.619999999999997
 20
28.069999999999997
 10
-22.599999999999998
 20
28.049999999999997
 10
-22.599999999999998
 20
27.99
 10
-22.56
 20
27.91
 10
-22.52
 20
27.749999999999996
 10
-22.499999999999996
 20
27.73
 10
-22.459999999999997
 20
27.569999999999997
 10
-22.439999999999998
 20
27.55
 10
-22.439999999999998
 20
27.49
 10
-22.4
 20
27.41
 10
-22.36
 20
27.249999999999996
 10
-22.339999999999996
 20
27.23
 10
-22.299999999999997
 20
27.069999999999997
 10
-22.279999999999998
 20
27.05
 10
-22.279999999999998
 20
26.99
 10
-22.24
 20
26.91
 10
-22.2
 20
26.749999999999996
 10
-22.179999999999996
 20
26.73
 10
-22.139999999999997
 20
26.569999999999997
 10
-22.119999999999997
 20
26.55
 10
-22.119999999999997
 20
26.49
 10
-22.08
 20
26.41
 10
-22.04
 20
26.249999999999996
 10
-22.02
 20
26.23
 10
-22.02
 20
26.19
 10
-21.999999999999996
 20
26.169999999999998
 10
-21.979999999999997
 20
26.069999999999997
 10
-21.959999999999997
 20
26.05
 10
-21.959999999999997
 20
25.99
 10
-21.919999999999998
 20
25.91
 10
-21.88
 20
25.749999999999996
 10
-21.86
 20
25.73
 10
-21.86
 20
25.689999999999994
 10
-21.839999999999996
 20
25.669999999999998
 10
-21.819999999999997
 20
25.569999999999997
 10
-21.799999999999997
 20
25.55
 10
-21.799999999999997
 20
25.49
 10
-21.759999999999998
 20
25.41
 10
-21.72
 20
25.249999999999996
 10
-21.7
 20
25.23
 10
-21.7
 20
25.189999999999994
 10
-21.679999999999996
 20
25.169999999999998
 10
-21.659999999999997
 20
25.069999999999997
 10
-21.639999999999997
 20
25.05
 10
-21.639999999999997
 20
24.99
 10
-21.599999999999998
 20
24.91
 10
-21.599999999999998
 20
24.87
 10
-21.58
 20
24.849999999999998
 10
-21.56
 20
24.749999999999996
 10
-21.54
 20
24.73
 10
-21.52
 20
24.63
 10
-21.499999999999996
 20
24.609999999999996
 10
-21.499999999999996
 20
24.569999999999997
 10
-21.479999999999997
 20
24.55
 10
-21.479999999999997
 20
24.49
 10
-21.439999999999998
 20
24.41
 10
-21.439999999999998
 20
24.37
 10
-21.419999999999998
 20
24.349999999999998
 10
-21.4
 20
24.249999999999996
 10
-21.38
 20
24.23
 10
-21.36
 20
24.13
 10
-21.339999999999996
 20
24.109999999999996
 10
-21.339999999999996
 20
24.069999999999997
 10
-21.319999999999997
 20
24.05
 10
-21.319999999999997
 20
23.99
 10
-21.279999999999998
 20
23.91
 10
-21.279999999999998
 20
23.87
 10
-21.259999999999998
 20
23.849999999999998
 10
-21.24
 20
23.749999999999996
 10
-21.22
 20
23.73
 10
-21.2
 20
23.63
 10
-21.179999999999996
 20
23.609999999999996
 10
-21.179999999999996
 20
23.569999999999997
 10
-21.159999999999997
 20
23.55
 10
-21.159999999999997
 20
23.49
 10
-21.119999999999997
 20
23.41
 10
-21.08
 20
23.249999999999996
 10
-21.06
 20
23.23
 10
-21.02
 20
23.069999999999997
 10
-20.999999999999996
 20
23.05
 10
-20.999999999999996
 20
22.99
 10
-20.959999999999997
 20
22.91
 10
-20.919999999999998
 20
22.749999999999996
 10
-20.9
 20
22.73
 10
-20.86
 20
22.569999999999997
 10
-20.839999999999996
 20
22.55
 10
-20.839999999999996
 20
22.49
 10
-20.799999999999997
 20
22.41
 10
-20.759999999999998
 20
22.249999999999996
 10
-20.74
 20
22.23
 10
-20.7
 20
22.069999999999997
 10
-20.679999999999996
 20
22.05
 10
-20.679999999999996
 20
21.99
 10
-20.639999999999997
 20
21.91
 10
-20.569999999999997
 20
21.84
 10
-20.49
 20
21.8
 10
-20.369999999999997
 20
21.779999999999998
 10
-20.339999999999996
 20
21.749999999999996
 10
-20.339999999999996
 20
21.709999999999997
 10
-20.319999999999997
 20
21.689999999999994
 10
-20.319999999999997
 20
20.91
 10
-20.299999999999997
 20
20.889999999999997
 10
-20.299999999999997
 20
20.81
 10
-20.279999999999998
 20
20.789999999999996
 10
-20.279999999999998
 20
20.749999999999996
 10
-20.259999999999998
 20
20.73
 10
-20.259999999999998
 20
20.669999999999998
 10
-20.24
 20
20.649999999999995
 10
-20.2
 20
20.49
 10
-20.179999999999996
 20
20.469999999999995
 10
-20.179999999999996
 20
20.429999999999996
 10
-20.139999999999997
 20
20.349999999999998
 10
-20.139999999999997
 20
19.329999999999995
 10
-20.159999999999997
 20
19.31
 10
-20.159999999999997
 20
19.27
 10
-20.189999999999998
 20
19.24
 10
-20.27
 20
19.219999999999995
 10
-20.33
 20
19.179999999999996
 10
-20.429999999999996
 20
19.16
 10
-20.509999999999998
 20
19.12
 10
-20.549999999999997
 20
19.12
 10
-20.569999999999997
 20
19.099999999999998
 10
-20.61
 20
19.099999999999998
 10
-20.669999999999998
 20
19.06
 10
-20.709999999999997
 20
19.06
 10
-20.729999999999997
 20
19.039999999999996
 10
-20.889999999999997
 20
18.999999999999996
 10
-20.95
 20
18.959999999999997
 10
-20.99
 20
18.959999999999997
 10
-21.009999999999998
 20
18.939999999999994
 10
-21.169999999999998
 20
18.899999999999995
 10
-21.229999999999997
 20
18.859999999999996
 10
-21.27
 20
18.859999999999996
 10
-21.349999999999998
 20
18.819999999999997
 10
-21.509999999999998
 20
18.779999999999998
 10
-21.569999999999997
 20
18.74
 10
-21.61
 20
18.74
 10
-21.63
 20
18.719999999999995
 10
-21.669999999999998
 20
18.719999999999995
 10
-21.749999999999996
 20
18.679999999999996
 10
-21.839999999999996
 20
18.59
 10
-21.88
 20
18.509999999999994
 10
-21.88
 20
18.469999999999995
 10
-21.9
 20
18.45
 10
-21.9
 20
18.41
 10
-21.929999999999996
 20
18.38
 10
-21.97
 20
18.38
 10
-21.99
 20
18.359999999999996
 10
-22.669999999999998
 20
18.359999999999996
 10
-22.689999999999998
 20
18.34
 10
-22.77
 20
18.34
 10
-22.79
 20
18.319999999999997
 10
-22.95
 20
18.279999999999998
 10
-23.009999999999998
 20
18.24
 10
-23.169999999999998
 20
18.2
 10
-23.249999999999996
 20
18.16
 10
-23.29
 20
18.16
 10
-23.349999999999998
 20
18.12
 10
-23.389999999999997
 20
18.12
 10
-23.47
 20
18.079999999999995
 10
-23.569999999999997
 20
18.06
 10
-23.589999999999996
 20
18.039999999999996
 10
-24.61
 20
18.039999999999996
  0
HATCH
  5
D7
330
17
100
AcDbEntity
  8
BLINDING-RAFT-80-HATCH
 62
7
100
AcDbHatch
 10
0.0
 20
0.0
 30
0.0
210
0.0
220
0.0
230
1.0
  2
ANSI31
 70
0
 71
0
 91
1
 92
3
 72
0
 73
1
 93
888
 10
-24.63
 20
18.06
 10
-24.669999999999998
 20
18.06
 10
-24.7
 20
18.09
 10
-24.72
 20
18.169999999999998
 10
-24.74
 20
18.189999999999994
 10
-24.74
 20
18.249999999999996
 10
-24.779999999999998
 20
18.329999999999995
 10
-24.779999999999998
 20
18.37
 10
-24.799999999999997
 20
18.389999999999997
 10
-24.819999999999997
 20
18.49
 10
-24.839999999999996
 20
18.509999999999994
 10
-24.839999999999996
 20
18.55
 10
-24.86
 20
18.569999999999997
 10
-24.86
 20
18.63
 10
-24.88
 20
18.649999999999995
 10
-24.919999999999998
 20
18.81
 10
-24.939999999999998
 20
18.829999999999995
 10
-24.939999999999998
 20
18.87
 10
-24.979999999999997
 20
18.95
 10
-24.979999999999997
 20
19.009999999999994
 10
-25.02
 20
19.09
 10
-25.02
 20
19.13
 10
-25.04
 20
19.149999999999995
 10
-25.06
 20
19.249999999999996
 10
-25.08
 20
19.27
 10
-25.08
 20
19.329999999999995
 10
-25.099999999999998
 20
19.349999999999998
 10
-25.119999999999997
 20
19.45
 10
-25.139999999999997
 20
19.469999999999995
 10
-25.179999999999996
 20
19.63
 10
-25.2
 20
19.649999999999995
 10
-25.2
 20
19.709999999999997
 10
-25.24
 20
19.789999999999996
 10
-25.279999999999998
 20
19.95
 10
-25.299999999999997
 20
19.969999999999995
 10
-25.299999999999997
 20
20.029999999999998
 10
-25.319999999999997
 20
20.05
 10
-25.319999999999997
 20
20.09
 10
-25.339999999999996
 20
20.109999999999996
 10
-25.339999999999996
 20
20.149999999999995
 10
-25.36
 20
20.169999999999998
 10
-25.38
 20
20.27
 10
-25.419999999999998
 20
20.349999999999998
 10
-25.419999999999998
 20
20.41
 10
-25.439999999999998
 20
20.429999999999996
 10
-25.479999999999997
 20
20.59
 10
-25.499999999999996
 20
20.609999999999996
 10
-25.499999999999996
 20
20.649999999999995
 10
-25.54
 20
20.73
 10
-25.54
 20
20.789999999999996
 10
-25.56
 20
20.81
 10
-25.58
 20
20.91
 10
-25.599999999999998
 20
20.929999999999996
 10
-25.619999999999997
 20
21.029999999999998
 10
-25.659999999999997
 20
21.109999999999996
 10
-25.749999999999996
 20
21.2
 10
-25.83
 20
21.24
 10
-25.929999999999996
 20
21.259999999999994
 10
-25.959999999999997
 20
21.289999999999996
 10
-25.959999999999997
 20
21.329999999999995
 10
-25.979999999999997
 20
21.349999999999998
 10
-25.979999999999997
 20
22.13
 10
-25.999999999999996
 20
22.149999999999995
 10
-25.999999999999996
 20
22.23
 10
-26.02
 20
22.249999999999996
 10
-26.06
 20
22.41
 10
-26.099999999999998
 20
22.49
 10
-26.099999999999998
 20
22.55
 10
-26.119999999999997
 20
22.569999999999997
 10
-26.159999999999997
 20
22.73
 10
-26.18
 20
22.749999999999996
 10
-26.22
 20
22.91
 10
-26.259999999999998
 20
22.99
 10
-26.259999999999998
 20
23.05
 10
-26.279999999999998
 20
23.069999999999997
 10
-26.319999999999997
 20
23.23
 10
-26.339999999999996
 20
23.249999999999996
 10
-26.339999999999996
 20
23.289999999999996
 10
-26.36
 20
23.31
 10
-26.38
 20
23.41
 10
-26.419999999999998
 20
23.49
 10
-26.419999999999998
 20
23.55
 10
-26.439999999999998
 20
23.569999999999997
 10
-26.479999999999997
 20
23.73
 10
-26.499999999999996
 20
23.749999999999996
 10
-26.499999999999996
 20
23.789999999999996
 10
-26.52
 20
23.81
 10
-26.54
 20
23.91
 10
-26.58
 20
23.99
 10
-26.58
 20
24.05
 10
-26.599999999999998
 20
24.069999999999997
 10
-26.639999999999997
 20
24.23
 10
-26.659999999999997
 20
24.249999999999996
 10
-26.659999999999997
 20
24.289999999999996
 10
-26.68
 20
24.31
 10
-26.7
 20
24.41
 10
-26.74
 20
24.49
 10
-26.74
 20
24.55
 10
-26.759999999999998
 20
24.569999999999997
 10
-26.799999999999997
 20
24.73
 10
-26.819999999999997
 20
24.749999999999996
 10
-26.839999999999996
 20
24.849999999999998
 10
-26.86
 20
24.87
 10
-26.86
 20
24.91
 10
-26.9
 20
24.99
 10
-26.9
 20
25.05
 10
-26.919999999999998
 20
25.069999999999997
 10
-26.959999999999997
 20
25.23
 10
-26.979999999999997
 20
25.249999999999996
 10
-26.999999999999996
 20
25.349999999999998
 10
-27.02
 20
25.37
 10
-27.02
 20
25.41
 10
-27.06
 20
25.49
 10
-27.06
 20
25.55
 10
-27.08
 20
25.569999999999997
 10
-27.119999999999997
 20
25.73
 10
-27.139999999999997
 20
25.749999999999996
 10
-27.159999999999997
 20
25.849999999999998
 10
-27.18
 20
25.87
 10
-27.18
 20
25.91
 10
-27.22
 20
25.99
 10
-27.22
 20
26.05
 10
-27.24
 20
26.069999999999997
 10
-27.24
 20
26.109999999999996
 10
-27.259999999999998
 20
26.13
 10
-27.279999999999998
 20
26.23
 10
-27.299999999999997
 20
26.249999999999996
 10
-27.339999999999996
 20
26.41
 10
-27.38
 20
26.49
 10
-27.38
 20
26.55
 10
-27.4
 20
26.569999999999997
 10
-27.4
 20
26.609999999999996
 10
-27.419999999999998
 20
26.63
 10
-27.439999999999998
 20
26.73
 10
-27.459999999999997
 20
26.749999999999996
 10
-27.499999999999996
 20
26.91
 10
-27.54
 20
26.99
 10
-27.54
 20
27.05
 10
-27.56
 20
27.069999999999997
 10
-27.56
 20
27.109999999999996
 10
-27.58
 20
27.13
 10
-27.599999999999998
 20
27.23
 10
-27.619999999999997
 20
27.249999999999996
 10
-27.659999999999997
 20
27.41
 10
-27.7
 20
27.49
 10
-27.7
 20
27.55
 10
-27.72
 20
27.569999999999997
 10
-27.759999999999998
 20
27.73
 10
-27.779999999999998
 20
27.749999999999996
 10
-27.819999999999997
 20
27.91
 10
-27.839999999999996
 20
27.929999999999996
 10
-27.839999999999996
 20
27.969999999999995
 10
-27.86
 20
27.99
 10
-27.86
 20
28.049999999999997
 10
-27.88
 20
28.069999999999997
 10
-27.88
 20
28.11
 10
-27.9
 20
28.13
 10
-27.9
 20
28.169999999999998
 10
-27.939999999999998
 20
28.249999999999996
 10
-27.979999999999997
 20
28.409999999999997
 10
-27.999999999999996
 20
28.429999999999996
 10
-27.999999999999996
 20
28.47
 10
-28.02
 20
28.49
 10
-28.02
 20
28.549999999999997
 10
-28.04
 20
28.569999999999997
 10
-28.04
 20
28.61
 10
-28.06
 20
28.63
 10
-28.06
 20
28.669999999999998
 10
-28.099999999999998
 20
28.749999999999996
 10
-28.139999999999997
 20
28.909999999999997
 10
-28.159999999999997
 20
28.929999999999996
 10
-28.159999999999997
 20
28.97
 10
-28.18
 20
28.99
 10
-28.18
 20
29.049999999999997
 10
-28.2
 20
29.069999999999997
 10
-28.2
 20
29.11
 10
-28.22
 20
29.13
 10
-28.22
 20
29.169999999999998
 10
-28.259999999999998
 20
29.249999999999996
 10
-28.299999999999997
 20
29.409999999999997
 10
-28.319999999999997
 20
29.429999999999996
 10
-28.319999999999997
 20
29.47
 10
-28.339999999999996
 20
29.49
 10
-28.339999999999996
 20
29.549999999999997
 10
-28.36
 20
29.569999999999997
 10
-28.36
 20
29.61
 10
-28.38
 20
29.63
 10
-28.38
 20
29.669999999999998
 10
-28.419999999999998
 20
29.749999999999996
 10
-28.419999999999998
 20
29.79
 10
-28.439999999999998
 20
29.81
 10
-28.439999999999998
 20
29.849999999999998
 10
-28.479999999999997
 20
29.929999999999996
 10
-28.479999999999997
 20
29.97
 10
-28.499999999999996
 20
29.99
 10
-28.499999999999996
 20
30.049999999999997
 10
-28.54
 20
30.13
 10
-28.61
 20
30.2
 10
-28.689999999999998
 20
30.24
 10
-28.81
 20
30.259999999999998
 10
-28.839999999999996
 20
30.29
 10
-28.839999999999996
 20
30.33
 10
-28.86
 20
30.349999999999998
 10
-28.86
 20
31.13
 10
-28.88
 20
31.15
 10
-28.88
 20
31.229999999999997
 10
-28.9
 20
31.249999999999996
 10
-28.9
 20
31.29
 10
-28.919999999999998
 20
31.31
 10
-28.959999999999997
 20
31.47
 10
-28.979999999999997
 20
31.49
 10
-28.979999999999997
 20
31.549999999999997
 10
-29.02
 20
31.63
 10
-29.06
 20
31.79
 10
-29.08
 20
31.81
 10
-29.08
 20
31.849999999999998
 10
-29.119999999999997
 20
31.929999999999996
 10
-29.119999999999997
 20
31.97
 10
-29.139999999999997
 20
31.99
 10
-29.159999999999997
 20
32.11000000000001
 10
-29.18
 20
32.13
 10
-29.18
 20
32.17
 10
-29.2
 20
32.190000000000005
 10
-29.22
 20
32.29
 10
-29.24
 20
32.31
 10
-29.24
 20
32.35
 10
-29.259999999999998
 20
32.37
 10
-29.259999999999998
 20
32.410000000000004
 10
-29.279999999999998
 20
32.43
 10
-29.279999999999998
 20
32.470000000000006
 10
-29.299999999999997
 20
32.49
 10
-29.299999999999997
 20
32.550000000000004
 10
-29.319999999999997
 20
32.57
 10
-29.319999999999997
 20
32.61000000000001
 10
-29.339999999999996
 20
32.63
 10
-29.339999999999996
 20
32.67
 10
-29.38
 20
32.75
 10
-29.4
 20
32.85
 10
-29.419999999999998
 20
32.87
 10
-29.419999999999998
 20
32.910000000000004
 10
-29.439999999999998
 20
32.93
 10
-29.439999999999998
 20
32.970000000000006
 10
-29.459999999999997
 20
32.99
 10
-29.459999999999997
 20
33.050000000000004
 10
-29.479999999999997
 20
33.07
 10
-29.479999999999997
 20
33.11000000000001
 10
-29.499999999999996
 20
33.13
 10
-29.499999999999996
 20
33.17
 10
-29.54
 20
33.25
 10
-29.56
 20
33.35
 10
-29.58
 20
33.37
 10
-29.58
 20
33.410000000000004
 10
-29.599999999999998
 20
33.43
 10
-29.599999999999998
 20
33.470000000000006
 10
-29.619999999999997
 20
33.49
 10
-29.619999999999997
 20
33.550000000000004
 10
-29.639999999999997
 20
33.57
 10
-29.639999999999997
 20
33.61000000000001
 10
-29.659999999999997
 20
33.63
 10
-29.659999999999997
 20
33.67
 10
-29.7
 20
33.75
 10
-29.72
 20
33.85
 10
-29.74
 20
33.87
 10
-29.74
 20
33.910000000000004
 10
-29.759999999999998
 20
33.93
 10
-29.759999999999998
 20
33.970000000000006
 10
-29.779999999999998
 20
33.99
 10
-29.779999999999998
 20
34.050000000000004
 10
-29.799999999999997
 20
34.07
 10
-29.799999999999997
 20
34.11000000000001
 10
-29.819999999999997
 20
34.13
 10
-29.819999999999997
 20
34.17
 10
-29.86
 20
34.25
 10
-29.88
 20
34.35
 10
-29.9
 20
34.37
 10
-29.9
 20
34.410000000000004
 10
-29.919999999999998
 20
34.43
 10
-29.919999999999998
 20
34.470000000000006
 10
-29.939999999999998
 20
34.49
 10
-29.939999999999998
 20
34.550000000000004
 10
-29.959999999999997
 20
34.57
 10
-29.959999999999997
 20
34.61000000000001
 10
-29.979999999999997
 20
34.63
 10
-29.979999999999997
 20
34.67
 10
-30.02
 20
34.75
 10
-30.04
 20
34.85
 10
-30.06
 20
34.87
 10
-30.06
 20
34.910000000000004
 10
-30.08
 20
34.93
 10
-30.08
 20
34.970000000000006
 10
-30.099999999999998
 20
34.99
 10
-30.099999999999998
 20
35.050000000000004
 10
-30.119999999999997
 20
35.07
 10
-30.119999999999997
 20
35.11000000000001
 10
-30.139999999999997
 20
35.13
 10
-30.139999999999997
 20
35.17
 10
-30.18
 20
35.25
 10
-30.2
 20
35.35
 10
-30.22
 20
35.37
 10
-30.22
 20
35.410000000000004
 10
-30.24
 20
35.43
 10
-30.24
 20
35.470000000000006
 10
-30.259999999999998
 20
35.49
 10
-30.259999999999998
 20
35.550000000000004
 10
-30.279999999999998
 20
35.57
 10
-30.279999999999998
 20
35.61000000000001
 10
-30.299999999999997
 20
35.63
 10
-30.339999999999996
 20
35.79
 10
-30.36
 20
35.81
 10
-30.38
 20
35.910000000000004
 10
-30.4
 20
35.93
 10
-30.4
 20
35.970000000000006
 10
-30.419999999999998
 20
35.99
 10
-30.419999999999998
 20
36.050000000000004
 10
-30.439999999999998
 20
36.07
 10
-30.439999999999998
 20
36.11000000000001
 10
-30.459999999999997
 20
36.13
 10
-30.499999999999996
 20
36.29
 10
-30.52
 20
36.31
 10
-30.54
 20
36.410000000000004
 10
-30.56
 20
36.43
 10
-30.56
 20
36.470000000000006
 10
-30.58
 20
36.49
 10
-30.58
 20
36.550000000000004
 10
-30.599999999999998
 20
36.57
 10
-30.599999999999998
 20
36.61000000000001
 10
-30.619999999999997
 20
36.63
 10
-30.659999999999997
 20
36.79
 10
-30.68
 20
36.81
 10
-30.7
 20
36.910000000000004
 10
-30.72
 20
36.93
 10
-30.72
 20
36.970000000000006
 10
-30.74
 20
36.99
 10
-30.74
 20
37.050000000000004
 10
-30.759999999999998
 20
37.07
 10
-30.759999999999998
 20
37.11000000000001
 10
-30.779999999999998
 20
37.13
 10
-30.779999999999998
 20
37.17
 10
-30.799999999999997
 20
37.190000000000005
 10
-30.819999999999997
 20
37.29
 10
-30.839999999999996
 20
37.31
 10
-30.839999999999996
 20
37.35
 10
-30.86
 20
37.37
 10
-30.86
 20
37.410000000000004
 10
-30.9
 20
37.49
 10
-30.9
 20
37.550000000000004
 10
-30.919999999999998
 20
37.57
 10
-30.919999999999998
 20
37.61000000000001
 10
-30.939999999999998
 20
37.63
 10
-30.939999999999998
 20
37.67
 10
-30.959999999999997
 20
37.690000000000005
 10
-30.979999999999997
 20
37.79
 10
-30.999999999999996
 20
37.81
 10
-30.999999999999996
 20
37.85
 10
-31.02
 20
37.87
 10
-31.02
 20
37.910000000000004
 10
-31.06
 20
37.99
 10
-31.06
 20
38.050000000000004
 10
-31.08
 20
38.07
 10
-31.08
 20
38.11000000000001
 10
-31.099999999999998
 20
38.13
 10
-31.099999999999998
 20
38.17
 10
-31.119999999999997
 20
38.190000000000005
 10
-31.139999999999997
 20
38.29
 10
-31.159999999999997
 20
38.31
 10
-31.159999999999997
 20
38.35
 10
-31.18
 20
38.37
 10
-31.18
 20
38.410000000000004
 10
-31.22
 20
38.49
 10
-31.22
 20
38.550000000000004
 10
-31.24
 20
38.57
 10
-31.24
 20
38.61000000000001
 10
-31.259999999999998
 20
38.63
 10
-31.259999999999998
 20
38.67
 10
-31.279999999999998
 20
38.690000000000005
 10
-31.299999999999997
 20
38.79
 10
-31.319999999999997
 20
38.81
 10
-31.319999999999997
 20
38.85
 10
-31.339999999999996
 20
38.87
 10
-31.339999999999996
 20
38.910000000000004
 10
-31.38
 20
38.99
 10
-31.38
 20
39.050000000000004
 10
-31.419999999999998
 20
39.13
 10
-31.49
 20
39.2
 10
-31.569999999999997
 20
39.24
 10
-31.689999999999998
 20
39.26
 10
-31.72
 20
39.29
 10
-31.72
 20
39.330000000000005
 10
-31.74
 20
39.35
 10
-31.74
 20
40.13
 10
-31.759999999999998
 20
40.15
 10
-31.759999999999998
 20
40.23
 10
-31.779999999999998
 20
40.25
 10
-31.799999999999997
 20
40.35
 10
-31.819999999999997
 20
40.37
 10
-31.839999999999996
 20
40.470000000000006
 10
-31.86
 20
40.49
 10
-31.86
 20
40.53
 10
-31.88
 20
40.550000000000004
 10
-31.9
 20
40.65
 10
-31.919999999999998
 20
40.67
 10
-31.919999999999998
 20
41.67
 10
-31.9
 20
41.690000000000005
 10
-31.9
 20
41.73
 10
-31.83
 20
41.78
 10
-31.669999999999998
 20
41.82
 10
-31.61
 20
41.86000000000001
 10
-31.569999999999997
 20
41.86000000000001
 10
-31.49
 20
41.9
 10
-31.45
 20
41.9
 10
-31.43
 20
41.92
 10
-31.389999999999997
 20
41.92
 10
-31.369999999999997
 20
41.940000000000005
 10
-31.27
 20
41.96
 10
-31.209999999999997
 20
42.0
 10
-31.169999999999998
 20
42.0
 10
-31.15
 20
42.02
 10
-31.11
 20
42.02
 10
-31.029999999999998
 20
42.06
 10
-30.99
 20
42.06
 10
-30.97
 20
42.080000000000005
 10
-30.93
 20
42.080000000000005
 10
-30.869999999999997
 20
42.12
 10
-30.83
 20
42.12
 10
-30.749999999999996
 20
42.160000000000004
 10
-30.709999999999997
 20
42.160000000000004
 10
-30.63
 20
42.2
 10
-30.589999999999996
 20
42.2
 10
-30.569999999999997
 20
42.220000000000006
 10
-30.529999999999998
 20
42.220000000000006
 10
-30.47
 20
42.26
 10
-30.43
 20
42.26
 10
-30.409999999999997
 20
42.28
 10
-30.369999999999997
 20
42.28
 10
-30.349999999999998
 20
42.300000000000004
 10
-30.249999999999996
 20
42.32
 10
-30.229999999999997
 20
42.339999999999996
 10
-30.189999999999998
 20
42.339999999999996
 10
-30.13
 20
42.38
 10
-30.089999999999996
 20
42.38
 10
-30.009999999999998
 20
42.42
 10
-29.97
 20
42.42
 10
-29.95
 20
42.440000000000005
 10
-29.79
 20
42.48
 10
-29.729999999999997
 20
42.52
 10
-29.63
 20
42.54
 10
-29.61
 20
42.56
 10
-29.569999999999997
 20
42.56
 10
-29.49
 20
42.6
 10
-29.45
 20
42.6
 10
-29.33
 20
42.660000000000004
 10
-29.259999999999998
 20
42.73
 10
-29.22
 20
42.81
 10
-29.22
 20
42.89
 10
-29.2
 20
42.910000000000004
 10
-29.2
 20
42.95
 10
-29.169999999999998
 20
42.98
 10
-29.13
 20
42.98
 10
-29.11
 20
43.0
 10
-27.47
 20
43.0
 10
-27.45
 20
42.98
 10
-27.409999999999997
 20
42.98
 10
-27.36
 20
42.93
 10
-27.36
 20
42.89
 10
-27.319999999999997
 20
42.81
 10
-27.299999999999997
 20
42.71
 10
-27.279999999999998
 20
42.690000000000005
 10
-27.279999999999998
 20
42.65
 10
-27.259999999999998
 20
42.63
 10
-27.259999999999998
 20
42.57
 10
-27.24
 20
42.550000000000004
 10
-27.2
 20
42.39
 10
-27.159999999999997
 20
42.31
 10
-27.139999999999997
 20
42.21
 10
-27.119999999999997
 20
42.190000000000005
 10
-27.119999999999997
 20
42.13
 10
-27.099999999999998
 20
42.11000000000001
 10
-27.08
 20
42.01
 10
-27.06
 20
41.99
 10
-27.04
 20
41.89
 10
-27.02
 20
41.87
 10
-27.02
 20
41.830000000000005
 10
-26.979999999999997
 20
41.75
 10
-26.979999999999997
 20
41.690000000000005
 10
-26.939999999999998
 20
41.61000000000001
 10
-26.939999999999998
 20
41.57
 10
-26.919999999999998
 20
41.550000000000004
 10
-26.919999999999998
 20
41.51
 10
-26.9
 20
41.49
 10
-26.86
 20
41.330000000000005
 10
-26.839999999999996
 20
41.31
 10
-26.839999999999996
 20
41.25
 10
-26.799999999999997
 20
41.17
 10
-26.799999999999997
 20
41.13
 10
-26.779999999999998
 20
41.11000000000001
 10
-26.779999999999998
 20
41.07
 10
-26.759999999999998
 20
41.050000000000004
 10
-26.72
 20
40.89
 10
-26.7
 20
40.87
 10
-26.7
 20
40.81
 10
-26.68
 20
40.79
 10
-26.68
 20
40.75
 10
-26.639999999999997
 20
40.67
 10
-26.639999999999997
 20
40.63
 10
-26.619999999999997
 20
40.61000000000001
 10
-26.58
 20
40.45
 10
-26.56
 20
40.43
 10
-26.56
 20
40.37
 10
-26.54
 20
40.35
 10
-26.54
 20
40.31
 10
-26.52
 20
40.29
 10
-26.52
 20
40.25
 10
-26.479999999999997
 20
40.17
 10
-26.479999999999997
 20
40.13
 10
-26.459999999999997
 20
40.11000000000001
 10
-26.439999999999998
 20
40.01
 10
-26.4
 20
39.93
 10
-26.31
 20
39.839999999999996
 10
-26.229999999999997
 20
39.800000000000004
 10
-26.189999999999998
 20
39.800000000000004
 10
-26.169999999999998
 20
39.78
 10
-26.13
 20
39.78
 10
-26.099999999999998
 20
39.75
 10
-26.099999999999998
 20
39.71
 10
-26.08
 20
39.690000000000005
 10
-26.08
 20
38.910000000000004
 10
-26.06
 20
38.89
 10
-26.06
 20
38.81
 10
-26.04
 20
38.79
 10
-26.02
 20
38.690000000000005
 10
-25.999999999999996
 20
38.67
 10
-25.999999999999996
 20
38.63
 10
-25.979999999999997
 20
38.61000000000001
 10
-25.959999999999997
 20
38.49
 10
-25.939999999999998
 20
38.470000000000006
 10
-25.919999999999998
 20
38.37
 10
-25.9
 20
38.35
 10
-25.88
 20
38.25
 10
-25.839999999999996
 20
38.17
 10
-25.839999999999996
 20
38.13
 10
-25.819999999999997
 20
38.11000000000001
 10
-25.819999999999997
 20
38.07
 10
-25.799999999999997
 20
38.050000000000004
 10
-25.799999999999997
 20
37.99
 10
-25.779999999999998
 20
37.970000000000006
 10
-25.759999999999998
 20
37.87
 10
-25.74
 20
37.85
 10
-25.72
 20
37.75
 10
-25.679999999999996
 20
37.67
 10
-25.679999999999996
 20
37.63
 10
-25.659999999999997
 20
37.61000000000001
 10
-25.659999999999997
 20
37.57
 10
-25.639999999999997
 20
37.550000000000004
 10
-25.639999999999997
 20
37.49
 10
-25.619999999999997
 20
37.470000000000006
 10
-25.599999999999998
 20
37.37
 10
-25.58
 20
37.35
 10
-25.56
 20
37.25
 10
-25.52
 20
37.17
 10
-25.52
 20
37.13
 10
-25.479999999999997
 20
37.050000000000004
 10
-25.479999999999997
 20
36.99
 10
-25.459999999999997
 20
36.970000000000006
 10
-25.439999999999998
 20
36.87
 10
-25.419999999999998
 20
36.85
 10
-25.4
 20
36.75
 10
-25.36
 20
36.67
 10
-25.36
 20
36.63
 10
-25.319999999999997
 20
36.550000000000004
 10
-25.319999999999997
 20
36.49
 10
-25.299999999999997
 20
36.470000000000006
 10
-25.279999999999998
 20
36.37
 10
-25.259999999999998
 20
36.35
 10
-25.24
 20
36.25
 10
-25.2
 20
36.17
 10
-25.2
 20
36.13
 10
-25.159999999999997
 20
36.050000000000004
 10
-25.159999999999997
 20
35.99
 10
-25.139999999999997
 20
35.970000000000006
 10
-25.139999999999997
 20
35.93
 10
-25.119999999999997
 20
35.910000000000004
 10
-25.119999999999997
 20
35.87
 10
-25.099999999999998
 20
35.85
 10
-25.08
 20
35.75
 10
-25.04
 20
35.67
 10
-25.04
 20
35.63
 10
-25.02
 20
35.61000000000001
 10
-25.02
 20
35.57
 10
-24.999999999999996
 20
35.550000000000004
 10
-24.999999999999996
 20
35.49
 10
-24.979999999999997
 20
35.470000000000006
 10
-24.979999999999997
 20
35.43
 10
-24.959999999999997
 20
35.410000000000004
 10
-24.959999999999997
 20
35.37
 10
-24.939999999999998
 20
35.35
 10
-24.919999999999998
 20
35.25
 10
-24.88
 20
35.17
 10
-24.88
 20
35.13
 10
-24.86
 20
35.11000000000001
 10
-24.86
 20
35.07
 10
-24.839999999999996
 20
35.050000000000004
 10
-24.839999999999996
 20
34.99
 10
-24.819999999999997
 20
34.970000000000006
 10
-24.819999999999997
 20
34.93
 10
-24.799999999999997
 20
34.910000000000004
 10
-24.799999999999997
 20
34.87
 10
-24.779999999999998
 20
34.85
 10
-24.759999999999998
 20
34.75
 10
-24.72
 20
34.67
 10
-24.72
 20
34.63
 10
-24.7
 20
34.61000000000001
 10
-24.7
 20
34.57
 10
-24.679999999999996
 20
34.550000000000004
 10
-24.679999999999996
 20
34.49
 10
-24.659999999999997
 20
34.470000000000006
 10
-24.659999999999997
 20
34.43
 10
-24.639999999999997
 20
34.410000000000004
 10
-24.639999999999997
 20
34.37
 10
-24.619999999999997
 20
34.35
 10
-24.599999999999998
 20
34.25
 10
-24.56
 20
34.17
 10
-24.56
 20
34.13
 10
-24.54
 20
34.11000000000001
 10
-24.54
 20
34.07
 10
-24.52
 20
34.050000000000004
 10
-24.52
 20
33.99
 10
-24.499999999999996
 20
33.970000000000006
 10
-24.479999999999997
 20
33.87
 10
-24.459999999999997
 20
33.85
 10
-24.439999999999998
 20
33.75
 10
-24.4
 20
33.67
 10
-24.4
 20
33.63
 10
-24.38
 20
33.61000000000001
 10
-24.38
 20
33.57
 10
-24.36
 20
33.550000000000004
 10
-24.36
 20
33.49
 10
-24.339999999999996
 20
33.470000000000006
 10
-24.319999999999997
 20
33.37
 10
-24.299999999999997
 20
33.35
 10
-24.279999999999998
 20
33.25
 10
-24.24
 20
33.17
 10
-24.24
 20
33.13
 10
-24.22
 20
33.11000000000001
 10
-24.22
 20
33.07
 10
-24.2
 20
33.050000000000004
 10
-24.2
 20
32.99
 10
-24.179999999999996
 20
32.970000000000006
 10
-24.159999999999997
 20
32.87
 10
-24.139999999999997
 20
32.85
 10
-24.119999999999997
 20
32.75
 10
-24.08
 20
32.67
 10
-24.08
 20
32.63
 10
-24.06
 20
32.61000000000001
 10
-24.06
 20
32.57
 10
-24.04
 20
32.550000000000004
 10
-24.04
 20
32.49
 10
-24.02
 20
32.470000000000006
 10
-24.02
 20
32.43
 10
-23.999999999999996
 20
32.410000000000004
 10
-23.999999999999996
 20
32.37
 10
-23.979999999999997
 20
32.35
 10
-23.959999999999997
 20
32.25
 10
-23.919999999999998
 20
32.17
 10
-23.919999999999998
 20
32.13
 10
-23.9
 20
32.11000000000001
 10
-23.9
 20
32.07
 10
-23.88
 20
32.050000000000004
 10
-23.88
 20
31.99
 10
-23.86
 20
31.97
 10
-23.86
 20
31.929999999999996
 10
-23.839999999999996
 20
31.909999999999997
 10
-23.799999999999997
 20
31.749999999999996
 10
-23.779999999999998
 20
31.729999999999997
 10
-23.74
 20
31.569999999999997
 10
-23.72
 20
31.549999999999997
 10
-23.72
 20
31.49
 10
-23.7
 20
31.47
 10
-23.7
 20
31.429999999999996
 10
-23.679999999999996
 20
31.409999999999997
 10
-23.639999999999997
 20
31.249999999999996
 10
-23.619999999999997
 20
31.229999999999997
 10
-23.58
 20
31.069999999999997
 10
-23.56
 20
31.049999999999997
 10
-23.56
 20
30.99
 10
-23.52
 20
30.909999999999997
 10
-23.45
 20
30.839999999999996
 10
-23.369999999999997
 20
30.799999999999997
 10
-23.249999999999996
 20
30.779999999999998
 10
-23.22
 20
30.749999999999996
 10
-23.22
 20
30.709999999999997
 10
-23.2
 20
30.689999999999998
 10
-23.2
 20
29.909999999999997
 10
-23.179999999999996
 20
29.889999999999997
 10
-23.179999999999996
 20
29.81
 10
-23.159999999999997
 20
29.79
 10
-23.159999999999997
 20
29.749999999999996
 10
-23.139999999999997
 20
29.729999999999997
 10
-23.099999999999998
 20
29.569999999999997
 10
-23.08
 20
29.549999999999997
 10
-23.08
 20
29.49
 10
-23.06
 20
29.47
 10
-23.02
 20
29.31
 10
-22.999999999999996
 20
29.29
 10
-22.999999999999996
 20
29.249999999999996
 10
-22.979999999999997
 20
29.229999999999997
 10
-22.979999999999997
 20
29.189999999999998
 10
-22.939999999999998
 20
29.11
 10
-22.939999999999998
 20
29.069999999999997
 10
-22.919999999999998
 20
29.049999999999997
 10
-22.9
 20
28.929999999999996
 10
-22.88
 20
28.909999999999997
 10
-22.86
 20
28.81
 10
-22.839999999999996
 20
28.79
 10
-22.839999999999996
 20
28.749999999999996
 10
-22.819999999999997
 20
28.729999999999997
 10
-22.779999999999998
 20
28.569999999999997
 10
-22.759999999999998
 20
28.549999999999997
 10
-22.759999999999998
 20
28.49
 10
-22.74
 20
28.47
 10
-22.74
 20
28.429999999999996
 10
-22.72
 20
28.409999999999997
 10
-22.7
 20
28.31
 10
-22.679999999999996
 20
28.29
 10
-22.679999999999996
 20
28.249999999999996
 10
-22.659999999999997
 20
28.229999999999997
 10
-22.619999999999997
 20
28.069999999999997
 10
-22.599999999999998
 20
28.049999999999997
 10
-22.599999999999998
 20
27.99
 10
-22.56
 20
27.91
 10
-22.52
 20
27.749999999999996
 10
-22.499999999999996
 20
27.73
 10
-22.459999999999997
 20
27.569999999999997
 10
-22.439999999999998
 20
27.55
 10
-22.439999999999998
 20
27.49
 10
-22.4
 20
27.41
 10
-22.36
 20
27.249999999999996
 10
-22.339999999999996
 20
27.23
 10
-22.299999999999997
 20
27.069999999999997
 10
-22.279999999999998
 20
27.05
 10
-22.279999999999998
 20
26.99
 10
-22.24
 20
26.91
 10
-22.2
 20
26.749999999999996
 10
-22.179999999999996
 20
26.73
 10
-22.139999999999997
 20
26.569999999999997
 10
-22.119999999999997
 20
26.55
 10
-22.119999999999997
 20
26.49
 10
-22.08
 20
26.41
 10
-22.04
 20
26.249999999999996
 10
-22.02
 20
26.23
 10
-22.02
 20
26.19
 10
-21.999999999999996
 20
26.169999999999998
 10
-21.979999999999997
 20
26.069999999999997
 10
-21.959999999999997
 20
26.05
 10
-21.959999999999997
 20
25.99
 10
-21.919999999999998
 20
25.91
 10
-21.88
 20
25.749999999999996
 10
-21.86
 20
25.73
 10
-21.86
 20
25.689999999999994
 10
-21.839999999999996
 20
25.669999999999998
 10
-21.819999999999997
 20
25.569999999999997
 10
-21.799999999999997
 20
25.55
 10
-21.799999999999997
 20
25.49
 10
-21.759999999999998
 20
25.41
 10
-21.72
 20
25.249999999999996
 10
-21.7
 20
25.23
 10
-21.7
 20
25.189999999999994
 10
-21.679999999999996
 20
25.169999999999998
 10
-21.659999999999997
 20
25.069999999999997
 10
-21.639999999999997
 20
25.05
 10
-21.639999999999997
 20
24.99
 10
-21.599999999999998
 20
24.91
 10
-21.599999999999998
 20
24.87
 10
-21.58
 20
24.849999999999998
 10
-21.56
 20
24.749999999999996
 10
-21.54
 20
24.73
 10
-21.52
 20
24.63
 10
-21.499999999999996
 20
24.609999999999996
 10
-21.499999999999996
 20
24.569999999999997
 10
-21.479999999999997
 20
24.55
 10
-21.479999999999997
 20
24.49
 10
-21.439999999999998
 20
24.41
 10
-21.439999999999998
 20
24.37
 10
-21.419999999999998
 20
24.349999999999998
 10
-21.4
 20
24.249999999999996
 10
-21.38
 20
24.23
 10
-21.36
 20
24.13
 10
-21.339999999999996
 20
24.109999999999996
 10
-21.339999999999996
 20
24.069999999999997
 10
-21.319999999999997
 20
24.05
 10
-21.319999999999997
 20
23.99
 10
-21.279999999999998
 20
23.91
 10
-21.279999999999998
 20
23.87
 10
-21.259999999999998
 20
23.849999999999998
 10
-21.24
 20
23.749999999999996
 10
-21.22
 20
23.73
 10
-21.2
 20
23.63
 10
-21.179999999999996
 20
23.609999999999996
 10
-21.179999999999996
 20
23.569999999999997
 10
-21.159999999999997
 20
23.55
 10
-21.159999999999997
 20
23.49
 10
-21.119999999999997
 20
23.41
 10
-21.08
 20
23.249999999999996
 10
-21.06
 20
23.23
 10
-21.02
 20
23.069999999999997
 10
-20.999999999999996
 20
23.05
 10
-20.999999999999996
 20
22.99
 10
-20.959999999999997
 20
22.91
 10
-20.919999999999998
 20
22.749999999999996
 10
-20.9
 20
22.73
 10
-20.86
 20
22.569999999999997
 10
-20.839999999999996
 20
22.55
 10
-20.839999999999996
 20
22.49
 10
-20.799999999999997
 20
22.41
 10
-20.759999999999998
 20
22.249999999999996
 10
-20.74
 20
22.23
 10
-20.7
 20
22.069999999999997
 10
-20.679999999999996
 20
22.05
 10
-20.679999999999996
 20
21.99
 10
-20.639999999999997
 20
21.91
 10
-20.569999999999997
 20
21.84
 10
-20.49
 20
21.8
 10
-20.369999999999997
 20
21.779999999999998
 10
-20.339999999999996
 20
21.749999999999996
 10
-20.339999999999996
 20
21.709999999999997
 10
-20.319999999999997
 20
21.689999999999994
 10
-20.319999999999997
 20
20.91
 10
-20.299999999999997
 20
20.889999999999997
 10
-20.299999999999997
 20
20.81
 10
-20.279999999999998
 20
20.789999999999996
 10
-20.279999999999998
 20
20.749999999999996
 10
-20.259999999999998
 20
20.73
 10
-20.259999999999998
 20
20.669999999999998
 10
-20.24
 20
20.649999999999995
 10
-20.2
 20
20.49
 10
-20.179999999999996
 20
20.469999999999995
 10
-20.179999999999996
 20
20.429999999999996
 10
-20.139999999999997
 20
20.349999999999998
 10
-20.139999999999997
 20
19.329999999999995
 10
-20.159999999999997
 20
19.31
 10
-20.159999999999997
 20
19.27
 10
-20.189999999999998
 20
19.24
 10
-20.27
 20
19.219999999999995
 10
-20.33
 20
19.179999999999996
 10
-20.429999999999996
 20
19.16
 10
-20.509999999999998
 20
19.12
 10
-20.549999999999997
 20
19.12
 10
-20.569999999999997
 20
19.099999999999998
 10
-20.61
 20
19.099999999999998
 10
-20.669999999999998
 20
19.06
 10
-20.709999999999997
 20
19.06
 10
-20.729999999999997
 20
19.039999999999996
 10
-20.889999999999997
 20
18.999999999999996
 10
-20.95
 20
18.959999999999997
 10
-20.99
 20
18.959999999999997
 10
-21.009999999999998
 20
18.939999999999994
 10
-21.169999999999998
 20
18.899999999999995
 10
-21.229999999999997
 20
18.859999999999996
 10
-21.27
 20
18.859999999999996
 10
-21.349999999999998
 20
18.819999999999997
 10
-21.509999999999998
 20
18.779999999999998
 10
-21.569999999999997
 20
18.74
 10
-21.61
 20
18.74
 10
-21.63
 20
18.719999999999995
 10
-21.669999999999998
 20
18.719999999999995
 10
-21.749999999999996
 20
18.679999999999996
 10
-21.839999999999996
 20
18.59
 10
-21.88
 20
18.509999999999994
 10
-21.88
 20
18.469999999999995
 10
-21.9
 20
18.45
 10
-21.9
 20
18.41
 10
-21.929999999999996
 20
18.38
 10
-21.97
 20
18.38
 10
-21.99
 20
18.359999999999996
 10
-22.669999999999998
 20
18.359999999999996
 10
-22.689999999999998
 20
18.34
 10
-22.77
 20
18.34
 10
-22.79
 20
18.319999999999997
 10
-22.95
 20
18.279999999999998
 10
-23.009999999999998
 20
18.24
 10
-23.169999999999998
 20
18.2
 10
-23.249999999999996
 20
18.16
 10
-23.29
 20
18.16
 10
-23.349999999999998
 20
18.12
 10
-23.389999999999997
 20
18.12
 10
-23.47
 20
18.079999999999995
 10
-23.569999999999997
 20
18.06
 10
-23.589999999999996
 20
18.039999999999996
 10
-24.61
 20
18.039999999999996
 97
0
 75
1
 76
1
 52
0.0
 41
0.05
 77
0
 78
1
 53
45.0
 43
0.0
 44
0.0
 45
-0.1122532015
 46
0.1122532015
 79
0
 98
0
  0
MTEXT
  5
D8
330
17
100
AcDbEntity
  8
BLINDING-LABEL
100
AcDbMText
 10
-26.03
 20
30.519999999999996
 30
0.0
 40
0.25
 71
5
  1
Raft / mat 80 cm\P126.34 m²
  0
LWPOLYLINE
  5
DB
330
17
100
AcDbEntity
  8
BLINDING-WATER-TANK
100
AcDbPolyline
 90
127
 70
1
 10
17.650000000000002
 20
11.259999999999996
 10
18.990000000000006
 20
11.259999999999996
 10
19.01
 20
11.28
 10
19.09
 20
11.28
 10
19.169999999999998
 20
11.319999999999999
 10
19.26
 20
11.410000000000002
 10
19.300000000000008
 20
11.49
 10
19.300000000000008
 20
11.569999999999999
 10
19.320000000000004
 20
11.590000000000002
 10
19.320000000000004
 20
11.789999999999997
 10
19.34
 20
11.81
 10
19.34
 20
11.99
 10
19.36000000000001
 20
12.009999999999996
 10
19.36000000000001
 20
12.209999999999999
 10
19.380000000000006
 20
12.230000000000002
 10
19.380000000000006
 20
12.429999999999998
 10
19.400000000000002
 20
12.450000000000001
 10
19.400000000000002
 20
12.649999999999997
 10
19.419999999999998
 20
12.67
 10
19.419999999999998
 20
12.870000000000003
 10
19.44000000000001
 20
12.889999999999999
 10
19.44000000000001
 20
13.090000000000002
 10
19.460000000000004
 20
13.109999999999998
 10
19.460000000000004
 20
13.289999999999997
 10
19.48
 20
13.31
 10
19.48
 20
13.509999999999996
 10
19.499999999999996
 20
13.53
 10
19.499999999999996
 20
13.730000000000002
 10
19.520000000000007
 20
13.749999999999998
 10
19.520000000000007
 20
13.950000000000001
 10
19.540000000000003
 20
13.969999999999997
 10
19.540000000000003
 20
14.17
 10
19.56
 20
14.189999999999996
 10
19.56
 20
14.389999999999999
 10
19.58000000000001
 20
14.410000000000002
 10
19.58000000000001
 20
14.590000000000002
 10
19.600000000000005
 20
14.609999999999998
 10
19.600000000000005
 20
14.81
 10
19.62
 20
14.829999999999997
 10
19.62
 20
15.03
 10
19.639999999999997
 20
15.050000000000002
 10
19.639999999999997
 20
15.249999999999998
 10
19.660000000000007
 20
15.270000000000001
 10
19.660000000000007
 20
15.469999999999997
 10
19.680000000000003
 20
15.49
 10
19.680000000000003
 20
15.689999999999996
 10
19.7
 20
15.709999999999999
 10
19.7
 20
15.910000000000002
 10
19.72000000000001
 20
15.929999999999998
 10
19.72000000000001
 20
16.109999999999996
 10
19.740000000000006
 20
16.13
 10
19.740000000000006
 20
16.329999999999995
 10
19.76
 20
16.349999999999998
 10
19.76
 20
16.55
 10
19.779999999999998
 20
16.569999999999997
 10
19.779999999999998
 20
16.609999999999996
 10
19.83000000000001
 20
16.66
 10
19.87
 20
16.66
 10
19.889999999999997
 20
16.679999999999996
 10
22.710000000000004
 20
16.679999999999996
 10
22.73
 20
16.66
 10
22.770000000000007
 20
16.66
 10
22.800000000000008
 20
16.63
 10
22.800000000000008
 20
16.59
 10
22.820000000000004
 20
16.569999999999997
 10
22.84
 20
16.27
 10
22.86000000000001
 20
16.249999999999996
 10
22.86000000000001
 20
16.09
 10
22.880000000000006
 20
16.069999999999997
 10
22.880000000000006
 20
15.929999999999998
 10
22.900000000000002
 20
15.910000000000002
 10
22.900000000000002
 20
15.749999999999998
 10
22.919999999999998
 20
15.730000000000002
 10
22.919999999999998
 20
15.590000000000002
 10
22.94000000000001
 20
15.569999999999999
 10
22.94000000000001
 20
15.429999999999998
 10
22.960000000000004
 20
15.410000000000002
 10
22.960000000000004
 20
15.249999999999998
 10
22.98
 20
15.230000000000002
 10
22.98
 20
15.090000000000002
 10
22.999999999999996
 20
15.069999999999999
 10
22.999999999999996
 20
14.910000000000002
 10
23.020000000000007
 20
14.889999999999999
 10
23.020000000000007
 20
14.749999999999998
 10
23.040000000000003
 20
14.730000000000002
 10
23.040000000000003
 20
14.590000000000002
 10
23.06
 20
14.569999999999999
 10
23.06
 20
14.410000000000002
 10
23.08000000000001
 20
14.389999999999999
 10
23.08000000000001
 20
14.249999999999998
 10
23.100000000000005
 20
14.230000000000002
 10
23.100000000000005
 20
14.069999999999999
 10
23.12
 20
14.050000000000002
 10
23.139999999999997
 20
13.749999999999998
 10
23.160000000000007
 20
13.730000000000002
 10
23.160000000000007
 20
13.569999999999999
 10
23.180000000000003
 20
13.550000000000002
 10
23.180000000000003
 20
13.410000000000002
 10
23.2
 20
13.389999999999999
 10
23.2
 20
13.230000000000002
 10
23.22000000000001
 20
13.209999999999999
 10
23.22000000000001
 20
13.069999999999999
 10
23.240000000000006
 20
13.050000000000002
 10
23.240000000000006
 20
12.910000000000002
 10
23.26
 20
12.889999999999999
 10
23.26
 20
11.730000000000002
 10
23.22000000000001
 20
11.649999999999997
 10
23.169999999999998
 20
11.639999999999999
 10
23.150000000000002
 20
11.619999999999996
 10
21.650000000000002
 20
11.619999999999996
 10
21.630000000000006
 20
11.6
 10
21.550000000000008
 20
11.6
 10
21.47000000000001
 20
11.56
 10
21.400000000000002
 20
11.49
 10
21.36000000000001
 20
11.410000000000002
 10
21.36000000000001
 20
11.329999999999997
 10
21.34
 20
11.31
 10
21.34
 20
11.270000000000001
 10
21.36000000000001
 20
11.249999999999998
 10
21.36000000000001
 20
9.950000000000001
 10
21.380000000000006
 20
9.929999999999998
 10
21.380000000000006
 20
8.829999999999997
 10
21.36000000000001
 20
8.81
 10
21.36000000000001
 20
7.5500000000000025
 10
21.35177284042351
 20
7.533545680847006
 10
21.35177284042351
 20
11.24880979192883
 10
17.638809791928836
 20
11.24880979192883
  0
HATCH
  5
DC
330
17
100
AcDbEntity
  8
BLINDING-WATER-TANK-HATCH
 62
7
100
AcDbHatch
 10
0.0
 20
0.0
 30
0.0
210
0.0
220
0.0
230
1.0
  2
ANSI31
 70
0
 71
0
 91
1
 92
3
 72
0
 73
1
 93
127
 10
17.650000000000002
 20
11.259999999999996
 10
18.990000000000006
 20
11.259999999999996
 10
19.01
 20
11.28
 10
19.09
 20
11.28
 10
19.169999999999998
 20
11.319999999999999
 10
19.26
 20
11.410000000000002
 10
19.300000000000008
 20
11.49
 10
19.300000000000008
 20
11.569999999999999
 10
19.320000000000004
 20
11.590000000000002
 10
19.320000000000004
 20
11.789999999999997
 10
19.34
 20
11.81
 10
19.34
 20
11.99
 10
19.36000000000001
 20
12.009999999999996
 10
19.36000000000001
 20
12.209999999999999
 10
19.380000000000006
 20
12.230000000000002
 10
19.380000000000006
 20
12.429999999999998
 10
19.400000000000002
 20
12.450000000000001
 10
19.400000000000002
 20
12.649999999999997
 10
19.419999999999998
 20
12.67
 10
19.419999999999998
 20
12.870000000000003
 10
19.44000000000001
 20
12.889999999999999
 10
19.44000000000001
 20
13.090000000000002
 10
19.460000000000004
 20
13.109999999999998
 10
19.460000000000004
 20
13.289999999999997
 10
19.48
 20
13.31
 10
19.48
 20
13.509999999999996
 10
19.499999999999996
 20
13.53
 10
19.499999999999996
 20
13.730000000000002
 10
19.520000000000007
 20
13.749999999999998
 10
19.520000000000007
 20
13.950000000000001
 10
19.540000000000003
 20
13.969999999999997
 10
19.540000000000003
 20
14.17
 10
19.56
 20
14.189999999999996
 10
19.56
 20
14.389999999999999
 10
19.58000000000001
 20
14.410000000000002
 10
19.58000000000001
 20
14.590000000000002
 10
19.600000000000005
 20
14.609999999999998
 10
19.600000000000005
 20
14.81
 10
19.62
 20
14.829999999999997
 10
19.62
 20
15.03
 10
19.639999999999997
 20
15.050000000000002
 10
19.639999999999997
 20
15.249999999999998
 10
19.660000000000007
 20
15.270000000000001
 10
19.660000000000007
 20
15.469999999999997
 10
19.680000000000003
 20
15.49
 10
19.680000000000003
 20
15.689999999999996
 10
19.7
 20
15.709999999999999
 10
19.7
 20
15.910000000000002
 10
19.72000000000001
 20
15.929999999999998
 10
19.72000000000001
 20
16.109999999999996
 10
19.740000000000006
 20
16.13
 10
19.740000000000006
 20
16.329999999999995
 10
19.76
 20
16.349999999999998
 10
19.76
 20
16.55
 10
19.779999999999998
 20
16.569999999999997
 10
19.779999999999998
 20
16.609999999999996
 10
19.83000000000001
 20
16.66
 10
19.87
 20
16.66
 10
19.889999999999997
 20
16.679999999999996
 10
22.710000000000004
 20
16.679999999999996
 10
22.73
 20
16.66
 10
22.770000000000007
 20
16.66
 10
22.800000000000008
 20
16.63
 10
22.800000000000008
 20
16.59
 10
22.820000000000004
 20
16.569999999999997
 10
22.84
 20
16.27
 10
22.86000000000001
 20
16.249999999999996
 10
22.86000000000001
 20
16.09
 10
22.880000000000006
 20
16.069999999999997
 10
22.880000000000006
 20
15.929999999999998
 10
22.900000000000002
 20
15.910000000000002
 10
22.900000000000002
 20
15.749999999999998
 10
22.919999999999998
 20
15.730000000000002
 10
22.919999999999998
 20
15.590000000000002
 10
22.94000000000001
 20
15.569999999999999
 10
22.94000000000001
 20
15.429999999999998
 10
22.960000000000004
 20
15.410000000000002
 10
22.960000000000004
 20
15.249999999999998
 10
22.98
 20
15.230000000000002
 10
22.98
 20
15.090000000000002
 10
22.999999999999996
 20
15.069999999999999
 10
22.999999999999996
 20
14.910000000000002
 10
23.020000000000007
 20
14.889999999999999
 10
23.020000000000007
 20
14.749999999999998
 10
23.040000000000003
 20
14.730000000000002
 10
23.040000000000003
 20
14.590000000000002
 10
23.06
 20
14.569999999999999
 10
23.06
 20
14.410000000000002
 10
23.08000000000001
 20
14.389999999999999
 10
23.08000000000001
 20
14.249999999999998
 10
23.100000000000005
 20
14.230000000000002
 10
23.100000000000005
 20
14.069999999999999
 10
23.12
 20
14.050000000000002
 10
23.139999999999997
 20
13.749999999999998
 10
23.160000000000007
 20
13.730000000000002
 10
23.160000000000007
 20
13.569999999999999
 10
23.180000000000003
 20
13.550000000000002
 10
23.180000000000003
 20
13.410000000000002
 10
23.2
 20
13.389999999999999
 10
23.2
 20
13.230000000000002
 10
23.22000000000001
 20
13.209999999999999
 10
23.22000000000001
 20
13.069999999999999
 10
23.240000000000006
 20
13.050000000000002
 10
23.240000000000006
 20
12.910000000000002
 10
23.26
 20
12.889999999999999
 10
23.26
 20
11.730000000000002
 10
23.22000000000001
 20
11.649999999999997
 10
23.169999999999998
 20
11.639999999999999
 10
23.150000000000002
 20
11.619999999999996
 10
21.650000000000002
 20
11.619999999999996
 10
21.630000000000006
 20
11.6
 10
21.550000000000008
 20
11.6
 10
21.47000000000001
 20
11.56
 10
21.400000000000002
 20
11.49
 10
21.36000000000001
 20
11.410000000000002
 10
21.36000000000001
 20
11.329999999999997
 10
21.34
 20
11.31
 10
21.34
 20
11.270000000000001
 10
21.36000000000001
 20
11.249999999999998
 10
21.36000000000001
 20
9.950000000000001
 10
21.380000000000006
 20
9.929999999999998
 10
21.380000000000006
 20
8.829999999999997
 10
21.36000000000001
 20
8.81
 10
21.36000000000001
 20
7.5500000000000025
 10
21.35177284042351
 20
7.533545680847006
 10
21.35177284042351
 20
11.24880979192883
 10
17.638809791928836
 20
11.24880979192883
 97
0
 75
1
 76
1
 52
0.0
 41
0.05
 77
0
 78
1
 53
45.0
 43
0.0
 44
0.0
 45
-0.1122532015
 46
0.1122532015
 79
0
 98
0
  0
MTEXT
  5
DD
330
17
100
AcDbEntity
  8
BLINDING-LABEL
100
AcDbMText
 10
21.310000000000006
 20
12.109999999999998
 30
0.0
 40
0.25
 71
5
  1
Water tank base 40 cm\P18.76 m²
  0
MTEXT
  5
DE
330
17
100
AcDbEntity
  8
BLINDING-LABEL
100
AcDbMText
 10
-16.29822715957641
 20
49.7988097919287
 30
0.0
 40
0.22
 71
5
  1
1 - F4\P17.64 m²
  0
MTEXT
  5
DF
330
17
100
AcDbEntity
  8
BLINDING-LABEL
100
AcDbMText
 10
-9.098227159576368
 20
49.798809791928704
 30
0.0
 40
0.22
 71
5
  1
2 - F5\P16.00 m²
  0
MTEXT
  5
E0
330
17
100
AcDbEntity
  8
BLINDING-LABEL
100
AcDbMText
 10
2.101772840423678
 20
49.798809791928704
 30
0.0
 40
0.22
 71
5
  1
3 - F5\P16.00 m²
  0
MTEXT
  5
E1
330
17
100
AcDbEntity
  8
BLINDING-LABEL
100
AcDbMText
 10
-16.29822715957641
 20
41.57380979192883
 30
0.0
 40
0.22
 71
5
  1
4 - F6\P46.54 m²
  0
MTEXT
  5
E2
330
17
100
AcDbEntity
  8
BLINDING-LABEL
100
AcDbMText
 10
-9.098227159576368
 20
41.6738097919288
 30
0.0
 40
0.22
 71
5
  1
5 - F7\P59.21 m²
  0
MTEXT
  5
E3
330
17
100
AcDbEntity
  8
BLINDING-LABEL
100
AcDbMText
 10
2.101772840423507
 20
41.673809791928974
 30
0.0
 40
0.22
 71
5
  1
6 - F7\P59.21 m²
  0
MTEXT
  5
E4
330
17
100
AcDbEntity
  8
BLINDING-LABEL
100
AcDbMText
 10
-16.298227159576527
 20
30.49880979192892
 30
0.0
 40
0.22
 71
5
  1
7 - F1\P28.09 m²
  0
MTEXT
  5
E5
330
17
100
AcDbEntity
  8
BLINDING-LABEL
100
AcDbMText
 10
-9.098227159576536
 20
30.49880979192892
 30
0.0
 40
0.22
 71
5
  1
8 - F8\P44.89 m²
  0
MTEXT
  5
E6
330
17
100
AcDbEntity
  8
BLINDING-LABEL
100
AcDbMText
 10
2.1017728404234783
 20
30.49880979192892
 30
0.0
 40
0.22
 71
5
  1
9 - F9\P38.44 m²
  0
MTEXT
  5
E7
330
17
100
AcDbEntity
  8
BLINDING-LABEL
100
AcDbMText
 10
-16.298227159576527
 20
21.49880979192892
 30
0.0
 40
0.22
 71
5
  1
10 - F1\P28.09 m²
  0
MTEXT
  5
E8
330
17
100
AcDbEntity
  8
BLINDING-LABEL
100
AcDbMText
 10
-9.098227159576679
 20
21.49880979192909
 30
0.0
 40
0.22
 71
5
  1
11 - F10\P47.61 m²
  0
MTEXT
  5
E9
330
17
100
AcDbEntity
  8
BLINDING-LABEL
100
AcDbMText
 10
2.1017728404233935
 20
21.49880979192892
 30
0.0
 40
0.22
 71
5
  1
12 - F8\P44.89 m²
  0
MTEXT
  5
EA
330
17
100
AcDbEntity
  8
BLINDING-LABEL
100
AcDbMText
 10
19.451772840423505
 20
9.34880979192883
 30
0.0
 40
0.22
 71
5
  1
13 - F3\P14.44 m²
  0
MTEXT
  5
EB
330
17
100
AcDbEntity
  8
BLINDING-LABEL
100
AcDbMText
 10
11.2017728403913
 20
6.048809792043626
 30
0.0
 40
0.22
 71
5
  1
14 - F2\P5.25 m²
  0
MTEXT
  5
EC
330
17
100
AcDbEntity
  8
BLINDING-LABEL
100
AcDbMText
 10
15.30177284039122
 20
6.0488097920238015
 30
0.0
 40
0.22
 71
5
  1
15 - F2\P5.25 m²
  0
MTEXT
  5
ED
330
17
100
AcDbEntity
  8
BLINDING-LABEL
100
AcDbMText
 10
19.5
 20
6.048809792043568
 30
0.0
 40
0.22
 71
5
  1
16 - F2\P5.25 m²
  0
MTEXT
  5
EE
330
17
100
AcDbEntity
  8
BLINDING-LABEL
100
AcDbMText
 10
-50.0
 20
66.0
 30
0.0
 40
0.5
 71
7
  3
BLINDING OF FOUNDATIONS (ground beams excluded) - 100 mm\PIsolated footings F1-F10 (16 No.): 476.80 m²\PContinuous (strip) footings: 95.09 m²\PRaft / mat 50 cm: 77.23 m²\PRaft / mat 60 cm: 974.13 m²\PRaft / mat 80 cm: 261.78 m²\PWater tank base 40 cm
  1
: 18.76 m²\PTOTAL = 1903.78 m²
  0
ENDSEC
  0
SECTION
  2
OBJECTS
  0
DICTIONARY
  5
A
330
0
100
AcDbDictionary
281
1
  3
ACAD_COLOR
350
B
  3
ACAD_GROUP
350
C
  3
ACAD_LAYOUT
350
D
  3
ACAD_MATERIAL
350
E
  3
ACAD_MLEADERSTYLE
350
F
  3
ACAD_MLINESTYLE
350
10
  3
ACAD_PLOTSETTINGS
350
11
  3
ACAD_PLOTSTYLENAME
350
12
  3
ACAD_SCALELIST
350
14
  3
ACAD_TABLESTYLE
350
15
  3
ACAD_VISUALSTYLE
350
16
  3
EZDXF_META
350
2D
  0
DICTIONARY
  5
B
330
A
100
AcDbDictionary
281
1
  0
DICTIONARY
  5
C
330
A
100
AcDbDictionary
281
1
  0
DICTIONARY
  5
D
330
A
100
AcDbDictionary
281
1
  3
Model
350
1A
  3
Layout1
350
1E
  0
DICTIONARY
  5
E
330
A
100
AcDbDictionary
281
1
  3
ByBlock
350
1F
  3
ByLayer
350
20
  3
Global
350
21
  0
DICTIONARY
  5
F
330
A
100
AcDbDictionary
281
1
  3
Standard
350
2C
  0
DICTIONARY
  5
10
330
A
100
AcDbDictionary
281
1
  3
Standard
350
22
  0
DICTIONARY
  5
11
330
A
100
AcDbDictionary
281
1
  0
ACDBDICTIONARYWDFLT
  5
12
330
A
100
AcDbDictionary
281
1
  3
Normal
350
13
100
AcDbDictionaryWithDefault
340
13
  0
ACDBPLACEHOLDER
  5
13
330
12
  0
DICTIONARY
  5
14
330
A
100
AcDbDictionary
281
1
  0
DICTIONARY
  5
15
330
A
100
AcDbDictionary
281
1
  0
DICTIONARY
  5
16
330
A
100
AcDbDictionary
281
1
  3
2dWireframe
350
5A
  3
Basic
350
5B
  3
Brighten
350
5C
  3
ColorChange
350
5D
  3
Conceptual
350
5E
  3
Dim
350
5F
  3
EdgeColorOff
350
60
  3
Facepattern
350
61
  3
Flat
350
62
  3
FlatWithEdges
350
63
  3
Gouraud
350
64
  3
GouraudWithEdges
350
65
  3
Hidden
350
66
  3
JitterOff
350
67
  3
Linepattern
350
68
  3
Modeling
350
69
  3
OverhangOff
350
6A
  3
Realistic
350
6B
  3
Shaded
350
6C
  3
Shaded with edges
350
6D
  3
Shades of Gray
350
6E
  3
Sketchy
350
6F
  3
Thicken
350
70
  3
Wireframe
350
71
  3
X-Ray
350
72
  0
LAYOUT
  5
1A
330
D
100
AcDbPlotSettings
  1

  4
A3
  6

 40
7.5
 41
20.0
 42
7.5
 43
20.0
 44
420.0
 45
297.0
 46
0.0
 47
0.0
 48
0.0
 49
0.0
140
0.0
141
0.0
142
1.0
143
1.0
 70
1024
 72
1
 73
0
 74
5
  7

 75
16
 76
0
 77
2
 78
300
147
1.0
148
0.0
149
0.0
100
AcDbLayout
  1
Model
 70
1
 71
0
 10
0.0
 20
0.0
 11
420.0
 21
297.0
 12
0.0
 22
0.0
 32
0.0
 14
1e+20
 24
1e+20
 34
1e+20
 15
-1e+20
 25
-1e+20
 35
-1e+20
146
0.0
 13
0.0
 23
0.0
 33
0.0
 16
1.0
 26
0.0
 36
0.0
 17
0.0
 27
1.0
 37
0.0
 76
1
330
17
  0
LAYOUT
  5
1E
330
D
100
AcDbPlotSettings
  1

  4
A3
  6

 40
7.5
 41
20.0
 42
7.5
 43
20.0
 44
420.0
 45
297.0
 46
0.0
 47
0.0
 48
0.0
 49
0.0
140
0.0
141
0.0
142
1.0
143
1.0
 70
0
 72
1
 73
0
 74
5
  7

 75
16
 76
0
 77
2
 78
300
147
1.0
148
0.0
149
0.0
100
AcDbLayout
  1
Layout1
 70
1
 71
1
 10
0.0
 20
0.0
 11
420.0
 21
297.0
 12
0.0
 22
0.0
 32
0.0
 14
1e+20
 24
1e+20
 34
1e+20
 15
-1e+20
 25
-1e+20
 35
-1e+20
146
0.0
 13
0.0
 23
0.0
 33
0.0
 16
1.0
 26
0.0
 36
0.0
 17
0.0
 27
1.0
 37
0.0
 76
1
330
1B
  0
MATERIAL
  5
1F
102
{ACAD_REACTORS
330
E
102
}
330
E
100
AcDbMaterial
  1
ByBlock
  2

 70
0
 40
1.0
 71
1
 41
1.0
 91
-1023410177
 42
1.0
 72
1
  3

 73
1
 74
1
 75
1
 44
0.5
 73
0
 45
1.0
 46
1.0
 77
1
  4

 78
1
 79
1
170
1
 48
1.0
171
1
  6

172
1
173
1
174
1
140
1.0
141
1.0
175
1
  7

176
1
177
1
178
1
143
1.0
179
1
  8

270
1
271
1
272
1
145
1.0
146
1.0
273
1
  9

274
1
275
1
276
1
 42
1.0
 72
1
  3

 73
1
 74
1
 75
1
 94
63
  0
MATERIAL
  5
20
102
{ACAD_REACTORS
330
E
102
}
330
E
100
AcDbMaterial
  1
ByLayer
  2

 70
0
 40
1.0
 71
1
 41
1.0
 91
-1023410177
 42
1.0
 72
1
  3

 73
1
 74
1
 75
1
 44
0.5
 73
0
 45
1.0
 46
1.0
 77
1
  4

 78
1
 79
1
170
1
 48
1.0
171
1
  6

172
1
173
1
174
1
140
1.0
141
1.0
175
1
  7

176
1
177
1
178
1
143
1.0
179
1
  8

270
1
271
1
272
1
145
1.0
146
1.0
273
1
  9

274
1
275
1
276
1
 42
1.0
 72
1
  3

 73
1
 74
1
 75
1
 94
63
  0
MATERIAL
  5
21
102
{ACAD_REACTORS
330
E
102
}
330
E
100
AcDbMaterial
  1
Global
  2

 70
0
 40
1.0
 71
1
 41
1.0
 91
-1023410177
 42
1.0
 72
1
  3

 73
1
 74
1
 75
1
 44
0.5
 73
0
 45
1.0
 46
1.0
 77
1
  4

 78
1
 79
1
170
1
 48
1.0
171
1
  6

172
1
173
1
174
1
140
1.0
141
1.0
175
1
  7

176
1
177
1
178
1
143
1.0
179
1
  8

270
1
271
1
272
1
145
1.0
146
1.0
273
1
  9

274
1
275
1
276
1
 42
1.0
 72
1
  3

 73
1
 74
1
 75
1
 94
63
  0
MLINESTYLE
  5
22
102
{ACAD_REACTORS
330
10
102
}
330
10
100
AcDbMlineStyle
  2
Standard
 70
0
  3

 62
256
 51
90.0
 52
90.0
 71
2
 49
0.5
 62
256
  6
BYLAYER
 49
-0.5
 62
256
  6
BYLAYER
  0
MLEADERSTYLE
  5
2C
102
{ACAD_REACTORS
330
F
102
}
330
F
100
AcDbMLeaderStyle
179
2
170
2
171
1
172
0
 90
2
 40
0.0
 41
0.0
173
1
 91
-1056964608
 92
-2
290
1
 42
2.0
291
1
 43
8.0
  3
Standard
 44
4.0
300

342
29
174
1
175
1
176
0
178
1
 93
-1056964608
 45
4.0
292
0
297
0
 46
4.0
 94
-1056964608
 47
1.0
 49
1.0
140
1.0
294
1
141
0.0
177
0
142
1.0
295
0
296
0
143
3.75
271
0
272
9
273
9
  0
DICTIONARY
  5
2D
330
A
100
AcDbDictionary
280
1
281
1
  3
CREATED_BY_EZDXF
350
2E
  3
WRITTEN_BY_EZDXF
350
F1
  0
DICTIONARYVAR
  5
2E
330
2D
100
DictionaryVariables
280
0
  1
1.4.4 @ 2026-10-03T11:55:42.279292+00:00
  0
VISUALSTYLE
  5
5A
102
{ACAD_REACTORS
330
16
102
}
330
16
100
AcDbVisualStyle
  2
2dWireframe
 70
4
177
3
291
0
 70
58
 90
2
176
1
 90
2
176
1
 90
0
176
1
 90
0
176
1
 40
0.6
176
1
 40
30.0
176
1
 62
7
420
16777215
176
1
 90
1
176
1
 90
4
176
1
 62
7
176
1
 62
257
176
1
 90
1
176
1
 90
1
176
1
 40
1.0
176
1
 90
8
176
1
 62
7
176
1
 40
1.0
176
1
 90
1
176
1
 90
6
176
1
 90
2
176
1
 62
7
176
1
 90
5
176
1
 90
0
176
1
 90
0
176
1
290
0
176
1
 90
1
176
1
 40
0.0
176
1
 90
0
176
1
290
1
176
1
290
1
176
1
290
0
176
1
290
0
176
1
290
0
176
1
290
0
176
1
290
0
176
1
290
0
176
1
290
0
176
1
 90
50
176
1
 40
0.0
176
1
 40
1.0
176
1
 90
0
176
1
 62
18
420
0
176
1
 90
50
176
1
 90
3
176
1
 62
5
420
255
176
1
290
0
176
1
 90
50
176
1
 90
50
176
1
 90
50
176
1
290
0
176
1
 90
50
176
1
 62
256
176
0
 40
1.0
176
0
 90
2
176
1
  1
strokes_ogs.tif
176
1
290
0
176
1
 40
1.0
176
1
 40
1.0
176
1
  0
VISUALSTYLE
  5
5B
102
{ACAD_REACTORS
330
16
102
}
330
16
100
AcDbVisualStyle
  2
Basic
 70
7
177
3
291
1
 70
58
 90
2
176
1
 90
2
176
1
 90
0
176
1
 90
1
176
1
 40
0.6
176
1
 40
30.0
176
1
 62
7
420
16777215
176
1
 90
1
176
1
 90
4
176
1
 62
7
176
1
 62
257
176
1
 90
1
176
1
 90
1
176
1
 40
1.0
176
1
 90
8
176
1
 62
7
176
1
 40
1.0
176
1
 90
1
176
1
 90
6
176
1
 90
2
176
1
 62
7
176
1
 90
5
176
1
 90
0
176
1
 90
0
176
1
290
0
176
1
 90
1
176
1
 40
0.0
176
1
 90
0
176
1
290
0
176
1
290
1
176
1
290
1
176
1
290
0
176
1
290
0
176
1
290
0
176
1
290
0
176
1
290
0
176
1
290
0
176
1
 90
50
176
1
 40
0.0
176
1
 40
1.0
176
1
 90
0
176
1
 62
18
420
0
176
1
 90
50
176
1
 90
3
176
1
 62
5
420
255
176
1
290
0
176
1
 90
50
176
1
 90
50
176
1
 90
50
176
1
290
0
176
1
 90
50
176
1
 62
256
176
0
 40
1.0
176
0
 90
2
176
1
  1
strokes_ogs.tif
176
1
290
0
176
1
 40
1.0
176
1
 40
1.0
176
1
  0
VISUALSTYLE
  5
5C
102
{ACAD_REACTORS
330
16
102
}
330
16
100
AcDbVisualStyle
  2
Brighten
 70
12
177
3
291
1
 70
58
 90
2
176
1
 90
2
176
1
 90
0
176
1
 90
2
176
1
 40
0.6
176
1
 40
30.0
176
1
 62
7
420
16777215
176
1
 90
1
176
1
 90
4
176
1
 62
7
176
1
 62
257
176
1
 90
1
176
1
 90
1
176
1
 40
1.0
176
1
 90
8
176
1
 62
7
176
1
 40
1.0
176
1
 90
1
176
1
 90
6
176
1
 90
2
176
1
 62
7
176
1
 90
5
176
1
 90
0
176
1
 90
0
176
1
290
0
176
1
 90
1
176
1
 40
0.0
176
1
 90
0
176
1
290
0
176
1
290
1
176
1
290
1
176
1
290
0
176
1
290
0
176
1
290
0
176
1
290
0
176
1
290
0
176
1
290
0
176
1
 90
50
176
1
 40
0.0
176
1
 40
1.0
176
1
 90
0
176
1
 62
18
420
0
176
1
 90
50
176
1
 90
3
176
1
 62
5
420
255
176
1
290
0
176
1
 90
50
176
1
 90
50
176
1
 90
50
176
1
290
0
176
1
 90
50
176
1
 62
256
176
0
 40
1.0
176
0
 90
2
176
1
  1
strokes_ogs.tif
176
1
290
0
176
1
 40
1.0
176
1
 40
1.0
176
1
  0
VISUALSTYLE
  5
5D
102
{ACAD_REACTORS
330
16
102
}
330
16
100
AcDbVisualStyle
  2
ColorChange
 70
16
177
3
291
1
 70
58
 90
2
176
1
 90
2
176
1
 90
0
176
1
 90
2
176
1
 40
0.6
176
1
 40
30.0
176
1
 62
7
420
16777215
176
1
 90
1
176
1
 90
4
176
1
 62
7
176
1
 62
257
176
1
 90
1
176
1
 90
1
176
1
 40
1.0
176
1
 90
8
176
1
 62
7
176
1
 40
1.0
176
1
 90
1
176
1
 90
6
176
1
 90
2
176
1
 62
7
176
1
 90
5
176
1
 90
0
176
1
 90
0
176
1
290
0
176
1
 90
1
176
1
 40
0.0
176
1
 90
0
176
1
290
0
176
1
290
1
176
1
290
1
176
1
290
0
176
1
290
0
176
1
290
0
176
1
290
0
176
1
290
0
176
1
290
0
176
1
 90
50
176
1
 40
0.0
176
1
 40
1.0
176
1
 90
0
176
1
 62
18
420
0
176
1
 90
50
176
1
 90
3
176
1
 62
5
420
255
176
1
290
0
176
1
 90
50
176
1
 90
50
176
1
 90
50
176
1
290
0
176
1
 90
50
176
1
 62
256
176
0
 40
1.0
176
0
 90
2
176
1
  1
strokes_ogs.tif
176
1
290
0
176
1
 40
1.0
176
1
 40
1.0
176
1
  0
VISUALSTYLE
  5
5E
102
{ACAD_REACTORS
330
16
102
}
330
16
100
AcDbVisualStyle
  2
Conceptual
 70
9
177
3
291
0
 70
58
 90
2
176
1
 90
2
176
1
 90
0
176
1
 90
3
176
1
 40
0.6
176
1
 40
30.0
176
1
 62
7
420
16777215
176
1
 90
1
176
1
 90
4
176
1
 62
7
176
1
 62
257
176
1
 90
1
176
1
 90
1
176
1
 40
1.0
176
1
 90
8
176
1
 62
7
176
1
 40
1.0
176
1
 90
1
176
1
 90
6
176
1
 90
2
176
1
 62
7
176
1
 90
5
176
1
 90
0
176
1
 90
0
176
1
290
0
176
1
 90
1
176
1
 40
0.0
176
1
 90
0
176
1
290
0
176
1
290
1
176
1
290
1
176
1
290
0
176
1
290
0
176
1
290
0
176
1
290
0
176
1
290
0
176
1
290
0
176
1
 90
50
176
1
 40
0.0
176
1
 40
1.0
176
1
 90
0
176
1
 62
18
420
0
176
1
 90
50
176
1
 90
3
176
1
 62
5
420
255
176
1
290
0
176
1
 90
50
176
1
 90
50
176
1
 90
50
176
1
290
0
176
1
 90
50
176
1
 62
256
176
0
 40
1.0
176
0
 90
2
176
1
  1
strokes_ogs.tif
176
1
290
0
176
1
 40
1.0
176
1
 40
1.0
176
1
  0
VISUALSTYLE
  5
5F
102
{ACAD_REACTORS
330
16
102
}
330
16
100
AcDbVisualStyle
  2
Dim
 70
11
177
3
291
1
 70
58
 90
2
176
1
 90
2
176
1
 90
0
176
1
 90
2
176
1
 40
0.6
176
1
 40
30.0
176
1
 62
7
420
16777215
176
1
 90
1
176
1
 90
4
176
1
 62
7
176
1
 62
257
176
1
 90
1
176
1
 90
1
176
1
 40
1.0
176
1
 90
8
176
1
 62
7
176
1
 40
1.0
176
1
 90
1
176
1
 90
6
176
1
 90
2
176
1
 62
7
176
1
 90
5
176
1
 90
0
176
1
 90
0
176
1
290
0
176
1
 90
1
176
1
 40
0.0
176
1
 90
0
176
1
290
0
176
1
290
1
176
1
290
1
176
1
290
0
176
1
290
0
176
1
290
0
176
1
290
0
176
1
290
0
176
1
290
0
176
1
 90
50
176
1
 40
0.0
176
1
 40
1.0
176
1
 90
0
176
1
 62
18
420
0
176
1
 90
50
176
1
 90
3
176
1
 62
5
420
255
176
1
290
0
176
1
 90
50
176
1
 90
50
176
1
 90
50
176
1
290
0
176
1
 90
50
176
1
 62
256
176
0
 40
1.0
176
0
 90
2
176
1
  1
strokes_ogs.tif
176
1
290
0
176
1
 40
1.0
176
1
 40
1.0
176
1
  0
VISUALSTYLE
  5
60
102
{ACAD_REACTORS
330
16
102
}
330
16
100
AcDbVisualStyle
  2
EdgeColorOff
 70
22
177
3
291
1
 70
58
 90
2
176
1
 90
2
176
1
 90
0
176
1
 90
2
176
1
 40
0.6
176
1
 40
30.0
176
1
 62
7
420
16777215
176
1
 90
1
176
1
 90
4
176
1
 62
7
176
1
 62
257
176
1
 90
1
176
1
 90
1
176
1
 40
1.0
176
1
 90
8
176
1
 62
7
176
1
 40
1.0
176
1
 90
1
176
1
 90
6
176
1
 90
2
176
1
 62
7
176
1
 90
5
176
1
 90
0
176
1
 90
0
176
1
290
0
176
1
 90
1
176
1
 40
0.0
176
1
 90
0
176
1
290
0
176
1
290
1
176
1
290
1
176
1
290
0
176
1
290
0
176
1
290
0
176
1
290
0
176
1
290
0
176
1
290
0
176
1
 90
50
176
1
 40
0.0
176
1
 40
1.0
176
1
 90
0
176
1
 62
18
420
0
176
1
 90
50
176
1
 90
3
176
1
 62
5
420
255
176
1
290
0
176
1
 90
50
176
1
 90
50
176
1
 90
50
176
1
290
0
176
1
 90
50
176
1
 62
256
176
0
 40
1.0
176
0
 90
2
176
1
  1
strokes_ogs.tif
176
1
290
0
176
1
 40
1.0
176
1
 40
1.0
176
1
  0
VISUALSTYLE
  5
61
102
{ACAD_REACTORS
330
16
102
}
330
16
100
AcDbVisualStyle
  2
Facepattern
 70
15
177
3
291
1
 70
58
 90
2
176
1
 90
2
176
1
 90
0
176
1
 90
2
176
1
 40
0.6
176
1
 40
30.0
176
1
 62
7
420
16777215
176
1
 90
1
176
1
 90
4
176
1
 62
7
176
1
 62
257
176
1
 90
1
176
1
 90
1
176
1
 40
1.0
176
1
 90
8
176
1
 62
7
176
1
 40
1.0
176
1
 90
1
176
1
 90
6
176
1
 90
2
176
1
 62
7
176
1
 90
5
176
1
 90
0
176
1
 90
0
176
1
290
0
176
1
 90
1
176
1
 40
0.0
176
1
 90
0
176
1
290
0
176
1
290
1
176
1
290
1
176
1
290
0
176
1
290
0
176
1
290
0
176
1
290
0
176
1
290
0
176
1
290
0
176
1
 90
50
176
1
 40
0.0
176
1
 40
1.0
176
1
 90
0
176
1
 62
18
420
0
176
1
 90
50
176
1
 90
3
176
1
 62
5
420
255
176
1
290
0
176
1
 90
50
176
1
 90
50
176
1
 90
50
176
1
290
0
176
1
 90
50
176
1
 62
256
176
0
 40
1.0
176
0
 90
2
176
1
  1
strokes_ogs.tif
176
1
290
0
176
1
 40
1.0
176
1
 40
1.0
176
1
  0
VISUALSTYLE
  5
62
102
{ACAD_REACTORS
330
16
102
}
330
16
100
AcDbVisualStyle
  2
Flat
 70
0
177
3
291
1
 70
58
 90
2
176
1
 90
2
176
1
 90
0
176
1
 90
2
176
1
 40
0.6
176
1
 40
30.0
176
1
 62
7
420
16777215
176
1
 90
1
176
1
 90
4
176
1
 62
7
176
1
 62
257
176
1
 90
1
176
1
 90
1
176
1
 40
1.0
176
1
 90
8
176
1
 62
7
176
1
 40
1.0
176
1
 90
1
176
1
 90
6
176
1
 90
2
176
1
 62
7
176
1
 90
5
176
1
 90
0
176
1
 90
0
176
1
290
0
176
1
 90
1
176
1
 40
0.0
176
1
 90
0
176
1
290
0
176
1
290
1
176
1
290
1
176
1
290
0
176
1
290
0
176
1
290
0
176
1
290
0
176
1
290
0
176
1
290
0
176
1
 90
50
176
1
 40
0.0
176
1
 40
1.0
176
1
 90
0
176
1
 62
18
420
0
176
1
 90
50
176
1
 90
3
176
1
 62
5
420
255
176
1
290
0
176
1
 90
50
176
1
 90
50
176
1
 90
50
176
1
290
0
176
1
 90
50
176
1
 62
256
176
0
 40
1.0
176
0
 90
2
176
1
  1
strokes_ogs.tif
176
1
290
0
176
1
 40
1.0
176
1
 40
1.0
176
1
  0
VISUALSTYLE
  5
63
102
{ACAD_REACTORS
330
16
102
}
330
16
100
AcDbVisualStyle
  2
FlatWithEdges
 70
1
177
3
291
1
 70
58
 90
2
176
1
 90
2
176
1
 90
0
176
1
 90
2
176
1
 40
0.6
176
1
 40
30.0
176
1
 62
7
420
16777215
176
1
 90
1
176
1
 90
4
176
1
 62
7
176
1
 62
257
176
1
 90
1
176
1
 90
1
176
1
 40
1.0
176
1
 90
8
176
1
 62
7
176
1
 40
1.0
176
1
 90
1
176
1
 90
6
176
1
 90
2
176
1
 62
7
176
1
 90
5
176
1
 90
0
176
1
 90
0
176
1
290
0
176
1
 90
1
176
1
 40
0.0
176
1
 90
0
176
1
290
0
176
1
290
1
176
1
290
1
176
1
290
0
176
1
290
0
176
1
290
0
176
1
290
0
176
1
290
0
176
1
290
0
176
1
 90
50
176
1
 40
0.0
176
1
 40
1.0
176
1
 90
0
176
1
 62
18
420
0
176
1
 90
50
176
1
 90
3
176
1
 62
5
420
255
176
1
290
0
176
1
 90
50
176
1
 90
50
176
1
 90
50
176
1
290
0
176
1
 90
50
176
1
 62
256
176
0
 40
1.0
176
0
 90
2
176
1
  1
strokes_ogs.tif
176
1
290
0
176
1
 40
1.0
176
1
 40
1.0
176
1
  0
VISUALSTYLE
  5
64
102
{ACAD_REACTORS
330
16
102
}
330
16
100
AcDbVisualStyle
  2
Gouraud
 70
2
177
3
291
1
 70
58
 90
2
176
1
 90
2
176
1
 90
0
176
1
 90
2
176
1
 40
0.6
176
1
 40
30.0
176
1
 62
7
420
16777215
176
1
 90
1
176
1
 90
4
176
1
 62
7
176
1
 62
257
176
1
 90
1
176
1
 90
1
176
1
 40
1.0
176
1
 90
8
176
1
 62
7
176
1
 40
1.0
176
1
 90
1
176
1
 90
6
176
1
 90
2
176
1
 62
7
176
1
 90
5
176
1
 90
0
176
1
 90
0
176
1
290
0
176
1
 90
1
176
1
 40
0.0
176
1
 90
0
176
1
290
0
176
1
290
1
176
1
290
1
176
1
290
0
176
1
290
0
176
1
290
0
176
1
290
0
176
1
290
0
176
1
290
0
176
1
 90
50
176
1
 40
0.0
176
1
 40
1.0
176
1
 90
0
176
1
 62
18
420
0
176
1
 90
50
176
1
 90
3
176
1
 62
5
420
255
176
1
290
0
176
1
 90
50
176
1
 90
50
176
1
 90
50
176
1
290
0
176
1
 90
50
176
1
 62
256
176
0
 40
1.0
176
0
 90
2
176
1
  1
strokes_ogs.tif
176
1
290
0
176
1
 40
1.0
176
1
 40
1.0
176
1
  0
VISUALSTYLE
  5
65
102
{ACAD_REACTORS
330
16
102
}
330
16
100
AcDbVisualStyle
  2
GouraudWithEdges
 70
3
177
3
291
1
 70
58
 90
2
176
1
 90
2
176
1
 90
0
176
1
 90
2
176
1
 40
0.6
176
1
 40
30.0
176
1
 62
7
420
16777215
176
1
 90
1
176
1
 90
4
176
1
 62
7
176
1
 62
257
176
1
 90
1
176
1
 90
1
176
1
 40
1.0
176
1
 90
8
176
1
 62
7
176
1
 40
1.0
176
1
 90
1
176
1
 90
6
176
1
 90
2
176
1
 62
7
176
1
 90
5
176
1
 90
0
176
1
 90
0
176
1
290
0
176
1
 90
1
176
1
 40
0.0
176
1
 90
0
176
1
290
0
176
1
290
1
176
1
290
1
176
1
290
0
176
1
290
0
176
1
290
0
176
1
290
0
176
1
290
0
176
1
290
0
176
1
 90
50
176
1
 40
0.0
176
1
 40
1.0
176
1
 90
0
176
1
 62
18
420
0
176
1
 90
50
176
1
 90
3
176
1
 62
5
420
255
176
1
290
0
176
1
 90
50
176
1
 90
50
176
1
 90
50
176
1
290
0
176
1
 90
50
176
1
 62
256
176
0
 40
1.0
176
0
 90
2
176
1
  1
strokes_ogs.tif
176
1
290
0
176
1
 40
1.0
176
1
 40
1.0
176
1
  0
VISUALSTYLE
  5
66
102
{ACAD_REACTORS
330
16
102
}
330
16
100
AcDbVisualStyle
  2
Hidden
 70
6
177
3
291
0
 70
58
 90
2
176
1
 90
2
176
1
 90
0
176
1
 90
1
176
1
 40
0.6
176
1
 40
30.0
176
1
 62
7
420
16777215
176
1
 90
1
176
1
 90
4
176
1
 62
7
176
1
 62
257
176
1
 90
1
176
1
 90
1
176
1
 40
1.0
176
1
 90
8
176
1
 62
7
176
1
 40
1.0
176
1
 90
1
176
1
 90
6
176
1
 90
2
176
1
 62
7
176
1
 90
5
176
1
 90
0
176
1
 90
0
176
1
290
0
176
1
 90
1
176
1
 40
0.0
176
1
 90
0
176
1
290
0
176
1
290
1
176
1
290
1
176
1
290
0
176
1
290
0
176
1
290
0
176
1
290
0
176
1
290
0
176
1
290
0
176
1
 90
50
176
1
 40
0.0
176
1
 40
1.0
176
1
 90
0
176
1
 62
18
420
0
176
1
 90
50
176
1
 90
3
176
1
 62
5
420
255
176
1
290
0
176
1
 90
50
176
1
 90
50
176
1
 90
50
176
1
290
0
176
1
 90
50
176
1
 62
256
176
0
 40
1.0
176
0
 90
2
176
1
  1
strokes_ogs.tif
176
1
290
0
176
1
 40
1.0
176
1
 40
1.0
176
1
  0
VISUALSTYLE
  5
67
102
{ACAD_REACTORS
330
16
102
}
330
16
100
AcDbVisualStyle
  2
JitterOff
 70
20
177
3
291
1
 70
58
 90
2
176
1
 90
2
176
1
 90
0
176
1
 90
2
176
1
 40
0.6
176
1
 40
30.0
176
1
 62
7
420
16777215
176
1
 90
1
176
1
 90
4
176
1
 62
7
176
1
 62
257
176
1
 90
1
176
1
 90
1
176
1
 40
1.0
176
1
 90
8
176
1
 62
7
176
1
 40
1.0
176
1
 90
1
176
1
 90
6
176
1
 90
2
176
1
 62
7
176
1
 90
5
176
1
 90
0
176
1
 90
0
176
1
290
0
176
1
 90
1
176
1
 40
0.0
176
1
 90
0
176
1
290
0
176
1
290
1
176
1
290
1
176
1
290
0
176
1
290
0
176
1
290
0
176
1
290
0
176
1
290
0
176
1
290
0
176
1
 90
50
176
1
 40
0.0
176
1
 40
1.0
176
1
 90
0
176
1
 62
18
420
0
176
1
 90
50
176
1
 90
3
176
1
 62
5
420
255
176
1
290
0
176
1
 90
50
176
1
 90
50
176
1
 90
50
176
1
290
0
176
1
 90
50
176
1
 62
256
176
0
 40
1.0
176
0
 90
2
176
1
  1
strokes_ogs.tif
176
1
290
0
176
1
 40
1.0
176
1
 40
1.0
176
1
  0
VISUALSTYLE
  5
68
102
{ACAD_REACTORS
330
16
102
}
330
16
100
AcDbVisualStyle
  2
Linepattern
 70
14
177
3
291
1
 70
58
 90
2
176
1
 90
2
176
1
 90
0
176
1
 90
2
176
1
 40
0.6
176
1
 40
30.0
176
1
 62
7
420
16777215
176
1
 90
1
176
1
 90
4
176
1
 62
7
176
1
 62
257
176
1
 90
1
176
1
 90
1
176
1
 40
1.0
176
1
 90
8
176
1
 62
7
176
1
 40
1.0
176
1
 90
1
176
1
 90
6
176
1
 90
2
176
1
 62
7
176
1
 90
5
176
1
 90
0
176
1
 90
0
176
1
290
0
176
1
 90
1
176
1
 40
0.0
176
1
 90
0
176
1
290
0
176
1
290
1
176
1
290
1
176
1
290
0
176
1
290
0
176
1
290
0
176
1
290
0
176
1
290
0
176
1
290
0
176
1
 90
50
176
1
 40
0.0
176
1
 40
1.0
176
1
 90
0
176
1
 62
18
420
0
176
1
 90
50
176
1
 90
3
176
1
 62
5
420
255
176
1
290
0
176
1
 90
50
176
1
 90
50
176
1
 90
50
176
1
290
0
176
1
 90
50
176
1
 62
256
176
0
 40
1.0
176
0
 90
2
176
1
  1
strokes_ogs.tif
176
1
290
0
176
1
 40
1.0
176
1
 40
1.0
176
1
  0
VISUALSTYLE
  5
69
102
{ACAD_REACTORS
330
16
102
}
330
16
100
AcDbVisualStyle
  2
Modeling
 70
10
177
3
291
0
 70
58
 90
2
176
1
 90
2
176
1
 90
0
176
1
 90
2
176
1
 40
0.6
176
1
 40
30.0
176
1
 62
7
420
16777215
176
1
 90
1
176
1
 90
4
176
1
 62
7
176
1
 62
257
176
1
 90
1
176
1
 90
1
176
1
 40
1.0
176
1
 90
8
176
1
 62
7
176
1
 40
1.0
176
1
 90
1
176
1
 90
6
176
1
 90
2
176
1
 62
7
176
1
 90
5
176
1
 90
0
176
1
 90
0
176
1
290
0
176
1
 90
1
176
1
 40
0.0
176
1
 90
0
176
1
290
0
176
1
290
1
176
1
290
1
176
1
290
0
176
1
290
0
176
1
290
0
176
1
290
0
176
1
290
0
176
1
290
0
176
1
 90
50
176
1
 40
0.0
176
1
 40
1.0
176
1
 90
0
176
1
 62
18
420
0
176
1
 90
50
176
1
 90
3
176
1
 62
5
420
255
176
1
290
0
176
1
 90
50
176
1
 90
50
176
1
 90
50
176
1
290
0
176
1
 90
50
176
1
 62
256
176
0
 40
1.0
176
0
 90
2
176
1
  1
strokes_ogs.tif
176
1
290
0
176
1
 40
1.0
176
1
 40
1.0
176
1
  0
VISUALSTYLE
  5
6A
102
{ACAD_REACTORS
330
16
102
}
330
16
100
AcDbVisualStyle
  2
OverhangOff
 70
21
177
3
291
1
 70
58
 90
2
176
1
 90
2
176
1
 90
0
176
1
 90
2
176
1
 40
0.6
176
1
 40
30.0
176
1
 62
7
420
16777215
176
1
 90
1
176
1
 90
4
176
1
 62
7
176
1
 62
257
176
1
 90
1
176
1
 90
1
176
1
 40
1.0
176
1
 90
8
176
1
 62
7
176
1
 40
1.0
176
1
 90
1
176
1
 90
6
176
1
 90
2
176
1
 62
7
176
1
 90
5
176
1
 90
0
176
1
 90
0
176
1
290
0
176
1
 90
1
176
1
 40
0.0
176
1
 90
0
176
1
290
0
176
1
290
1
176
1
290
1
176
1
290
0
176
1
290
0
176
1
290
0
176
1
290
0
176
1
290
0
176
1
290
0
176
1
 90
50
176
1
 40
0.0
176
1
 40
1.0
176
1
 90
0
176
1
 62
18
420
0
176
1
 90
50
176
1
 90
3
176
1
 62
5
420
255
176
1
290
0
176
1
 90
50
176
1
 90
50
176
1
 90
50
176
1
290
0
176
1
 90
50
176
1
 62
256
176
0
 40
1.0
176
0
 90
2
176
1
  1
strokes_ogs.tif
176
1
290
0
176
1
 40
1.0
176
1
 40
1.0
176
1
  0
VISUALSTYLE
  5
6B
102
{ACAD_REACTORS
330
16
102
}
330
16
100
AcDbVisualStyle
  2
Realistic
 70
8
177
3
291
0
 70
58
 90
2
176
1
 90
2
176
1
 90
0
176
1
 90
2
176
1
 40
0.6
176
1
 40
30.0
176
1
 62
7
420
16777215
176
1
 90
1
176
1
 90
4
176
1
 62
7
176
1
 62
257
176
1
 90
1
176
1
 90
1
176
1
 40
1.0
176
1
 90
8
176
1
 62
7
176
1
 40
1.0
176
1
 90
1
176
1
 90
6
176
1
 90
2
176
1
 62
7
176
1
 90
5
176
1
 90
0
176
1
 90
0
176
1
290
0
176
1
 90
1
176
1
 40
0.0
176
1
 90
0
176
1
290
0
176
1
290
1
176
1
290
1
176
1
290
0
176
1
290
0
176
1
290
0
176
1
290
0
176
1
290
0
176
1
290
0
176
1
 90
50
176
1
 40
0.0
176
1
 40
1.0
176
1
 90
0
176
1
 62
18
420
0
176
1
 90
50
176
1
 90
3
176
1
 62
5
420
255
176
1
290
0
176
1
 90
50
176
1
 90
50
176
1
 90
50
176
1
290
0
176
1
 90
50
176
1
 62
256
176
0
 40
1.0
176
0
 90
2
176
1
  1
strokes_ogs.tif
176
1
290
0
176
1
 40
1.0
176
1
 40
1.0
176
1
  0
VISUALSTYLE
  5
6C
102
{ACAD_REACTORS
330
16
102
}
330
16
100
AcDbVisualStyle
  2
Shaded
 70
27
177
3
291
0
 70
58
 90
2
176
1
 90
2
176
1
 90
0
176
1
 90
2
176
1
 40
0.6
176
1
 40
30.0
176
1
 62
7
420
16777215
176
1
 90
1
176
1
 90
4
176
1
 62
7
176
1
 62
257
176
1
 90
1
176
1
 90
1
176
1
 40
1.0
176
1
 90
8
176
1
 62
7
176
1
 40
1.0
176
1
 90
1
176
1
 90
6
176
1
 90
2
176
1
 62
7
176
1
 90
5
176
1
 90
0
176
1
 90
0
176
1
290
0
176
1
 90
1
176
1
 40
0.0
176
1
 90
0
176
1
290
0
176
1
290
1
176
1
290
1
176
1
290
0
176
1
290
0
176
1
290
0
176
1
290
0
176
1
290
0
176
1
290
0
176
1
 90
50
176
1
 40
0.0
176
1
 40
1.0
176
1
 90
0
176
1
 62
18
420
0
176
1
 90
50
176
1
 90
3
176
1
 62
5
420
255
176
1
290
0
176
1
 90
50
176
1
 90
50
176
1
 90
50
176
1
290
0
176
1
 90
50
176
1
 62
256
176
0
 40
1.0
176
0
 90
2
176
1
  1
strokes_ogs.tif
176
1
290
0
176
1
 40
1.0
176
1
 40
1.0
176
1
  0
VISUALSTYLE
  5
6D
102
{ACAD_REACTORS
330
16
102
}
330
16
100
AcDbVisualStyle
  2
Shaded with edges
 70
26
177
3
291
0
 70
58
 90
2
176
1
 90
2
176
1
 90
0
176
1
 90
2
176
1
 40
0.6
176
1
 40
30.0
176
1
 62
7
420
16777215
176
1
 90
1
176
1
 90
4
176
1
 62
7
176
1
 62
257
176
1
 90
1
176
1
 90
1
176
1
 40
1.0
176
1
 90
8
176
1
 62
7
176
1
 40
1.0
176
1
 90
1
176
1
 90
6
176
1
 90
2
176
1
 62
7
176
1
 90
5
176
1
 90
0
176
1
 90
0
176
1
290
0
176
1
 90
1
176
1
 40
0.0
176
1
 90
0
176
1
290
0
176
1
290
1
176
1
290
1
176
1
290
0
176
1
290
0
176
1
290
0
176
1
290
0
176
1
290
0
176
1
290
0
176
1
 90
50
176
1
 40
0.0
176
1
 40
1.0
176
1
 90
0
176
1
 62
18
420
0
176
1
 90
50
176
1
 90
3
176
1
 62
5
420
255
176
1
290
0
176
1
 90
50
176
1
 90
50
176
1
 90
50
176
1
290
0
176
1
 90
50
176
1
 62
256
176
0
 40
1.0
176
0
 90
2
176
1
  1
strokes_ogs.tif
176
1
290
0
176
1
 40
1.0
176
1
 40
1.0
176
1
  0
VISUALSTYLE
  5
6E
102
{ACAD_REACTORS
330
16
102
}
330
16
100
AcDbVisualStyle
  2
Shades of Gray
 70
23
177
3
291
0
 70
58
 90
2
176
1
 90
2
176
1
 90
0
176
1
 90
2
176
1
 40
0.6
176
1
 40
30.0
176
1
 62
7
420
16777215
176
1
 90
1
176
1
 90
4
176
1
 62
7
176
1
 62
257
176
1
 90
1
176
1
 90
1
176
1
 40
1.0
176
1
 90
8
176
1
 62
7
176
1
 40
1.0
176
1
 90
1
176
1
 90
6
176
1
 90
2
176
1
 62
7
176
1
 90
5
176
1
 90
0
176
1
 90
0
176
1
290
0
176
1
 90
1
176
1
 40
0.0
176
1
 90
0
176
1
290
0
176
1
290
1
176
1
290
1
176
1
290
0
176
1
290
0
176
1
290
0
176
1
290
0
176
1
290
0
176
1
290
0
176
1
 90
50
176
1
 40
0.0
176
1
 40
1.0
176
1
 90
0
176
1
 62
18
420
0
176
1
 90
50
176
1
 90
3
176
1
 62
5
420
255
176
1
290
0
176
1
 90
50
176
1
 90
50
176
1
 90
50
176
1
290
0
176
1
 90
50
176
1
 62
256
176
0
 40
1.0
176
0
 90
2
176
1
  1
strokes_ogs.tif
176
1
290
0
176
1
 40
1.0
176
1
 40
1.0
176
1
  0
VISUALSTYLE
  5
6F
102
{ACAD_REACTORS
330
16
102
}
330
16
100
AcDbVisualStyle
  2
Sketchy
 70
24
177
3
291
0
 70
58
 90
2
176
1
 90
2
176
1
 90
0
176
1
 90
1
176
1
 40
0.6
176
1
 40
30.0
176
1
 62
7
420
16777215
176
1
 90
1
176
1
 90
4
176
1
 62
7
176
1
 62
257
176
1
 90
1
176
1
 90
1
176
1
 40
1.0
176
1
 90
8
176
1
 62
7
176
1
 40
1.0
176
1
 90
1
176
1
 90
6
176
1
 90
2
176
1
 62
7
176
1
 90
5
176
1
 90
0
176
1
 90
0
176
1
290
0
176
1
 90
1
176
1
 40
0.0
176
1
 90
0
176
1
290
0
176
1
290
1
176
1
290
1
176
1
290
0
176
1
290
0
176
1
290
0
176
1
290
0
176
1
290
0
176
1
290
0
176
1
 90
50
176
1
 40
0.0
176
1
 40
1.0
176
1
 90
0
176
1
 62
18
420
0
176
1
 90
50
176
1
 90
3
176
1
 62
5
420
255
176
1
290
0
176
1
 90
50
176
1
 90
50
176
1
 90
50
176
1
290
0
176
1
 90
50
176
1
 62
256
176
0
 40
1.0
176
0
 90
2
176
1
  1
strokes_ogs.tif
176
1
290
0
176
1
 40
1.0
176
1
 40
1.0
176
1
  0
VISUALSTYLE
  5
70
102
{ACAD_REACTORS
330
16
102
}
330
16
100
AcDbVisualStyle
  2
Thicken
 70
13
177
3
291
1
 70
58
 90
2
176
1
 90
2
176
1
 90
0
176
1
 90
2
176
1
 40
0.6
176
1
 40
30.0
176
1
 62
7
420
16777215
176
1
 90
1
176
1
 90
4
176
1
 62
7
176
1
 62
257
176
1
 90
1
176
1
 90
1
176
1
 40
1.0
176
1
 90
8
176
1
 62
7
176
1
 40
1.0
176
1
 90
1
176
1
 90
6
176
1
 90
2
176
1
 62
7
176
1
 90
5
176
1
 90
0
176
1
 90
0
176
1
290
0
176
1
 90
1
176
1
 40
0.0
176
1
 90
0
176
1
290
0
176
1
290
1
176
1
290
1
176
1
290
0
176
1
290
0
176
1
290
0
176
1
290
0
176
1
290
0
176
1
290
0
176
1
 90
50
176
1
 40
0.0
176
1
 40
1.0
176
1
 90
0
176
1
 62
18
420
0
176
1
 90
50
176
1
 90
3
176
1
 62
5
420
255
176
1
290
0
176
1
 90
50
176
1
 90
50
176
1
 90
50
176
1
290
0
176
1
 90
50
176
1
 62
256
176
0
 40
1.0
176
0
 90
2
176
1
  1
strokes_ogs.tif
176
1
290
0
176
1
 40
1.0
176
1
 40
1.0
176
1
  0
VISUALSTYLE
  5
71
102
{ACAD_REACTORS
330
16
102
}
330
16
100
AcDbVisualStyle
  2
Wireframe
 70
5
177
3
291
0
 70
58
 90
2
176
1
 90
2
176
1
 90
0
176
1
 90
0
176
1
 40
0.6
176
1
 40
30.0
176
1
 62
7
420
16777215
176
1
 90
1
176
1
 90
4
176
1
 62
7
176
1
 62
257
176
1
 90
1
176
1
 90
1
176
1
 40
1.0
176
1
 90
8
176
1
 62
7
176
1
 40
1.0
176
1
 90
1
176
1
 90
6
176
1
 90
2
176
1
 62
7
176
1
 90
5
176
1
 90
0
176
1
 90
0
176
1
290
0
176
1
 90
1
176
1
 40
0.0
176
1
 90
0
176
1
290
0
176
1
290
1
176
1
290
1
176
1
290
0
176
1
290
0
176
1
290
0
176
1
290
0
176
1
290
0
176
1
290
0
176
1
 90
50
176
1
 40
0.0
176
1
 40
1.0
176
1
 90
0
176
1
 62
18
420
0
176
1
 90
50
176
1
 90
3
176
1
 62
5
420
255
176
1
290
0
176
1
 90
50
176
1
 90
50
176
1
 90
50
176
1
290
0
176
1
 90
50
176
1
 62
256
176
0
 40
1.0
176
0
 90
2
176
1
  1
strokes_ogs.tif
176
1
290
0
176
1
 40
1.0
176
1
 40
1.0
176
1
  0
VISUALSTYLE
  5
72
102
{ACAD_REACTORS
330
16
102
}
330
16
100
AcDbVisualStyle
  2
X-Ray
 70
25
177
3
291
0
 70
58
 90
2
176
1
 90
2
176
1
 90
0
176
1
 90
2
176
1
 40
0.5
176
1
 40
30.0
176
1
 62
7
420
16777215
176
1
 90
1
176
1
 90
4
176
1
 62
7
176
1
 62
257
176
1
 90
1
176
1
 90
1
176
1
 40
1.0
176
1
 90
8
176
1
 62
7
176
1
 40
1.0
176
1
 90
1
176
1
 90
6
176
1
 90
2
176
1
 62
7
176
1
 90
5
176
1
 90
0
176
1
 90
0
176
1
290
0
176
1
 90
1
176
1
 40
0.0
176
1
 90
0
176
1
290
0
176
1
290
1
176
1
290
1
176
1
290
0
176
1
290
0
176
1
290
0
176
1
290
0
176
1
290
0
176
1
290
0
176
1
 90
50
176
1
 40
0.0
176
1
 40
1.0
176
1
 90
0
176
1
 62
18
420
0
176
1
 90
50
176
1
 90
3
176
1
 62
5
420
255
176
1
290
0
176
1
 90
50
176
1
 90
50
176
1
 90
50
176
1
290
0
176
1
 90
50
176
1
 62
256
176
0
 40
1.0
176
0
 90
2
176
1
  1
strokes_ogs.tif
176
1
290
0
176
1
 40
1.0
176
1
 40
1.0
176
1
  0
DICTIONARYVAR
  5
F1
330
2D
100
DictionaryVariables
280
0
  1
1.4.4 @ 2026-10-03T11:55:42.318747+00:00
  0
ENDSEC
  0
EOF
