  0
SECTION
  2
HEADER
  9
$ACADVER
  1
AC1032
  9
$ACADMAINTVER
 90
      329
  9
$DWGCODEPAGE
  3
ANSI_1252
  9
$LASTSAVEDBY
  1
PC
  9
$REQUIREDVERSIONS
160
                 0
  9
$INSBASE
 10
0.0
 20
0.0
 30
0.0
  9
$EXTMIN
 10
353737.4999162819
 20
355911.9180250106
 30
-26.42306675706573
  9
$EXTMAX
 10
353779398.5033109
 20
355984.5364890629
 30
1119.986
  9
$LIMMIN
 10
0.0
 20
0.0
  9
$LIMMAX
 10
12.0
 20
9.0
  9
$ORTHOMODE
 70
     0
  9
$REGENMODE
 70
     1
  9
$FILLMODE
 70
     1
  9
$QTEXTMODE
 70
     0
  9
$MIRRTEXT
 70
     0
  9
$LTSCALE
 40
1.0
  9
$ATTMODE
 70
     1
  9
$TEXTSIZE
 40
10.0
  9
$TRACEWID
 40
0.05
  9
$TEXTSTYLE
  7
Roman
  9
$CLAYER
  8
0
  9
$CELTYPE
  6
ByLayer
  9
$CECOLOR
 62
     2
  9
$CELTSCALE
 40
1.0
  9
$DISPSILH
 70
     0
  9
$DIMSCALE
 40
1.0
  9
$DIMASZ
 40
0.1
  9
$DIMEXO
 40
0.144
  9
$DIMDLI
 40
1000.0
  9
$DIMRND
 40
0.0
  9
$DIMDLE
 40
0.0
  9
$DIMEXE
 40
0.144
  9
$DIMTP
 40
0.0
  9
$DIMTM
 40
0.0
  9
$DIMTXT
 40
0.2
  9
$DIMCEN
 40
90.0
  9
$DIMTSZ
 40
0.0
  9
$DIMTOL
 70
     0
  9
$DIMLIM
 70
     0
  9
$DIMTIH
 70
     0
  9
$DIMTOH
 70
     0
  9
$DIMSE1
 70
     1
  9
$DIMSE2
 70
     1
  9
$DIMTAD
 70
     1
  9
$DIMZIN
 70
     1
  9
$DIMBLK
  1
OBLIQUE
  9
$DIMASO
 70
     1
  9
$DIMSHO
 70
     1
  9
$DIMPOST
  1

  9
$DIMAPOST
  1

  9
$DIMALT
 70
     0
  9
$DIMALTD
 70
     2
  9
$DIMALTF
 40
25.4
  9
$DIMLFAC
 40
1.0
  9
$DIMTOFL
 70
     1
  9
$DIMTVP
 40
0.0
  9
$DIMTIX
 70
     1
  9
$DIMSOXD
 70
     0
  9
$DIMSAH
 70
     0
  9
$DIMBLK1
  1

  9
$DIMBLK2
  1

  9
$DIMSTYLE
  2
FC 1-100 (m)
  9
$DIMCLRD
 70
   256
  9
$DIMCLRE
 70
     0
  9
$DIMCLRT
 70
   256
  9
$DIMTFAC
 40
1.0
  9
$DIMGAP
 40
0.072
  9
$DIMJUST
 70
     0
  9
$DIMSD1
 70
     0
  9
$DIMSD2
 70
     0
  9
$DIMTOLJ
 70
     1
  9
$DIMTZIN
 70
     8
  9
$DIMALTZ
 70
     0
  9
$DIMALTTZ
 70
     0
  9
$DIMUPT
 70
     0
  9
$DIMDEC
 70
     2
  9
$DIMTDEC
 70
     2
  9
$DIMALTU
 70
     2
  9
$DIMALTTD
 70
     2
  9
$DIMTXSTY
  7
Site 1-200 (m)
  9
$DIMAUNIT
 70
     0
  9
$DIMADEC
 70
     3
  9
$DIMALTRND
 40
0.0
  9
$DIMAZIN
 70
     0
  9
$DIMDSEP
 70
    46
  9
$DIMATFIT
 70
     3
  9
$DIMFRAC
 70
     0
  9
$DIMLDRBLK
  1

  9
$DIMLUNIT
 70
     2
  9
$DIMLWD
 70
    -1
  9
$DIMLWE
 70
    -2
  9
$DIMTMOVE
 70
     2
  9
$DIMFXL
 40
0.144
  9
$DIMFXLON
 70
     0
  9
$DIMJOGANG
 40
0.7853981633974483
  9
$DIMTFILL
 70
     0
  9
$DIMTFILLCLR
 70
     0
  9
$DIMARCSYM
 70
     0
  9
$DIMLTYPE
  6
ByLayer
  9
$DIMLTEX1
  6

  9
$DIMLTEX2
  6

  9
$DIMTXTDIRECTION
 70
     0
  9
$LUNITS
 70
     2
  9
$LUPREC
 70
     2
  9
$SKETCHINC
 40
0.1
  9
$FILLETRAD
 40
0.0
  9
$AUNITS
 70
     0
  9
$AUPREC
 70
     0
  9
$MENU
  1
.
  9
$ELEVATION
 40
0.0
  9
$PELEVATION
 40
0.0
  9
$THICKNESS
 40
0.0
  9
$LIMCHECK
 70
     0
  9
$CHAMFERA
 40
0.0
  9
$CHAMFERB
 40
0.0
  9
$CHAMFERC
 40
0.0
  9
$CHAMFERD
 40
0.0
  9
$SKPOLY
 70
     0
  9
$TDCREATE
 40
2461202.841493056
  9
$TDUCREATE
 40
2461202.716493056
  9
$TDUPDATE
 40
2461318.388055556
  9
$TDUUPDATE
 40
2461318.263055556
  9
$TDINDWG
 40
4.2917013889
  9
$TDUSRTIMER
 40
4.2917013889
  9
$USRTIMER
 70
     1
  9
$ANGBASE
 50
0.0
  9
$ANGDIR
 70
     0
  9
$PDMODE
 70
    34
  9
$PDSIZE
 40
-1.5
  9
$PLINEWID
 40
0.0
  9
$SPLFRAME
 70
     0
  9
$SPLINETYPE
 70
     6
  9
$SPLINESEGS
 70
     8
  9
$HANDSEED
  5
3E88
  9
$SURFTAB1
 70
     6
  9
$SURFTAB2
 70
     6
  9
$SURFTYPE
 70
     6
  9
$SURFU
 70
     6
  9
$SURFV
 70
     6
  9
$UCSBASE
  2

  9
$UCSNAME
  2

  9
$UCSORG
 10
0.0
 20
0.0
 30
0.0
  9
$UCSXDIR
 10
1.0
 20
0.0
 30
0.0
  9
$UCSYDIR
 10
0.0
 20
1.0
 30
0.0
  9
$UCSORTHOREF
  2

  9
$UCSORTHOVIEW
 70
     0
  9
$UCSORGTOP
 10
0.0
 20
0.0
 30
0.0
  9
$UCSORGBOTTOM
 10
0.0
 20
0.0
 30
0.0
  9
$UCSORGLEFT
 10
0.0
 20
0.0
 30
0.0
  9
$UCSORGRIGHT
 10
0.0
 20
0.0
 30
0.0
  9
$UCSORGFRONT
 10
0.0
 20
0.0
 30
0.0
  9
$UCSORGBACK
 10
0.0
 20
0.0
 30
0.0
  9
$PUCSBASE
  2

  9
$PUCSNAME
  2

  9
$PUCSORG
 10
0.0
 20
0.0
 30
0.0
  9
$PUCSXDIR
 10
1.0
 20
0.0
 30
0.0
  9
$PUCSYDIR
 10
0.0
 20
1.0
 30
0.0
  9
$PUCSORTHOREF
  2

  9
$PUCSORTHOVIEW
 70
     0
  9
$PUCSORGTOP
 10
0.0
 20
0.0
 30
0.0
  9
$PUCSORGBOTTOM
 10
0.0
 20
0.0
 30
0.0
  9
$PUCSORGLEFT
 10
0.0
 20
0.0
 30
0.0
  9
$PUCSORGRIGHT
 10
0.0
 20
0.0
 30
0.0
  9
$PUCSORGFRONT
 10
0.0
 20
0.0
 30
0.0
  9
$PUCSORGBACK
 10
0.0
 20
0.0
 30
0.0
  9
$USERI1
 70
     0
  9
$USERI2
 70
     0
  9
$USERI3
 70
     0
  9
$USERI4
 70
     0
  9
$USERI5
 70
     0
  9
$USERR1
 40
0.0
  9
$USERR2
 40
0.0
  9
$USERR3
 40
0.0
  9
$USERR4
 40
0.0
  9
$USERR5
 40
0.0
  9
$WORLDVIEW
 70
     1
  9
$SHADEDGE
 70
     3
  9
$SHADEDIF
 70
    70
  9
$TILEMODE
 70
     1
  9
$MAXACTVP
 70
    64
  9
$PINSBASE
 10
0.0
 20
0.0
 30
0.0
  9
$PLIMCHECK
 70
     0
  9
$PEXTMIN
 10
-7.295238095238097
 20
-0.761904761904762
 30
0.0
  9
$PEXTMAX
 10
801.0
 20
567.0
 30
0.0
  9
$PLIMMIN
 10
-17.81765690504676
 20
-5.826615712092461
  9
$PLIMMAX
 10
823.1823430949532
 20
588.1733842879075
  9
$UNITMODE
 70
     0
  9
$VISRETAIN
 70
     1
  9
$PLINEGEN
 70
     0
  9
$PSLTSCALE
 70
     1
  9
$TREEDEPTH
 70
  3020
  9
$CMLSTYLE
  2
Standard
  9
$CMLJUST
 70
     0
  9
$CMLSCALE
 40
1.0
  9
$PROXYGRAPHICS
 70
     1
  9
$MEASUREMENT
 70
     1
  9
$CELWEIGHT
370
    -1
  9
$ENDCAPS
280
     0
  9
$JOINSTYLE
280
     0
  9
$LWDISPLAY
290
     0
  9
$INSUNITS
 70
     4
  9
$HYPERLINKBASE
  1

  9
$STYLESHEET
  1

  9
$XEDIT
290
     1
  9
$CEPSNTYPE
380
     0
  9
$PSTYLEMODE
290
     1
  9
$FINGERPRINTGUID
  2
{2B594507-BE95-8445-AE91-04C172C2FA03}
  9
$VERSIONGUID
  2
{C19F0AA7-51F0-7641-AB49-ADA111FEE0F3}
  9
$EXTNAMES
290
     1
  9
$PSVPSCALE
 40
0.0
  9
$OLESTARTUP
290
     0
  9
$SORTENTS
280
   127
  9
$INDEXCTL
280
     0
  9
$HIDETEXT
280
     1
  9
$XCLIPFRAME
280
     0
  9
$HALOGAP
280
     0
  9
$OBSCOLOR
 70
   257
  9
$OBSLTYPE
280
     0
  9
$INTERSECTIONDISPLAY
280
     0
  9
$INTERSECTIONCOLOR
 70
   257
  9
$DIMASSOC
280
     2
  9
$PROJECTNAME
  1

  9
$CAMERADISPLAY
290
     0
  9
$LENSLENGTH
 40
50.0
  9
$CAMERAHEIGHT
 40
0.0
  9
$STEPSPERSEC
 40
2.0
  9
$STEPSIZE
 40
6.0
  9
$3DDWFPREC
 40
2.0
  9
$PSOLWIDTH
 40
5.0
  9
$PSOLHEIGHT
 40
80.0
  9
$LOFTANG1
 40
1.570796326794896
  9
$LOFTANG2
 40
1.570796326794896
  9
$LOFTMAG1
 40
0.0
  9
$LOFTMAG2
 40
0.0
  9
$LOFTPARAM
 70
     7
  9
$LOFTNORMALS
280
     1
  9
$LATITUDE
 40
37.795
  9
$LONGITUDE
 40
-122.394
  9
$NORTHDIRECTION
 40
0.0
  9
$TIMEZONE
 70
 -8000
  9
$LIGHTGLYPHDISPLAY
280
     1
  9
$TILEMODELIGHTSYNCH
280
     1
  9
$CMATERIAL
347
1163
  9
$SOLIDHIST
280
     0
  9
$SHOWHIST
280
     1
  9
$DWFFRAME
280
     2
  9
$DGNFRAME
280
     0
  9
$REALWORLDSCALE
290
     1
  9
$INTERFERECOLOR
 62
     1
  9
$INTERFEREOBJVS
345
1170
  9
$INTERFEREVPVS
346
116D
  9
$CSHADOW
280
     0
  9
$SHADOWPLANELOCATION
 40
0.0
  0
ENDSEC
  0
SECTION
  2
CLASSES
  0
CLASS
  1
ACDBDICTIONARYWDFLT
  2
AcDbDictionaryWithDefault
  3
ObjectDBX Classes
 90
        0
 91
        1
280
     0
281
     0
  0
CLASS
  1
PLOTSETTINGS
  2
AcDbPlotSettings
  3
ObjectDBX Classes
 90
        0
 91
        4
280
     0
281
     0
  0
CLASS
  1
DICTIONARYVAR
  2
AcDbDictionaryVar
  3
ObjectDBX Classes
 90
        0
 91
       15
280
     0
281
     0
  0
CLASS
  1
TABLESTYLE
  2
AcDbTableStyle
  3
ObjectDBX Classes
 90
     4095
 91
        1
280
     0
281
     0
  0
CLASS
  1
SORTENTSTABLE
  2
AcDbSortentsTable
  3
ObjectDBX Classes
 90
        0
 91
        4
280
     0
281
     0
  0
CLASS
  1
FIELD
  2
AcDbField
  3
ObjectDBX Classes
 90
     1152
 91
       34
280
     0
281
     0
  0
CLASS
  1
FIELDLIST
  2
AcDbFieldList
  3
ObjectDBX Classes
 90
     1152
 91
        1
280
     0
281
     0
  0
CLASS
  1
ACAD_EVALUATION_GRAPH
  2
AcDbEvalGraph
  3
ObjectDBX Classes
 90
     1153
 91
        0
280
     0
281
     0
  0
CLASS
  1
BLOCKLINEARPARAMETER
  2
AcDbBlockLinearParameter
  3
ObjectDBX Classes
 90
     1153
 91
        0
280
     0
281
     0
  0
CLASS
  1
BLOCKLINEARGRIP
  2
AcDbBlockLinearGrip
  3
ObjectDBX Classes
 90
     1153
 91
        0
280
     0
281
     0
  0
CLASS
  1
BLOCKGRIPLOCATIONCOMPONENT
  2
AcDbBlockGripExpr
  3
ObjectDBX Classes
 90
     1153
 91
        0
280
     0
281
     0
  0
CLASS
  1
BLOCKSTRETCHACTION
  2
AcDbBlockStretchAction
  3
ObjectDBX Classes
 90
     1153
 91
        0
280
     0
281
     0
  0
CLASS
  1
BLOCKROTATIONPARAMETER
  2
AcDbBlockRotationParameter
  3
ObjectDBX Classes
 90
     1153
 91
        0
280
     0
281
     0
  0
CLASS
  1
BLOCKROTATIONGRIP
  2
AcDbBlockRotationGrip
  3
ObjectDBX Classes
 90
     1153
 91
        0
280
     0
281
     0
  0
CLASS
  1
BLOCKROTATEACTION
  2
AcDbBlockRotateAction
  3
ObjectDBX Classes
 90
     1153
 91
        0
280
     0
281
     0
  0
CLASS
  1
ACDB_DYNAMICBLOCKPURGEPREVENTER_VERSION
  2
AcDbDynamicBlockPurgePreventer
  3
ObjectDBX Classes
 90
     1153
 91
        0
280
     0
281
     0
  0
CLASS
  1
ACDB_BLOCKREPRESENTATION_DATA
  2
AcDbBlockRepresentationData
  3
ObjectDBX Classes
 90
     1153
 91
        0
280
     0
281
     0
  0
CLASS
  1
BLOCKVISIBILITYPARAMETER
  2
AcDbBlockVisibilityParameter
  3
ObjectDBX Classes
 90
     1153
 91
        0
280
     0
281
     0
  0
CLASS
  1
BLOCKVISIBILITYGRIP
  2
AcDbBlockVisibilityGrip
  3
ObjectDBX Classes
 90
     1153
 91
        0
280
     0
281
     0
  0
CLASS
  1
MATERIAL
  2
AcDbMaterial
  3
ObjectDBX Classes
 90
     1153
 91
        3
280
     0
281
     0
  0
CLASS
  1
VISUALSTYLE
  2
AcDbVisualStyle
  3
ObjectDBX Classes
 90
     4095
 91
       25
280
     0
281
     0
  0
CLASS
  1
SCALE
  2
AcDbScale
  3
ObjectDBX Classes
 90
     1153
 91
       17
280
     0
281
     0
  0
CLASS
  1
MLEADERSTYLE
  2
AcDbMLeaderStyle
  3
ACDB_MLEADERSTYLE_CLASS
 90
     4095
 91
        1
280
     0
281
     0
  0
CLASS
  1
ACDBSECTIONVIEWSTYLE
  2
AcDbSectionViewStyle
  3
ObjectDBX Classes
 90
     1025
 91
        2
280
     0
281
     0
  0
CLASS
  1
ACDBDETAILVIEWSTYLE
  2
AcDbDetailViewStyle
  3
ObjectDBX Classes
 90
     1025
 91
        2
280
     0
281
     0
  0
CLASS
  1
CELLSTYLEMAP
  2
AcDbCellStyleMap
  3
ObjectDBX Classes
 90
     1152
 91
        2
280
     0
281
     0
  0
CLASS
  1
WIPEOUT
  2
AcDbWipeout
  3
WipeOut|Product Desc: Object Enabler for WipeOut entity | Company: Autodesk, Inc. | WEB Address: www.autodesk.com
 90
     2175
 91
        1
280
     0
281
     1
  0
CLASS
  1
DIMASSOC
  2
AcDbDimAssoc
  3
"AcDbDimAssoc|Product Desc:     AcDim ARX App For Dimension|Company:          Autodesk, Inc.|WEB Address:      www.autodesk.com"
 90
        0
 91
        2
280
     0
281
     0
  0
CLASS
  1
WIPEOUTVARIABLES
  2
AcDbWipeoutVariables
  3
"WipeOut|Product Desc:     WipeOut Dbx Application|Company:          Autodesk, Inc.|WEB Address:      www.autodesk.com"
 90
        0
 91
        1
280
     0
281
     0
  0
CLASS
  1
RAPIDRTRENDERSETTINGS
  2
AcDbRapidRTRenderSettings
  3
ObjectDBX Classes
 90
     1024
 91
        7
280
     0
281
     0
  0
ENDSEC
  0
SECTION
  2
TABLES
  0
TABLE
  2
VPORT
  5
8
330
0
100
AcDbSymbolTable
 70
     1
  0
VPORT
  5
F12
330
8
100
AcDbSymbolTableRecord
100
AcDbViewportTableRecord
  2
*Active
 70
     0
 10
0.0
 20
0.0
 11
1.0
 21
1.0
 12
353788.0252111153
 22
355904.8109021289
 13
0.0
 23
0.0
 14
0.5
 24
0.5
 15
0.5
 25
0.5
 16
0.0
 26
0.0
 36
1.0
 17
0.0
 27
0.0
 37
0.0
 40
184.238483432562
 41
1.976715686274509
 42
50.0
 43
0.0
 44
0.0
 50
0.0
 51
0.0
 71
     0
 72
  1000
 73
     1
 74
     3
 75
     0
 76
     0
 77
     0
 78
     0
281
     0
 65
     1
110
0.0
120
0.0
130
0.0
111
1.0
121
0.0
131
0.0
112
0.0
122
1.0
132
0.0
 79
     0
146
0.0
348
116C
 60
     3
 61
     5
292
     1
282
     1
141
0.0
142
0.0
 63
   250
421
  3355443
1001
ACAD_NAV_VCDISPLAY
1070
     3
  0
ENDTAB
  0
TABLE
  2
LTYPE
  5
5
330
0
100
AcDbSymbolTable
 70
     4
  0
LTYPE
  5
14
330
5
100
AcDbSymbolTableRecord
100
AcDbLinetypeTableRecord
  2
ByBlock
 70
     0
  3

 72
    65
 73
     0
 40
0.0
  0
LTYPE
  5
15
330
5
100
AcDbSymbolTableRecord
100
AcDbLinetypeTableRecord
  2
ByLayer
 70
     0
  3

 72
    65
 73
     0
 40
0.0
  0
LTYPE
  5
16
330
5
100
AcDbSymbolTableRecord
100
AcDbLinetypeTableRecord
  2
Continuous
 70
     0
  3
Solid line
 72
    65
 73
     0
 40
0.0
  0
LTYPE
  5
182A
330
5
100
AcDbSymbolTableRecord
100
AcDbLinetypeTableRecord
  2
DRAIN_PIPE
 70
     0
  3
DRAIN PIPE ---- D ---- D ---- D ----
 72
    65
 73
     3
 40
0.9
 49
0.5
 74
     0
 49
-0.2
 74
    10
 75
     0
340
11
 46
0.1
 50
0.0
 44
-0.1
 45
-0.05
  9
D
 49
-0.2
 74
     0
  0
LTYPE
  5
182B
330
5
100
AcDbSymbolTableRecord
100
AcDbLinetypeTableRecord
  2
( Hidden )
 70
     0
  3
Hidden line stroke pattern
 72
    65
 73
     2
 40
0.375
 49
0.25
 74
     0
 49
-0.125
 74
     0
  0
ENDTAB
  0
TABLE
  2
LAYER
  5
2
102
{ACAD_XDICTIONARY
360
A96
102
}
330
0
100
AcDbSymbolTable
 70
    29
  0
LAYER
  5
10
102
{ACAD_XDICTIONARY
360
3A29
102
}
330
2
100
AcDbSymbolTableRecord
100
AcDbLayerTableRecord
  2
0
 70
     0
 62
     7
  6
Continuous
370
    -3
390
F
347
1165
348
0
  0
LAYER
  5
17A
102
{ACAD_XDICTIONARY
360
3A2B
102
}
330
2
100
AcDbSymbolTableRecord
100
AcDbLayerTableRecord
  2
Title Block
 70
     0
 62
     7
  6
Continuous
370
    -3
390
F
347
1165
348
0
  0
LAYER
  5
182C
330
2
100
AcDbSymbolTableRecord
100
AcDbLayerTableRecord
  2
Defpoints
 70
     0
 62
    -7
  6
Continuous
290
     0
370
    -3
390
F
347
1165
348
0
  0
LAYER
  5
182D
102
{ACAD_XDICTIONARY
360
3A2D
102
}
330
2
100
AcDbSymbolTableRecord
100
AcDbLayerTableRecord
  2
wipeout
 70
     0
 62
     7
420
 16448250
  6
Continuous
370
    -3
390
F
347
1165
348
0
1001
AcAecLayerStandard
1000

1000

1001
AcCmTransparency
1071
        0
  0
LAYER
  5
182E
102
{ACAD_XDICTIONARY
360
3A2F
102
}
330
2
100
AcDbSymbolTableRecord
100
AcDbLayerTableRecord
  2
A-P-TEXT
 70
     0
 62
     2
  6
Continuous
370
    -3
390
F
347
1165
348
0
1001
AcAecLayerStandard
1000

1000

1001
AcCmTransparency
1071
        0
1001
AcXRefLayerPropertyOverride
1071
        0
  0
LAYER
  5
182F
102
{ACAD_XDICTIONARY
360
3A31
102
}
330
2
100
AcDbSymbolTableRecord
100
AcDbLayerTableRecord
  2
A-G-EXISTING WALL
 70
     0
 62
    53
  6
Continuous
370
    -3
390
F
347
1165
348
0
1001
AcAecLayerStandard
1000

1000

1001
AcCmTransparency
1071
        0
1001
AcXRefLayerPropertyOverride
1071
        0
  0
LAYER
  5
1830
102
{ACAD_XDICTIONARY
360
3A33
102
}
330
2
100
AcDbSymbolTableRecord
100
AcDbLayerTableRecord
  2
S-CONCRETE PLANS
 70
     0
 62
     4
  6
Continuous
370
    -3
390
F
347
1165
348
0
1001
AcAecLayerStandard
1000

1000

  0
LAYER
  5
1831
102
{ACAD_XDICTIONARY
360
3A35
102
}
330
2
100
AcDbSymbolTableRecord
100
AcDbLayerTableRecord
  2
S-Steel
 70
     0
 62
     3
  6
Continuous
370
    -3
390
F
347
1165
348
0
1001
AcAecLayerStandard
1000

1000
CONCRETE WALL
  0
LAYER
  5
1832
102
{ACAD_XDICTIONARY
360
3A37
102
}
330
2
100
AcDbSymbolTableRecord
100
AcDbLayerTableRecord
  2
S-TEXT-STEEL
 70
     0
 62
   255
  6
Continuous
370
    15
390
F
347
1165
348
0
1001
AcAecLayerStandard
1000

1000
STONE CLADING
  0
LAYER
  5
1833
102
{ACAD_XDICTIONARY
360
1834
102
}
330
2
100
AcDbSymbolTableRecord
100
AcDbLayerTableRecord
  2
S-S-BEARING WALL
 70
     0
 62
   150
  6
Continuous
370
    -3
390
F
347
1165
348
0
1001
AcXRefLayerPropertyOverride
1071
        0
  0
LAYER
  5
1835
102
{ACAD_XDICTIONARY
360
1836
102
}
330
2
100
AcDbSymbolTableRecord
100
AcDbLayerTableRecord
  2
S-S-BEARING WALL HATCH
 70
     0
 62
   250
  6
Continuous
370
    -3
390
F
347
1165
348
0
1001
AcXRefLayerPropertyOverride
1071
        0
  0
LAYER
  5
1837
102
{ACAD_XDICTIONARY
360
1838
102
}
330
2
100
AcDbSymbolTableRecord
100
AcDbLayerTableRecord
  2
S-S-COLUMN
 70
     0
 62
    60
  6
Continuous
370
    -3
390
F
347
1165
348
0
1001
AcAecLayerStandard
1000
ABS Object - Based On AIA
1001
AcXRefLayerPropertyOverride
1071
        0
  0
LAYER
  5
1839
102
{ACAD_XDICTIONARY
360
3A3C
102
}
330
2
100
AcDbSymbolTableRecord
100
AcDbLayerTableRecord
  2
S-S-BEARING WALL UNDER THE GROUND
 70
     0
 62
   150
  6
Continuous
370
    -3
390
F
347
1165
348
0
1001
AcAecLayerStandard
1000

1000

1001
AcCmTransparency
1071
        0
1001
AcXRefLayerPropertyOverride
1071
        0
  0
LAYER
  5
183A
102
{ACAD_XDICTIONARY
360
3A3E
102
}
330
2
100
AcDbSymbolTableRecord
100
AcDbLayerTableRecord
  2
S-S-BEARING WALL HATCH UNDER THE GROUND
 70
     0
 62
   250
  6
Continuous
370
    -3
390
F
347
1165
348
0
1001
AcAecLayerStandard
1000

1000

1001
AcCmTransparency
1071
        0
1001
AcXRefLayerPropertyOverride
1071
        0
  0
LAYER
  5
183B
102
{ACAD_XDICTIONARY
360
3A40
102
}
330
2
100
AcDbSymbolTableRecord
100
AcDbLayerTableRecord
  2
S-TAGS
 70
     0
 62
   135
  6
Continuous
370
    -3
390
F
347
1165
348
0
1001
AcAecLayerStandard
1000

1000

  0
LAYER
  5
183C
102
{ACAD_XDICTIONARY
360
3A42
102
}
330
2
100
AcDbSymbolTableRecord
100
AcDbLayerTableRecord
  2
S-Text-Col.
 70
     0
 62
     7
  6
Continuous
370
    -3
390
F
347
1165
348
0
1001
AcAecLayerStandard
1000

1000

  0
LAYER
  5
183D
102
{ACAD_XDICTIONARY
360
3A44
102
}
330
2
100
AcDbSymbolTableRecord
100
AcDbLayerTableRecord
  2
S-SYMPOLS
 70
     0
 62
     6
  6
Continuous
370
    -3
390
F
347
1165
348
0
  0
LAYER
  5
183E
102
{ACAD_XDICTIONARY
360
3A46
102
}
330
2
100
AcDbSymbolTableRecord
100
AcDbLayerTableRecord
  2
S-DIMENSIONS
 70
     0
 62
   134
  6
Continuous
370
    13
390
F
347
1165
348
0
  0
LAYER
  5
183F
102
{ACAD_XDICTIONARY
360
3A48
102
}
330
2
100
AcDbSymbolTableRecord
100
AcDbLayerTableRecord
  2
S-BLINDING LINE
 70
     0
 62
     1
  6
Continuous
370
    -3
390
F
347
1165
348
0
1001
AcAecLayerStandard
1000

1000

  0
LAYER
  5
1840
102
{ACAD_XDICTIONARY
360
3A4A
102
}
330
2
100
AcDbSymbolTableRecord
100
AcDbLayerTableRecord
  2
S-Text-Foundations
 70
     0
 62
     7
  6
Continuous
370
    -3
390
F
347
1165
348
0
1001
AcAecLayerStandard
1000

1000

  0
LAYER
  5
1841
102
{ACAD_XDICTIONARY
360
3A4C
102
}
330
2
100
AcDbSymbolTableRecord
100
AcDbLayerTableRecord
  2
S-HATCH REIN.
 70
     0
 62
     9
  6
Continuous
370
     5
390
F
347
1165
348
0
1001
AcAecLayerStandard
1000

1000

  0
LAYER
  5
1842
102
{ACAD_XDICTIONARY
360
3A4E
102
}
330
2
100
AcDbSymbolTableRecord
100
AcDbLayerTableRecord
  2
P-R-WPUS
 70
     0
 62
     4
  6
DRAIN_PIPE
370
    -3
390
F
347
1165
348
0
1001
AcCmTransparency
1071
        0
  0
LAYER
  5
1843
102
{ACAD_XDICTIONARY
360
1844
102
}
330
2
100
AcDbSymbolTableRecord
100
AcDbLayerTableRecord
  2
S-D-WATER PROOF
 70
     0
 62
     8
  6
( Hidden )
370
     0
390
F
347
1165
348
0
1001
RAK
1000
{ACET-LAYISO
1070
     0
1070
     8
1000
( Hidden )
1071
        0
1071
        1
1005
F
1000
ACET-LAYISO}
  0
LAYER
  5
1845
102
{ACAD_XDICTIONARY
360
1846
102
}
330
2
100
AcDbSymbolTableRecord
100
AcDbLayerTableRecord
  2
steel
 70
     0
 62
     3
  6
Continuous
370
    -3
390
F
347
1165
348
0
1001
AcAecLayerStandard
1000

1000

1001
RAK
1000
{ACET-LAYISO
1070
     0
1070
   142
1000
Continuous
1071
       -3
1071
        1
1005
F
1000
ACET-LAYISO}
  0
LAYER
  5
1847
102
{ACAD_XDICTIONARY
360
1848
102
}
330
2
100
AcDbSymbolTableRecord
100
AcDbLayerTableRecord
  2
A-G-DIMENSION
 70
     0
 62
   191
  6
Continuous
370
    -3
390
F
347
1165
348
0
1001
AcAecLayerStandard
1000
ABS Object - Based On AIA
1001
AcXRefLayerPropertyOverride
1071
        0
  0
LAYER
  5
1849
102
{ACAD_XDICTIONARY
360
184A
102
}
330
2
100
AcDbSymbolTableRecord
100
AcDbLayerTableRecord
  2
S-S-COLUMN HATCH
 70
     0
 62
   250
  6
Continuous
370
    -3
390
F
347
1165
348
0
  0
LAYER
  5
184B
102
{ACAD_XDICTIONARY
360
3A54
102
}
330
2
100
AcDbSymbolTableRecord
100
AcDbLayerTableRecord
  2
S-CONCRETE WALLS
 70
     0
 62
     5
  6
Continuous
370
    -3
390
F
347
1165
348
0
1001
AcAecLayerStandard
1000

1000

  0
LAYER
  5
184C
102
{ACAD_XDICTIONARY
360
3A56
102
}
330
2
100
AcDbSymbolTableRecord
100
AcDbLayerTableRecord
  2
S-TEXT- BEAMS
 70
     0
 62
     7
  6
Continuous
370
    -3
390
F
347
1165
348
0
1001
AcAecLayerStandard
1000

1000
STONE CLADING
  0
LAYER
  5
184D
102
{ACAD_XDICTIONARY
360
3A58
102
}
330
2
100
AcDbSymbolTableRecord
100
AcDbLayerTableRecord
  2
$AUDIT_BAD_LAYER1
 70
     0
 62
     7
  6
Continuous
370
    -3
390
F
347
1165
348
0
  0
ENDTAB
  0
TABLE
  2
STYLE
  5
3
330
0
100
AcDbSymbolTable
 70
     6
  0
STYLE
  5
11
330
3
100
AcDbSymbolTableRecord
100
AcDbTextStyleTableRecord
  2
Standard
 70
     0
 40
0.0
 41
1.0
 50
0.0
 71
     0
 42
0.2
  3
simplex.shx
  4

  0
STYLE
  5
69
330
3
100
AcDbSymbolTableRecord
100
AcDbTextStyleTableRecord
  2
Roman
 70
     0
 40
0.0
 41
1.0
 50
0.0
 71
     0
 42
10.0
  3
romans
  4

  0
STYLE
  5
184E
330
3
100
AcDbSymbolTableRecord
100
AcDbTextStyleTableRecord
  2
Site 1-200 (m)
 70
     0
 40
0.2
 41
0.85
 50
0.0
 71
     0
 42
2000.0
  3
arial.ttf
  4

1001
ACAD
1000
Arial
1071
       34
  0
STYLE
  5
184F
330
3
100
AcDbSymbolTableRecord
100
AcDbTextStyleTableRecord
  2
Tohama
 70
     0
 40
0.0
 41
1.0
 50
0.0
 71
     0
 42
0.25
  3
tahoma.ttf
  4

1001
ACAD
1000
Tahoma
1071
       34
  0
STYLE
  5
1850
330
3
100
AcDbSymbolTableRecord
100
AcDbTextStyleTableRecord
  2
ARIAL
 70
     0
 40
0.0
 41
1.0
 50
0.0
 71
     0
 42
0.3
  3
arial.ttf
  4

1001
ACAD
1000
Arial
1071
       34
  0
ENDTAB
  0
TABLE
  2
VIEW
  5
6
330
0
100
AcDbSymbolTable
 70
     0
  0
ENDTAB
  0
TABLE
  2
UCS
  5
7
330
0
100
AcDbSymbolTable
 70
     0
  0
ENDTAB
  0
TABLE
  2
APPID
  5
9
330
0
100
AcDbSymbolTable
 70
    21
  0
APPID
  5
12
330
9
100
AcDbSymbolTableRecord
100
AcDbRegAppTableRecord
  2
ACAD
 70
     0
  0
APPID
  5
2AE
330
9
100
AcDbSymbolTableRecord
100
AcDbRegAppTableRecord
  2
DCO15
 70
     0
  0
APPID
  5
2C3
330
9
100
AcDbSymbolTableRecord
100
AcDbRegAppTableRecord
  2
ACAD_PSEXT
 70
     0
  0
APPID
  5
9BF
330
9
100
AcDbSymbolTableRecord
100
AcDbRegAppTableRecord
  2
PE_URL
 70
     0
  0
APPID
  5
A95
330
9
100
AcDbSymbolTableRecord
100
AcDbRegAppTableRecord
  2
AcAecLayerStandard
 70
     0
  0
APPID
  5
F5B
330
9
100
AcDbSymbolTableRecord
100
AcDbRegAppTableRecord
  2
AcDbBlockRepETag
 70
     0
  0
APPID
  5
FC1
330
9
100
AcDbSymbolTableRecord
100
AcDbRegAppTableRecord
  2
AcDbDynamicBlockTrueName
 70
     0
  0
APPID
  5
FC2
330
9
100
AcDbSymbolTableRecord
100
AcDbRegAppTableRecord
  2
AcDbDynamicBlockGUID
 70
     0
  0
APPID
  5
1059
330
9
100
AcDbSymbolTableRecord
100
AcDbRegAppTableRecord
  2
AcDbBlockRepBTag
 70
     0
  0
APPID
  5
128F
330
9
100
AcDbSymbolTableRecord
100
AcDbRegAppTableRecord
  2
ACAD_MLEADERVER
 70
     0
  0
APPID
  5
1854
330
9
100
AcDbSymbolTableRecord
100
AcDbRegAppTableRecord
  2
ACAD_DSTYLE_DIMJAG
 70
     0
  0
APPID
  5
1855
330
9
100
AcDbSymbolTableRecord
100
AcDbRegAppTableRecord
  2
ACAD_DSTYLE_DIMTALN
 70
     0
  0
APPID
  5
1856
330
9
100
AcDbSymbolTableRecord
100
AcDbRegAppTableRecord
  2
ACAD_NAV_VCDISPLAY
 70
     0
  0
APPID
  5
1857
330
9
100
AcDbSymbolTableRecord
100
AcDbRegAppTableRecord
  2
AcCmTransparency
 70
     0
  0
APPID
  5
1858
330
9
100
AcDbSymbolTableRecord
100
AcDbRegAppTableRecord
  2
GradientColor1ACI
 70
     0
  0
APPID
  5
1859
330
9
100
AcDbSymbolTableRecord
100
AcDbRegAppTableRecord
  2
GradientColor2ACI
 70
     0
  0
APPID
  5
185A
330
9
100
AcDbSymbolTableRecord
100
AcDbRegAppTableRecord
  2
ACAD_DSTYLE_DIMBREAK
 70
     0
  0
APPID
  5
185B
330
9
100
AcDbSymbolTableRecord
100
AcDbRegAppTableRecord
  2
RAK
 70
     0
  0
APPID
  5
185C
330
9
100
AcDbSymbolTableRecord
100
AcDbRegAppTableRecord
  2
AcXRefLayerPropertyOverride
 70
     0
  0
APPID
  5
3AC2
330
9
100
AcDbSymbolTableRecord
100
AcDbRegAppTableRecord
  2
ACAD_EXEMPT_FROM_CAD_STANDARDS
 70
     0
  0
APPID
  5
3ADD
330
9
100
AcDbSymbolTableRecord
100
AcDbRegAppTableRecord
  2
Acad_TC
 70
     0
  0
ENDTAB
  0
TABLE
  2
DIMSTYLE
  5
A
330
0
100
AcDbSymbolTable
 70
     6
100
AcDbDimStyleTable
 71
     3
340
1851
340
1853
340
3F6
  0
DIMSTYLE
105
3F6
330
A
100
AcDbSymbolTableRecord
100
AcDbDimStyleTableRecord
  2
ISO-25
 70
     0
 41
2.5
 42
0.625
 43
3.75
 44
1.25
 73
     0
 74
     0
 77
     1
 78
     8
140
2.5
141
2.5
143
0.03937007874016
147
0.625
171
     3
172
     1
271
     2
272
     2
274
     3
278
    44
283
     0
284
     8
340
11
  0
DIMSTYLE
105
1851
102
{ACAD_REACTORS
330
3ADE
330
3B80
102
}
330
A
100
AcDbSymbolTableRecord
100
AcDbDimStyleTableRecord
  2
FC 1-100 (m)
 70
     0
 41
0.1
 42
0.144
 43
1000.0
 44
0.144
 49
0.144
 73
     0
 74
     0
 75
     1
 76
     1
 77
     1
 78
     1
140
0.2
141
90.0
147
0.072
172
     1
174
     1
176
   256
178
   256
179
     3
271
     2
272
     2
279
     2
284
     8
340
184E
342
12B1
345
15
371
    -1
1001
ACAD_DSTYLE_DIMJAG
1070
   388
1040
1.5
1001
ACAD_DSTYLE_DIMTALN
1070
   392
1070
     0
  0
DIMSTYLE
105
1852
330
A
100
AcDbSymbolTableRecord
100
AcDbDimStyleTableRecord
  2
1-25--
 70
     0
 41
0.1
 42
0.144
 43
1000.0
 44
0.144
 49
0.144
 73
     0
 74
     0
 75
     1
 76
     1
 77
     1
 78
     1
140
0.36
141
90.0
144
0.25
147
0.072
172
     1
174
     1
176
   256
178
   256
179
     3
271
     2
272
     2
279
     2
284
     8
340
184E
342
12B1
345
15
371
    -1
1001
ACAD_DSTYLE_DIMBREAK
1070
   391
1040
0.125
1001
ACAD_DSTYLE_DIMJAG
1070
   388
1040
1.5
1001
ACAD_DSTYLE_DIMTALN
1070
   392
1070
     0
  0
DIMSTYLE
105
1853
102
{ACAD_REACTORS
330
2609
330
260A
330
260B
330
260C
330
260D
330
260E
330
260F
330
2610
330
2611
330
2612
102
}
330
A
100
AcDbSymbolTableRecord
100
AcDbDimStyleTableRecord
  2
FC 1-200 (m)
 70
     0
 41
0.03
 42
0.144
 43
1000.0
 44
0.144
 49
0.144
 73
     0
 74
     0
 75
     1
 76
     1
 77
     1
 78
     9
140
0.26
141
90.0
147
0.03
172
     1
174
     1
176
   256
178
   256
179
     3
271
     2
272
     2
279
     2
284
     8
340
184E
342
17B4
345
15
371
    -1
1001
ACAD_DSTYLE_DIMJAG
1070
   388
1040
1.5
1001
ACAD_DSTYLE_DIMTALN
1070
   392
1070
     0
  0
ENDTAB
  0
TABLE
  2
BLOCK_RECORD
  5
1
330
0
100
AcDbSymbolTable
 70
    18
  0
BLOCK_RECORD
  5
1F
102
{ACAD_XDICTIONARY
360
3AB4
102
}
330
1
100
AcDbSymbolTableRecord
100
AcDbBlockTableRecord
  2
*Model_Space
340
22
 70
     0
280
     1
281
     0
  0
BLOCK_RECORD
  5
1B
102
{ACAD_XDICTIONARY
360
2E6
102
}
330
1
100
AcDbSymbolTableRecord
100
AcDbBlockTableRecord
  2
*Paper_Space
340
1E
 70
     0
280
     1
281
     0
  0
BLOCK_RECORD
  5
BD4
330
1
100
AcDbSymbolTableRecord
100
AcDbBlockTableRecord
  2
Title Block
340
0
310
2800000020000000200000000100080000000000000400000000000000000000000000000000000000000000000080000080000000808000800000008000800080800000C0C0C00099A8AC00D8E9EC000020400000206000002080000020A0000020C0000020E00000400000004020000040400000406000004080000040A0
310
000040C0000040E00000600000006020000060400000606000006080000060A0000060C0000060E00000800000008020000080400000806000008080000080A0000080C0000080E00000A0000000A0200000A0400000A0600000A0800000A0A00000A0C00000A0E00000C0000000C0200000C0400000C0600000C0800000C0
310
A00000C0C00000C0E00000E0000000E0200000E0400000E0600000E0800000E0A00000E0C00000E0E00040000000400020004000400040006000400080004000A0004000C0004000E00040200000402020004020400040206000402080004020A0004020C0004020E000404000004040200040404000404060004040800040
310
40A0004040C0004040E00040600000406020004060400040606000406080004060A0004060C0004060E00040800000408020004080400040806000408080004080A0004080C0004080E00040A0000040A0200040A0400040A0600040A0800040A0A00040A0C00040A0E00040C0000040C0200040C0400040C0600040C08000
310
40C0A00040C0C00040C0E00040E0000040E0200040E0400040E0600040E0800040E0A00040E0C00040E0E00080000000800020008000400080006000800080008000A0008000C0008000E00080200000802020008020400080206000802080008020A0008020C0008020E00080400000804020008040400080406000804080
310
008040A0008040C0008040E00080600000806020008060400080606000806080008060A0008060C0008060E00080800000808020008080400080806000808080008080A0008080C0008080E00080A0000080A0200080A0400080A0600080A0800080A0A00080A0C00080A0E00080C0000080C0200080C0400080C0600080C0
310
800080C0A00080C0C00080C0E00080E0000080E0200080E0400080E0600080E0800080E0A00080E0C00080E0E000C0000000C0002000C0004000C0006000C0008000C000A000C000C000C000E000C0200000C0202000C0204000C0206000C0208000C020A000C020C000C020E000C0400000C0402000C0404000C0406000C0
310
408000C040A000C040C000C040E000C0600000C0602000C0604000C0606000C0608000C060A000C060C000C060E000C0800000C0802000C0804000C0806000C0808000C080A000C080C000C080E000C0A00000C0A02000C0A04000C0A06000C0A08000C0A0A000C0A0C000C0A0E000C0C00000C0C02000C0C04000C0C06000
310
C0C08000C0C0A000F0FBFF00984E0000808080000000FF0000FF000000FFFF00FF000000FF00FF00FFFF0000FFFFFF00FFFFFFFFFFFFFFFFFFFFFFFFFFFFFFFFFFFFFFFFFFFFFFFFFFFFFFFFFFFFFFFFFFFFFFFFFFFFFFFFFFFFFFFFFFFFFFFFFFFFFFFFFFFFFFFFFFFFFFFFFFFFFFFFFFFFFFFFFFFFFFFFFFFFFFFFFFFFFF
310
FFFFFFFFFFFFFFFFFFFFFFFFFFFFFFFFFFFFFFFFFFFFFFFFFFFFFFFFFFFFFFFFFFFFFFFFFFFFFFFFFFFFFFFFFFFFFFFFFFFFFFFFFFFFFFFFFFFFFFFFFFFFFFFFFFFFFFFFFFFFFFFFFFFFFFFFFFFFFFFFFFFFFFFFFFFFFFFFFFFFFFFFFFFFFFFFFFFFFFFFFFFFFFFFFFFFFFFFFFFFFFFFFFFF00000000000000000000000000
310
0000000000000000000000000000000000FFFF0000FFFFFFFFFFFFFFFFFFFFFFFFFFFFFFFFFFFFFFFFFFFF000000000000FFFF0000FFFFFFFFFFFFFFFFFFFFFFFFFFFFFFFFFFFFFFFFFFFF000000000000FFFF0000FFFFFFFFFFFFFFFFFFFFFFFFFFFFFFFFFFFFFFFFFFFF000000000000FFFF0000FFFFFFFFFFFFFFFFFFFF
310
FFFFFFFFFFFFFFFFFFFFFFFF000000000000FFFF0000FFFFFFFFFFFFFFFFFFFFFFFFFFFFFFFFFFFFFFFFFFFF000000FF0000FFFF0000FFFFFFFFFFFFFFFFFFFFFFFFFFFFFFFFFFFFFFFFFFFF000000000000FFFF0000FFFFFFFFFFFFFFFFFFFFFFFFFFFFFFFFFFFFFFFFFFFF000000000000FFFF0000FFFFFFFFFFFFFFFFFF
310
FFFFFFFFFFFFFFFFFFFFFFFFFF0000FFFF0000FFFF0000FFFFFFFFFFFFFFFFFFFFFFFFFFFFFFFFFFFFFFFFFFFF0000FFFF0000FFFF0000FFFFFFFFFFFFFFFFFFFFFFFFFFFFFFFFFFFFFFFFFFFF0000FFFF0000FFFF0000FFFFFFFFFFFFFFFFFFFFFFFFFFFFFFFFFFFFFFFFFFFF0000FFFF0000FFFF0000FFFFFFFFFFFFFFFF
310
FFFFFFFFFFFFFFFFFFFFFFFFFFFF0000FFFF0000FFFF0000FFFFFFFFFFFFFFFFFFFFFFFFFFFFFFFFFFFFFFFFFFFF0000FFFF0000FFFF0000FFFFFFFFFFFFFFFFFFFFFFFFFFFFFFFFFFFFFFFFFFFF0000FFFF0000FFFF0000FFFFFFFFFFFFFFFFFFFFFFFFFFFFFFFFFFFFFFFFFFFF0000FFFF0000FFFF0000FFFFFFFFFFFFFF
310
FFFFFFFFFFFFFFFFFFFFFFFFFFFFFF0000FFFF0000FFFF0000FFFFFFFFFFFFFFFFFFFFFFFFFFFFFFFFFFFFFFFFFFFF0000FFFF0000FFFF0000FFFFFFFFFFFFFFFFFFFFFFFFFFFFFFFFFFFFFFFFFFFF000000000000FFFF000000000000000000000000000000000000000000000000000000000000FFFFFFFFFFFFFFFFFFFF
310
FFFFFFFFFFFFFFFFFFFFFFFFFFFFFFFFFFFFFFFFFFFFFFFFFFFFFFFFFFFFFFFFFFFFFFFFFFFFFFFFFFFFFFFFFFFFFFFFFFFFFFFFFFFFFFFFFFFFFFFFFFFFFFFFFFFFFFFFFFFFFFFFFFFFFFFFFFFFFFFFFFFFFFFFFFFFFFFFFFFFFFFFFFFFFFFFFFFFFFFFFFFFFFFFFFFFFFFFFFFFFFFFFFFFFFFFFFFFFFFFFFFFFFFFFFFFFF
310
FFFFFFFFFFFFFFFFFFFFFFFFFFFFFFFFFFFFFFFFFFFFFFFFFFFFFFFFFFFFFFFFFFFFFFFFFFFFFFFFFFFFFFFFFFFFFFFFFFFFFFFFFFFFFFFF
102
{BLKREFS
331
C18
102
}
 70
     4
280
     1
281
     0
  0
BLOCK_RECORD
  5
12B1
330
1
100
AcDbSymbolTableRecord
100
AcDbBlockTableRecord
  2
_OBLIQUE
340
0
310
28000000200000002000000001000800000000000004000000000000000000000000000000000000000000004000000080000000FF000000002000004020000080200000FF200000004000004040000080400000FF400000006000004060000080600000FF600000008000004080000080800000FF80000000A0000040A000
310
0080A00000FFA0000000C0000040C0000080C00000FFC0000000FF000040FF000080FF0000FFFF0000000020004000200080002000FF002000002020004020200080202000FF202000004020004040200080402000FF402000006020004060200080602000FF602000008020004080200080802000FF80200000A0200040A0
310
200080A02000FFA0200000C0200040C0200080C02000FFC0200000FF200040FF200080FF2000FFFF2000000040004000400080004000FF004000002040004020400080204000FF204000004040004040400080404000FF404000006040004060400080604000FF604000008040004080400080804000FF80400000A0400040
310
A0400080A04000FFA0400000C0400040C0400080C04000FFC0400000FF400040FF400080FF4000FFFF4000000060004000600080006000FF006000002060004020600080206000FF206000004060004040600080406000FF406000006060004060600080606000FF606000008060004080600080806000FF80600000A06000
310
40A0600080A06000FFA0600000C0600040C0600080C06000FFC0600000FF600040FF600080FF6000FFFF6000000080004000800080008000FF008000002080004020800080208000FF208000004080004040800080408000FF408000006080004060800080608000FF608000008080004080800080808000FF80800000A080
310
0040A0800080A08000FFA0800000C0800040C0800080C08000FFC0800000FF800040FF800080FF8000FFFF80000000A0004000A0008000A000FF00A0000020A0004020A0008020A000FF20A0000040A0004040A0008040A000FF40A0000060A0004060A0008060A000FF60A0000080A0004080A0008080A000FF80A00000A0
310
A00040A0A00080A0A000FFA0A00000C0A00040C0A00080C0A000FFC0A00000FFA00040FFA00080FFA000FFFFA0000000C0004000C0008000C000FF00C0000020C0004020C0008020C000FF20C0000040C0004040C0008040C000FF40C0000060C0004060C0008060C000FF60C0000080C0004080C0008080C000FF80C00000
310
A0C00040A0C00080A0C000FFA0C00000C0C00040C0C00080C0C000FFC0C00000FFC00040FFC00080FFC000FFFFC0000000FF004000FF008000FF00FF00FF000020FF004020FF008020FF00FF20FF000040FF004040FF008040FF00FF40FF000060FF004060FF008060FF00FF60FF000080FF004080FF008080FF00FF80FF00
310
00A0FF0040A0FF0080A0FF00FFA0FF0000C0FF0040C0FF0080C0FF00FFC0FF0000FFFF0040FFFF0080FFFF00FFFFFF00B6B6B6B6B6B6B6B6B6B6B6B6B6B6B6B6B6B6B6B6B6B6B6B6B6B6B6B6B6B6B6B6B600B6B6B6B6B6B6B6B6B6B6B6B6B6B6B6B6B6B6B6B6B6B6B6B6B6B6B6B6B6B6B6B600B6B6B6B6B6B6B6B6B6B6B6B6
310
B6B6B6B6B6B6B6B6B6B6B6B6B6B6B6B6B6B6B6B600B6B6B6B6B6B6B6B6B6B6B6B6B6B6B6B6B6B6B6B6B6B6B6B6B6B6B6B6B6B6B6B600B6B6B6B6B6B6B6B6B6B6B6B6B6B6B6B6B6B6B6B6B6B6B6B6B6B6B6B6B6B6B6B600B6B6B6B6B6B6B6B6B6B6B6B6B6B6B6B6B6B6B6B6B6B6B6B6B6B6B6B6B6B6B6B600B6B6B6B6B6B6B6
310
B6B6B6B6B6B6B6B6B6B6B6B6B6B6B6B6B6B6B6B6B6B6B6B6B600B6B6B6B6B6B6B6B6B6B6B6B6B6B6B6B6B6B6B6B6B6B6B6B6B6B6B6B6B6B6B6B600B6B6B6B6B6B6B6B6B6B6B6B6B6B6B6B6B6B6B6B6B6B6B6B6B6B6B6B6B6B6B6B600B6B6B6B6B6B6B6B6B6B6B6B6B6B6B6B6B6B6B6B6B6B6B6B6B6B6B6B6B6B6B6B600B6B6
310
B6B6B6B6B6B6B6B6B6B6B6B6B6B6B6B6B6B6B6B6B6B6B6B6B6B6B6B6B6B600B6B6B6B6B6B6B6B6B6B6B6B6B6B6B6B6B6B6B6B6B6B6B6B6B6B6B6B6B6B6B6B600B6B6B6B6B6B6B6B6B6B6B6B6B6B6B6B6B6B6B6B6B6B6B6B6B6B6B6B6B6B6B6B600B6B6B6B6B6B6B6B6B6B6B6B6B6B6B6B6B6B6B6B6B6B6B6B6B6B6B6B6B6B6
310
B6B600B6B6B6B6B6B6B6B6B6B6B6B6B6B6B6B6B6B6B6B6B6B6B6B6B6B6B6B6B6B6B6B600B6B6B6B6B6B6B6B6B6B6B6B6B6B6B6B6B6B6B6B6B6B6B6B6B6B6B6B6B6B6B6B600B6B6B6B6B6B6B6B6B6B6B6B6B6B6B6B6B6B6B6B6B6B6B6B6B6B6B6B6B6B6B6B600B6B6B6B6B6B6B6B6B6B6B6B6B6B6B6B6B6B6B6B6B6B6B6B6B6
310
B6B6B6B6B6B6B600B6B6B6B6B6B6B6B6B6B6B6B6B6B6B6B6B6B6B6B6B6B6B6B6B6B6B6B6B6B6B6B600B6B6B6B6B6B6B6B6B6B6B6B6B6B6B6B6B6B6B6B6B6B6B6B6B6B6B6B6B6B6B6B600B6B6B6B6B6B6B6B6B6B6B6B6B6B6B6B6B6B6B6B6B6B6B6B6B6B6B6B6B6B6B6B600B6B6B6B6B6B6B6B6B6B6B6B6B6B6B6B6B6B6B6B6
310
B6B6B6B6B6B6B6B6B6B6B6B600B6B6B6B6B6B6B6B6B6B6B6B6B6B6B6B6B6B6B6B6B6B6B6B6B6B6B6B6B6B6B6B600B6B6B6B6B6B6B6B6B6B6B6B6B6B6B6B6B6B6B6B6B6B6B6B6B6B6B6B6B6B6B6B600B6B6B6B6B6B6B6B6B6B6B6B6B6B6B6B6B6B6B6B6B6B6B6B6B6B6B6B6B6B6B6B600B6B6B6B6B6B6B6B6B6B6B6B6B6B6B6
310
B6B6B6B6B6B6B6B6B6B6B6B6B6B6B6B6B600B6B6B6B6B6B6B6B6B6B6B6B6B6B6B6B6B6B6B6B6B6B6B6B6B6B6B6B6B6B6B6B600B6B6B6B6B6B6B6B6B6B6B6B6B6B6B6B6B6B6B6B6B6B6B6B6B6B6B6B6B6B6B6B600B6B6B6B6B6B6B6B6B6B6B6B6B6B6B6B6B6B6B6B6B6B6B6B6B6B6B6B6B6B6B6B600B6B6B6B6B6B6B6B6B6B6
310
B6B6B6B6B6B6B6B6B6B6B6B6B6B6B6B6B6B6B6B6B6B600B6B6B6B6B6B6B6B6B6B6B6B6B6B6B6B6B6B6B6B6B6B6B6B6B6B6B6B6B6B6B6B6B6
102
{BLKREFS
331
3B91
331
3B92
331
3AEB
331
3AEC
102
}
 70
     0
280
     1
281
     0
  0
BLOCK_RECORD
  5
17B4
102
{ACAD_XDICTIONARY
360
17B5
102
}
330
1
100
AcDbSymbolTableRecord
100
AcDbBlockTableRecord
  2
CC-DIMTICK
340
0
102
{BLKREFS
331
39D1
331
39D2
331
39D8
331
39D9
331
39DF
331
39E0
331
39E6
331
39E7
331
39ED
331
39EE
331
39F4
331
39F5
331
39FB
331
39FC
331
3A02
331
3A03
331
3A09
331
3A0A
331
3A10
331
3A11
102
}
 70
     0
280
     1
281
     0
  0
BLOCK_RECORD
  5
17BC
102
{ACAD_XDICTIONARY
360
17BD
102
}
330
1
100
AcDbSymbolTableRecord
100
AcDbBlockTableRecord
  2
EXISTING WALL
340
0
310
28000000200000002000000001002000000000000010000001000000010000000000000000000000000000FF000000FF000000FF000000FF000000FF000000FF000000FF000000FF000000FF000000FF000000FF000000FF000000FF000000FF000000FF000000FF000000FF000000FF000000FF000000FF000000FF000000
310
FF000000FF000000FF000000FF000000FF000000FF000000FF000000FF000000FF000000FF000000FF000000FF000000FF000000FF000000FF000000FF000000FF000000FF000000FF000000FF000000FF000000FF000000FF000000FF000000FF000000FF000000FF000000FF000000FF000000FF000000FF000000FF0000
310
00FF000000FF000000FF000000FF000000FF000000FF000000FF000000FF000000FF000000FF000000FF000000FF000000FF000000FF000000FF000000FF000000FF000000FF000000FF000000FF000000FF000000FF000000FF000000FF000000FF000000FF000000FF000000FF000000FF000000FF000000FF000000FF00
310
0000FF000000FF000000FF000000FF000000FF000000FF000000FF000000FF000000FF000000FF000000FF000000FF000000FF000000FF000000FF000000FF000000FF000000FF000000FF000000FF000000FF000000FF000000FF000000FF000000FF000000FF000000FF000000FF000000FF000000FF000000FF000000FF
310
000000FF000000FF000000FF000000FF000000FF000000FF000000FF000000FF000000FF000000FF000000FF000000FF000000FF000000FF000000FF000000FF000000FF000000FF000000FF000000FF000000FF000000FF000000FF000000FF000000FF000000FF000000FF000000FF000000FF000000FF000000FF000000
310
FF000000FF000000FF000000FF000000FF000000FF000000FF000000FF000000FF000000FF000000FF000000FF000000FF000000FF000000FF000000FF000000FF000000FF000000FF000000FF000000FF000000FF000000FF000000FF000000FF000000FF000000FF000000FF000000FF000000FF000000FF000000FF0000
310
00FF000000FF000000FF000000FF000000FF000000FF000000FF000000FF000000FF000000FF000000FF000000FF000000FF000000FF000000FF000000FF000000FF000000FF000000FF000000FF000000FF000000FF000000FF000000FF000000FF000000FF000000FF000000FF000000FF000000FF000000FF000000FF00
310
0000FF000000FF000000FF000000FF000000FF000000FF000000FF000000FF000000FF000000FF000000FF000000FF000000FF000000FF000000FF000000FF000000FF000000FF000000FF000000FF000000FF000000FF000000FF000000FF000000FF000000FF000000FF000000FF000000FF000000FF000000FF000000FF
310
000000FF000000FF000000FF000000FF000000FF000000FF000000FF000000FF000000FF000000FF000000FF000000FF000000FF000000FF000000FF000000FF000000FF000000FF000000FF000000FF000000FF000000FF000000FF000000FF000000FF000000FF000000FF000000FF000000FF000000FF000000FF000000
310
FF000000FF000000FF000000FF000000FF000000FF000000FF000000FF000000FF000000FF000000FF000000FF000000FF000000FF000000FF000000FF000000FF000000FF000000FF000000FF000000FF000000FF000000FF000000FF000000FF000000FF000000FF000000FF000000FF000000FF000000FF000000FF0000
310
00FF000000FF000000FF000000FF000000FF000000FF000000FF000000FF000000FF000000FF000000FF000000FF000000FF000000FF000000FF000000FF000000FF000000FF000000FF000000FF000000FF000000FF000000FF000000FF000000FF000000FF000000FF000000FF000000FF000000FF000000FF000000FF00
310
0000FF000000FF000000FF000000FF000000FF000000FF000000FF000000FF000000FF000000FF000000FF000000FF000000FF000000FF000000FF000000FF000000FF000000FF000000FF000000FF000000FF000000FF000000FF000000FF000000FF000000FF000000FF000000FF000000FF000000FF000000FF000000FF
310
000000FF000000FF000000FF000000FF000000FF000000FF000000FF000000FF000000FF000000FF000000FF000000FF000000FF000000FF000000FF000000FF000000FF000000FF000000FF000000FF000000FF000000FF000000FF000000FF000000FF000000FF000000FF000000FF000000FF000000FF000000FF000000
310
FF000000FF000000FF000000FF000000FF000000FF000000FF000000FF000000FF000000FF000000FF000000FF000000FF000000FF000000FF000000FF000000FF000000FF000000FF000000FF000000FF000000FF000000FF000000FF000000FF000000FF000000FF000000FF000000FF000000FF000000FF000000FF0000
310
00FF000000FF000000FF000000FF000000FF000000FF000000FF000000FF000000FF000000FF000000FF000000FF000000FF000000FF000000FF000000FF000000FF000000FF000000FF000000FF000000FF000000FF000000FF000000FF000000FF000000FF000000FF000000FF000000FF000000FF000000FF000000FF00
310
0000FF000000FF000000FF000000FF000000FF000000FF000000FF000000FF000000FF000000FF000000FF000000FF000000FF000000FF000000FF00FF00FF00FF00FF00FF00FF00FF00FF00FF00FF00FF00FF00FF00FF00FF00FF00FF00FF00FF00FF00FF00FF00FF00FF00FF00FF00FF00FF00FF00FF00FF00FF00FF00FF
310
00FF00FF00FF00FF00FF00FF00FF00FF00FF00FF00FF00FF00FF00FF00FF00FF000000FF000000FF000000FF000000FF000000FF000000FF000000FF00FF00FF00FF00FF00FF00FF00FF00FF00FF00FF00FF00FF00FF00FF00FF00FF00FF00FF00FF00FF00FF00FF00FF00FF00FF00FF00FF00FF00FF00FF00FF00FF00FF00
310
FF00FF00FF00FF00FF00FF00FF00FF00FF00FF00FF00FF00FF00FF00FF00FF00FF00FF00FF00FF00FF00FF00FF00FF00FF00FF00FF000000FF000000FF000000FF000000FF000000FF000000FF000000FF000000FF000000FF000000FF000000FF000000FF000000FF000000FF000000FF000000FF000000FF000000FF0000
310
00FF000000FF000000FF000000FF000000FF000000FF000000FF000000FF000000FF000000FF000000FF000000FF000000FF000000FF000000FF000000FF000000FF000000FF000000FF000000FF000000FF000000FF000000FF000000FF000000FF000000FF000000FF000000FF000000FF000000FF000000FF000000FF00
310
0000FF000000FF000000FF000000FF000000FF000000FF000000FF000000FF000000FF000000FF000000FF000000FF000000FF000000FF000000FF000000FF000000FF000000FF000000FF000000FF000000FF000000FF000000FF000000FF000000FF000000FF000000FF000000FF000000FF000000FF000000FF000000FF
310
000000FF000000FF000000FF000000FF000000FF000000FF000000FF000000FF000000FF000000FF000000FF000000FF000000FF000000FF000000FF000000FF000000FF000000FF000000FF000000FF000000FF000000FF000000FF000000FF000000FF000000FF000000FF000000FF000000FF000000FF000000FF000000
310
FF000000FF000000FF000000FF000000FF000000FF000000FF000000FF000000FF000000FF000000FF000000FF000000FF000000FF000000FF000000FF000000FF000000FF000000FF000000FF000000FF000000FF000000FF000000FF000000FF000000FF000000FF000000FF000000FF000000FF000000FF000000FF0000
310
00FF000000FF000000FF000000FF000000FF000000FF000000FF000000FF000000FF000000FF000000FF000000FF000000FF000000FF000000FF000000FF000000FF000000FF000000FF000000FF000000FF000000FF000000FF000000FF000000FF000000FF000000FF000000FF000000FF000000FF000000FF000000FF00
310
0000FF000000FF000000FF000000FF000000FF000000FF000000FF000000FF000000FF000000FF000000FF000000FF000000FF000000FF000000FF000000FF000000FF000000FF000000FF000000FF000000FF000000FF000000FF000000FF000000FF000000FF000000FF000000FF000000FF000000FF000000FF000000FF
310
000000FF000000FF000000FF000000FF000000FF000000FF000000FF000000FF000000FF000000FF000000FF000000FF000000FF000000FF000000FF000000FF000000FF000000FF000000FF000000FF000000FF000000FF000000FF000000FF000000FF000000FF000000FF000000FF000000FF000000FF000000FF000000
310
FF000000FF000000FF000000FF000000FF000000FF000000FF000000FF000000FF000000FF000000FF000000FF000000FF000000FF000000FF000000FF000000FF000000FF000000FF000000FF000000FF000000FF000000FF000000FF000000FF000000FF000000FF000000FF000000FF000000FF000000FF000000FF0000
310
00FF000000FF000000FF000000FF000000FF000000FF000000FF000000FF000000FF000000FF000000FF000000FF000000FF000000FF000000FF000000FF000000FF000000FF000000FF000000FF000000FF000000FF000000FF000000FF000000FF000000FF000000FF000000FF000000FF000000FF000000FF000000FF00
310
0000FF000000FF000000FF000000FF000000FF000000FF000000FF000000FF000000FF000000FF000000FF000000FF000000FF000000FF000000FF000000FF000000FF000000FF000000FF000000FF000000FF000000FF000000FF000000FF000000FF000000FF000000FF000000FF000000FF000000FF000000FF000000FF
310
000000FF000000FF000000FF000000FF000000FF000000FF000000FF000000FF000000FF000000FF000000FF000000FF000000FF000000FF000000FF000000FF000000FF000000FF000000FF000000FF000000FF000000FF000000FF000000FF000000FF000000FF000000FF000000FF000000FF000000FF000000FF000000
310
FF000000FF000000FF000000FF000000FF000000FF000000FF000000FF000000FF000000FF000000FF000000FF000000FF000000FF000000FF000000FF000000FF000000FF000000FF000000FF000000FF000000FF000000FF000000FF000000FF000000FF000000FF000000FF000000FF000000FF000000FF000000FF0000
310
00FF000000FF000000FF000000FF000000FF000000FF000000FF000000FF000000FF000000FF000000FF000000FF000000FF000000FF000000FF000000FF000000FF000000FF000000FF000000FF000000FF000000FF000000FF000000FF000000FF000000FF000000FF000000FF000000FF000000FF000000FF000000FF00
310
0000FF000000FF000000FF000000FF000000FF000000FF000000FF000000FF000000FF000000FF000000FF000000FF000000FF000000FF000000FF000000FF000000FF000000FF000000FF000000FF000000FF000000FF000000FF000000FF000000FF000000FF000000FF000000FF000000FF000000FF000000FF000000FF
310
000000FF000000FF000000FF000000FF000000FF000000FF000000FF000000FF000000FF000000FF000000FF000000FF000000FF000000FF000000FF000000FF000000FF000000FF
102
{BLKREFS
331
25E3
102
}
 70
     6
280
     1
281
     1
  0
BLOCK_RECORD
  5
2613
330
1
100
AcDbSymbolTableRecord
100
AcDbBlockTableRecord
  2
*D4
340
0
 70
     0
280
     1
281
     0
  0
BLOCK_RECORD
  5
261D
330
1
100
AcDbSymbolTableRecord
100
AcDbBlockTableRecord
  2
*D5
340
0
 70
     0
280
     1
281
     0
  0
BLOCK_RECORD
  5
2627
330
1
100
AcDbSymbolTableRecord
100
AcDbBlockTableRecord
  2
*D6
340
0
 70
     0
280
     1
281
     0
  0
BLOCK_RECORD
  5
2631
330
1
100
AcDbSymbolTableRecord
100
AcDbBlockTableRecord
  2
*D7
340
0
 70
     0
280
     1
281
     0
  0
BLOCK_RECORD
  5
263B
330
1
100
AcDbSymbolTableRecord
100
AcDbBlockTableRecord
  2
*D8
340
0
 70
     0
280
     1
281
     0
  0
BLOCK_RECORD
  5
2645
330
1
100
AcDbSymbolTableRecord
100
AcDbBlockTableRecord
  2
*D9
340
0
 70
     0
280
     1
281
     0
  0
BLOCK_RECORD
  5
264F
330
1
100
AcDbSymbolTableRecord
100
AcDbBlockTableRecord
  2
*D10
340
0
 70
     0
280
     1
281
     0
  0
BLOCK_RECORD
  5
2659
330
1
100
AcDbSymbolTableRecord
100
AcDbBlockTableRecord
  2
*D11
340
0
 70
     0
280
     1
281
     0
  0
BLOCK_RECORD
  5
2663
330
1
100
AcDbSymbolTableRecord
100
AcDbBlockTableRecord
  2
*D12
340
0
 70
     0
280
     1
281
     0
  0
BLOCK_RECORD
  5
266D
330
1
100
AcDbSymbolTableRecord
100
AcDbBlockTableRecord
  2
*D13
340
0
 70
     0
280
     1
281
     0
  0
BLOCK_RECORD
  5
3ADF
330
1
100
AcDbSymbolTableRecord
100
AcDbBlockTableRecord
  2
*D14
340
0
 70
     0
280
     1
281
     0
  0
BLOCK_RECORD
  5
3B81
330
1
100
AcDbSymbolTableRecord
100
AcDbBlockTableRecord
  2
*D15
340
0
 70
     0
280
     1
281
     0
  0
ENDTAB
  0
ENDSEC
  0
SECTION
  2
BLOCKS
  0
BLOCK
  5
20
330
1F
100
AcDbEntity
  8
0
100
AcDbBlockBegin
  2
*Model_Space
 70
     0
 10
0.0
 20
0.0
 30
0.0
  3
*Model_Space
  1

  0
ENDBLK
  5
21
330
1F
100
AcDbEntity
  8
0
100
AcDbBlockEnd
  0
BLOCK
  5
1C
330
1B
100
AcDbEntity
 67
     1
  8
0
100
AcDbBlockBegin
  2
*Paper_Space
 70
     0
 10
0.0
 20
0.0
 30
0.0
  3
*Paper_Space
  1

  0
ENDBLK
  5
1D
330
1B
100
AcDbEntity
 67
     1
  8
0
100
AcDbBlockEnd
  0
BLOCK
  5
BD5
330
BD4
100
AcDbEntity
  8
0
100
AcDbBlockBegin
  2
Title Block
 70
     2
 10
0.0
 20
0.0
 30
0.0
  3
Title Block
  1

  4
Civil metric title block and attributes
  0
LWPOLYLINE
  5
BD7
330
BD4
100
AcDbEntity
  8
Title Block
100
AcDbPolyline
 90
        8
 70
     1
 43
2.399999999999999
 10
789.0
 20
531.0
 42
0.4142135623730951
 10
765.0
 20
555.0
 10
36.0
 20
555.0
 42
0.4142135623730951
 10
12.0
 20
531.0
 10
12.0
 20
36.0
 42
0.4142135623730951
 10
36.0
 20
12.0
 10
765.0
 20
12.0
 42
0.4142135623730951
 10
789.0
 20
36.0
  0
LWPOLYLINE
  5
BD8
330
BD4
100
AcDbEntity
  8
Title Block
100
AcDbPolyline
 90
        8
 70
     1
 43
1.199999999999999
 10
771.0
 20
531.0
 42
0.4142135623730951
 10
765.0
 20
537.0
 10
693.0
 20
537.0
 42
0.4142135623730951
 10
687.0
 20
531.0
 10
687.0
 20
186.0
 42
0.4142135623730951
 10
693.0
 20
180.0
 10
765.0
 20
180.0
 42
0.4142135623730951
 10
771.0
 20
186.0
  0
LWPOLYLINE
  5
BD9
330
BD4
100
AcDbEntity
  8
Title Block
100
AcDbPolyline
 90
        8
 70
     1
 43
1.199999999999999
 10
765.0
 20
543.0
 10
693.0
 20
543.0
 42
0.4142135623730951
 10
681.0
 20
531.0
 10
681.0
 20
36.0
 42
0.4142135623730951
 10
693.0
 20
24.0
 10
765.0
 20
24.0
 42
0.4142135623730951
 10
777.0
 20
36.0
 10
777.0
 20
531.0
 42
0.4142135623730951
  0
LWPOLYLINE
  5
BDA
330
BD4
100
AcDbEntity
  8
Title Block
100
AcDbPolyline
 90
        2
 70
     0
 43
0.6000000000000001
 10
687.0
 20
528.0
 10
771.0
 20
528.0
  0
TEXT
  5
BDB
330
BD4
100
AcDbEntity
  8
Title Block
100
AcDbText
 10
716.1020571428571
 20
531.1872
 30
0.0
 40
2.4
  1
General Notes
  7
Roman
 72
     1
 11
728.9591999999999
 21
532.3872
 31
0.0
100
AcDbText
 73
     2
  0
TEXT
  5
BDC
330
BD4
100
AcDbEntity
  8
Title Block
100
AcDbText
 10
759.3540571428571
 20
183.6816
 30
0.0
 40
2.4
  1
Date
  7
Roman
 72
     1
 11
763.4112
 21
184.8816
 31
0.0
100
AcDbText
 73
     2
  0
TEXT
  5
BDD
330
BD4
100
AcDbEntity
  8
Title Block
100
AcDbText
 10
690.4121142857142
 20
183.6816
 30
0.0
 40
2.4
  1
No.
  7
Roman
 72
     1
 11
693.3264
 21
184.8816
 31
0.0
100
AcDbText
 73
     2
  0
LWPOLYLINE
  5
BDE
330
BD4
100
AcDbEntity
  8
Title Block
100
AcDbPolyline
 90
        2
 70
     0
 43
0.6000000000000001
 10
687.0
 20
189.0
 10
771.0
 20
189.0
  0
LWPOLYLINE
  5
BDF
330
BD4
100
AcDbEntity
  8
Title Block
100
AcDbPolyline
 90
        2
 70
     0
 43
0.6000000000000001
 10
687.0
 20
198.0
 10
771.0
 20
198.0
  0
LWPOLYLINE
  5
BE0
330
BD4
100
AcDbEntity
  8
Title Block
100
AcDbPolyline
 90
        2
 70
     0
 43
0.6000000000000001
 10
687.0
 20
207.0
 10
771.0
 20
207.0
  0
TEXT
  5
BE1
330
BD4
100
AcDbEntity
  8
Title Block
100
AcDbText
 10
690.7296
 20
169.7064
 30
0.0
 40
1.56
  1
Firm Name and Address
  7
Roman
100
AcDbText
  0
TEXT
  5
BE2
330
BD4
100
AcDbEntity
  8
Title Block
100
AcDbText
 10
690.7296
 20
115.7064
 30
0.0
 40
1.56
  1
Project Name and Address
  7
Roman
100
AcDbText
  0
LWPOLYLINE
  5
BE3
330
BD4
100
AcDbEntity
  8
Title Block
100
AcDbPolyline
 90
        8
 70
     1
 43
1.2
 10
693.0
 20
126.0
 10
765.0
 20
126.0
 42
0.4142135623730951
 10
771.0
 20
132.0
 10
771.0
 20
168.0
 42
0.4142135623730951
 10
765.0
 20
174.0
 10
693.0
 20
174.0
 42
0.4142135623730951
 10
687.0
 20
168.0
 10
687.0
 20
132.0
 42
0.4142135623730951
  0
LWPOLYLINE
  5
BE4
330
BD4
100
AcDbEntity
  8
Title Block
100
AcDbPolyline
 90
        2
 70
     0
 43
0.6000000000000001
 10
699.0
 20
180.0
 10
699.0
 20
207.0
  0
TEXT
  5
BE5
330
BD4
100
AcDbEntity
  8
Title Block
100
AcDbText
 10
715.9306285714285
 20
183.6816
 30
0.0
 40
2.4
  1
Revision/Issue
  7
Roman
 72
     1
 11
728.9591999999999
 21
184.8816
 31
0.0
100
AcDbText
 73
     2
  0
LWPOLYLINE
  5
BE6
330
BD4
100
AcDbEntity
  8
Title Block
100
AcDbPolyline
 90
        2
 70
     0
 43
0.6000000000000001
 10
756.0
 20
180.0
 10
756.0
 20
207.0
  0
TEXT
  5
BE7
330
BD4
100
AcDbEntity
  8
Title Block
100
AcDbText
 10
738.3575999999999
 20
62.03039999999998
 30
0.0
 40
1.56
  1
Sheet
  7
Roman
100
AcDbText
  0
LWPOLYLINE
  5
BE8
330
BD4
100
AcDbEntity
  8
Title Block
100
AcDbPolyline
 90
        2
 70
     0
 43
0.6000000000000001
 10
735.0
 20
30.0
 10
735.0
 20
66.0
  0
TEXT
  5
BE9
330
BD4
100
AcDbEntity
  8
Title Block
100
AcDbText
 10
690.7296
 20
50.37360000000001
 30
0.0
 40
1.56
  1
Date
  7
Roman
100
AcDbText
  0
TEXT
  5
BEA
330
BD4
100
AcDbEntity
  8
Title Block
100
AcDbText
 10
690.7296
 20
62.03039999999998
 30
0.0
 40
1.56
  1
Project
  7
Roman
100
AcDbText
  0
TEXT
  5
BEB
330
BD4
100
AcDbEntity
  8
Title Block
100
AcDbText
 10
690.7296
 20
38.71680000000001
 30
0.0
 40
1.56
  1
Scale
  7
Roman
100
AcDbText
  0
LWPOLYLINE
  5
BEC
330
BD4
100
AcDbEntity
  8
Title Block
100
AcDbPolyline
 90
        8
 70
     1
 43
1.2
 10
693.0
 20
30.0
 10
765.0
 20
30.0
 42
0.4142135623730951
 10
771.0
 20
36.0
 10
771.0
 20
60.0
 42
0.4142135623730951
 10
765.0
 20
66.0
 10
693.0
 20
66.0
 42
0.4142135623730951
 10
687.0
 20
60.0
 10
687.0
 20
36.0
 42
0.4142135623730951
  0
LWPOLYLINE
  5
BED
330
BD4
100
AcDbEntity
  8
Title Block
100
AcDbPolyline
 90
        2
 70
     0
 43
0.6000000000000001
 10
687.0
 20
54.0
 10
735.0
 20
54.0
  0
LWPOLYLINE
  5
BEE
330
BD4
100
AcDbEntity
  8
Title Block
100
AcDbPolyline
 90
        2
 70
     0
 43
0.6000000000000001
 10
687.0
 20
42.0
 10
735.0
 20
42.0
  0
LINE
  5
BEF
330
BD4
100
AcDbEntity
  8
Title Block
100
AcDbLine
 10
801.0
 20
0.0
 30
0.0
 11
801.0
 21
567.0
 31
0.0
  0
LWPOLYLINE
  5
BF0
330
BD4
100
AcDbEntity
  8
Title Block
100
AcDbPolyline
 90
        8
 70
     1
 43
1.2
 10
693.0
 20
72.0
 10
765.0
 20
72.0
 42
0.4142135623730951
 10
771.0
 20
78.0
 10
771.0
 20
114.0
 42
0.4142135623730951
 10
765.0
 20
120.0
 10
693.0
 20
120.0
 42
0.4142135623730951
 10
687.0
 20
114.0
 10
687.0
 20
78.0
 42
0.4142135623730951
  0
LINE
  5
BF1
330
BD4
100
AcDbEntity
  8
Title Block
100
AcDbLine
 10
0.0
 20
567.0
 30
0.0
 11
0.0
 21
0.0
 31
0.0
  0
LINE
  5
BF2
330
BD4
100
AcDbEntity
  8
Title Block
100
AcDbLine
 10
0.0
 20
0.0
 30
0.0
 11
801.0
 21
0.0
 31
0.0
  0
LINE
  5
BF3
330
BD4
100
AcDbEntity
  8
Title Block
100
AcDbLine
 10
801.0
 20
567.0
 30
0.0
 11
0.0
 21
567.0
 31
0.0
  0
ATTDEF
  5
BF4
102
{ACAD_XDICTIONARY
360
BF5
102
}
330
BD4
100
AcDbEntity
  8
Title Block
 62
     0
100
AcDbText
 10
690.7951144351782
 20
107.2583813769445
 30
0.0
 40
4.0
  1
Value
  7
Roman
 11
690.7951144351782
 21
105.9250480436112
 31
0.0
100
AcDbAttributeDefinition
280
     0
  3
Enter the project name
  2
PROJECTNAME
 70
     8
 74
     1
280
     0
  0
ATTDEF
  5
BF9
102
{ACAD_XDICTIONARY
360
BFA
102
}
330
BD4
100
AcDbEntity
  8
Title Block
 62
     0
100
AcDbText
 10
690.7951144351782
 20
100.7821909007541
 30
0.0
 40
4.0
  1
Value
  7
Roman
 11
690.7951144351782
 21
99.44885756742076
 31
0.0
100
AcDbAttributeDefinition
280
     0
  3
Enter the first line of the project address
  2
PROJECTADDRESS1
 70
     8
 74
     1
280
     0
  0
ATTDEF
  5
BFE
102
{ACAD_XDICTIONARY
360
BFF
102
}
330
BD4
100
AcDbEntity
  8
Title Block
 62
     0
100
AcDbText
 10
690.7951144351782
 20
94.3060004245636
 30
0.0
 40
4.0
  1
Value
  7
Roman
 11
690.7951144351782
 21
92.97266709123027
 31
0.0
100
AcDbAttributeDefinition
280
     0
  3
Enter the second line of the project address
  2
PROJECTADDRESS2
 70
     8
 74
     1
280
     0
  0
ATTDEF
  5
C03
102
{ACAD_XDICTIONARY
360
C04
102
}
330
BD4
100
AcDbEntity
  8
Title Block
 62
     0
100
AcDbText
 10
690.7951144351782
 20
87.82980994837313
 30
0.0
 40
4.0
  1
Value
  7
Roman
 11
690.7951144351782
 21
86.4964766150398
 31
0.0
100
AcDbAttributeDefinition
280
     0
  3
Enter the third line of the project address
  2
PROJECTADDRESS3
 70
     8
 74
     1
280
     0
  0
ATTDEF
  5
C08
102
{ACAD_XDICTIONARY
360
C09
102
}
330
BD4
100
AcDbEntity
  8
Title Block
 62
     0
100
AcDbText
 10
703.3809523809524
 20
56.5
 30
0.0
 40
4.0
  1
Value
  7
Roman
 72
     1
 11
711.0
 21
58.5
 31
0.0
100
AcDbAttributeDefinition
280
     0
  3
Enter the project name
  2
PROJECTNAME
 70
     8
 74
     2
280
     0
  0
ATTDEF
  5
C0D
102
{ACAD_XDICTIONARY
360
C0E
102
}
330
BD4
100
AcDbEntity
  8
Title Block
 62
     0
100
AcDbText
 10
693.8571428571428
 20
44.5
 30
0.0
 40
4.0
  1
04.10.2026
  7
Roman
 72
     1
 11
711.0
 21
46.5
 31
0.0
100
AcDbAttributeDefinition
280
     0
  3
Enter the date
  2
DATE
 70
     8
 74
     2
280
     0
  0
ATTDEF
  5
C12
330
BD4
100
AcDbEntity
  8
Title Block
 62
     0
100
AcDbText
 10
697.3809523809523
 20
32.5
 30
0.0
 40
4.0
  1
As Noted
  7
Roman
 72
     1
 11
711.0
 21
34.5
 31
0.0
100
AcDbAttributeDefinition
280
     0
  3
Enter the scale
  2
SCALE
 70
     0
 74
     2
280
     0
  0
ATTDEF
  5
C13
102
{ACAD_XDICTIONARY
360
C14
102
}
330
BD4
100
AcDbEntity
  8
Title Block
 62
     0
100
AcDbText
 10
745.8571428571429
 20
43.0
 30
0.0
 40
10.0
  1
00
 41
0.75
  7
Roman
 72
     1
 11
753.0
 21
48.0
 31
0.0
100
AcDbAttributeDefinition
280
     0
  3
Enter the sheet number
  2
SHEETNO
 70
     8
 74
     2
280
     0
  0
ENDBLK
  5
BD6
330
BD4
100
AcDbEntity
  8
0
100
AcDbBlockEnd
  0
BLOCK
  5
12B2
330
12B1
100
AcDbEntity
  8
0
100
AcDbBlockBegin
  2
_OBLIQUE
 70
     0
 10
0.0
 20
0.0
 30
0.0
  3
_OBLIQUE
  1

  0
LINE
  5
12B3
330
12B1
100
AcDbEntity
  8
0
  6
ByBlock
 62
     0
100
AcDbLine
 10
-0.5
 20
-0.5
 30
0.0
 11
0.5
 21
0.5
 31
0.0
  0
ENDBLK
  5
12B4
330
12B1
100
AcDbEntity
  8
0
100
AcDbBlockEnd
  0
BLOCK
  5
17B7
330
17B4
100
AcDbEntity
  8
0
100
AcDbBlockBegin
  2
CC-DIMTICK
 70
     0
 10
0.0
 20
0.0
 30
0.0
  3
CC-DIMTICK
  1

  0
LWPOLYLINE
  5
17B8
330
17B4
100
AcDbEntity
  8
0
100
AcDbPolyline
 90
        2
 70
   128
 43
0.4444444444444445
 10
-1.414213562373094
 20
-1.414213562373151
 10
1.414213562373094
 20
1.414213562373038
  0
LINE
  5
17B9
330
17B4
100
AcDbEntity
  8
0
100
AcDbLine
 10
2.0
 20
-0.0000000000000568
 30
0.0
 11
-2.0
 21
-0.0000000000000568
 31
0.0
  0
LINE
  5
17BA
330
17B4
100
AcDbEntity
  8
0
100
AcDbLine
 10
0.0
 20
2.999999999999943
 30
0.0
 11
0.0
 21
-3.000000000000056
 31
0.0
  0
ENDBLK
  5
17BB
330
17B4
100
AcDbEntity
  8
0
100
AcDbBlockEnd
  0
BLOCK
  5
17BF
330
17BC
100
AcDbEntity
  8
0
100
AcDbBlockBegin
  2
EXISTING WALL
 70
     0
 10
0.0
 20
0.0
 30
0.0
  3
EXISTING WALL
  1

  0
LWPOLYLINE
  5
17C0
330
17BC
100
AcDbEntity
  8
0
100
AcDbPolyline
 90
        3
 70
     0
 43
0.0
 10
-16.97997147741262
 20
-4.476164194522425
 10
-25.29732413525926
 20
-4.182927389105316
 10
-26.05861659036787
 20
-4.169885278008818
  0
LWPOLYLINE
  5
17C1
330
17BC
100
AcDbEntity
  8
0
100
AcDbPolyline
 90
        5
 70
     0
 43
0.0
 10
-26.05861659037301
 20
-4.169885278308505
 10
-26.06452800857322
 20
-4.514945835727206
 10
-25.34354410285596
 20
-4.532779807690531
 10
-16.78122443240136
 20
-4.830957363185007
 10
-15.78521227544675
 20
-4.741739746100086
  0
LINE
  5
17C2
330
17BC
100
AcDbEntity
  8
0
100
AcDbLine
 10
-15.81601473489519
 20
-4.37768302782205
 30
0.0
 11
-16.97997147741262
 21
-4.476164194522425
 31
0.0
  0
LINE
  5
17C3
330
17BC
100
AcDbEntity
  8
0
100
AcDbLine
 10
-15.78521227544943
 20
-4.741739746068359
 30
0.0
 11
-15.81601473489519
 21
-4.377683027822049
 31
0.0
  0
LWPOLYLINE
  5
17C4
330
17BC
100
AcDbEntity
  8
0
100
AcDbPolyline
 90
        4
 70
     0
 43
0.0
 10
-16.45032367554594
 20
-4.431351246100214
 10
-16.52630086975502
 20
-2.516986122025484
 10
-16.93822350879101
 20
-2.610022349211911
 10
-16.86454778386882
 20
-4.466398316126915
  0
ENDBLK
  5
17C5
330
17BC
100
AcDbEntity
  8
0
100
AcDbBlockEnd
  0
BLOCK
  5
2614
330
2613
100
AcDbEntity
  8
0
 62
     3
100
AcDbBlockBegin
  2
*D4
 70
     1
 10
0.0
 20
0.0
 30
0.0
  3
*D4
  1

  0
LINE
  5
39D0
330
2613
100
AcDbEntity
  8
A-G-DIMENSION
440
 16777216
100
AcDbLine
 10
353793.7859694164
 20
355920.3012754897
 30
0.0
 11
353794.1134395671
 21
355923.0683699052
 31
0.0
  0
INSERT
  5
39D1
330
2613
100
AcDbEntity
  8
A-G-DIMENSION
440
 16777216
100
AcDbBlockReference
  2
CC-DIMTICK
 10
353793.7824436879
 20
355920.2714833894
 30
0.0
 41
0.03
 42
0.03
 43
0.03
 50
263.2507566816763
  0
INSERT
  5
39D2
330
2613
100
AcDbEntity
  8
A-G-DIMENSION
440
 16777216
100
AcDbBlockReference
  2
CC-DIMTICK
 10
353794.1169652956
 20
355923.0981620055
 30
0.0
 41
0.03
 42
0.03
 43
0.03
 50
83.25075668167635
  0
MTEXT
  5
39D3
330
2613
100
AcDbEntity
  8
A-G-DIMENSION
440
 16777216
100
AcDbMText
 10
353793.8185054472
 20
355921.7003493708
 30
0.0
 40
0.2
 41
0.0
 46
0.0
 71
     5
 72
     1
  1
\A1;2.85
  7
Site 1-200 (m)
 11
0.1175242824029699
 21
0.9930700091361469
 31
0.0
 73
     1
 44
1.0
  0
POINT
  5
39D4
330
2613
100
AcDbEntity
  8
Defpoints
 62
     0
440
 16777216
100
AcDbPoint
 10
353793.7074741403
 20
355920.2803556161
 30
0.0
  0
POINT
  5
39D5
330
2613
100
AcDbEntity
  8
Defpoints
 62
     0
440
 16777216
100
AcDbPoint
 10
353794.041995748
 20
355923.1070342323
 30
0.0
  0
POINT
  5
39D6
330
2613
100
AcDbEntity
  8
Defpoints
 62
     0
440
 16777216
100
AcDbPoint
 10
353794.1169652956
 20
355923.0981620055
 30
0.0
  0
ENDBLK
  5
2615
330
2613
100
AcDbEntity
  8
0
 62
     3
100
AcDbBlockEnd
  0
BLOCK
  5
261E
330
261D
100
AcDbEntity
  8
0
 62
     3
100
AcDbBlockBegin
  2
*D5
 70
     1
 10
0.0
 20
0.0
 30
0.0
  3
*D5
  1

  0
LINE
  5
39D7
330
261D
100
AcDbEntity
  8
A-G-DIMENSION
440
 16777216
100
AcDbLine
 10
353794.1204910241
 20
355923.1279541058
 30
0.0
 11
353794.9302402145
 21
355929.9702646435
 31
0.0
  0
INSERT
  5
39D8
330
261D
100
AcDbEntity
  8
A-G-DIMENSION
440
 16777216
100
AcDbBlockReference
  2
CC-DIMTICK
 10
353794.1169652956
 20
355923.0981620055
 30
0.0
 41
0.03
 42
0.03
 43
0.03
 50
263.2507566816763
  0
INSERT
  5
39D9
330
261D
100
AcDbEntity
  8
A-G-DIMENSION
440
 16777216
100
AcDbBlockReference
  2
CC-DIMTICK
 10
353794.933765943
 20
355930.0000567438
 30
0.0
 41
0.03
 42
0.03
 43
0.03
 50
83.25075668167635
  0
MTEXT
  5
39DA
330
261D
100
AcDbEntity
  8
A-G-DIMENSION
440
 16777216
100
AcDbMText
 10
353794.3941665747
 20
355926.564636048
 30
0.0
 40
0.2
 41
0.0
 46
0.0
 71
     5
 72
     1
  1
\A1;6.95
  7
Site 1-200 (m)
 11
0.1175242824029699
 21
0.9930700091361469
 31
0.0
 73
     1
 44
1.0
  0
POINT
  5
39DB
330
261D
100
AcDbEntity
  8
Defpoints
 62
     0
440
 16777216
100
AcDbPoint
 10
353794.041995748
 20
355923.1070342323
 30
0.0
  0
POINT
  5
39DC
330
261D
100
AcDbEntity
  8
Defpoints
 62
     0
440
 16777216
100
AcDbPoint
 10
353794.9337659429
 20
355930.0000567438
 30
0.0
  0
POINT
  5
39DD
330
261D
100
AcDbEntity
  8
Defpoints
 62
     0
440
 16777216
100
AcDbPoint
 10
353794.933765943
 20
355930.0000567438
 30
0.0
  0
ENDBLK
  5
261F
330
261D
100
AcDbEntity
  8
0
 62
     3
100
AcDbBlockEnd
  0
BLOCK
  5
2628
330
2627
100
AcDbEntity
  8
0
 62
     3
100
AcDbBlockBegin
  2
*D6
 70
     1
 10
0.0
 20
0.0
 30
0.0
  3
*D6
  1

  0
LINE
  5
39DE
330
2627
100
AcDbEntity
  8
A-G-DIMENSION
440
 16777216
100
AcDbLine
 10
353794.9372916715
 20
355930.0298488441
 30
0.0
 11
353794.9772503237
 21
355930.3674959951
 31
0.0
  0
INSERT
  5
39DF
330
2627
100
AcDbEntity
  8
A-G-DIMENSION
440
 16777216
100
AcDbBlockReference
  2
CC-DIMTICK
 10
353794.933765943
 20
355930.0000567438
 30
0.0
 41
0.03
 42
0.03
 43
0.03
 50
263.2507566816763
  0
INSERT
  5
39E0
330
2627
100
AcDbEntity
  8
A-G-DIMENSION
440
 16777216
100
AcDbBlockReference
  2
CC-DIMTICK
 10
353794.9807760521
 20
355930.3972880954
 30
0.0
 41
0.03
 42
0.03
 43
0.03
 50
83.25075668167635
  0
MTEXT
  5
39E1
330
2627
100
AcDbEntity
  8
A-G-DIMENSION
440
 16777216
100
AcDbMText
 10
353794.826071953
 20
355930.214199093
 30
0.0
 40
0.2
 41
0.0
 46
0.0
 71
     5
 72
     1
  1
\A1;0.4
  7
Site 1-200 (m)
 11
0.1175242824029699
 21
0.9930700091361469
 31
0.0
 73
     1
 44
1.0
  0
POINT
  5
39E2
330
2627
100
AcDbEntity
  8
Defpoints
 62
     0
440
 16777216
100
AcDbPoint
 10
353794.9337659429
 20
355930.0000567438
 30
0.0
  0
POINT
  5
39E3
330
2627
100
AcDbEntity
  8
Defpoints
 62
     0
440
 16777216
100
AcDbPoint
 10
353794.9807760519
 20
355930.3972880955
 30
0.0
  0
POINT
  5
39E4
330
2627
100
AcDbEntity
  8
Defpoints
 62
     0
440
 16777216
100
AcDbPoint
 10
353794.9807760521
 20
355930.3972880954
 30
0.0
  0
ENDBLK
  5
2629
330
2627
100
AcDbEntity
  8
0
 62
     3
100
AcDbBlockEnd
  0
BLOCK
  5
2632
330
2631
100
AcDbEntity
  8
0
 62
     3
100
AcDbBlockBegin
  2
*D7
 70
     1
 10
0.0
 20
0.0
 30
0.0
  3
*D7
  1

  0
LINE
  5
39E5
330
2631
100
AcDbEntity
  8
A-G-DIMENSION
440
 16777216
100
AcDbLine
 10
353794.9843017806
 20
355930.4270801958
 30
0.0
 11
353796.3816773329
 21
355942.2347826052
 31
0.0
  0
INSERT
  5
39E6
330
2631
100
AcDbEntity
  8
A-G-DIMENSION
440
 16777216
100
AcDbBlockReference
  2
CC-DIMTICK
 10
353794.9807760521
 20
355930.3972880954
 30
0.0
 41
0.03
 42
0.03
 43
0.03
 50
263.2507566816763
  0
INSERT
  5
39E7
330
2631
100
AcDbEntity
  8
A-G-DIMENSION
440
 16777216
100
AcDbBlockReference
  2
CC-DIMTICK
 10
353796.3852030614
 20
355942.2645747055
 30
0.0
 41
0.03
 42
0.03
 43
0.03
 50
83.25075668167635
  0
MTEXT
  5
39E8
330
2631
100
AcDbEntity
  8
A-G-DIMENSION
440
 16777216
100
AcDbMText
 10
353795.5517905122
 20
355936.3464580739
 30
0.0
 40
0.2
 41
0.0
 46
0.0
 71
     5
 72
     1
  1
\A1;11.95
  7
Site 1-200 (m)
 11
0.1175242824029699
 21
0.9930700091361469
 31
0.0
 73
     1
 44
1.0
  0
POINT
  5
39E9
330
2631
100
AcDbEntity
  8
Defpoints
 62
     0
440
 16777216
100
AcDbPoint
 10
353794.9807760519
 20
355930.3972880955
 30
0.0
  0
POINT
  5
39EA
330
2631
100
AcDbEntity
  8
Defpoints
 62
     0
440
 16777216
100
AcDbPoint
 10
353796.3852030612
 20
355942.2645747055
 30
0.0
  0
POINT
  5
39EB
330
2631
100
AcDbEntity
  8
Defpoints
 62
     0
440
 16777216
100
AcDbPoint
 10
353796.3852030614
 20
355942.2645747055
 30
0.0
  0
ENDBLK
  5
2633
330
2631
100
AcDbEntity
  8
0
 62
     3
100
AcDbBlockEnd
  0
BLOCK
  5
263C
330
263B
100
AcDbEntity
  8
0
 62
     3
100
AcDbBlockBegin
  2
*D8
 70
     1
 10
0.0
 20
0.0
 30
0.0
  3
*D8
  1

  0
LINE
  5
39EC
330
263B
100
AcDbEntity
  8
A-G-DIMENSION
440
 16777216
100
AcDbLine
 10
353796.3887287899
 20
355942.2943668059
 30
0.0
 11
353797.4405932327
 21
355951.1825302605
 31
0.0
  0
INSERT
  5
39ED
330
263B
100
AcDbEntity
  8
A-G-DIMENSION
440
 16777216
100
AcDbBlockReference
  2
CC-DIMTICK
 10
353796.3852030614
 20
355942.2645747055
 30
0.0
 41
0.03
 42
0.03
 43
0.03
 50
263.2507566816763
  0
INSERT
  5
39EE
330
263B
100
AcDbEntity
  8
A-G-DIMENSION
440
 16777216
100
AcDbBlockReference
  2
CC-DIMTICK
 10
353797.4441189612
 20
355951.2123223609
 30
0.0
 41
0.03
 42
0.03
 43
0.03
 50
83.25075668167635
  0
MTEXT
  5
39EF
330
263B
100
AcDbEntity
  8
A-G-DIMENSION
440
 16777216
100
AcDbMText
 10
353796.7834619667
 20
355946.7539752065
 30
0.0
 40
0.2
 41
0.0
 46
0.0
 71
     5
 72
     1
  1
\A1;9.01
  7
Site 1-200 (m)
 11
0.1175242824029699
 21
0.9930700091361469
 31
0.0
 73
     1
 44
1.0
  0
POINT
  5
39F0
330
263B
100
AcDbEntity
  8
Defpoints
 62
     0
440
 16777216
100
AcDbPoint
 10
353796.3852030612
 20
355942.2645747055
 30
0.0
  0
POINT
  5
39F1
330
263B
100
AcDbEntity
  8
Defpoints
 62
     0
440
 16777216
100
AcDbPoint
 10
353797.8466673996
 20
355951.1646830042
 30
0.0
  0
POINT
  5
39F2
330
263B
100
AcDbEntity
  8
Defpoints
 62
     0
440
 16777216
100
AcDbPoint
 10
353797.4441189612
 20
355951.2123223609
 30
0.0
  0
ENDBLK
  5
263D
330
263B
100
AcDbEntity
  8
0
 62
     3
100
AcDbBlockEnd
  0
BLOCK
  5
2646
330
2645
100
AcDbEntity
  8
0
 62
     3
100
AcDbBlockBegin
  2
*D9
 70
     1
 10
0.0
 20
0.0
 30
0.0
  3
*D9
  1

  0
LINE
  5
39F3
330
2645
100
AcDbEntity
  8
A-G-DIMENSION
440
 16777216
100
AcDbLine
 10
353797.4452677994
 20
355951.2220299439
 30
0.0
 11
353798.4971322423
 21
355960.1101933987
 31
0.0
  0
INSERT
  5
39F4
330
2645
100
AcDbEntity
  8
A-G-DIMENSION
440
 16777216
100
AcDbBlockReference
  2
CC-DIMTICK
 10
353797.4417420709
 20
355951.1922378436
 30
0.0
 41
0.03
 42
0.03
 43
0.03
 50
263.2507566816763
  0
INSERT
  5
39F5
330
2645
100
AcDbEntity
  8
A-G-DIMENSION
440
 16777216
100
AcDbBlockReference
  2
CC-DIMTICK
 10
353798.5006579707
 20
355960.139985499
 30
0.0
 41
0.03
 42
0.03
 43
0.03
 50
83.25075668167635
  0
MTEXT
  5
39F6
330
2645
100
AcDbEntity
  8
A-G-DIMENSION
440
 16777216
100
AcDbMText
 10
353797.8400009762
 20
355955.6816383447
 30
0.0
 40
0.2
 41
0.0
 46
0.0
 71
     5
 72
     1
  1
\A1;9.01
  7
Site 1-200 (m)
 11
0.1175242824029699
 21
0.9930700091361469
 31
0.0
 73
     1
 44
1.0
  0
POINT
  5
39F7
330
2645
100
AcDbEntity
  8
Defpoints
 62
     0
440
 16777216
100
AcDbPoint
 10
353797.8442905093
 20
355951.144598487
 30
0.0
  0
POINT
  5
39F8
330
2645
100
AcDbEntity
  8
Defpoints
 62
     0
440
 16777216
100
AcDbPoint
 10
353798.5006579706
 20
355960.139985499
 30
0.0
  0
POINT
  5
39F9
330
2645
100
AcDbEntity
  8
Defpoints
 62
     0
440
 16777216
100
AcDbPoint
 10
353798.5006579707
 20
355960.139985499
 30
0.0
  0
ENDBLK
  5
2647
330
2645
100
AcDbEntity
  8
0
 62
     3
100
AcDbBlockEnd
  0
BLOCK
  5
2650
330
264F
100
AcDbEntity
  8
0
 62
     3
100
AcDbBlockBegin
  2
*D10
 70
     1
 10
0.0
 20
0.0
 30
0.0
  3
*D10
  1

  0
LINE
  5
39FA
330
264F
100
AcDbEntity
  8
A-G-DIMENSION
440
 16777216
100
AcDbLine
 10
353798.5041836992
 20
355960.1697775993
 30
0.0
 11
353799.020119706
 21
355964.5293921781
 31
0.0
  0
INSERT
  5
39FB
330
264F
100
AcDbEntity
  8
A-G-DIMENSION
440
 16777216
100
AcDbBlockReference
  2
CC-DIMTICK
 10
353798.5006579706
 20
355960.139985499
 30
0.0
 41
0.03
 42
0.03
 43
0.03
 50
263.2507566816763
  0
INSERT
  5
39FC
330
264F
100
AcDbEntity
  8
A-G-DIMENSION
440
 16777216
100
AcDbBlockReference
  2
CC-DIMTICK
 10
353799.0236454344
 20
355964.5591842784
 30
0.0
 41
0.03
 42
0.03
 43
0.03
 50
83.25075668167635
  0
MTEXT
  5
39FD
330
264F
100
AcDbEntity
  8
A-G-DIMENSION
440
 16777216
100
AcDbMText
 10
353798.6313590986
 20
355962.3650634622
 30
0.0
 40
0.2
 41
0.0
 46
0.0
 71
     5
 72
     1
  1
\A1;4.45
  7
Site 1-200 (m)
 11
0.1175242824029699
 21
0.9930700091361469
 31
0.0
 73
     1
 44
1.0
  0
POINT
  5
39FE
330
264F
100
AcDbEntity
  8
Defpoints
 62
     0
440
 16777216
100
AcDbPoint
 10
353798.5006579706
 20
355960.139985499
 30
0.0
  0
POINT
  5
39FF
330
264F
100
AcDbEntity
  8
Defpoints
 62
     0
440
 16777216
100
AcDbPoint
 10
353799.0236454343
 20
355964.5591842785
 30
0.0
  0
POINT
  5
3A00
330
264F
100
AcDbEntity
  8
Defpoints
 62
     0
440
 16777216
100
AcDbPoint
 10
353799.0236454344
 20
355964.5591842784
 30
0.0
  0
ENDBLK
  5
2651
330
264F
100
AcDbEntity
  8
0
 62
     3
100
AcDbBlockEnd
  0
BLOCK
  5
265A
330
2659
100
AcDbEntity
  8
0
 62
     3
100
AcDbBlockBegin
  2
*D11
 70
     1
 10
0.0
 20
0.0
 30
0.0
  3
*D11
  1

  0
LINE
  5
3A01
330
2659
100
AcDbEntity
  8
A-G-DIMENSION
440
 16777216
100
AcDbLine
 10
353799.027171163
 20
355964.5889763788
 30
0.0
 11
353799.5489834333
 21
355968.9982448765
 31
0.0
  0
INSERT
  5
3A02
330
2659
100
AcDbEntity
  8
A-G-DIMENSION
440
 16777216
100
AcDbBlockReference
  2
CC-DIMTICK
 10
353799.0236454345
 20
355964.5591842784
 30
0.0
 41
0.03
 42
0.03
 43
0.03
 50
263.2507566816763
  0
INSERT
  5
3A03
330
2659
100
AcDbEntity
  8
A-G-DIMENSION
440
 16777216
100
AcDbBlockReference
  2
CC-DIMTICK
 10
353799.5525091619
 20
355969.0280369768
 30
0.0
 41
0.03
 42
0.03
 43
0.03
 50
83.25075668167635
  0
MTEXT
  5
3A04
330
2659
100
AcDbEntity
  8
A-G-DIMENSION
440
 16777216
100
AcDbMText
 10
353799.1572846942
 20
355966.8090892009
 30
0.0
 40
0.2
 41
0.0
 46
0.0
 71
     5
 72
     1
  1
\A1;4.5
  7
Site 1-200 (m)
 11
0.1175242824029699
 21
0.9930700091361469
 31
0.0
 73
     1
 44
1.0
  0
POINT
  5
3A05
330
2659
100
AcDbEntity
  8
Defpoints
 62
     0
440
 16777216
100
AcDbPoint
 10
353799.0236454343
 20
355964.5591842785
 30
0.0
  0
POINT
  5
3A06
330
2659
100
AcDbEntity
  8
Defpoints
 62
     0
440
 16777216
100
AcDbPoint
 10
353799.5525091616
 20
355969.0280369768
 30
0.0
  0
POINT
  5
3A07
330
2659
100
AcDbEntity
  8
Defpoints
 62
     0
440
 16777216
100
AcDbPoint
 10
353799.5525091619
 20
355969.0280369768
 30
0.0
  0
ENDBLK
  5
265B
330
2659
100
AcDbEntity
  8
0
 62
     3
100
AcDbBlockEnd
  0
BLOCK
  5
2664
330
2663
100
AcDbEntity
  8
0
 62
     3
100
AcDbBlockBegin
  2
*D12
 70
     1
 10
0.0
 20
0.0
 30
0.0
  3
*D12
  1

  0
LINE
  5
3A08
330
2663
100
AcDbEntity
  8
A-G-DIMENSION
440
 16777216
100
AcDbLine
 10
353799.5560348902
 20
355969.0578290771
 30
0.0
 11
353799.7076425515
 21
355970.338900686
 31
0.0
  0
INSERT
  5
3A09
330
2663
100
AcDbEntity
  8
A-G-DIMENSION
440
 16777216
100
AcDbBlockReference
  2
CC-DIMTICK
 10
353799.5525091618
 20
355969.0280369768
 30
0.0
 41
0.03
 42
0.03
 43
0.03
 50
263.2507566816763
  0
INSERT
  5
3A0A
330
2663
100
AcDbEntity
  8
A-G-DIMENSION
440
 16777216
100
AcDbBlockReference
  2
CC-DIMTICK
 10
353799.71116828
 20
355970.3686927863
 30
0.0
 41
0.03
 42
0.03
 43
0.03
 50
83.25075668167635
  0
MTEXT
  5
3A0B
330
2663
100
AcDbEntity
  8
A-G-DIMENSION
440
 16777216
100
AcDbMText
 10
353799.5005719361
 20
355969.7138995716
 30
0.0
 40
0.2
 41
0.0
 46
0.0
 71
     5
 72
     1
  1
\A1;1.35
  7
Site 1-200 (m)
 11
0.1175242824029699
 21
0.9930700091361469
 31
0.0
 73
     1
 44
1.0
  0
POINT
  5
3A0C
330
2663
100
AcDbEntity
  8
Defpoints
 62
     0
440
 16777216
100
AcDbPoint
 10
353799.5525091616
 20
355969.0280369768
 30
0.0
  0
POINT
  5
3A0D
330
2663
100
AcDbEntity
  8
Defpoints
 62
     0
440
 16777216
100
AcDbPoint
 10
353799.7111682797
 20
355970.3686927863
 30
0.0
  0
POINT
  5
3A0E
330
2663
100
AcDbEntity
  8
Defpoints
 62
     0
440
 16777216
100
AcDbPoint
 10
353799.71116828
 20
355970.3686927863
 30
0.0
  0
ENDBLK
  5
2665
330
2663
100
AcDbEntity
  8
0
 62
     3
100
AcDbBlockEnd
  0
BLOCK
  5
266E
330
266D
100
AcDbEntity
  8
0
 62
     3
100
AcDbBlockBegin
  2
*D13
 70
     1
 10
0.0
 20
0.0
 30
0.0
  3
*D13
  1

  0
LINE
  5
3A0F
330
266D
100
AcDbEntity
  8
A-G-DIMENSION
440
 16777216
100
AcDbLine
 10
353799.7146940083
 20
355970.3984848866
 30
0.0
 11
353800.4480517697
 21
355976.5952944636
 31
0.0
  0
INSERT
  5
3A10
330
266D
100
AcDbEntity
  8
A-G-DIMENSION
440
 16777216
100
AcDbBlockReference
  2
CC-DIMTICK
 10
353799.7111682798
 20
355970.3686927863
 30
0.0
 41
0.03
 42
0.03
 43
0.03
 50
263.2507566816763
  0
INSERT
  5
3A11
330
266D
100
AcDbEntity
  8
A-G-DIMENSION
440
 16777216
100
AcDbBlockReference
  2
CC-DIMTICK
 10
353800.4515774981
 20
355976.6250865639
 30
0.0
 41
0.03
 42
0.03
 43
0.03
 50
83.25075668167635
  0
MTEXT
  5
3A12
330
266D
100
AcDbEntity
  8
A-G-DIMENSION
440
 16777216
100
AcDbMText
 10
353799.9501061043
 20
355973.5124243651
 30
0.0
 40
0.2
 41
0.0
 46
0.0
 71
     5
 72
     1
  1
\A1;6.3
  7
Site 1-200 (m)
 11
0.1175242824029699
 21
0.9930700091361469
 31
0.0
 73
     1
 44
1.0
  0
POINT
  5
3A13
330
266D
100
AcDbEntity
  8
Defpoints
 62
     0
440
 16777216
100
AcDbPoint
 10
353799.7111682797
 20
355970.3686927863
 30
0.0
  0
POINT
  5
3A14
330
266D
100
AcDbEntity
  8
Defpoints
 62
     0
440
 16777216
100
AcDbPoint
 10
353800.451577498
 20
355976.625086564
 30
0.0
  0
POINT
  5
3A15
330
266D
100
AcDbEntity
  8
Defpoints
 62
     0
440
 16777216
100
AcDbPoint
 10
353800.4515774981
 20
355976.6250865639
 30
0.0
  0
ENDBLK
  5
266F
330
266D
100
AcDbEntity
  8
0
 62
     3
100
AcDbBlockEnd
  0
BLOCK
  5
3AE0
330
3ADF
100
AcDbEntity
  8
0
 62
     2
100
AcDbBlockBegin
  2
*D14
 70
     1
 10
0.0
 20
0.0
 30
0.0
  3
*D14
  1

  0
LINE
  5
3AEA
330
3ADF
100
AcDbEntity
  8
0
440
 16777216
100
AcDbLine
 10
353798.8221327154
 20
355977.5473979301
 30
0.0
 11
353796.5877063663
 21
355977.8118297938
 31
0.0
  0
INSERT
  5
3AEB
330
3ADF
100
AcDbEntity
  8
0
  6
DRAIN_PIPE
440
 16777216
100
AcDbBlockReference
  2
_OBLIQUE
 10
353798.8221327154
 20
355977.5473979301
 30
0.0
 41
0.1
 42
0.1
 43
0.1
 50
353.2507566813428
  0
INSERT
  5
3AEC
330
3ADF
100
AcDbEntity
  8
0
  6
DRAIN_PIPE
440
 16777216
100
AcDbBlockReference
  2
_OBLIQUE
 10
353796.5877063663
 20
355977.8118297938
 30
0.0
 41
0.1
 42
0.1
 43
0.1
 50
173.2507566813428
  0
MTEXT
  5
3AED
330
3ADF
100
AcDbEntity
  8
0
  6
DRAIN_PIPE
440
 16777216
100
AcDbMText
 10
353797.725382234
 20
355977.8525218469
 30
0.0
 40
0.2
 41
0.0
 46
0.0
 71
     5
 72
     1
  1
\A1;2.25
  7
Site 1-200 (m)
 11
0.9930700091354626
 21
-0.1175242824087511
 31
0.0
 73
     1
 44
1.0
  0
POINT
  5
3AEE
330
3ADF
100
AcDbEntity
  8
Defpoints
  6
DRAIN_PIPE
 62
     0
440
 16777216
100
AcDbPoint
 10
353798.7605007791
 20
355977.0266134047
 30
0.0
  0
POINT
  5
3AEF
330
3ADF
100
AcDbEntity
  8
Defpoints
  6
DRAIN_PIPE
 62
     0
440
 16777216
100
AcDbPoint
 10
353796.5260744299
 20
355977.2910452684
 30
0.0
  0
POINT
  5
3AF0
330
3ADF
100
AcDbEntity
  8
Defpoints
  6
DRAIN_PIPE
 62
     0
440
 16777216
100
AcDbPoint
 10
353796.5877063663
 20
355977.8118297938
 30
0.0
  0
ENDBLK
  5
3AE1
330
3ADF
100
AcDbEntity
  8
0
 62
     2
100
AcDbBlockEnd
  0
BLOCK
  5
3B82
330
3B81
100
AcDbEntity
  8
0
 62
     2
100
AcDbBlockBegin
  2
*D15
 70
     1
 10
0.0
 20
0.0
 30
0.0
  3
*D15
  1

  0
LINE
  5
3B8E
330
3B81
100
AcDbEntity
  8
0
440
 16777216
100
AcDbLine
 10
353764.3110940939
 20
355945.8366035625
 30
0.0
 11
353764.2993416657
 21
355945.7372965616
 31
0.0
  0
LINE
  5
3B8F
330
3B81
100
AcDbEntity
  8
0
440
 16777216
100
AcDbLine
 10
353764.3698567303
 20
355946.3331427511
 30
0.0
 11
353764.3816091585
 21
355946.432449752
 31
0.0
  0
LINE
  5
3B90
330
3B81
100
AcDbEntity
  8
0
440
 16777216
100
AcDbLine
 10
353764.3110940939
 20
355945.8366035625
 30
0.0
 11
353764.3698567303
 21
355946.3331427511
 31
0.0
  0
INSERT
  5
3B91
330
3B81
100
AcDbEntity
  8
0
440
 16777216
100
AcDbBlockReference
  2
_OBLIQUE
 10
353764.3110940939
 20
355945.8366035625
 30
0.0
 41
0.1
 42
0.1
 43
0.1
 50
83.25075667873854
  0
INSERT
  5
3B92
330
3B81
100
AcDbEntity
  8
0
440
 16777216
100
AcDbBlockReference
  2
_OBLIQUE
 10
353764.3698567303
 20
355946.3331427511
 30
0.0
 41
0.1
 42
0.1
 43
0.1
 50
263.2507566787386
  0
MTEXT
  5
3B93
330
3B81
100
AcDbEntity
  8
0
440
 16777216
100
AcDbMText
 10
353764.1675674271
 20
355946.10533585
 30
0.0
 40
0.2
 41
0.0
 46
0.0
 71
     5
 72
     1
  1
\A1;0.50
  7
Site 1-200 (m)
 11
0.1175242824538889
 21
0.993070009130121
 31
0.0
 73
     1
 44
1.0
  0
POINT
  5
3B94
330
3B81
100
AcDbEntity
  8
Defpoints
 62
     0
440
 16777216
100
AcDbPoint
 10
353764.454923319
 20
355945.819582178
 30
0.0
  0
POINT
  5
3B95
330
3B81
100
AcDbEntity
  8
Defpoints
 62
     0
440
 16777216
100
AcDbPoint
 10
353764.5136859553
 20
355946.3161213666
 30
0.0
  0
POINT
  5
3B96
330
3B81
100
AcDbEntity
  8
Defpoints
 62
     0
440
 16777216
100
AcDbPoint
 10
353764.3698567303
 20
355946.3331427511
 30
0.0
  0
ENDBLK
  5
3B83
330
3B81
100
AcDbEntity
  8
0
 62
     2
100
AcDbBlockEnd
  0
ENDSEC
  0
SECTION
  2
ENTITIES
  0
POINT
  5
12AC
330
1F
100
AcDbEntity
  8
0
 62
    31
420
 16698470
100
AcDbPoint
 10
353789.7860000001
 20
355920.338
 30
0.0
  0
POINT
  5
12AD
330
1F
100
AcDbEntity
  8
0
 62
    31
420
 16698470
100
AcDbPoint
 10
353783.607
 20
355931.9439999999
 30
0.0
  0
POINT
  5
12AE
330
1F
100
AcDbEntity
  8
0
 62
    31
420
 16698470
100
AcDbPoint
 10
353778.378
 20
355927.3270000001
 30
0.0
  0
POINT
  5
12AF
330
1F
100
AcDbEntity
  8
0
 62
    31
420
 16698470
100
AcDbPoint
 10
353779396.0
 20
355929.12
 30
0.0
  0
POINT
  5
12B0
330
1F
100
AcDbEntity
  8
0
 62
    31
420
 16698470
100
AcDbPoint
 10
353779.3960000001
 20
355929.12
 30
0.0
  0
HATCH
  5
1F40
330
1F
100
AcDbEntity
  8
S-D-WATER PROOF
 62
   254
100
AcDbHatch
 10
0.0
 20
0.0
 30
0.0
210
0.0
220
0.0
230
1.0
  2
SOLID
 70
     1
 71
     0
 91
        3
 92
        1
 93
        4
 72
     1
 10
353803.2974631784
 20
355931.1249323021
 11
353799.5237653443
 21
355931.5715283385
 72
     1
 10
353799.5237653444
 20
355931.5715283385
 11
353799.0771693079
 21
355927.7978305042
 72
     1
 10
353799.0771693078
 20
355927.7978305042
 11
353802.850867142
 21
355927.3512344679
 72
     1
 10
353802.850867142
 20
355927.3512344679
 11
353803.2974631784
 21
355931.124932302
 97
        0
 92
        1
 93
        4
 72
     1
 10
353800.1022728132
 20
355927.5254672114
 11
353802.1877374057
 21
355927.2786641388
 72
     1
 10
353802.1877374057
 20
355927.2786641387
 11
353801.8939242239
 21
355924.7959681952
 72
     1
 10
353801.893924224
 20
355924.7959681953
 11
353799.8084596314
 21
355925.0427712679
 72
     1
 10
353799.8084596313
 20
355925.0427712679
 11
353800.1022728132
 21
355927.5254672114
 97
        0
 92
        1
 93
        4
 72
     1
 10
353795.7823818714
 20
355928.0367021479
 11
353797.8678464639
 21
355927.7898990751
 72
     1
 10
353797.867846464
 20
355927.7898990751
 11
353797.5740332822
 21
355925.3072031316
 72
     1
 10
353797.5740332822
 20
355925.3072031316
 11
353795.4885686896
 21
355925.5540062043
 72
     1
 10
353795.4885686896
 20
355925.5540062043
 11
353795.7823818715
 21
355928.0367021479
 97
        0
 75
     1
 76
     1
 98
        1
 10
353780.7714598124
 20
355922.4633554527
450
        0
451
        0
460
0.0
461
0.0
452
        0
462
0.0
453
        0
470

1001
GradientColor1ACI
1070
     5
1001
GradientColor2ACI
1070
     2
1001
ACAD
1010
0.0
1020
0.0
1030
0.0
  0
HATCH
  5
1F41
330
1F
100
AcDbEntity
  8
S-D-WATER PROOF
 62
   254
100
AcDbHatch
 10
0.0
 20
0.0
 30
0.0
210
0.0
220
0.0
230
1.0
  2
SOLID
 70
     1
 71
     0
 91
        1
 92
        1
 93
       18
 72
     1
 10
353796.5214760477
 20
355977.2521893361
 11
353796.0359116588
 21
355973.0234286838
 72
     1
 10
353796.0359116588
 20
355973.0234286839
 11
353806.1911921027
 21
355971.8171892425
 72
     1
 10
353806.1911921027
 20
355971.8171892425
 11
353806.1934424161
 21
355961.1793978471
 72
     1
 10
353806.1934424161
 20
355961.179397847
 11
353803.5444633847
 21
355961.1788374833
 72
     1
 10
353803.5444633846
 20
355961.1788374833
 11
353803.5452672416
 21
355957.378805547
 72
     1
 10
353803.5452672415
 20
355957.378805547
 11
353805.6942420709
 21
355957.37926014
 72
     1
 10
353805.6942420709
 20
355957.37926014
 11
353805.6953394216
 21
355952.1918104105
 72
     1
 10
353805.6953394216
 20
355952.1918104106
 11
353802.2952221078
 21
355952.1910911514
 72
     1
 10
353802.2952221078
 20
355952.1910911513
 11
353802.2960048106
 21
355948.4910600555
 72
     1
 10
353802.2960048106
 20
355948.4910600555
 11
353805.6961210287
 21
355948.4969591895
 72
     1
 10
353805.6961210287
 20
355948.4969591894
 11
353805.6971665898
 21
355943.5543316862
 72
     1
 10
353805.6971665897
 20
355943.5543316862
 11
353801.0971279301
 21
355943.5533585963
 72
     1
 10
353801.0971279301
 20
355943.5533585963
 11
353801.0980375577
 21
355939.2533224578
 72
     1
 10
353801.0980375577
 20
355939.2533224578
 11
353806.198987394
 21
355939.2544015103
 72
     1
 10
353806.198987394
 20
355939.2544015103
 11
353806.2000128146
 21
355925.8319948869
 72
     1
 10
353806.2000128145
 20
355925.831994887
 11
353807.8997833885
 21
355925.793477945
 72
     1
 10
353807.8997833885
 20
355925.7934779449
 11
353807.8903117256
 21
355976.0468500159
 72
     1
 10
353807.8903117256
 20
355976.0468500159
 11
353796.5214760477
 21
355977.2521893361
 97
        0
 75
     1
 76
     1
 98
        1
 10
353780.7714598124
 20
355922.4633554527
450
        0
451
        0
460
0.0
461
0.0
452
        0
462
0.0
453
        0
470

1001
GradientColor1ACI
1070
     5
1001
GradientColor2ACI
1070
     2
1001
ACAD
1010
0.0
1020
0.0
1030
0.0
  0
HATCH
  5
1F42
330
1F
100
AcDbEntity
  8
S-S-COLUMN HATCH
100
AcDbHatch
 10
0.0
 20
0.0
 30
0.0
210
0.0
220
0.0
230
1.0
  2
SOLID
 70
     1
 71
     0
 91
        1
 92
        1
 93
        4
 72
     1
 10
353787.7005354079
 20
355920.5848030727
 11
353787.7945556261
 21
355921.3792657745
 72
     1
 10
353787.7945556261
 20
355921.3792657746
 11
353787.3973242744
 21
355921.4262758838
 72
     1
 10
353787.3973242744
 20
355921.4262758838
 11
353787.3033040562
 21
355920.631813182
 72
     1
 10
353787.3033040563
 20
355920.6318131819
 11
353787.700535408
 21
355920.5848030727
 97
        0
 75
     1
 76
     1
 98
        1
 10
353787.4468739874
 20
355920.9098445952
450
        0
451
        0
460
0.0
461
0.0
452
        0
462
1.0
453
        2
463
0.0
 63
     5
421
      255
463
1.0
 63
     2
421
 16776960
470
LINEAR
1001
GradientColor1ACI
1070
     5
1001
GradientColor2ACI
1070
     2
1001
ACAD
1010
0.0
1020
0.0
1030
0.0
  0
HATCH
  5
1F43
330
1F
100
AcDbEntity
  8
S-S-BEARING WALL HATCH
100
AcDbHatch
 10
0.0
 20
0.0
 30
0.0
210
0.0
220
0.0
230
1.0
  2
SOLID
 70
     1
 71
     0
 91
        1
 92
        1
 93
        6
 72
     1
 10
353807.4009002683
 20
355925.9722043606
 11
353807.8009036391
 21
355925.972245363
 72
     1
 10
353807.800903639
 20
355925.972245363
 11
353807.7903296795
 21
355975.9579836485
 72
     1
 10
353807.7903296795
 20
355975.9579836485
 11
353800.9949271123
 21
355976.7621815429
 72
     1
 10
353800.9949271124
 20
355976.7621815428
 11
353800.9596695305
 21
355976.4642580296
 72
     1
 10
353800.9596695305
 20
355976.4642580296
 11
353807.3903801926
 21
355975.7032193828
 72
     1
 10
353807.3903801925
 20
355975.7032193828
 11
353807.4009002681
 21
355925.9722043606
 97
        0
 75
     1
 76
     1
 98
        1
 10
353818.8375403471
 20
355931.3314849635
450
        0
451
        0
460
0.0
461
0.0
452
        0
462
1.0
453
        2
463
0.0
 63
     5
421
      255
463
1.0
 63
     2
421
 16776960
470
LINEAR
1001
GradientColor1ACI
1070
     5
1001
GradientColor2ACI
1070
     2
1001
ACAD
1010
0.0
1020
0.0
1030
0.0
  0
LWPOLYLINE
  5
1F44
330
1F
100
AcDbEntity
  8
S-S-BEARING WALL UNDER THE GROUND
100
AcDbPolyline
 90
        3
 70
     0
 43
0.0
 10
353807.800903639
 20
355925.972245363
 10
353807.7903296795
 20
355975.9579836485
 10
353800.9949271124
 20
355976.7621815428
  0
LINE
  5
1F45
330
1F
100
AcDbEntity
  8
S-S-BEARING WALL UNDER THE GROUND
100
AcDbLine
 10
353800.9596695305
 20
355976.4642580296
 30
0.0
 11
353807.3903801925
 21
355975.7032193828
 31
0.0
  0
LINE
  5
1F46
330
1F
100
AcDbEntity
  8
S-S-BEARING WALL UNDER THE GROUND
100
AcDbLine
 10
353807.3903801925
 20
355975.7032193828
 30
0.0
 11
353807.4009002683
 21
355925.9722043606
 31
0.0
  0
HATCH
  5
1F47
330
1F
100
AcDbEntity
  8
S-S-COLUMN HATCH
100
AcDbHatch
 10
0.0
 20
0.0
 30
0.0
210
0.0
220
0.0
230
1.0
  2
SOLID
 70
     1
 71
     0
 91
        1
 92
        1
 93
        1
 72
     2
 10
353767.1126963144
 20
355945.7288121893
 40
0.4000033706691012
 50
-6.749243318334468
 51
353.2507566816655
 73
     1
 97
        0
 75
     1
 76
     1
 98
        1
 10
141590.0181039229
 20
142676.3090506711
450
        0
451
        0
460
0.0
461
0.0
452
        0
462
0.0
453
        0
470

1001
GradientColor1ACI
1070
     5
1001
GradientColor2ACI
1070
     2
1001
ACAD
1010
0.0
1020
0.0
1030
0.0
  0
CIRCLE
  5
1F48
330
1F
100
AcDbEntity
  8
S-S-COLUMN
100
AcDbCircle
 10
353767.1126963144
 20
355945.7288121893
 30
0.0
 40
0.4000033706691008
  0
HATCH
  5
1F49
330
1F
100
AcDbEntity
  8
S-S-COLUMN HATCH
100
AcDbHatch
 10
0.0
 20
0.0
 30
0.0
210
0.0
220
0.0
230
1.0
  2
SOLID
 70
     1
 71
     0
 91
        1
 92
        1
 93
        1
 72
     2
 10
353774.2628606318
 20
355944.8826302256
 40
0.4000033706691012
 50
-6.749243318334468
 51
353.2507566816655
 73
     1
 97
        0
 75
     1
 76
     1
 98
        1
 10
141597.1682682403
 20
142675.4628687073
450
        0
451
        0
460
0.0
461
0.0
452
        0
462
0.0
453
        0
470

1001
GradientColor1ACI
1070
     5
1001
GradientColor2ACI
1070
     2
1001
ACAD
1010
0.0
1020
0.0
1030
0.0
  0
CIRCLE
  5
1F4A
330
1F
100
AcDbEntity
  8
S-S-COLUMN
100
AcDbCircle
 10
353774.2628606318
 20
355944.8826302256
 30
0.0
 40
0.4000033706691008
  0
HATCH
  5
1F4B
330
1F
100
AcDbEntity
  8
S-S-COLUMN HATCH
100
AcDbHatch
 10
0.0
 20
0.0
 30
0.0
210
0.0
220
0.0
230
1.0
  2
SOLID
 70
     1
 71
     0
 91
        1
 92
        1
 93
        1
 72
     2
 10
353785.3853384588
 20
355943.5663471708
 40
0.4000033706691012
 50
-6.749243318334468
 51
353.2507566816655
 73
     1
 97
        0
 75
     1
 76
     1
 98
        1
 10
141608.2907460673
 20
142674.1465856526
450
        0
451
        0
460
0.0
461
0.0
452
        0
462
0.0
453
        0
470

1001
GradientColor1ACI
1070
     5
1001
GradientColor2ACI
1070
     2
1001
ACAD
1010
0.0
1020
0.0
1030
0.0
  0
CIRCLE
  5
1F4C
330
1F
100
AcDbEntity
  8
S-S-COLUMN
100
AcDbCircle
 10
353785.3853384588
 20
355943.5663471708
 30
0.0
 40
0.4000033706691008
  0
HATCH
  5
1F4D
330
1F
100
AcDbEntity
  8
S-S-COLUMN HATCH
100
AcDbHatch
 10
0.0
 20
0.0
 30
0.0
210
0.0
220
0.0
230
1.0
  2
SOLID
 70
     1
 71
     0
 91
        1
 92
        1
 93
        1
 72
     2
 10
353792.5355027763
 20
355942.720165207
 40
0.4000033706691012
 50
-6.749243318334468
 51
353.2507566816655
 73
     1
 97
        0
 75
     1
 76
     1
 98
        1
 10
141615.4409103846
 20
142673.3004036889
450
        0
451
        0
460
0.0
461
0.0
452
        0
462
0.0
453
        0
470

1001
GradientColor1ACI
1070
     5
1001
GradientColor2ACI
1070
     2
1001
ACAD
1010
0.0
1020
0.0
1030
0.0
  0
CIRCLE
  5
1F4E
330
1F
100
AcDbEntity
  8
S-S-COLUMN
100
AcDbCircle
 10
353792.5355027763
 20
355942.720165207
 30
0.0
 40
0.4000033706691008
  0
HATCH
  5
1F4F
330
1F
100
AcDbEntity
  8
S-S-COLUMN HATCH
100
AcDbHatch
 10
0.0
 20
0.0
 30
0.0
210
0.0
220
0.0
230
1.0
  2
SOLID
 70
     1
 71
     0
 91
        1
 92
        1
 93
        1
 72
     2
 10
353788.023780832
 20
355965.8609567438
 40
0.4000033706691012
 50
-6.749243318334468
 51
353.2507566816655
 73
     1
 97
        0
 75
     1
 76
     1
 98
        1
 10
141610.9291884403
 20
142696.4411952256
450
        0
451
        0
460
0.0
461
0.0
452
        0
462
0.0
453
        0
470

1001
GradientColor1ACI
1070
     5
1001
GradientColor2ACI
1070
     2
1001
ACAD
1010
0.0
1020
0.0
1030
0.0
  0
CIRCLE
  5
1F50
330
1F
100
AcDbEntity
  8
S-S-COLUMN
100
AcDbCircle
 10
353788.023780832
 20
355965.8609567438
 30
0.0
 40
0.4000033706691008
  0
HATCH
  5
1F51
330
1F
100
AcDbEntity
  8
S-S-COLUMN HATCH
100
AcDbHatch
 10
0.0
 20
0.0
 30
0.0
210
0.0
220
0.0
230
1.0
  2
SOLID
 70
     1
 71
     0
 91
        1
 92
        1
 93
        1
 72
     2
 10
353795.1739451493
 20
355965.01477478
 40
0.4000033706691012
 50
-6.749243318334468
 51
353.2507566816655
 73
     1
 97
        0
 75
     1
 76
     1
 98
        1
 10
141618.0793527577
 20
142695.5950132619
450
        0
451
        0
460
0.0
461
0.0
452
        0
462
0.0
453
        0
470

1001
GradientColor1ACI
1070
     5
1001
GradientColor2ACI
1070
     2
1001
ACAD
1010
0.0
1020
0.0
1030
0.0
  0
CIRCLE
  5
1F52
330
1F
100
AcDbEntity
  8
S-S-COLUMN
100
AcDbCircle
 10
353795.1739451493
 20
355965.01477478
 30
0.0
 40
0.4000033706691008
  0
HATCH
  5
1F53
330
1F
100
AcDbEntity
  8
S-S-COLUMN HATCH
100
AcDbHatch
 10
0.0
 20
0.0
 30
0.0
210
0.0
220
0.0
230
1.0
  2
SOLID
 70
     1
 71
     0
 91
        1
 92
        1
 93
        1
 72
     2
 10
353801.1873162432
 20
355929.4613814032
 40
0.4000033706691012
 50
-6.749243318334468
 51
353.2507566816655
 73
     1
 97
        0
 75
     1
 76
     1
 98
        1
 10
141624.0927238515
 20
142660.041619885
450
        0
451
        0
460
0.0
461
0.0
452
        0
462
0.0
453
        0
470

1001
GradientColor1ACI
1070
     5
1001
GradientColor2ACI
1070
     2
1001
ACAD
1010
0.0
1020
0.0
1030
0.0
  0
CIRCLE
  5
1F54
330
1F
100
AcDbEntity
  8
S-S-COLUMN
100
AcDbCircle
 10
353801.1873162432
 20
355929.4613814032
 30
0.0
 40
0.4000033706691008
  0
HATCH
  5
1F55
330
1F
100
AcDbEntity
  8
S-S-COLUMN HATCH
100
AcDbHatch
 10
0.0
 20
0.0
 30
0.0
210
0.0
220
0.0
230
1.0
  2
SOLID
 70
     1
 71
     0
 91
        1
 92
        1
 93
        1
 72
     2
 10
353776.3783155412
 20
355962.758041019
 40
0.4000033706691012
 50
-6.749243318334468
 51
353.2507566816655
 73
     1
 97
        0
 75
     1
 76
     1
 98
        1
 10
141599.2837231497
 20
142693.3382795008
450
        0
451
        0
460
0.0
461
0.0
452
        0
462
0.0
453
        0
470

1001
GradientColor1ACI
1070
     5
1001
GradientColor2ACI
1070
     2
1001
ACAD
1010
0.0
1020
0.0
1030
0.0
  0
CIRCLE
  5
1F56
330
1F
100
AcDbEntity
  8
S-S-COLUMN
100
AcDbCircle
 10
353776.3783155412
 20
355962.758041019
 30
0.0
 40
0.4000033706691008
  0
HATCH
  5
1F57
330
1F
100
AcDbEntity
  8
S-S-COLUMN HATCH
100
AcDbHatch
 10
0.0
 20
0.0
 30
0.0
210
0.0
220
0.0
230
1.0
  2
SOLID
 70
     1
 71
     0
 91
        1
 92
        1
 93
        1
 72
     2
 10
353794.6509576856
 20
355960.5955760005
 40
0.4000033706691012
 50
-6.749243318334468
 51
353.2507566816655
 73
     1
 97
        0
 75
     1
 76
     1
 98
        1
 10
141617.556365294
 20
142691.1758144824
450
        0
451
        0
460
0.0
461
0.0
452
        0
462
0.0
453
        0
470

1001
GradientColor1ACI
1070
     5
1001
GradientColor2ACI
1070
     2
1001
ACAD
1010
0.0
1020
0.0
1030
0.0
  0
CIRCLE
  5
1F58
330
1F
100
AcDbEntity
  8
S-S-COLUMN
100
AcDbCircle
 10
353794.6509576856
 20
355960.5955760005
 30
0.0
 40
0.4000033706691008
  0
HATCH
  5
1F59
330
1F
100
AcDbEntity
  8
S-S-COLUMN HATCH
100
AcDbHatch
 10
0.0
 20
0.0
 30
0.0
210
0.0
220
0.0
230
1.0
  2
SOLID
 70
     1
 71
     0
 91
        1
 92
        1
 93
        1
 72
     2
 10
353787.5007933683
 20
355961.4417579643
 40
0.4000033706691012
 50
-6.749243318334468
 51
353.2507566816655
 73
     1
 97
        0
 75
     1
 76
     1
 98
        1
 10
141610.4062009766
 20
142692.0219964461
450
        0
451
        0
460
0.0
461
0.0
452
        0
462
0.0
453
        0
470

1001
GradientColor1ACI
1070
     5
1001
GradientColor2ACI
1070
     2
1001
ACAD
1010
0.0
1020
0.0
1030
0.0
  0
CIRCLE
  5
1F5A
330
1F
100
AcDbEntity
  8
S-S-COLUMN
100
AcDbCircle
 10
353787.5007933683
 20
355961.4417579643
 30
0.0
 40
0.4000033706691008
  0
HATCH
  5
1F5B
330
1F
100
AcDbEntity
  8
S-S-BEARING WALL HATCH
100
AcDbHatch
 10
0.0
 20
0.0
 30
0.0
210
0.0
220
0.0
230
1.0
  2
SOLID
 70
     1
 71
     0
 91
        1
 92
        1
 93
        8
 72
     2
 10
353800.9008456402
 20
355925.970829342
 40
6.900058144042577
 50
348.1792940926646
 51
360.0117581649846
 73
     1
 72
     1
 10
353807.800903639
 20
355925.972245363
 11
353807.4009002682
 21
355925.9722043606
 72
     1
 10
353807.4009002683
 20
355925.9722043606
 11
353807.3393747738
 21
355925.0786103925
 72
     2
 10
353800.8901609451
 20
355925.9773414492
 40
6.511534114181518
 50
7.933369347608605
 51
94.23505469746771
 73
     0
 72
     1
 10
353800.4092948283
 20
355919.4835871962
 11
353791.620551189
 21
355920.52368586
 72
     1
 10
353791.6205511888
 20
355920.5236858599
 11
353791.5735410797
 21
355920.126454509
 72
     1
 10
353791.5735410798
 20
355920.126454509
 11
353800.3622847192
 21
355919.0863558453
 72
     2
 10
353800.8911213192
 20
355925.9769163836
 40
6.910824312652067
 50
265.6112680987744
 51
348.1464136262885
 73
     1
 97
        0
 75
     1
 76
     1
 98
        1
 10
354078.694973036
 20
355887.2057736301
450
        0
451
        0
460
0.0
461
0.0
452
        0
462
1.0
453
        2
463
0.0
 63
     5
421
      255
463
1.0
 63
     2
421
 16776960
470
LINEAR
1001
GradientColor1ACI
1070
     5
1001
GradientColor2ACI
1070
     2
1001
ACAD
1010
0.0
1020
0.0
1030
0.0
  0
HATCH
  5
1F5C
330
1F
100
AcDbEntity
  8
S-S-COLUMN HATCH
100
AcDbHatch
 10
0.0
 20
0.0
 30
0.0
210
0.0
220
0.0
230
1.0
  2
SOLID
 70
     1
 71
     0
 91
        1
 92
        1
 93
        1
 72
     2
 10
353791.1075707124
 20
355930.6542629216
 40
0.4000033706691012
 50
-6.749243318334468
 51
353.2507566816655
 73
     1
 97
        0
 75
     1
 76
     1
 98
        1
 10
141614.0129783208
 20
142661.2345014033
450
        0
451
        0
460
0.0
461
0.0
452
        0
462
0.0
453
        0
470

1001
GradientColor1ACI
1070
     5
1001
GradientColor2ACI
1070
     2
1001
ACAD
1010
0.0
1020
0.0
1030
0.0
  0
CIRCLE
  5
1F5D
330
1F
100
AcDbEntity
  8
S-S-COLUMN
100
AcDbCircle
 10
353791.1075707124
 20
355930.6542629216
 30
0.0
 40
0.4000033706691008
  0
HATCH
  5
1F5E
330
1F
100
AcDbEntity
  8
S-S-COLUMN HATCH
100
AcDbHatch
 10
0.0
 20
0.0
 30
0.0
210
0.0
220
0.0
230
1.0
  2
SOLID
 70
     1
 71
     0
 91
        1
 92
        1
 93
        1
 72
     2
 10
353775.3205880865
 20
355953.8203356222
 40
0.4000033706691012
 50
-6.749243318334468
 51
353.2507566816655
 73
     1
 97
        0
 75
     1
 76
     1
 98
        1
 10
141598.225995695
 20
142684.4005741041
450
        0
451
        0
460
0.0
461
0.0
452
        0
462
0.0
453
        0
470

1001
GradientColor1ACI
1070
     5
1001
GradientColor2ACI
1070
     2
1001
ACAD
1010
0.0
1020
0.0
1030
0.0
  0
CIRCLE
  5
1F5F
330
1F
100
AcDbEntity
  8
S-S-COLUMN
100
AcDbCircle
 10
353775.3205880865
 20
355953.8203356222
 30
0.0
 40
0.4000033706691008
  0
HATCH
  5
1F60
330
1F
100
AcDbEntity
  8
S-S-COLUMN HATCH
100
AcDbHatch
 10
0.0
 20
0.0
 30
0.0
210
0.0
220
0.0
230
1.0
  2
SOLID
 70
     1
 71
     0
 91
        1
 92
        1
 93
        1
 72
     2
 10
353786.4430659136
 20
355952.5040525676
 40
0.4000033706691012
 50
-6.749243318334468
 51
353.2507566816655
 73
     1
 97
        0
 75
     1
 76
     1
 98
        1
 10
141609.348473522
 20
142683.0842910494
450
        0
451
        0
460
0.0
461
0.0
452
        0
462
0.0
453
        0
470

1001
GradientColor1ACI
1070
     5
1001
GradientColor2ACI
1070
     2
1001
ACAD
1010
0.0
1020
0.0
1030
0.0
  0
CIRCLE
  5
1F61
330
1F
100
AcDbEntity
  8
S-S-COLUMN
100
AcDbCircle
 10
353786.4430659136
 20
355952.5040525676
 30
0.0
 40
0.4000033706691008
  0
HATCH
  5
1F62
330
1F
100
AcDbEntity
  8
S-S-COLUMN HATCH
100
AcDbHatch
 10
0.0
 20
0.0
 30
0.0
210
0.0
220
0.0
230
1.0
  2
SOLID
 70
     1
 71
     0
 91
        1
 92
        1
 93
        1
 72
     2
 10
353793.593230231
 20
355951.6578706038
 40
0.4000033706691012
 50
-6.749243318334468
 51
353.2507566816655
 73
     1
 97
        0
 75
     1
 76
     1
 98
        1
 10
141616.4986378393
 20
142682.2381090857
450
        0
451
        0
460
0.0
461
0.0
452
        0
462
0.0
453
        0
470

1001
GradientColor1ACI
1070
     5
1001
GradientColor2ACI
1070
     2
1001
ACAD
1010
0.0
1020
0.0
1030
0.0
  0
CIRCLE
  5
1F63
330
1F
100
AcDbEntity
  8
S-S-COLUMN
100
AcDbCircle
 10
353793.593230231
 20
355951.6578706038
 30
0.0
 40
0.4000033706691008
  0
HATCH
  5
1F64
330
1F
100
AcDbEntity
  8
S-S-COLUMN HATCH
100
AcDbHatch
 10
0.0
 20
0.0
 30
0.0
210
0.0
220
0.0
230
1.0
  2
SOLID
 70
     1
 71
     0
 91
        1
 92
        1
 93
        1
 72
     2
 10
353804.7157080578
 20
355950.3415875491
 40
0.4000033706691012
 50
-6.749243318334468
 51
353.2507566816655
 73
     1
 97
        0
 75
     1
 76
     1
 98
        1
 10
141627.6211156664
 20
142680.9218260309
450
        0
451
        0
460
0.0
461
0.0
452
        0
462
0.0
453
        0
470

1001
GradientColor1ACI
1070
     5
1001
GradientColor2ACI
1070
     2
1001
ACAD
1010
0.0
1020
0.0
1030
0.0
  0
CIRCLE
  5
1F65
330
1F
100
AcDbEntity
  8
S-S-COLUMN
100
AcDbCircle
 10
353804.7157080578
 20
355950.3415875491
 30
0.0
 40
0.4000033706691008
  0
HATCH
  5
1F66
330
1F
100
AcDbEntity
  8
S-S-COLUMN HATCH
100
AcDbHatch
 10
0.0
 20
0.0
 30
0.0
210
0.0
220
0.0
230
1.0
  2
SOLID
 70
     1
 71
     0
 91
        1
 92
        1
 93
        1
 72
     2
 10
353776.9013030049
 20
355967.1772397984
 40
0.4000033706691012
 50
-6.749243318334468
 51
353.2507566816655
 73
     1
 97
        0
 75
     1
 76
     1
 98
        1
 10
141599.8067106134
 20
142697.7574782803
450
        0
451
        0
460
0.0
461
0.0
452
        0
462
0.0
453
        0
470

1001
GradientColor1ACI
1070
     5
1001
GradientColor2ACI
1070
     2
1001
ACAD
1010
0.0
1020
0.0
1030
0.0
  0
CIRCLE
  5
1F67
330
1F
100
AcDbEntity
  8
S-S-COLUMN
100
AcDbCircle
 10
353776.9013030049
 20
355967.1772397984
 30
0.0
 40
0.4000033706691008
  0
HATCH
  5
1F68
330
1F
100
AcDbEntity
  8
S-S-COLUMN HATCH
 62
     1
100
AcDbHatch
 10
0.0
 20
0.0
 30
0.0
210
0.0
220
0.0
230
1.0
  2
SOLID
 70
     1
 71
     0
 91
        1
 92
        1
 93
        1
 72
     2
 10
353778.3057300141
 20
355979.0445264085
 40
0.4000033706691012
 50
-6.749243318334468
 51
353.2507566816655
 73
     1
 97
        0
 75
     1
 76
     1
 98
        1
 10
141601.2111376226
 20
142709.6247648903
450
        0
451
        0
460
0.0
461
0.0
452
        0
462
0.0
453
        0
470

1001
GradientColor1ACI
1070
     5
1001
GradientColor2ACI
1070
     2
1001
ACAD
1010
0.0
1020
0.0
1030
0.0
  0
CIRCLE
  5
1F69
330
1F
100
AcDbEntity
  8
S-S-COLUMN
 62
     1
100
AcDbCircle
 10
353778.3057300141
 20
355979.0445264085
 30
0.0
 40
0.4000033706691008
  0
HATCH
  5
1F6A
330
1F
100
AcDbEntity
  8
S-S-COLUMN HATCH
100
AcDbHatch
 10
0.0
 20
0.0
 30
0.0
210
0.0
220
0.0
230
1.0
  2
SOLID
 70
     1
 71
     0
 91
        1
 92
        1
 93
        1
 72
     2
 10
353789.4282078412
 20
355977.7282433538
 40
0.4000033706691012
 50
-6.749243318334468
 51
353.2507566816655
 73
     1
 97
        0
 75
     1
 76
     1
 98
        1
 10
141612.3336154496
 20
142708.3084818356
450
        0
451
        0
460
0.0
461
0.0
452
        0
462
0.0
453
        0
470

1001
GradientColor1ACI
1070
     5
1001
GradientColor2ACI
1070
     2
1001
ACAD
1010
0.0
1020
0.0
1030
0.0
  0
CIRCLE
  5
1F6B
330
1F
100
AcDbEntity
  8
S-S-COLUMN
100
AcDbCircle
 10
353789.4282078412
 20
355977.7282433538
 30
0.0
 40
0.4000033706691008
  0
HATCH
  5
1F6C
330
1F
100
AcDbEntity
  8
S-S-COLUMN HATCH
100
AcDbHatch
 10
0.0
 20
0.0
 30
0.0
210
0.0
220
0.0
230
1.0
  2
SOLID
 70
     1
 71
     0
 91
        1
 92
        1
 93
        1
 72
     2
 10
353768.9122689772
 20
355933.2809527673
 40
0.4000033706691012
 50
-6.749243318334468
 51
353.2507566816655
 73
     1
 97
        0
 75
     1
 76
     1
 98
        1
 10
141591.8176765857
 20
142663.8611912492
450
        0
451
        0
460
0.0
461
0.0
452
        0
462
0.0
453
        0
470

1001
GradientColor1ACI
1070
     5
1001
GradientColor2ACI
1070
     2
1001
ACAD
1010
0.0
1020
0.0
1030
0.0
  0
CIRCLE
  5
1F6D
330
1F
100
AcDbEntity
  8
S-S-COLUMN
100
AcDbCircle
 10
353768.9122689772
 20
355933.2809527673
 30
0.0
 40
0.4000033706691008
  0
LINE
  5
1F6E
330
1F
100
AcDbEntity
  8
S-S-BEARING WALL UNDER THE GROUND
100
AcDbLine
 10
353791.5735410798
 20
355920.126454509
 30
0.0
 11
353800.0899212584
 21
355919.1185885378
 31
0.0
  0
LINE
  5
1F6F
330
1F
100
AcDbEntity
  8
S-S-BEARING WALL UNDER THE GROUND
100
AcDbLine
 10
353791.7695129455
 20
355920.506057069
 30
0.0
 11
353800.1369313674
 21
355919.5158198888
 31
0.0
  0
LINE
  5
1F70
330
1F
100
AcDbEntity
  8
S-S-BEARING WALL UNDER THE GROUND
100
AcDbLine
 10
353791.6205511888
 20
355920.5236858599
 30
0.0
 11
353791.5735410798
 21
355920.126454509
 31
0.0
  0
HATCH
  5
1F71
330
1F
100
AcDbEntity
  8
S-S-BEARING WALL HATCH UNDER THE GROUND
100
AcDbHatch
 10
0.0
 20
0.0
 30
0.0
210
0.0
220
0.0
230
1.0
  2
SOLID
 70
     1
 71
     0
 91
        2
 92
       17
 93
        4
 72
     1
 10
353767.1655623309
 20
355929.1576223194
 11
353767.7117554385
 21
355929.0929834194
 72
     1
 10
353767.7117554385
 20
355929.0929834194
 11
353767.6764978567
 21
355928.7950599062
 72
     1
 10
353767.6764978567
 20
355928.7950599062
 11
353767.1303047492
 21
355928.8596988061
 72
     1
 10
353767.1303047492
 20
355928.8596988061
 11
353767.1655623309
 21
355929.1576223194
 97
        0
 92
        1
 93
       11
 72
     1
 10
353768.8041416537
 20
355928.9637056194
 11
353769.3503347612
 21
355928.8990667194
 72
     1
 10
353769.3503347612
 20
355928.8990667194
 11
353769.5501277268
 21
355930.587299977
 72
     1
 10
353769.5501277268
 20
355930.587299977
 11
353769.84805124
 21
355930.5520423953
 72
     1
 10
353769.84805124
 20
355930.5520423952
 11
353769.6482582744
 21
355928.8638091376
 72
     1
 10
353769.6482582744
 20
355928.8638091376
 11
353769.2956824562
 21
355925.8845740053
 72
     1
 10
353769.2956824562
 20
355925.8845740053
 11
353766.8129865127
 21
355926.1783871872
 72
     1
 10
353766.8129865127
 20
355926.1783871872
 11
353766.8482440945
 21
355926.4763107004
 72
     1
 10
353766.8482440945
 20
355926.4763107003
 11
353769.0330165248
 21
355926.2177551004
 72
     1
 10
353769.0330165248
 20
355926.2177551004
 11
353769.3150771794
 21
355928.6011432062
 72
     1
 10
353769.3150771794
 20
355928.6011432062
 11
353768.7688840719
 21
355928.6657821061
 72
     1
 10
353768.7688840719
 20
355928.6657821061
 11
353768.8041416537
 21
355928.9637056194
 97
        0
 75
     1
 76
     1
 98
        2
 10
353767.4743425358
 20
355928.8340237649
 10
353769.1049568338
 20
355928.7977378797
450
        0
451
        0
460
0.0
461
0.0
452
        0
462
1.0
453
        2
463
0.0
 63
     5
421
      255
463
1.0
 63
     2
421
 16776960
470
LINEAR
1001
GradientColor1ACI
1070
     5
1001
GradientColor2ACI
1070
     2
1001
ACAD
1010
0.0
1020
0.0
1030
0.0
  0
HATCH
  5
1F72
330
1F
100
AcDbEntity
  8
S-S-BEARING WALL HATCH UNDER THE GROUND
100
AcDbHatch
 10
0.0
 20
0.0
 30
0.0
210
0.0
220
0.0
230
1.0
  2
SOLID
 70
     1
 71
     0
 91
        1
 92
        1
 93
       10
 72
     1
 10
353767.0674317832
 20
355930.8811131589
 11
353767.3653552965
 21
355930.8458555771
 72
     1
 10
353767.3653552965
 20
355930.8458555769
 11
353766.8129865127
 21
355926.1783871871
 72
     1
 10
353766.8129865127
 20
355926.1783871872
 11
353763.9374492485
 21
355926.5186909426
 72
     1
 10
353763.9374492485
 20
355926.5186909426
 11
353763.4252191881
 21
355928.1842722964
 72
     1
 10
353763.4252191881
 20
355928.1842722964
 11
353764.0488287377
 21
355933.4537189892
 72
     1
 10
353764.0488287377
 20
355933.4537189892
 11
353764.346752251
 21
355933.4184614073
 72
     1
 10
353764.346752251
 20
355933.4184614074
 11
353763.7305867509
 21
355928.2119162889
 72
     1
 10
353763.7305867509
 20
355928.2119162889
 11
353764.1667580871
 21
355926.7936495746
 72
     1
 10
353764.1667580872
 20
355926.7936495746
 11
353766.5503205813
 21
355926.5115682822
 72
     1
 10
353766.5503205813
 20
355926.5115682823
 11
353767.0674317832
 21
355930.8811131589
 97
        0
 75
     1
 76
     1
 98
        2
 10
353767.1044373392
 20
355930.3882802471
 10
353768.7350516372
 20
355930.3519943618
450
        0
451
        0
460
0.0
461
0.0
452
        0
462
1.0
453
        2
463
0.0
 63
     5
421
      255
463
1.0
 63
     2
421
 16776960
470
LINEAR
1001
GradientColor1ACI
1070
     5
1001
GradientColor2ACI
1070
     2
1001
ACAD
1010
0.0
1020
0.0
1030
0.0
  0
LINE
  5
1F73
330
1F
100
AcDbEntity
  8
S-S-BEARING WALL
100
AcDbLine
 10
353767.0674317832
 20
355930.8811131589
 30
0.0
 11
353766.5503205813
 21
355926.5115682823
 31
0.0
  0
LINE
  5
1F74
330
1F
100
AcDbEntity
  8
S-S-BEARING WALL
100
AcDbLine
 10
353766.5503205813
 20
355926.5115682823
 30
0.0
 11
353764.1667580872
 21
355926.7936495746
 31
0.0
  0
LINE
  5
1F75
330
1F
100
AcDbEntity
  8
S-S-BEARING WALL
100
AcDbLine
 10
353763.7305867509
 20
355928.2119162889
 30
0.0
 11
353764.346752251
 21
355933.4184614074
 31
0.0
  0
LINE
  5
1F76
330
1F
100
AcDbEntity
  8
S-S-BEARING WALL
100
AcDbLine
 10
353767.3653552965
 20
355930.8458555769
 30
0.0
 11
353766.8129865127
 21
355926.1783871872
 31
0.0
  0
LINE
  5
1F77
330
1F
100
AcDbEntity
  8
S-S-BEARING WALL
100
AcDbLine
 10
353766.8129865127
 20
355926.1783871872
 30
0.0
 11
353763.9374492485
 21
355926.5186909426
 31
0.0
  0
LINE
  5
1F78
330
1F
100
AcDbEntity
  8
S-S-BEARING WALL
100
AcDbLine
 10
353763.4252191881
 20
355928.1842722964
 30
0.0
 11
353764.0488287378
 21
355933.4537189892
 31
0.0
  0
LINE
  5
1F79
330
1F
100
AcDbEntity
  8
S-S-BEARING WALL
100
AcDbLine
 10
353769.2956824562
 20
355925.8845740053
 30
0.0
 11
353769.84805124
 21
355930.5520423952
 31
0.0
  0
LINE
  5
1F7A
330
1F
100
AcDbEntity
  8
S-S-BEARING WALL
100
AcDbLine
 10
353769.3503347612
 20
355928.8990667194
 30
0.0
 11
353768.8041416537
 21
355928.9637056194
 31
0.0
  0
LINE
  5
1F7B
330
1F
100
AcDbEntity
  8
S-S-BEARING WALL
100
AcDbLine
 10
353768.8041416537
 20
355928.9637056194
 30
0.0
 11
353768.7688840719
 21
355928.6657821061
 31
0.0
  0
LINE
  5
1F7C
330
1F
100
AcDbEntity
  8
S-S-BEARING WALL
100
AcDbLine
 10
353768.7688840719
 20
355928.6657821061
 30
0.0
 11
353769.3150771794
 21
355928.6011432062
 31
0.0
  0
LINE
  5
1F7D
330
1F
100
AcDbEntity
  8
S-S-BEARING WALL
100
AcDbLine
 10
353769.5501277268
 20
355930.587299977
 30
0.0
 11
353769.3503347612
 21
355928.8990667194
 31
0.0
  0
LINE
  5
1F7E
330
1F
100
AcDbEntity
  8
S-S-BEARING WALL
100
AcDbLine
 10
353769.3150771794
 20
355928.6011432062
 30
0.0
 11
353769.0330165248
 21
355926.2177551004
 31
0.0
  0
LINE
  5
1F7F
330
1F
100
AcDbEntity
  8
S-S-BEARING WALL
100
AcDbLine
 10
353769.0330165248
 20
355926.2177551004
 30
0.0
 11
353766.8482440945
 21
355926.4763107003
 31
0.0
  0
LINE
  5
1F80
330
1F
100
AcDbEntity
  8
S-S-BEARING WALL
100
AcDbLine
 10
353767.1303047492
 20
355928.8596988061
 30
0.0
 11
353767.6764978567
 21
355928.7950599062
 31
0.0
  0
LINE
  5
1F81
330
1F
100
AcDbEntity
  8
S-S-BEARING WALL
100
AcDbLine
 10
353767.6764978567
 20
355928.7950599062
 30
0.0
 11
353767.7117554385
 21
355929.0929834194
 31
0.0
  0
LINE
  5
1F82
330
1F
100
AcDbEntity
  8
S-S-BEARING WALL
100
AcDbLine
 10
353767.7117554385
 20
355929.0929834194
 30
0.0
 11
353767.1655623309
 21
355929.1576223194
 31
0.0
  0
LINE
  5
1F83
330
1F
100
AcDbEntity
  8
S-S-BEARING WALL
100
AcDbLine
 10
353766.8129865127
 20
355926.1783871872
 30
0.0
 11
353769.2956824562
 21
355925.8845740053
 31
0.0
  0
LINE
  5
1F84
330
1F
100
AcDbEntity
  8
S-S-BEARING WALL
100
AcDbLine
 10
353767.0674317832
 20
355930.8811131589
 30
0.0
 11
353767.3653552965
 21
355930.8458555769
 31
0.0
  0
LINE
  5
1F85
330
1F
100
AcDbEntity
  8
S-S-BEARING WALL
100
AcDbLine
 10
353764.0488287378
 20
355933.4537189892
 30
0.0
 11
353764.346752251
 21
355933.4184614074
 31
0.0
  0
HATCH
  5
1F86
330
1F
100
AcDbEntity
  8
S-S-COLUMN HATCH
100
AcDbHatch
 10
0.0
 20
0.0
 30
0.0
210
0.0
220
0.0
230
1.0
  2
SOLID
 70
     1
 71
     0
 91
        1
 92
        1
 93
        4
 72
     1
 10
353779.3960000001
 20
355929.12
 11
353778.6015372982
 21
355929.2140202182
 72
     1
 10
353778.6015372982
 20
355929.2140202182
 11
353778.5545271891
 21
355928.8167888673
 72
     1
 10
353778.5545271892
 20
355928.8167888672
 11
353779.348989891
 21
355928.722768649
 72
     1
 10
353779.348989891
 20
355928.7227686489
 11
353779.3960000001
 21
355929.1199999999
 97
        0
 75
     1
 76
     1
 98
        1
 10
353779.0768347413
 20
355928.9159924984
450
        0
451
        0
460
0.0
461
0.0
452
        0
462
1.0
453
        2
463
0.0
 63
     5
421
      255
463
1.0
 63
     2
421
 16776960
470
LINEAR
1001
GradientColor1ACI
1070
     5
1001
GradientColor2ACI
1070
     2
1001
ACAD
1010
0.0
1020
0.0
1030
0.0
  0
LWPOLYLINE
  5
1F87
330
1F
100
AcDbEntity
  8
S-S-COLUMN
100
AcDbPolyline
 90
        4
 70
     1
 43
0.0
 10
353779.3960000001
 20
355929.12
 10
353778.6015372982
 20
355929.2140202182
 10
353778.5545271892
 20
355928.8167888672
 10
353779.348989891
 20
355928.7227686489
  0
HATCH
  5
1F88
330
1F
100
AcDbEntity
  8
S-S-COLUMN HATCH
100
AcDbHatch
 10
0.0
 20
0.0
 30
0.0
210
0.0
220
0.0
230
1.0
  2
SOLID
 70
     1
 71
     0
 91
        1
 92
        1
 93
        1
 72
     2
 10
353767.1126963144
 20
355945.7288121893
 40
0.4000033706691012
 50
-6.749243318334468
 51
353.2507566816655
 73
     1
 97
        0
 75
     1
 76
     1
 98
        1
 10
141590.0181039229
 20
142676.3090506711
450
        0
451
        0
460
0.0
461
0.0
452
        0
462
0.0
453
        0
470

1001
GradientColor1ACI
1070
     5
1001
GradientColor2ACI
1070
     2
1001
ACAD
1010
0.0
1020
0.0
1030
0.0
  0
CIRCLE
  5
1F89
330
1F
100
AcDbEntity
  8
S-S-COLUMN
100
AcDbCircle
 10
353767.1126963144
 20
355945.7288121893
 30
0.0
 40
0.4000033706691008
  0
HATCH
  5
1F8A
330
1F
100
AcDbEntity
  8
S-S-COLUMN HATCH
100
AcDbHatch
 10
0.0
 20
0.0
 30
0.0
210
0.0
220
0.0
230
1.0
  2
SOLID
 70
     1
 71
     0
 91
        1
 92
        1
 93
        1
 72
     2
 10
353769.2281512239
 20
355963.6042229828
 40
0.4000033706691012
 50
-6.749243318334468
 51
353.2507566816655
 73
     1
 97
        0
 75
     1
 76
     1
 98
        1
 10
141592.1335588322
 20
142694.1844614646
450
        0
451
        0
460
0.0
461
0.0
452
        0
462
0.0
453
        0
470

1001
GradientColor1ACI
1070
     5
1001
GradientColor2ACI
1070
     2
1001
ACAD
1010
0.0
1020
0.0
1030
0.0
  0
CIRCLE
  5
1F8B
330
1F
100
AcDbEntity
  8
S-S-COLUMN
100
AcDbCircle
 10
353769.2281512239
 20
355963.6042229828
 30
0.0
 40
0.4000033706691008
  0
HATCH
  5
1F8C
330
1F
100
AcDbEntity
  8
S-S-COLUMN HATCH
100
AcDbHatch
 10
0.0
 20
0.0
 30
0.0
210
0.0
220
0.0
230
1.0
  2
SOLID
 70
     1
 71
     0
 91
        1
 92
        1
 93
        1
 72
     2
 10
353768.1704237691
 20
355954.666517586
 40
0.4000033706691012
 50
-6.749243318334468
 51
353.2507566816655
 73
     1
 97
        0
 75
     1
 76
     1
 98
        1
 10
141591.0758313776
 20
142685.2467560679
450
        0
451
        0
460
0.0
461
0.0
452
        0
462
0.0
453
        0
470

1001
GradientColor1ACI
1070
     5
1001
GradientColor2ACI
1070
     2
1001
ACAD
1010
0.0
1020
0.0
1030
0.0
  0
CIRCLE
  5
1F8D
330
1F
100
AcDbEntity
  8
S-S-COLUMN
100
AcDbCircle
 10
353768.1704237691
 20
355954.666517586
 30
0.0
 40
0.4000033706691008
  0
HATCH
  5
1F8E
330
1F
100
AcDbEntity
  8
S-S-COLUMN HATCH
100
AcDbHatch
 10
0.0
 20
0.0
 30
0.0
210
0.0
220
0.0
230
1.0
  2
SOLID
 70
     1
 71
     0
 91
        1
 92
        1
 93
        1
 72
     2
 10
353769.7511386876
 20
355968.0234217621
 40
0.4000033706691012
 50
-6.749243318334468
 51
353.2507566816655
 73
     1
 97
        0
 75
     1
 76
     1
 98
        1
 10
141592.6565462959
 20
142698.603660244
450
        0
451
        0
460
0.0
461
0.0
452
        0
462
0.0
453
        0
470

1001
GradientColor1ACI
1070
     5
1001
GradientColor2ACI
1070
     2
1001
ACAD
1010
0.0
1020
0.0
1030
0.0
  0
CIRCLE
  5
1F8F
330
1F
100
AcDbEntity
  8
S-S-COLUMN
100
AcDbCircle
 10
353769.7511386876
 20
355968.0234217621
 30
0.0
 40
0.4000033706691008
  0
HATCH
  5
1F90
330
1F
100
AcDbEntity
  8
S-S-COLUMN HATCH
100
AcDbHatch
 10
0.0
 20
0.0
 30
0.0
210
0.0
220
0.0
230
1.0
  2
SOLID
 70
     1
 71
     0
 91
        1
 92
        1
 93
        1
 72
     2
 10
353771.1555656968
 20
355979.8907083722
 40
0.4000033706691012
 50
-6.749243318334468
 51
353.2507566816655
 73
     1
 97
        0
 75
     1
 76
     1
 98
        1
 10
141594.0609733052
 20
142710.4709468541
450
        0
451
        0
460
0.0
461
0.0
452
        0
462
0.0
453
        0
470

1001
GradientColor1ACI
1070
     5
1001
GradientColor2ACI
1070
     2
1001
ACAD
1010
0.0
1020
0.0
1030
0.0
  0
CIRCLE
  5
1F91
330
1F
100
AcDbEntity
  8
S-S-COLUMN
100
AcDbCircle
 10
353771.1555656968
 20
355979.8907083722
 30
0.0
 40
0.4000033706691008
  0
HATCH
  5
1F92
330
1F
100
AcDbEntity
  8
S-S-BEARING WALL HATCH UNDER THE GROUND
100
AcDbHatch
 10
0.0
 20
0.0
 30
0.0
210
0.0
220
0.0
230
1.0
  2
SOLID
 70
     1
 71
     0
 91
        1
 92
        1
 93
        8
 72
     1
 10
353800.9949271124
 20
355976.7621815428
 11
353796.2281509168
 21
355977.3263028501
 72
     1
 10
353796.2281509167
 20
355977.3263028502
 11
353795.7933074075
 21
355973.6519128537
 72
     1
 10
353795.7933074075
 20
355973.6519128537
 11
353800.6593914409
 21
355973.0760390191
 72
     1
 10
353800.659391441
 20
355973.0760390191
 11
353800.6946490227
 21
355973.3739625323
 72
     1
 10
353800.6946490228
 20
355973.3739625323
 11
353796.1264885026
 21
355973.9145787851
 72
     1
 10
353796.1264885026
 20
355973.914578785
 11
353796.4908168481
 21
355976.993121755
 72
     1
 10
353796.4908168481
 20
355976.9931217551
 11
353800.9596695305
 21
355976.4642580296
 72
     1
 10
353800.9596695306
 20
355976.4642580296
 11
353800.9949271124
 21
355976.7621815428
 97
        0
 75
     1
 76
     1
 98
        1
 10
353800.0588629827
 20
355976.7013633829
450
        0
451
        0
460
0.0
461
0.0
452
        0
462
1.0
453
        2
463
0.0
 63
     5
421
      255
463
1.0
 63
     2
421
 16776960
470
LINEAR
1001
GradientColor1ACI
1070
     5
1001
GradientColor2ACI
1070
     2
1001
ACAD
1010
0.0
1020
0.0
1030
0.0
  0
LINE
  5
1F93
330
1F
100
AcDbEntity
  8
S-S-BEARING WALL
100
AcDbLine
 10
353800.9596695306
 20
355976.4642580296
 30
0.0
 11
353796.4908168481
 21
355976.9931217551
 31
0.0
  0
LINE
  5
1F94
330
1F
100
AcDbEntity
  8
S-S-BEARING WALL
100
AcDbLine
 10
353796.4908168481
 20
355976.9931217551
 30
0.0
 11
353796.1264885026
 21
355973.914578785
 31
0.0
  0
LINE
  5
1F95
330
1F
100
AcDbEntity
  8
S-S-BEARING WALL
100
AcDbLine
 10
353796.1264885026
 20
355973.914578785
 30
0.0
 11
353800.6946490228
 21
355973.3739625323
 31
0.0
  0
LINE
  5
1F96
330
1F
100
AcDbEntity
  8
S-S-BEARING WALL
100
AcDbLine
 10
353796.2281509167
 20
355977.3263028502
 30
0.0
 11
353795.7933074075
 21
355973.6519128537
 31
0.0
  0
LINE
  5
1F97
330
1F
100
AcDbEntity
  8
S-S-BEARING WALL
100
AcDbLine
 10
353795.7933074075
 20
355973.6519128537
 30
0.0
 11
353800.659391441
 21
355973.0760390191
 31
0.0
  0
LINE
  5
1F98
330
1F
100
AcDbEntity
  8
S-S-BEARING WALL
100
AcDbLine
 10
353800.6946490228
 20
355973.3739625323
 30
0.0
 11
353800.659391441
 21
355973.0760390191
 31
0.0
  0
HATCH
  5
1F99
330
1F
100
AcDbEntity
  8
S-S-BEARING WALL HATCH UNDER THE GROUND
100
AcDbHatch
 10
0.0
 20
0.0
 30
0.0
210
0.0
220
0.0
230
1.0
  2
SOLID
 70
     1
 71
     0
 91
        1
 92
        1
 93
        4
 72
     1
 10
353764.0958388468
 20
355933.8509503402
 11
353764.0488287377
 21
355933.4537189892
 72
     1
 10
353764.0488287377
 20
355933.4537189892
 11
353764.8432914397
 21
355933.359698771
 72
     1
 10
353764.8432914397
 20
355933.359698771
 11
353764.8903015489
 21
355933.7569301219
 72
     1
 10
353764.8903015488
 20
355933.756930122
 11
353764.0958388468
 21
355933.8509503402
 97
        0
 75
     1
 76
     1
 98
        2
 10
353764.4869014047
 20
355935.8336838527
 10
353762.8928612159
 20
355936.179017794
450
        0
451
        0
460
0.0
461
0.0
452
        0
462
1.0
453
        2
463
0.0
 63
     5
421
      255
463
1.0
 63
     2
421
 16776960
470
LINEAR
1001
GradientColor1ACI
1070
     5
1001
GradientColor2ACI
1070
     2
1001
ACAD
1010
0.0
1020
0.0
1030
0.0
  0
LWPOLYLINE
  5
1F9A
330
1F
100
AcDbEntity
  8
S-S-BEARING WALL
100
AcDbPolyline
 90
        5
 70
     0
 43
0.0
 10
353764.0958388468
 20
355933.8509503402
 10
353764.8903015488
 20
355933.756930122
 10
353764.8432914397
 20
355933.359698771
 10
353764.0488287377
 20
355933.4537189892
 10
353764.0958388468
 20
355933.8509503402
  0
HATCH
  5
1F9B
330
1F
100
AcDbEntity
  8
S-S-COLUMN HATCH
100
AcDbHatch
 10
0.0
 20
0.0
 30
0.0
210
0.0
220
0.0
230
1.0
  2
SOLID
 70
     1
 71
     0
 91
        1
 92
        1
 93
        1
 72
     2
 10
353803.6579806031
 20
355941.4038821524
 40
0.4000033706691012
 50
-6.749243318334468
 51
353.2507566816655
 73
     1
 97
        0
 75
     1
 76
     1
 98
        1
 10
141626.5633882117
 20
142671.9841206342
450
        0
451
        0
460
0.0
461
0.0
452
        0
462
0.0
453
        0
470

1001
GradientColor1ACI
1070
     5
1001
GradientColor2ACI
1070
     2
1001
ACAD
1010
0.0
1020
0.0
1030
0.0
  0
CIRCLE
  5
1F9C
330
1F
100
AcDbEntity
  8
S-S-COLUMN
100
AcDbCircle
 10
353803.6579806031
 20
355941.4038821524
 30
0.0
 40
0.4000033706691008
  0
HATCH
  5
1F9D
330
1F
100
AcDbEntity
  8
S-S-COLUMN HATCH
100
AcDbHatch
 10
0.0
 20
0.0
 30
0.0
210
0.0
220
0.0
230
1.0
  2
SOLID
 70
     1
 71
     0
 91
        1
 92
        1
 93
        1
 72
     2
 10
353805.7734355125
 20
355959.2792929458
 40
0.4000033706691012
 50
-6.749243318334468
 51
353.2507566816655
 73
     1
 97
        0
 75
     1
 76
     1
 98
        1
 10
141628.678843121
 20
142689.8595314277
450
        0
451
        0
460
0.0
461
0.0
452
        0
462
0.0
453
        0
470

1001
GradientColor1ACI
1070
     5
1001
GradientColor2ACI
1070
     2
1001
ACAD
1010
0.0
1020
0.0
1030
0.0
  0
CIRCLE
  5
1F9E
330
1F
100
AcDbEntity
  8
S-S-COLUMN
100
AcDbCircle
 10
353805.7734355125
 20
355959.2792929458
 30
0.0
 40
0.4000033706691008
  0
HATCH
  5
1F9F
330
1F
100
AcDbEntity
  8
S-S-COLUMN HATCH
100
AcDbHatch
 10
0.0
 20
0.0
 30
0.0
210
0.0
220
0.0
230
1.0
  2
SOLID
 70
     1
 71
     0
 91
        1
 92
        1
 93
        4
 72
     1
 10
353801.1497040849
 20
355925.7399812979
 11
353801.2437243031
 21
355926.5344439997
 72
     1
 10
353801.2437243031
 20
355926.5344439997
 11
353800.8464929522
 21
355926.5814541089
 72
     1
 10
353800.8464929522
 20
355926.5814541089
 11
353800.752472734
 21
355925.786991407
 72
     1
 10
353800.752472734
 20
355925.786991407
 11
353801.1497040849
 21
355925.7399812978
 97
        0
 75
     1
 76
     1
 98
        1
 10
353800.9456965834
 20
355926.0591465566
450
        0
451
        0
460
0.0
461
0.0
452
        0
462
1.0
453
        2
463
0.0
 63
     5
421
      255
463
1.0
 63
     2
421
 16776960
470
LINEAR
1001
GradientColor1ACI
1070
     5
1001
GradientColor2ACI
1070
     2
1001
ACAD
1010
0.0
1020
0.0
1030
0.0
  0
HATCH
  5
1FA0
330
1F
100
AcDbEntity
  8
S-S-COLUMN HATCH
100
AcDbHatch
 10
0.0
 20
0.0
 30
0.0
210
0.0
220
0.0
230
1.0
  2
SOLID
 70
     1
 71
     0
 91
        1
 92
        1
 93
        4
 72
     1
 10
353792.7581917958
 20
355926.7330698526
 11
353792.8522120139
 21
355927.5275325544
 72
     1
 10
353792.8522120139
 20
355927.5275325544
 11
353792.454980663
 21
355927.5745426635
 72
     1
 10
353792.4549806631
 20
355927.5745426635
 11
353792.3609604449
 21
355926.7800799617
 72
     1
 10
353792.3609604448
 20
355926.7800799617
 11
353792.7581917958
 21
355926.7330698525
 97
        0
 75
     1
 76
     1
 98
        1
 10
353792.4548764565
 20
355927.0639876387
450
        0
451
        0
460
0.0
461
0.0
452
        0
462
1.0
453
        2
463
0.0
 63
     5
421
      255
463
1.0
 63
     2
421
 16776960
470
LINEAR
1001
GradientColor1ACI
1070
     5
1001
GradientColor2ACI
1070
     2
1001
ACAD
1010
0.0
1020
0.0
1030
0.0
  0
LWPOLYLINE
  5
1FA1
330
1F
100
AcDbEntity
  8
S-S-COLUMN
100
AcDbPolyline
 90
        4
 70
     1
 43
0.0
 10
353792.7581917958
 20
355926.7330698526
 10
353792.8522120139
 20
355927.5275325544
 10
353792.4549806631
 20
355927.5745426635
 10
353792.3609604448
 20
355926.7800799617
  0
HATCH
  5
1FA2
330
1F
100
AcDbEntity
  8
S-S-COLUMN HATCH
100
AcDbHatch
 10
0.0
 20
0.0
 30
0.0
210
0.0
220
0.0
230
1.0
  2
SOLID
 70
     1
 71
     0
 91
        1
 92
        1
 93
        4
 72
     1
 10
353796.8298131432
 20
355926.2512162343
 11
353796.9238333614
 21
355927.0456789361
 72
     1
 10
353796.9238333614
 20
355927.0456789361
 11
353796.5266020105
 21
355927.0926890452
 72
     1
 10
353796.5266020104
 20
355927.0926890452
 11
353796.4325817922
 21
355926.2982263433
 72
     1
 10
353796.4325817922
 20
355926.2982263434
 11
353796.8298131431
 21
355926.2512162343
 97
        0
 75
     1
 76
     1
 98
        1
 10
353796.6258056416
 20
355926.5703814932
450
        0
451
        0
460
0.0
461
0.0
452
        0
462
1.0
453
        2
463
0.0
 63
     5
421
      255
463
1.0
 63
     2
421
 16776960
470
LINEAR
1001
GradientColor1ACI
1070
     5
1001
GradientColor2ACI
1070
     2
1001
ACAD
1010
0.0
1020
0.0
1030
0.0
  0
LWPOLYLINE
  5
1FA3
330
1F
100
AcDbEntity
  8
S-S-COLUMN
100
AcDbPolyline
 90
        4
 70
     1
 43
0.0
 10
353796.8298131432
 20
355926.2512162343
 10
353796.9238333614
 20
355927.0456789361
 10
353796.5266020104
 20
355927.0926890452
 10
353796.4325817922
 20
355926.2982263434
  0
LWPOLYLINE
  5
1FA4
330
1F
100
AcDbEntity
  8
S-S-COLUMN
100
AcDbPolyline
 90
        4
 70
     1
 43
0.0
 10
353801.1497040849
 20
355925.7399812979
 10
353801.2437243031
 20
355926.5344439997
 10
353800.8464929522
 20
355926.5814541089
 10
353800.752472734
 20
355925.786991407
  0
HATCH
  5
1FA5
330
1F
100
AcDbEntity
  8
S-S-COLUMN HATCH
100
AcDbHatch
 10
0.0
 20
0.0
 30
0.0
210
0.0
220
0.0
230
1.0
  2
SOLID
 70
     1
 71
     0
 91
        1
 92
        1
 93
        4
 72
     1
 10
353796.3873273998
 20
355919.9595645509
 11
353795.592864698
 21
355920.053584769
 72
     1
 10
353795.5928646979
 20
355920.053584769
 11
353795.5458545888
 21
355919.6563534181
 72
     1
 10
353795.5458545888
 20
355919.6563534181
 11
353796.3403172907
 21
355919.5623331999
 72
     1
 10
353796.3403172908
 20
355919.5623331999
 11
353796.3873273999
 21
355919.9595645509
 97
        0
 75
     1
 76
     1
 98
        1
 10
353796.068162141
 20
355919.7555570494
450
        0
451
        0
460
0.0
461
0.0
452
        0
462
1.0
453
        2
463
0.0
 63
     5
421
      255
463
1.0
 63
     2
421
 16776960
470
LINEAR
1001
GradientColor1ACI
1070
     5
1001
GradientColor2ACI
1070
     2
1001
ACAD
1010
0.0
1020
0.0
1030
0.0
  0
LWPOLYLINE
  5
1FA6
330
1F
100
AcDbEntity
  8
S-S-COLUMN
100
AcDbPolyline
 90
        4
 70
     1
 43
0.0
 10
353796.3873273998
 20
355919.9595645509
 10
353795.5928646979
 20
355920.053584769
 10
353795.5458545888
 20
355919.6563534181
 10
353796.3403172908
 20
355919.5623331999
  0
HATCH
  5
1FA7
330
1F
100
AcDbEntity
  8
S-S-COLUMN HATCH
100
AcDbHatch
 10
0.0
 20
0.0
 30
0.0
210
0.0
220
0.0
230
1.0
  2
SOLID
 70
     1
 71
     0
 91
        1
 92
        1
 93
        4
 72
     1
 10
353792.4150138908
 20
355920.4296656418
 11
353791.620551189
 21
355920.52368586
 72
     1
 10
353791.6205511889
 20
355920.52368586
 11
353791.5852936071
 21
355920.2257623467
 72
     1
 10
353791.585293607
 20
355920.2257623468
 11
353792.3797563089
 21
355920.1317421286
 72
     1
 10
353792.3797563089
 20
355920.1317421285
 11
353792.4150138907
 21
355920.4296656418
 97
        0
 75
     1
 76
     1
 98
        1
 10
353792.095848632
 20
355920.2256581404
450
        0
451
        0
460
0.0
461
0.0
452
        0
462
1.0
453
        2
463
0.0
 63
     5
421
      255
463
1.0
 63
     2
421
 16776960
470
LINEAR
1001
GradientColor1ACI
1070
     5
1001
GradientColor2ACI
1070
     2
1001
ACAD
1010
0.0
1020
0.0
1030
0.0
  0
LWPOLYLINE
  5
1FA8
330
1F
100
AcDbEntity
  8
S-S-COLUMN
100
AcDbPolyline
 90
        4
 70
     1
 43
0.0
 10
353792.4150138908
 20
355920.4296656418
 10
353791.6205511889
 20
355920.52368586
 10
353791.5735410798
 20
355920.126454509
 10
353792.3680037817
 20
355920.0324342909
  0
LWPOLYLINE
  5
1FA9
330
1F
100
AcDbEntity
  8
S-S-COLUMN
100
AcDbPolyline
 90
        4
 70
     1
 43
0.0
 10
353787.7005354079
 20
355920.5848030727
 10
353787.7945556261
 20
355921.3792657746
 10
353787.3973242744
 20
355921.4262758838
 10
353787.3033040563
 20
355920.6318131819
  0
HATCH
  5
1FAA
330
1F
100
AcDbEntity
  8
S-S-COLUMN HATCH
100
AcDbHatch
 10
0.0
 20
0.0
 30
0.0
210
0.0
220
0.0
230
1.0
  2
SOLID
 70
     1
 71
     0
 91
        1
 92
        1
 93
        4
 72
     1
 10
353778.1173290659
 20
355921.7189219547
 11
353778.211349284
 21
355922.5133846565
 72
     1
 10
353778.211349284
 20
355922.5133846565
 11
353777.8141179325
 21
355922.5603947658
 72
     1
 10
353777.8141179325
 20
355922.5603947657
 11
353777.7200977143
 21
355921.7659320638
 72
     1
 10
353777.7200977143
 20
355921.7659320639
 11
353778.1173290659
 21
355921.7189219547
 97
        0
 75
     1
 76
     1
 98
        1
 10
353777.9133215643
 20
355922.0380872134
450
        0
451
        0
460
0.0
461
0.0
452
        0
462
1.0
453
        2
463
0.0
 63
     5
421
      255
463
1.0
 63
     2
421
 16776960
470
LINEAR
1001
GradientColor1ACI
1070
     5
1001
GradientColor2ACI
1070
     2
1001
ACAD
1010
0.0
1020
0.0
1030
0.0
  0
LWPOLYLINE
  5
1FAB
330
1F
100
AcDbEntity
  8
S-S-COLUMN
100
AcDbPolyline
 90
        4
 70
     1
 43
0.0
 10
353778.1173290659
 20
355921.7189219547
 10
353778.211349284
 20
355922.5133846565
 10
353777.8141179325
 20
355922.5603947657
 10
353777.7200977143
 20
355921.7659320639
  0
LINE
  5
1FAC
330
1F
100
AcDbEntity
  8
S-S-BEARING WALL
100
AcDbLine
 10
353804.6499223855
 20
355973.6107688329
 30
0.0
 11
353804.9319830401
 21
355975.9941569387
 31
0.0
  0
HATCH
  5
1FAD
330
1F
100
AcDbEntity
  8
S-S-BEARING WALL HATCH UNDER THE GROUND
100
AcDbHatch
 10
0.0
 20
0.0
 30
0.0
210
0.0
220
0.0
230
1.0
  2
SOLID
 70
     1
 71
     0
 91
        2
 92
        1
 93
       10
 72
     1
 10
353802.0849587511
 20
355973.2094271505
 11
353801.7870352379
 21
355973.2446847323
 72
     1
 10
353801.7870352379
 20
355973.2446847323
 11
353801.7517776561
 21
355972.9467612191
 72
     1
 10
353801.751777656
 20
355972.9467612191
 11
353802.3476246824
 21
355972.8762460554
 72
     1
 10
353802.3476246826
 20
355972.8762460554
 11
353802.4298923735
 21
355973.5714009196
 72
     1
 10
353802.4298923736
 20
355973.5714009197
 11
353802.9760854811
 21
355973.5067620197
 72
     1
 10
353802.9760854811
 20
355973.5067620197
 11
353803.0113430628
 21
355973.8046855329
 72
     1
 10
353803.0113430628
 20
355973.8046855329
 11
353802.4651499553
 21
355973.8693244329
 72
     1
 10
353802.4651499553
 20
355973.8693244329
 11
353802.74721061
 21
355976.2527125386
 72
     1
 10
353802.7472106099
 20
355976.2527125387
 11
353802.4492870967
 21
355976.2879701204
 72
     1
 10
353802.4492870966
 20
355976.2879701205
 11
353802.0849587511
 21
355973.2094271505
 97
        0
 92
        1
 93
        8
 72
     1
 10
353804.0684716961
 20
355973.3774842197
 11
353804.9125883169
 21
355973.2775877378
 72
     1
 10
353804.9125883169
 20
355973.2775877379
 11
353805.2651641352
 21
355976.2568228701
 72
     1
 10
353805.2651641352
 20
355976.2568228701
 11
353802.7824681917
 21
355976.550636052
 72
     1
 10
353802.7824681917
 20
355976.550636052
 11
353802.74721061
 21
355976.2527125387
 72
     1
 10
353802.74721061
 20
355976.2527125387
 11
353804.9319830402
 21
355975.9941569387
 72
     1
 10
353804.9319830401
 20
355975.9941569387
 11
353804.6499223855
 21
355973.610768833
 72
     1
 10
353804.6499223855
 20
355973.6107688329
 11
353804.103729278
 21
355973.6754077329
 72
     1
 10
353804.103729278
 20
355973.6754077328
 11
353804.0684716962
 21
355973.3774842196
 97
        0
 75
     1
 76
     1
 98
        2
 10
353802.8056771317
 20
355973.8139850388
 10
353804.3997173204
 20
355973.4686510976
450
        0
451
        0
460
0.0
461
0.0
452
        0
462
1.0
453
        2
463
0.0
 63
     5
421
      255
463
1.0
 63
     2
421
 16776960
470
LINEAR
1001
GradientColor1ACI
1070
     5
1001
GradientColor2ACI
1070
     2
1001
ACAD
1010
0.0
1020
0.0
1030
0.0
  0
LINE
  5
1FAE
330
1F
100
AcDbEntity
  8
S-S-BEARING WALL
100
AcDbLine
 10
353805.2651641352
 20
355976.2568228701
 30
0.0
 11
353804.9125883169
 21
355973.2775877379
 31
0.0
  0
LINE
  5
1FAF
330
1F
100
AcDbEntity
  8
S-S-BEARING WALL
100
AcDbLine
 10
353804.9125883169
 20
355973.2775877379
 30
0.0
 11
353804.0684716961
 21
355973.3774842197
 31
0.0
  0
LINE
  5
1FB0
330
1F
100
AcDbEntity
  8
S-S-BEARING WALL
100
AcDbLine
 10
353800.9949271124
 20
355976.7621815428
 30
0.0
 11
353796.2281509167
 21
355977.3263028502
 31
0.0
  0
LINE
  5
1FB1
330
1F
100
AcDbEntity
  8
S-S-BEARING WALL
100
AcDbLine
 10
353804.0684716961
 20
355973.3774842197
 30
0.0
 11
353804.103729278
 21
355973.6754077328
 31
0.0
  0
LINE
  5
1FB2
330
1F
100
AcDbEntity
  8
S-S-BEARING WALL
100
AcDbLine
 10
353804.103729278
 20
355973.6754077328
 30
0.0
 11
353804.6499223855
 21
355973.6107688329
 31
0.0
  0
LINE
  5
1FB3
330
1F
100
AcDbEntity
  8
S-S-BEARING WALL
100
AcDbLine
 10
353804.9319830401
 20
355975.9941569387
 30
0.0
 11
353802.74721061
 21
355976.2527125387
 31
0.0
  0
LINE
  5
1FB4
330
1F
100
AcDbEntity
  8
S-S-BEARING WALL
100
AcDbLine
 10
353802.4651499553
 20
355973.8693244329
 30
0.0
 11
353803.0113430628
 21
355973.8046855329
 31
0.0
  0
LINE
  5
1FB5
330
1F
100
AcDbEntity
  8
S-S-BEARING WALL
100
AcDbLine
 10
353803.0113430628
 20
355973.8046855329
 30
0.0
 11
353802.9760854811
 21
355973.5067620197
 31
0.0
  0
LINE
  5
1FB6
330
1F
100
AcDbEntity
  8
S-S-BEARING WALL
100
AcDbLine
 10
353802.9760854811
 20
355973.5067620197
 30
0.0
 11
353802.4298923736
 21
355973.5714009197
 31
0.0
  0
LINE
  5
1FB7
330
1F
100
AcDbEntity
  8
S-S-BEARING WALL
100
AcDbLine
 10
353802.7824681917
 20
355976.550636052
 30
0.0
 11
353805.2651641352
 21
355976.2568228701
 31
0.0
  0
LINE
  5
1FB8
330
1F
100
AcDbEntity
  8
S-S-BEARING WALL
100
AcDbLine
 10
353802.3476246826
 20
355972.8762460554
 30
0.0
 11
353802.74721061
 21
355976.2527125387
 31
0.0
  0
LINE
  5
1FB9
330
1F
100
AcDbEntity
  8
S-S-BEARING WALL
100
AcDbLine
 10
353802.0849587511
 20
355973.2094271505
 30
0.0
 11
353802.4845446785
 21
355976.5858936338
 31
0.0
  0
LINE
  5
1FBA
330
1F
100
AcDbEntity
  8
S-S-BEARING WALL
100
AcDbLine
 10
353801.751777656
 20
355972.9467612191
 30
0.0
 11
353802.3476246826
 21
355972.8762460554
 31
0.0
  0
LINE
  5
1FBB
330
1F
100
AcDbEntity
  8
S-S-BEARING WALL
100
AcDbLine
 10
353801.7870352379
 20
355973.2446847323
 30
0.0
 11
353802.0849587511
 21
355973.2094271505
 31
0.0
  0
LINE
  5
1FBC
330
1F
100
AcDbEntity
  8
S-S-BEARING WALL
100
AcDbLine
 10
353801.7870352379
 20
355973.2446847323
 30
0.0
 11
353801.751777656
 21
355972.9467612191
 31
0.0
  0
HATCH
  5
1FBD
330
1F
100
AcDbEntity
  8
S-S-COLUMN HATCH
100
AcDbHatch
 10
0.0
 20
0.0
 30
0.0
210
0.0
220
0.0
230
1.0
  2
SOLID
 70
     1
 71
     0
 91
        1
 92
        1
 93
        4
 72
     1
 10
353800.4092948283
 20
355919.4835871962
 11
353799.6148321264
 21
355919.5776074144
 72
     1
 10
353799.6148321264
 20
355919.5776074144
 11
353799.5678220172
 21
355919.1803760636
 72
     1
 10
353799.5678220174
 20
355919.1803760636
 11
353800.3622847192
 21
355919.0863558454
 72
     1
 10
353800.3622847192
 20
355919.0863558454
 11
353800.4092948283
 21
355919.4835871963
 97
        0
 75
     1
 76
     1
 98
        1
 10
353800.0783770421
 20
355919.1802718571
450
        0
451
        0
460
0.0
461
0.0
452
        0
462
1.0
453
        2
463
0.0
 63
     5
421
      255
463
1.0
 63
     2
421
 16776960
470
LINEAR
1001
GradientColor1ACI
1070
     5
1001
GradientColor2ACI
1070
     2
1001
ACAD
1010
0.0
1020
0.0
1030
0.0
  0
LWPOLYLINE
  5
1FBE
330
1F
100
AcDbEntity
  8
S-S-COLUMN
100
AcDbPolyline
 90
        4
 70
     1
 43
0.0
 10
353800.4092948283
 20
355919.4835871962
 10
353799.6148321264
 20
355919.5776074144
 10
353799.5678220174
 20
355919.1803760636
 10
353800.3622847192
 20
355919.0863558454
  0
LINE
  5
1FBF
330
1F
100
AcDbEntity
  8
S-S-BEARING WALL
100
AcDbLine
 10
353769.5501277268
 20
355930.587299977
 30
0.0
 11
353769.84805124
 21
355930.5520423952
 31
0.0
  0
ARC
  5
1FC0
330
1F
100
AcDbEntity
  8
S-S-BEARING WALL UNDER THE GROUND
100
AcDbCircle
 10
353800.9008456402
 20
355925.970829342
 30
0.0
 40
6.500054773372887
100
AcDbArc
 50
263.2507566816763
 51
0.0121203233512713
  0
ARC
  5
1FC1
330
1F
100
AcDbEntity
  8
S-S-BEARING WALL UNDER THE GROUND
100
AcDbCircle
 10
353800.9008456402
 20
355925.970829342
 30
0.0
 40
6.900058144041989
100
AcDbArc
 50
263.2507566816763
 51
0.0121203233512713
  0
LINE
  5
1FC2
330
1F
100
AcDbEntity
  8
S-S-BEARING WALL
100
AcDbLine
 10
353763.9374492485
 20
355926.5186909426
 30
0.0
 11
353763.4252191881
 21
355928.1842722964
 31
0.0
  0
LINE
  5
1FC3
330
1F
100
AcDbEntity
  8
S-S-BEARING WALL
100
AcDbLine
 10
353764.1667580872
 20
355926.7936495746
 30
0.0
 11
353763.7305867509
 21
355928.2119162889
 31
0.0
  0
HATCH
  5
1FC4
330
1F
100
AcDbEntity
  8
S-S-COLUMN HATCH
100
AcDbHatch
 10
0.0
 20
0.0
 30
0.0
210
0.0
220
0.0
230
1.0
  2
SOLID
 70
     1
 71
     0
 91
        1
 92
        1
 93
        1
 72
     2
 10
353764.9168636028
 20
355923.6875633782
 40
0.4000033706691012
 50
-6.749243318334468
 51
353.2507566816655
 73
     1
 97
        0
 75
     1
 76
     1
 98
        1
 10
141587.8222712112
 20
142654.26780186
450
        0
451
        0
460
0.0
461
0.0
452
        0
462
0.0
453
        0
470

1001
GradientColor1ACI
1070
     5
1001
GradientColor2ACI
1070
     2
1001
ACAD
1010
0.0
1020
0.0
1030
0.0
  0
CIRCLE
  5
1FC5
330
1F
100
AcDbEntity
  8
S-S-COLUMN
100
AcDbCircle
 10
353764.9168636028
 20
355923.6875633782
 30
0.0
 40
0.4000033706691008
  0
HATCH
  5
1FC6
330
1F
100
AcDbEntity
  8
S-S-COLUMN HATCH
100
AcDbHatch
 10
0.0
 20
0.0
 30
0.0
210
0.0
220
0.0
230
1.0
  2
SOLID
 70
     1
 71
     0
 91
        1
 92
        1
 93
        4
 72
     1
 10
353768.6281429408
 20
355923.6475035387
 11
353768.5341227226
 21
355922.8530408368
 72
     1
 10
353768.5341227226
 20
355922.8530408368
 11
353768.9313540736
 21
355922.8060307277
 72
     1
 10
353768.9313540736
 20
355922.8060307277
 11
353769.0253742918
 21
355923.6004934295
 72
     1
 10
353769.0253742918
 20
355923.6004934295
 11
353768.6281429408
 21
355923.6475035386
 97
        0
 75
     1
 76
     1
 98
        1
 10
353768.8321504424
 20
355923.3283382798
450
        0
451
        0
460
0.0
461
0.0
452
        0
462
1.0
453
        2
463
0.0
 63
     5
421
      255
463
1.0
 63
     2
421
 16776960
470
LINEAR
1001
GradientColor1ACI
1070
     5
1001
GradientColor2ACI
1070
     2
1001
ACAD
1010
0.0
1020
0.0
1030
0.0
  0
LWPOLYLINE
  5
1FC7
330
1F
100
AcDbEntity
  8
S-S-COLUMN
100
AcDbPolyline
 90
        4
 70
     1
 43
0.0
 10
353768.6281429408
 20
355923.6475035387
 10
353768.5341227226
 20
355922.8530408368
 10
353768.9313540736
 20
355922.8060307277
 10
353769.0253742918
 20
355923.6004934295
  0
HATCH
  5
1FC8
330
1F
100
AcDbEntity
  8
S-S-COLUMN HATCH
100
AcDbHatch
 10
0.0
 20
0.0
 30
0.0
210
0.0
220
0.0
230
1.0
  2
SOLID
 70
     1
 71
     0
 91
        1
 92
        1
 93
        4
 72
     1
 10
353788.4879547736
 20
355927.2384285252
 11
353788.5819749917
 21
355928.0328912271
 72
     1
 10
353788.5819749918
 20
355928.0328912271
 11
353788.1847436402
 21
355928.0799013362
 72
     1
 10
353788.1847436402
 20
355928.0799013363
 11
353788.090723422
 21
355927.2854386345
 72
     1
 10
353788.090723422
 20
355927.2854386344
 11
353788.4879547736
 21
355927.2384285252
 97
        0
 75
     1
 76
     1
 98
        1
 10
353788.2342933531
 20
355927.5634700477
450
        0
451
        0
460
0.0
461
0.0
452
        0
462
1.0
453
        2
463
0.0
 63
     5
421
      255
463
1.0
 63
     2
421
 16776960
470
LINEAR
1001
GradientColor1ACI
1070
     5
1001
GradientColor2ACI
1070
     2
1001
ACAD
1010
0.0
1020
0.0
1030
0.0
  0
LWPOLYLINE
  5
1FC9
330
1F
100
AcDbEntity
  8
S-S-COLUMN
100
AcDbPolyline
 90
        4
 70
     1
 43
0.0
 10
353788.4879547736
 20
355927.2384285252
 10
353788.5819749918
 20
355928.0328912271
 10
353788.1847436402
 20
355928.0799013363
 10
353788.090723422
 20
355927.2854386344
  0
HATCH
  5
1FCA
330
1F
100
AcDbEntity
  8
S-S-COLUMN HATCH
100
AcDbHatch
 10
0.0
 20
0.0
 30
0.0
210
0.0
220
0.0
230
1.0
  2
SOLID
 70
     1
 71
     0
 91
        1
 92
        1
 93
        4
 72
     1
 10
353780.3444228448
 20
355932.0287199684
 11
353778.3582660899
 21
355932.263770514
 72
     1
 10
353778.35826609
 20
355932.263770514
 11
353778.2995034536
 21
355931.7672313253
 72
     1
 10
353778.2995034536
 20
355931.7672313254
 11
353780.2856602084
 21
355931.5321807799
 72
     1
 10
353780.2856602084
 20
355931.5321807799
 11
353780.3444228448
 21
355932.0287199685
 97
        0
 75
     1
 76
     1
 98
        1
 10
353780.0374506359
 20
355931.7225708041
450
        0
451
        0
460
0.0
461
0.0
452
        0
462
1.0
453
        2
463
0.0
 63
     5
421
      255
463
1.0
 63
     2
421
 16776960
470
LINEAR
1001
GradientColor1ACI
1070
     5
1001
GradientColor2ACI
1070
     2
1001
ACAD
1010
0.0
1020
0.0
1030
0.0
  0
LWPOLYLINE
  5
1FCB
330
1F
100
AcDbEntity
  8
S-S-COLUMN
100
AcDbPolyline
 90
        5
 70
     0
 43
0.0
 10
353780.3444228448
 20
355932.0287199684
 10
353778.35826609
 20
355932.263770514
 10
353778.2995034536
 20
355931.7672313252
 10
353780.2856602083
 20
355931.5321807797
 10
353780.3444228448
 20
355932.0287199684
  0
HATCH
  5
1FCC
330
1F
100
AcDbEntity
  8
S-S-BEARING WALL HATCH
100
AcDbHatch
 10
0.0
 20
0.0
 30
0.0
210
0.0
220
0.0
230
1.0
  2
SOLID
 70
     1
 71
     0
 91
        1
 92
        1
 93
        4
 72
     1
 10
353791.6180457716
 20
355920.5239823621
 11
353790.1309336242
 21
355920.6999737688
 72
     1
 10
353790.1309336242
 20
355920.6999737688
 11
353790.0839235151
 21
355920.3027424179
 72
     1
 10
353790.0839235152
 20
355920.3027424179
 11
353791.5710356626
 21
355920.1267510112
 72
     1
 10
353791.5710356626
 20
355920.1267510112
 11
353791.6180457717
 21
355920.5239823621
 97
        0
 75
     1
 76
     1
 98
        1
 10
353791.3254393139
 20
355920.31643176
450
        0
451
        0
460
0.0
461
0.0
452
        0
462
1.0
453
        2
463
0.0
 63
     5
421
      255
463
1.0
 63
     2
421
 16776960
470
LINEAR
1001
GradientColor1ACI
1070
     5
1001
GradientColor2ACI
1070
     2
1001
ACAD
1010
0.0
1020
0.0
1030
0.0
  0
LWPOLYLINE
  5
1FCD
330
1F
100
AcDbEntity
  8
S-S-BEARING WALL UNDER THE GROUND
100
AcDbPolyline
 90
        4
 70
     1
 43
0.0
 10
353791.5710356626
 20
355920.1267510112
 10
353790.0839235152
 20
355920.3027424179
 10
353790.1309336242
 20
355920.6999737688
 10
353791.6180457716
 20
355920.5239823621
  0
LWPOLYLINE
  5
1FCE
330
1F
100
AcDbEntity
  8
S-CONCRETE PLANS
100
AcDbPolyline
 90
        4
 70
     0
 43
0.0
 10
353800.0755688737
 20
355926.4489260793
 10
353800.1898281236
 20
355927.4144068464
 10
353802.0766770407
 20
355927.1911088282
 10
353801.9624177908
 20
355926.2256280611
  0
LWPOLYLINE
  5
1FCF
330
1F
100
AcDbEntity
  8
S-BLINDING LINE
100
AcDbPolyline
 90
        4
 70
     0
 43
0.0
 10
353799.9880135633
 20
355926.5599864443
 10
353800.1022728132
 20
355927.5254672114
 10
353802.1877374057
 20
355927.2786641387
 10
353802.0734781559
 20
355926.3131833716
  0
LWPOLYLINE
  5
1FD0
330
1F
100
AcDbEntity
  8
S-CONCRETE PLANS
100
AcDbPolyline
 90
        4
 70
     0
 43
0.0
 10
353795.755677932
 20
355926.9601610157
 10
353795.8699371819
 20
355927.9256417828
 10
353797.756786099
 20
355927.7023437646
 10
353797.6425268491
 20
355926.7368629975
  0
LWPOLYLINE
  5
1FD1
330
1F
100
AcDbEntity
  8
S-BLINDING LINE
100
AcDbPolyline
 90
        4
 70
     0
 43
0.0
 10
353795.6681226215
 20
355927.0712213807
 10
353795.7823818714
 20
355928.0367021479
 10
353797.867846464
 20
355927.7898990751
 10
353797.7535872141
 20
355926.824418308
  0
HATCH
  5
1FD2
330
1F
100
AcDbEntity
  8
S-D-WATER PROOF
 62
   254
100
AcDbHatch
 10
0.0
 20
0.0
 30
0.0
210
0.0
220
0.0
230
1.0
  2
SOLID
 70
     1
 71
     0
 91
        1
 92
        1
 93
       10
 72
     1
 10
353790.6171667986
 20
355921.7980844865
 11
353801.2050555693
 21
355920.5450670572
 72
     1
 10
353801.2050555693
 20
355920.5450670572
 11
353801.2312087251
 21
355920.608775862
 72
     2
 10
353801.0170223285
 20
355925.9035810911
 40
5.299135611267113
 50
272.3164760020381
 51
358.5361918868266
 73
     1
 72
     1
 10
353806.3144286235
 20
355925.7682120647
 11
353808.0138811732
 21
355925.7245115207
 72
     2
 10
353801.0168495631
 20
355925.9038178694
 40
6.999328690549257
 50
361.4679437833349
 51
448.9550050784139
 73
     0
 72
     1
 10
353801.1445004564
 20
355918.9056532981
 11
353800.4658219318
 21
355918.9206736029
 72
     1
 10
353800.4658219318
 20
355918.9206736029
 11
353793.5639272094
 21
355919.7374742484
 72
     1
 10
353793.5639272094
 20
355919.7374742483
 11
353793.3935155639
 21
355918.2975106011
 72
     1
 10
353793.393515564
 20
355918.2975106011
 11
353790.2653186746
 21
355918.6677152103
 72
     1
 10
353790.2653186747
 20
355918.6677152103
 11
353790.6171667988
 21
355921.7980844865
 97
        0
 75
     1
 76
     1
 98
        1
 10
353775.1262121735
 20
355921.6269852224
450
        0
451
        0
460
0.0
461
0.0
452
        0
462
0.0
453
        0
470

1001
GradientColor1ACI
1070
     5
1001
GradientColor2ACI
1070
     2
1001
ACAD
1010
0.0
1020
0.0
1030
0.0
  0
WIPEOUT
  5
1FD5
330
1F
100
AcDbEntity
  8
wipeout
160
               140
310
8C00000001000000840000000600000005000000A29D3BC0269815410D7D970615BA15410000000000000000AF1FA161229815415AE3F88A15BA15410000000000000000FE91863D229815418B1CE65914BA15410000000000000000F00F219C269815413FB684D513BA15410000000000000000A29D3BC0269815410D7D97
310
0615BA15410000000000000000
100
AcDbWipeout
 90
        0
 10
353801.5584496161
 20
355972.1640510426
 30
0.0
 11
-1.092386215153324
 21
0.1292778000160082
 31
0.0
 12
0.1292778000160082
 22
1.092386215153324
 32
0.0
 13
1.0
 23
1.0
340
0
 70
     7
280
     1
281
    50
282
    50
283
     0
290
     0
360
0
 71
     2
 91
        5
 14
-0.5
 24
-0.4999999999999976
 14
0.5
 24
-0.5
 14
0.5
 24
-0.2272730236277362
 14
-0.5
 24
-0.2272730236277362
 14
-0.5
 24
-0.4999999999999976
  0
TEXT
  5
1FD6
330
1F
100
AcDbEntity
  8
S-Text-Col.
 48
0.05
100
AcDbText
 10
353755.4430157328
 20
355982.7126247584
 30
0.0
 40
0.3000025280018256
  1
F.B.L=1109.5
 50
353.2507566816763
  7
ARIAL
 11
353755.4606445237
 21
355982.861586515
 31
0.0
100
AcDbText
 73
     2
  0
TEXT
  5
1FD7
330
1F
100
AcDbEntity
  8
S-Text-Col.
 48
0.05
100
AcDbText
 10
353808.0160666309
 20
355975.4108509071
 30
0.0
 40
0.3000025280018256
  1
F.B.L=1118.5
 50
353.2507566816763
  7
ARIAL
 11
353808.0336954219
 21
355975.5598126637
 31
0.0
100
AcDbText
 73
     2
  0
LWPOLYLINE
  5
1FD8
330
1F
100
AcDbEntity
  8
S-CONCRETE PLANS
100
AcDbPolyline
 90
        2
 70
     0
 43
0.0
 10
353759.2413424161
 20
355964.6631450516
 10
353760.980090163
 20
355955.6965885033
  0
LWPOLYLINE
  5
1FD9
330
1F
100
AcDbEntity
  8
S-CONCRETE PLANS
100
AcDbPolyline
 90
        2
 70
     0
 43
0.0
 10
353761.0400469818
 20
355955.3873968983
 10
353762.7788151694
 20
355946.4207349392
  0
LWPOLYLINE
  5
1FDA
330
1F
100
AcDbEntity
  8
S-CONCRETE PLANS
100
AcDbPolyline
 90
        3
 70
     0
 43
0.0
 10
353762.8387719883
 20
355946.1115433342
 10
353763.2275404892
 20
355944.1067011976
 10
353760.9953093387
 20
355943.610974936
  0
LWPOLYLINE
  5
1FDB
330
1F
100
AcDbEntity
  8
S-CONCRETE PLANS
100
AcDbPolyline
 90
        3
 70
     0
 43
0.0
 10
353760.7023338623
 20
355943.5459119439
 10
353758.5399525573
 20
355943.0656976971
 10
353757.8344758689
 20
355946.7037737962
  0
LWPOLYLINE
  5
1FDC
330
1F
100
AcDbEntity
  8
S-CONCRETE PLANS
100
AcDbPolyline
 90
        2
 70
     0
 43
0.0
 10
353757.77451905
 20
355947.0129654013
 10
353756.0357508624
 20
355955.9796273603
  0
LWPOLYLINE
  5
1FDD
330
1F
100
AcDbEntity
  8
S-CONCRETE PLANS
100
AcDbPolyline
 90
        3
 70
     0
 43
0.0
 10
353755.9757940436
 20
355956.2888189654
 10
353753.7990405991
 20
355967.5141291843
 10
353756.8889864497
 20
355968.2003337937
  0
LWPOLYLINE
  5
1FDE
330
1F
100
AcDbEntity
  8
S-CONCRETE PLANS
100
AcDbPolyline
 90
        3
 70
     0
 43
0.0
 10
353757.1992363397
 20
355968.2692330286
 10
353758.4866285311
 20
355968.5551326847
 10
353759.1813855973
 20
355964.9723366567
  0
LWPOLYLINE
  5
1FDF
330
1F
100
AcDbEntity
  8
S-BLINDING LINE
100
AcDbPolyline
 90
        2
 70
     0
 43
0.0
 10
353759.365178877
 20
355964.5477910154
 10
353761.0641289969
 20
355955.7873416609
  0
LWPOLYLINE
  5
1FE0
330
1F
100
AcDbEntity
  8
S-BLINDING LINE
100
AcDbPolyline
 90
        2
 70
     0
 43
0.0
 10
353761.1640672393
 20
355955.2720211107
 10
353762.863037802
 20
355946.5114663453
  0
LWPOLYLINE
  5
1FE1
330
1F
100
AcDbEntity
  8
S-BLINDING LINE
100
AcDbPolyline
 90
        3
 70
     0
 43
0.0
 10
353762.9629760443
 20
355945.996145795
 10
353763.3442436852
 20
355944.0301811567
 10
353761.1119977824
 20
355943.5344516189
  0
LWPOLYLINE
  5
1FE2
330
1F
100
AcDbEntity
  8
S-BLINDING LINE
100
AcDbPolyline
 90
        3
 70
     0
 43
0.0
 10
353760.6237053218
 20
355943.4260132988
 10
353758.4613395894
 20
355942.9458025104
 10
353757.750133876
 20
355946.6130565158
  0
LWPOLYLINE
  5
1FE3
330
1F
100
AcDbEntity
  8
S-BLINDING LINE
100
AcDbPolyline
 90
        2
 70
     0
 43
0.0
 10
353757.6501956337
 20
355947.1283770661
 10
353755.951225071
 20
355955.8889318314
  0
LWPOLYLINE
  5
1FE4
330
1F
100
AcDbEntity
  8
S-BLINDING LINE
100
AcDbPolyline
 90
        2
 70
     0
 43
0.0
 10
353755.8512868287
 20
355956.4042523817
 10
353754.1523367088
 20
355965.1647017361
  0
LWPOLYLINE
  5
1FE5
330
1F
100
AcDbEntity
  8
S-BLINDING LINE
100
AcDbPolyline
 90
        3
 70
     0
 43
0.0
 10
353754.0523984664
 20
355965.6800222864
 10
353753.6818822949
 20
355967.5905481562
 10
353756.7980198828
 20
355968.2825693373
  0
LWPOLYLINE
  5
1FE6
330
1F
100
AcDbEntity
  8
S-BLINDING LINE
100
AcDbPolyline
 90
        3
 70
     0
 43
0.0
 10
353757.3151030328
 20
355968.3974013952
 10
353758.5647863906
 20
355968.6749268025
 10
353759.2652406347
 20
355965.0631115655
  0
LWPOLYLINE
  5
1FE7
330
1F
100
AcDbEntity
  8
S-CONCRETE PLANS
100
AcDbPolyline
 90
        3
 70
     0
 43
0.0
 10
353768.4348870369
 20
355973.9191124267
 10
353768.6875553236
 20
355976.0541375703
 10
353770.4813515142
 20
355975.841851822
  0
LWPOLYLINE
  5
1FE8
330
1F
100
AcDbEntity
  8
S-CONCRETE PLANS
100
AcDbPolyline
 90
        3
 70
     0
 43
0.0
 10
353770.7792750274
 20
355975.8065942402
 10
353772.6598688333
 20
355975.5840364795
 10
353772.4457251218
 20
355973.7745406606
  0
LWPOLYLINE
  5
1FE9
330
1F
100
AcDbEntity
  8
S-CONCRETE PLANS
100
AcDbPolyline
 90
        4
 70
     0
 43
0.0
 10
353772.3869624854
 20
355973.2780014719
 10
353772.1897677424
 20
355971.6117229698
 10
353768.2174542327
 20
355972.0818240607
 10
353768.3994238571
 20
355973.6194516283
  0
LWPOLYLINE
  5
1FEA
330
1F
100
AcDbEntity
  8
S-BLINDING LINE
100
AcDbPolyline
 90
        3
 70
     0
 43
0.0
 10
353768.3461292119
 20
355974.0200116491
 10
353768.6000000133
 20
355976.1651979354
 10
353770.3937962037
 20
355975.9529121869
  0
LWPOLYLINE
  5
1FEB
330
1F
100
AcDbEntity
  8
S-BLINDING LINE
100
AcDbPolyline
 90
        3
 70
     0
 43
0.0
 10
353770.8903353924
 20
355975.8941495506
 10
353772.7709291984
 20
355975.6715917899
 10
353772.5450329595
 20
355973.7627881333
  0
LWPOLYLINE
  5
1FEC
330
1F
100
AcDbEntity
  8
S-BLINDING LINE
100
AcDbPolyline
 90
        3
 70
     0
 43
0.0
 10
353772.4862703232
 20
355973.2662489446
 10
353772.2773230529
 20
355971.5006626047
 10
353770.3967292469
 20
355971.7232203654
  0
LWPOLYLINE
  5
1FED
330
1F
100
AcDbEntity
  8
S-BLINDING LINE
100
AcDbPolyline
 90
        3
 70
     0
 43
0.0
 10
353769.9001900582
 20
355971.7819830019
 10
353768.1063938677
 20
355971.9942687502
 10
353768.2870239123
 20
355973.5205769852
  0
LWPOLYLINE
  5
1FEE
330
1F
100
AcDbEntity
  8
S-BLINDING LINE
100
AcDbPolyline
 90
        3
 70
     0
 43
0.0
 10
353775.6235759295
 20
355973.3984597878
 10
353775.837719641
 20
355975.2079556066
 10
353777.5322079938
 20
355975.0074223855
  0
LWPOLYLINE
  5
1FEF
330
1F
100
AcDbEntity
  8
S-BLINDING LINE
100
AcDbPolyline
 90
        3
 70
     0
 43
0.0
 10
353778.0287471826
 20
355974.9486597492
 10
353779.8100331507
 20
355974.7378545157
 10
353779.5958894391
 20
355972.9283586969
  0
LWPOLYLINE
  5
1FF0
330
1F
100
AcDbEntity
  8
S-BLINDING LINE
100
AcDbPolyline
 90
        3
 70
     0
 43
0.0
 10
353779.5371268027
 20
355972.4318195082
 10
353779.3399320597
 20
355970.765541006
 10
353777.5586460916
 20
355970.9763462395
  0
LWPOLYLINE
  5
1FF1
330
1F
100
AcDbEntity
  8
S-BLINDING LINE
100
AcDbPolyline
 90
        3
 70
     0
 43
0.0
 10
353777.0621069029
 20
355971.0351088759
 10
353775.3676185501
 20
355971.235642097
 10
353775.5648132931
 20
355972.9019205991
  0
LWPOLYLINE
  5
1FF2
330
1F
100
AcDbEntity
  8
S-CONCRETE PLANS
100
AcDbPolyline
 90
        6
 70
     0
 43
0.0
 10
353775.7111312399
 20
355973.2873994228
 10
353775.9252749515
 20
355975.0968952415
 10
353779.6989727858
 20
355974.6502992052
 10
353779.2523767493
 20
355970.876601371
 10
353775.4786789152
 20
355971.3231974074
 10
353775.6758736581
 20
355972.9894759095
  0
LWPOLYLINE
  5
1FF3
330
1F
100
AcDbEntity
  8
S-CONCRETE PLANS
100
AcDbPolyline
 90
        3
 70
     0
 43
0.0
 10
353769.7938286687
 20
355970.0323433141
 10
353767.5034932894
 20
355970.3033916989
 10
353766.7663621141
 20
355964.0746971005
  0
LWPOLYLINE
  5
1FF4
330
1F
100
AcDbEntity
  8
S-CONCRETE PLANS
100
AcDbPolyline
 90
        3
 70
     0
 43
0.0
 10
353766.7311045324
 20
355963.7767735874
 10
353766.475147153
 20
355961.6139558965
 10
353768.7654825321
 20
355961.3429075117
  0
LWPOLYLINE
  5
1FF5
330
1F
100
AcDbEntity
  8
S-CONCRETE PLANS
100
AcDbPolyline
 90
        3
 70
     0
 43
0.0
 10
353769.0634060454
 20
355961.30764993
 10
353771.4405390401
 20
355961.0263295328
 10
353771.6964964194
 20
355963.1891472236
  0
LWPOLYLINE
  5
1FF6
330
1F
100
AcDbEntity
  8
S-CONCRETE PLANS
100
AcDbPolyline
 90
        2
 70
     0
 43
0.0
 10
353771.7317540012
 20
355963.4870707369
 10
353772.2194838831
 20
355967.6083460031
  0
LWPOLYLINE
  5
1FF7
330
1F
100
AcDbEntity
  8
S-CONCRETE PLANS
100
AcDbPolyline
 90
        3
 70
     0
 43
0.0
 10
353772.2547414649
 20
355967.9062695164
 10
353772.4688851765
 20
355969.7157653352
 10
353770.0917521819
 20
355969.9970857322
  0
LWPOLYLINE
  5
1FF8
330
1F
100
AcDbEntity
  8
S-BLINDING LINE
100
AcDbPolyline
 90
        2
 70
     0
 43
0.0
 10
353771.8428143663
 20
355963.5746260474
 10
353772.3070391936
 20
355967.4972856381
  0
LWPOLYLINE
  5
1FF9
330
1F
100
AcDbEntity
  8
S-BLINDING LINE
100
AcDbPolyline
 90
        3
 70
     0
 43
0.0
 10
353772.36580183
 20
355967.9938248268
 10
353772.5799455415
 20
355969.8033206456
 10
353770.2028125469
 20
355970.0846410429
  0
LWPOLYLINE
  5
1FFA
330
1F
100
AcDbEntity
  8
S-BLINDING LINE
100
AcDbPolyline
 90
        3
 70
     0
 43
0.0
 10
353769.7062733582
 20
355970.1434036791
 10
353767.415937979
 20
355970.4144520639
 10
353766.6788068037
 20
355964.1857574656
  0
LWPOLYLINE
  5
1FFB
330
1F
100
AcDbEntity
  8
S-BLINDING LINE
100
AcDbPolyline
 90
        3
 70
     0
 43
0.0
 10
353766.6200441674
 20
355963.689218277
 10
353766.3640867879
 20
355961.5264005861
 10
353768.6544221671
 20
355961.2553522014
  0
LWPOLYLINE
  5
1FFC
330
1F
100
AcDbEntity
  8
S-BLINDING LINE
100
AcDbPolyline
 90
        3
 70
     0
 43
0.0
 10
353769.1509613559
 20
355961.1965895649
 10
353771.5280943505
 20
355960.9152691677
 10
353771.7840517299
 20
355963.0780868586
  0
LWPOLYLINE
  5
2003
330
1F
100
AcDbEntity
  8
S-CONCRETE PLANS
100
AcDbPolyline
 90
        6
 70
     0
 43
0.0
 10
353773.384729661
 20
355962.98935426
 10
353773.1052672271
 20
355960.6279208937
 10
353779.0637374915
 20
355959.9227692572
 10
353780.1625987917
 20
355969.2080520861
 10
353774.2041285272
 20
355969.9132037225
 10
353773.9429747065
 20
355967.7064765527
  0
LWPOLYLINE
  5
2004
330
1F
100
AcDbEntity
  8
S-CONCRETE PLANS
100
AcDbPolyline
 90
        2
 70
     0
 43
0.0
 10
353773.9077171248
 20
355967.4085530395
 10
353773.4199872428
 20
355963.2872777732
  0
LWPOLYLINE
  5
2005
330
1F
100
AcDbEntity
  8
S-BLINDING LINE
100
AcDbPolyline
 90
        3
 70
     0
 43
0.0
 10
353776.9034477847
 20
355969.6944530664
 10
353774.1165732168
 20
355970.0242640874
 10
353773.8554193961
 20
355967.8175369177
  0
LWPOLYLINE
  5
2006
330
1F
100
AcDbEntity
  8
S-BLINDING LINE
100
AcDbPolyline
 90
        2
 70
     0
 43
0.0
 10
353773.7966567597
 20
355967.3209977291
 10
353773.3324319324
 20
355963.3983381383
  0
LWPOLYLINE
  5
2007
330
1F
100
AcDbEntity
  8
S-BLINDING LINE
100
AcDbPolyline
 90
        2
 70
     0
 43
0.0
 10
353773.3206794051
 20
355963.2990303005
 10
353773.2854218233
 20
355963.0011067873
  0
LWPOLYLINE
  5
2008
330
1F
100
AcDbEntity
  8
S-BLINDING LINE
100
AcDbPolyline
 90
        3
 70
     0
 43
0.0
 10
353773.273669296
 20
355962.9017989495
 10
353772.9942068621
 20
355960.5403655832
 10
353775.78108143
 20
355960.2105545621
  0
LWPOLYLINE
  5
2009
330
1F
100
AcDbEntity
  8
S-BLINDING LINE
100
AcDbPolyline
 90
        2
 70
     0
 43
0.0
 10
353775.8803892677
 20
355960.1988020347
 10
353776.1783127809
 20
355960.163544453
  0
LWPOLYLINE
  5
200A
330
1F
100
AcDbEntity
  8
S-BLINDING LINE
100
AcDbPolyline
 90
        3
 70
     0
 43
0.0
 10
353776.2776206187
 20
355960.1517919257
 10
353779.151292802
 20
355959.8117088921
 10
353779.4307552359
 20
355962.1731422585
  0
LWPOLYLINE
  5
200B
330
1F
100
AcDbEntity
  8
S-BLINDING LINE
100
AcDbPolyline
 90
        2
 70
     0
 43
0.0
 10
353779.4895178723
 20
355962.6696814472
 10
353779.9537426996
 20
355966.592341038
  0
LWPOLYLINE
  5
200C
330
1F
100
AcDbEntity
  8
S-BLINDING LINE
100
AcDbPolyline
 90
        3
 70
     0
 43
0.0
 10
353780.012505336
 20
355967.0888802266
 10
353780.2736591566
 20
355969.2956073964
 10
353777.3999869734
 20
355969.63569043
  0
LWPOLYLINE
  5
2013
330
1F
100
AcDbEntity
  8
S-CONCRETE PLANS
100
AcDbPolyline
 90
        3
 70
     0
 43
0.0
 10
353784.507207488
 20
355961.6730712053
 10
353784.2277450542
 20
355959.3116378389
 10
353787.014619622
 20
355958.9818268179
  0
LWPOLYLINE
  5
2014
330
1F
100
AcDbEntity
  8
S-CONCRETE PLANS
100
AcDbPolyline
 90
        3
 70
     0
 43
0.0
 10
353787.3125431352
 20
355958.9465692361
 10
353790.1862153186
 20
355958.6064862025
 10
353790.4656777525
 20
355960.9679195688
  0
LWPOLYLINE
  5
2015
330
1F
100
AcDbEntity
  8
S-CONCRETE PLANS
100
AcDbPolyline
 90
        2
 70
     0
 43
0.0
 10
353790.5009353343
 20
355961.2658430821
 10
353790.9886652162
 20
355965.3871183483
  0
LWPOLYLINE
  5
2016
330
1F
100
AcDbEntity
  8
S-CONCRETE PLANS
100
AcDbPolyline
 90
        3
 70
     0
 43
0.0
 10
353791.023922798
 20
355965.6850418616
 10
353791.2850766187
 20
355967.8917690313
 10
353788.4114044353
 20
355968.2318520648
  0
LWPOLYLINE
  5
2017
330
1F
100
AcDbEntity
  8
S-CONCRETE PLANS
100
AcDbPolyline
 90
        3
 70
     0
 43
0.0
 10
353788.1134809222
 20
355968.2671096466
 10
353785.3266063542
 20
355968.5969206678
 10
353785.0654525336
 20
355966.390193498
  0
LWPOLYLINE
  5
2018
330
1F
100
AcDbEntity
  8
S-CONCRETE PLANS
100
AcDbPolyline
 90
        2
 70
     0
 43
0.0
 10
353785.0301949518
 20
355966.0922699848
 10
353784.5424650698
 20
355961.9709947185
  0
LWPOLYLINE
  5
2019
330
1F
100
AcDbEntity
  8
S-BLINDING LINE
100
AcDbPolyline
 90
        2
 70
     0
 43
0.0
 10
353784.9191345868
 20
355966.0047146743
 10
353784.4549097594
 20
355962.0820550835
  0
LWPOLYLINE
  5
201A
330
1F
100
AcDbEntity
  8
S-BLINDING LINE
100
AcDbPolyline
 90
        2
 70
     0
 43
0.0
 10
353784.4431572321
 20
355961.9827472457
 10
353784.4078996503
 20
355961.6848237325
  0
LWPOLYLINE
  5
201B
330
1F
100
AcDbEntity
  8
S-BLINDING LINE
100
AcDbPolyline
 90
        3
 70
     0
 43
0.0
 10
353784.396147123
 20
355961.5855158948
 10
353784.1166846891
 20
355959.2240825284
 10
353786.903559257
 20
355958.8942715073
  0
LWPOLYLINE
  5
201C
330
1F
100
AcDbEntity
  8
S-BLINDING LINE
100
AcDbPolyline
 90
        3
 70
     0
 43
0.0
 10
353787.4000984457
 20
355958.8355088709
 10
353790.273770629
 20
355958.4954258375
 10
353790.5532330629
 20
355960.8568592039
  0
LWPOLYLINE
  5
201D
330
1F
100
AcDbEntity
  8
S-BLINDING LINE
100
AcDbPolyline
 90
        2
 70
     0
 43
0.0
 10
353790.6119956993
 20
355961.3533983926
 10
353791.0762205266
 20
355965.2760579833
  0
LWPOLYLINE
  5
201E
330
1F
100
AcDbEntity
  8
S-BLINDING LINE
100
AcDbPolyline
 90
        3
 70
     0
 43
0.0
 10
353791.134983163
 20
355965.772597172
 10
353791.3961369837
 20
355967.9793243417
 10
353788.5224648004
 20
355968.3194073752
  0
LWPOLYLINE
  5
201F
330
1F
100
AcDbEntity
  8
S-BLINDING LINE
100
AcDbPolyline
 90
        3
 70
     0
 43
0.0
 10
353788.0259256116
 20
355968.3781700116
 10
353785.2390510437
 20
355968.7079810327
 10
353784.9778972231
 20
355966.501253863
  0
LWPOLYLINE
  5
2026
330
1F
100
AcDbEntity
  8
S-BLINDING LINE
100
AcDbPolyline
 90
        3
 70
     0
 43
0.0
 10
353788.1845847298
 20
355969.7188258212
 10
353786.4900963772
 20
355969.9193590423
 10
353786.6872911202
 20
355971.5856375444
  0
LWPOLYLINE
  5
2027
330
1F
100
AcDbEntity
  8
S-BLINDING LINE
100
AcDbPolyline
 90
        3
 70
     0
 43
0.0
 10
353786.7460537565
 20
355972.0821767331
 10
353786.960197468
 20
355973.891672552
 10
353788.6546858209
 20
355973.6911393308
  0
LWPOLYLINE
  5
2028
330
1F
100
AcDbEntity
  8
S-BLINDING LINE
100
AcDbPolyline
 90
        3
 70
     0
 43
0.0
 10
353789.1512250096
 20
355973.6323766944
 10
353790.9325109777
 20
355973.4215714609
 10
353790.7183672662
 20
355971.6120756422
  0
LWPOLYLINE
  5
2029
330
1F
100
AcDbEntity
  8
S-BLINDING LINE
100
AcDbPolyline
 90
        3
 70
     0
 43
0.0
 10
353790.6596046298
 20
355971.1155364534
 10
353790.4624098868
 20
355969.4492579512
 10
353788.6811239186
 20
355969.6600631848
  0
LWPOLYLINE
  5
202A
330
1F
100
AcDbEntity
  8
S-CONCRETE PLANS
100
AcDbPolyline
 90
        4
 70
     1
 43
0.0
 10
353787.0477527785
 20
355973.7806121868
 10
353790.8214506126
 20
355973.3340161504
 10
353790.3748545763
 20
355969.5603183163
 10
353786.6011567422
 20
355970.0069143527
  0
LWPOLYLINE
  5
202B
330
1F
100
AcDbEntity
  8
S-CONCRETE PLANS
100
AcDbPolyline
 90
        4
 70
     1
 43
0.0
 10
353765.9377633522
 20
355957.4985568938
 10
353771.002463077
 20
355956.8991780029
 10
353770.403084186
 20
355951.8344782781
 10
353765.3383844612
 20
355952.433857169
  0
LWPOLYLINE
  5
202C
330
1F
100
AcDbEntity
  8
S-BLINDING LINE
100
AcDbPolyline
 90
        3
 70
     0
 43
0.0
 10
353768.6867365285
 20
355957.2739299741
 10
353771.1135234419
 20
355956.9867333133
 10
353770.8347408305
 20
355954.631044387
  0
LWPOLYLINE
  5
202D
330
1F
100
AcDbEntity
  8
S-BLINDING LINE
100
AcDbPolyline
 90
        3
 70
     0
 43
0.0
 10
353770.7759781941
 20
355954.1345051983
 10
353770.4906394965
 20
355951.7234179131
 10
353768.063852583
 20
355952.0106145739
  0
LWPOLYLINE
  5
202E
330
1F
100
AcDbEntity
  8
S-BLINDING LINE
100
AcDbPolyline
 90
        3
 70
     0
 43
0.0
 10
353767.5673133943
 20
355952.0693772102
 10
353765.2273240962
 20
355952.3463018587
 10
353765.5126627939
 20
355954.7573891438
  0
LWPOLYLINE
  5
202F
330
1F
100
AcDbEntity
  8
S-BLINDING LINE
100
AcDbPolyline
 90
        3
 70
     0
 43
0.0
 10
353765.5714254302
 20
355955.2539283326
 10
353765.8502080418
 20
355957.6096172589
 10
353768.1901973398
 20
355957.3326926106
  0
LWPOLYLINE
  5
2030
330
1F
100
AcDbEntity
  8
S-CONCRETE PLANS
100
AcDbPolyline
 90
        3
 70
     0
 43
0.0
 10
353764.6012412658
 20
355946.2050610016
 10
353764.8800358975
 20
355948.5608514972
 10
353767.2200251956
 20
355948.2839268488
  0
LWPOLYLINE
  5
2031
330
1F
100
AcDbEntity
  8
S-CONCRETE PLANS
100
AcDbPolyline
 90
        3
 70
     0
 43
0.0
 10
353767.5179487088
 20
355948.2486692669
 10
353769.9447356223
 20
355947.9614726062
 10
353769.6659409906
 20
355945.6056821107
  0
LWPOLYLINE
  5
2032
330
1F
100
AcDbEntity
  8
S-CONCRETE PLANS
100
AcDbPolyline
 90
        3
 70
     0
 43
0.0
 10
353769.6306834088
 20
355945.3077585974
 10
353769.3453567313
 20
355942.8967728813
 10
353766.9185698179
 20
355943.1839695421
  0
LWPOLYLINE
  5
2033
330
1F
100
AcDbEntity
  8
S-CONCRETE PLANS
100
AcDbPolyline
 90
        3
 70
     0
 43
0.0
 10
353766.6206463047
 20
355943.219227124
 10
353764.2806570065
 20
355943.4961517723
 10
353764.565983684
 20
355945.9071374885
  0
LWPOLYLINE
  5
2034
330
1F
100
AcDbEntity
  8
S-BLINDING LINE
100
AcDbPolyline
 90
        3
 70
     0
 43
0.0
 10
353766.5095859396
 20
355943.1316718135
 10
353764.1695966416
 20
355943.4085964619
 10
353764.4549233191
 20
355945.819582178
  0
LWPOLYLINE
  5
2035
330
1F
100
AcDbEntity
  8
S-BLINDING LINE
100
AcDbPolyline
 90
        3
 70
     0
 43
0.0
 10
353764.5136859554
 20
355946.3161213667
 10
353764.7924805871
 20
355948.6719118622
 10
353767.1324698852
 20
355948.3949872138
  0
LWPOLYLINE
  5
2036
330
1F
100
AcDbEntity
  8
S-BLINDING LINE
100
AcDbPolyline
 90
        3
 70
     0
 43
0.0
 10
353767.6290090739
 20
355948.3362245775
 10
353770.0557959873
 20
355948.0490279167
 10
353769.7770013557
 20
355945.6932374212
  0
LWPOLYLINE
  5
2037
330
1F
100
AcDbEntity
  8
S-BLINDING LINE
100
AcDbPolyline
 90
        3
 70
     0
 43
0.0
 10
353769.7182387193
 20
355945.1966982325
 10
353769.4329120418
 20
355942.7857125164
 10
353767.0061251283
 20
355943.0729091771
  0
LWPOLYLINE
  5
2038
330
1F
100
AcDbEntity
  8
S-CONCRETE PLANS
100
AcDbPolyline
 90
        4
 70
     1
 43
0.0
 10
353772.4750404963
 20
355957.4297974852
 10
353778.9300499495
 20
355956.6658832125
 10
353778.1661356767
 20
355950.2108737593
 10
353771.7111262235
 20
355950.9747880321
  0
LWPOLYLINE
  5
2039
330
1F
100
AcDbEntity
  8
S-BLINDING LINE
100
AcDbPolyline
 90
        3
 70
     0
 43
0.0
 10
353774.6352100207
 20
355950.5280403822
 10
353771.6000658585
 20
355950.8872327216
 10
353771.967672247
 20
355953.993474871
  0
LWPOLYLINE
  5
203A
330
1F
100
AcDbEntity
  8
S-BLINDING LINE
100
AcDbPolyline
 90
        3
 70
     0
 43
0.0
 10
353772.0264348834
 20
355954.4900140597
 10
353772.3874851859
 20
355957.5408578503
 10
353775.4226293482
 20
355957.181665511
  0
LWPOLYLINE
  5
203B
330
1F
100
AcDbEntity
  8
S-BLINDING LINE
100
AcDbPolyline
 90
        3
 70
     0
 43
0.0
 10
353775.9191685368
 20
355957.1229028746
 10
353779.0411103145
 20
355956.7534385229
 10
353778.680060012
 20
355953.7025947324
  0
LWPOLYLINE
  5
203C
330
1F
100
AcDbEntity
  8
S-BLINDING LINE
100
AcDbPolyline
 90
        3
 70
     0
 43
0.0
 10
353778.6212973756
 20
355953.2060555437
 10
353778.2536909871
 20
355950.0998133942
 10
353775.1317492094
 20
355950.4692777459
  0
LWPOLYLINE
  5
203D
330
1F
100
AcDbEntity
  8
S-CONCRETE PLANS
100
AcDbPolyline
 90
        3
 70
     0
 43
0.0
 10
353777.5753104281
 20
355944.3675564156
 10
353777.1959635324
 20
355941.1621079976
 10
353773.974713917
 20
355941.5433248766
  0
LWPOLYLINE
  5
203E
330
1F
100
AcDbEntity
  8
S-CONCRETE PLANS
100
AcDbPolyline
 90
        3
 70
     0
 43
0.0
 10
353773.6767904038
 20
355941.5785824584
 10
353770.5423384038
 20
355941.9495273249
 10
353770.9216852994
 20
355945.1549757429
  0
LWPOLYLINE
  5
203F
330
1F
100
AcDbEntity
  8
S-CONCRETE PLANS
100
AcDbPolyline
 90
        3
 70
     0
 43
0.0
 10
353770.9569428812
 20
355945.4528992561
 10
353771.3297577312
 20
355948.6031524535
 10
353774.4642097311
 20
355948.232207587
  0
LWPOLYLINE
  5
2040
330
1F
100
AcDbEntity
  8
S-CONCRETE PLANS
100
AcDbPolyline
 90
        3
 70
     0
 43
0.0
 10
353774.7621332444
 20
355948.1969500052
 10
353777.9833828598
 20
355947.8157331262
 10
353777.6105680098
 20
355944.6654799288
  0
LWPOLYLINE
  5
2041
330
1F
100
AcDbEntity
  8
S-BLINDING LINE
100
AcDbPolyline
 90
        3
 70
     0
 43
0.0
 10
353777.6628657385
 20
355944.2564960505
 10
353777.2835188429
 20
355941.0510476325
 10
353774.0622692275
 20
355941.4322645115
  0
LWPOLYLINE
  5
2042
330
1F
100
AcDbEntity
  8
S-BLINDING LINE
100
AcDbPolyline
 90
        3
 70
     0
 43
0.0
 10
353773.5657300387
 20
355941.4910271479
 10
353770.4312780387
 20
355941.8619720144
 10
353770.8106249343
 20
355945.0674204324
  0
LWPOLYLINE
  5
2043
330
1F
100
AcDbEntity
  8
S-BLINDING LINE
100
AcDbPolyline
 90
        3
 70
     0
 43
0.0
 10
353770.8693875707
 20
355945.5639596212
 10
353771.2422024207
 20
355948.7142128185
 10
353774.3766544207
 20
355948.3432679519
  0
LWPOLYLINE
  5
2044
330
1F
100
AcDbEntity
  8
S-BLINDING LINE
100
AcDbPolyline
 90
        3
 70
     0
 43
0.0
 10
353774.8731936094
 20
355948.2845053156
 10
353778.0944432248
 20
355947.9032884366
 10
353777.7216283749
 20
355944.7530352392
  0
LWPOLYLINE
  5
2045
330
1F
100
AcDbEntity
  8
S-CONCRETE PLANS
100
AcDbPolyline
 90
        6
 70
     0
 43
0.0
 10
353752.2470053412
 20
355924.0342807692
 10
353750.5366801293
 20
355923.680561869
 10
353747.5817354162
 20
355937.9685075764
 10
353751.0092320114
 20
355938.6773612598
 10
353753.9641767244
 20
355924.3894155524
 10
353752.6740447834
 20
355924.12259843
  0
LWPOLYLINE
  5
2046
330
1F
100
AcDbEntity
  8
S-BLINDING LINE
100
AcDbPolyline
 90
        4
 70
     0
 43
0.0
 10
353751.4556962602
 20
355923.768510044
 10
353750.4590046175
 20
355923.5623804325
 10
353747.4635539797
 20
355938.0461830882
 10
353748.9400689744
 20
355938.351546803
  0
LWPOLYLINE
  5
2047
330
1F
100
AcDbEntity
  8
S-BLINDING LINE
100
AcDbPolyline
 90
        4
 70
     0
 43
0.0
 10
353749.4297141487
 20
355938.4528121948
 10
353751.0869075232
 20
355938.7955426964
 10
353754.0823581609
 20
355924.3117400406
 10
353753.5908934714
 20
355924.210098348
  0
LWPOLYLINE
  5
204F
330
1F
100
AcDbEntity
  8
S-CONCRETE PLANS
100
AcDbPolyline
 90
        3
 70
     0
 43
0.0
 10
353785.8728585442
 20
355946.7813591127
 10
353788.9948003218
 20
355946.411894761
 10
353788.6337379992
 20
355943.3609494013
  0
LWPOLYLINE
  5
2050
330
1F
100
AcDbEntity
  8
S-CONCRETE PLANS
100
AcDbPolyline
 90
        3
 70
     0
 43
0.0
 10
353788.5984804173
 20
355943.063025888
 10
353788.2308860491
 20
355939.9568853078
 10
353785.1089442713
 20
355940.3263496596
  0
LWPOLYLINE
  5
2051
330
1F
100
AcDbEntity
  8
S-CONCRETE PLANS
100
AcDbPolyline
 90
        3
 70
     0
 43
0.0
 10
353784.8110207581
 20
355940.3616072414
 10
353781.7758765959
 20
355940.7207995807
 10
353782.1434709642
 20
355943.8269401609
  0
LWPOLYLINE
  5
2052
330
1F
100
AcDbEntity
  8
S-CONCRETE PLANS
100
AcDbPolyline
 90
        3
 70
     0
 43
0.0
 10
353782.178728546
 20
355944.1248636741
 10
353782.5397908686
 20
355947.1758090339
 10
353785.574935031
 20
355946.8166166946
  0
LWPOLYLINE
  5
2053
330
1F
100
AcDbEntity
  8
S-BLINDING LINE
100
AcDbPolyline
 90
        3
 70
     0
 43
0.0
 10
353785.9839189091
 20
355946.8689144232
 10
353789.1058606868
 20
355946.4994500714
 10
353788.7447983641
 20
355943.4485047118
  0
LWPOLYLINE
  5
2054
330
1F
100
AcDbEntity
  8
S-BLINDING LINE
100
AcDbPolyline
 90
        3
 70
     0
 43
0.0
 10
353788.6860357278
 20
355942.9519655231
 10
353788.3184413594
 20
355939.8458249428
 10
353785.1964995818
 20
355940.2152892945
  0
LWPOLYLINE
  5
2055
330
1F
100
AcDbEntity
  8
S-BLINDING LINE
100
AcDbPolyline
 90
        3
 70
     0
 43
0.0
 10
353784.699960393
 20
355940.2740519309
 10
353781.6648162308
 20
355940.6332442702
 10
353782.0324105992
 20
355943.7393848504
  0
LWPOLYLINE
  5
2056
330
1F
100
AcDbEntity
  8
S-BLINDING LINE
100
AcDbPolyline
 90
        3
 70
     0
 43
0.0
 10
353782.0911732355
 20
355944.2359240391
 10
353782.4522355581
 20
355947.2868693989
 10
353785.4873797204
 20
355946.9276770595
  0
LWPOLYLINE
  5
2057
330
1F
100
AcDbEntity
  8
S-CONCRETE PLANS
100
AcDbPolyline
 90
        3
 70
     0
 43
0.0
 10
353786.9012046807
 20
355955.470794915
 10
353789.7748768639
 20
355955.1307118816
 10
353789.4432078797
 20
355952.3281376854
  0
LWPOLYLINE
  5
2058
330
1F
100
AcDbEntity
  8
S-CONCRETE PLANS
100
AcDbPolyline
 90
        3
 70
     0
 43
0.0
 10
353789.4079502978
 20
355952.0302141722
 10
353789.0697252275
 20
355949.1722416171
 10
353786.1960530442
 20
355949.5123246506
  0
LWPOLYLINE
  5
2059
330
1F
100
AcDbEntity
  8
S-CONCRETE PLANS
100
AcDbPolyline
 90
        3
 70
     0
 43
0.0
 10
353785.898129531
 20
355949.5475822324
 10
353783.1112549631
 20
355949.8773932535
 10
353783.4494800333
 20
355952.7353658086
  0
LWPOLYLINE
  5
205A
330
1F
100
AcDbEntity
  8
S-CONCRETE PLANS
100
AcDbPolyline
 90
        3
 70
     0
 43
0.0
 10
353783.4847376152
 20
355953.0332893217
 10
353783.8164065995
 20
355955.835863518
 10
353786.6032811674
 20
355955.506052497
  0
LWPOLYLINE
  5
205B
330
1F
100
AcDbEntity
  8
S-BLINDING LINE
100
AcDbPolyline
 90
        3
 70
     0
 43
0.0
 10
353787.0122650457
 20
355955.5583502255
 10
353789.8859372289
 20
355955.2182671921
 10
353789.5542682446
 20
355952.4156929958
  0
LWPOLYLINE
  5
205C
330
1F
100
AcDbEntity
  8
S-BLINDING LINE
100
AcDbPolyline
 90
        3
 70
     0
 43
0.0
 10
353789.4955056083
 20
355951.9191538071
 10
353789.1572805379
 20
355949.061181252
 10
353786.2836083546
 20
355949.4012642856
  0
LWPOLYLINE
  5
205D
330
1F
100
AcDbEntity
  8
S-BLINDING LINE
100
AcDbPolyline
 90
        3
 70
     0
 43
0.0
 10
353785.7870691659
 20
355949.4600269219
 10
353783.000194598
 20
355949.789837943
 10
353783.3384196684
 20
355952.6478104981
  0
LWPOLYLINE
  5
205E
330
1F
100
AcDbEntity
  8
S-BLINDING LINE
100
AcDbPolyline
 90
        3
 70
     0
 43
0.0
 10
353783.3971823047
 20
355953.1443496869
 10
353783.728851289
 20
355955.9469238831
 10
353786.515725857
 20
355955.6171128619
  0
LWPOLYLINE
  5
205F
330
1F
100
AcDbEntity
  8
S-CONCRETE PLANS
100
AcDbPolyline
 90
        3
 70
     0
 43
0.0
 10
353764.4934497043
 20
355925.5466032452
 10
353770.1829880881
 20
355924.873278193
 10
353770.5623349473
 20
355928.0787263032
  0
LWPOLYLINE
  5
2060
330
1F
100
AcDbEntity
  8
S-CONCRETE PLANS
100
AcDbPolyline
 90
        3
 70
     0
 43
0.0
 10
353770.5975925292
 20
355928.3766498164
 10
353770.8411296173
 20
355930.4345171224
 10
353772.3370022945
 20
355930.2574889559
  0
LWPOLYLINE
  5
2061
330
1F
100
AcDbEntity
  8
S-CONCRETE PLANS
100
AcDbPolyline
 90
        4
 70
     0
 43
0.0
 10
353772.6349258078
 20
355930.2222313741
 10
353774.2234121973
 20
355930.0342428925
 10
353774.811038561
 20
355934.9996347795
 10
353766.0723878541
 20
355936.0338052247
  0
LWPOLYLINE
  5
2062
330
1F
100
AcDbEntity
  8
S-CONCRETE PLANS
100
AcDbPolyline
 90
        2
 70
     0
 43
0.0
 10
353765.7744643409
 20
355936.0690628067
 10
353762.3788095029
 20
355936.4709195685
  0
LWPOLYLINE
  5
2063
330
1F
100
AcDbEntity
  8
S-CONCRETE PLANS
100
AcDbPolyline
 90
        7
 70
     0
 43
0.0
 10
353762.0660552212
 20
355936.5079322887
 10
353760.4114020886
 20
355936.7037512344
 10
353760.109397706
 20
355934.1518403541
 10
353760.6648095235
 20
355931.6388277002
 10
353762.7971947604
 20
355931.3864718316
 10
353762.1390532311
 20
355925.8252329022
 10
353764.1784067541
 20
355925.5838868166
  0
LWPOLYLINE
  5
2064
330
1F
100
AcDbEntity
  8
S-BLINDING LINE
100
AcDbPolyline
 90
        3
 70
     0
 43
0.0
 10
353770.7086528942
 20
355928.4642051268
 10
353770.9286849279
 20
355930.3234567573
 10
353772.2259419295
 20
355930.1699336454
  0
LWPOLYLINE
  5
2065
330
1F
100
AcDbEntity
  8
S-BLINDING LINE
100
AcDbPolyline
 90
        4
 70
     0
 43
0.0
 10
353772.7224811182
 20
355930.111171009
 10
353774.3109675079
 20
355929.9231825274
 10
353774.9220989261
 20
355935.08719009
 10
353773.3336125365
 20
355935.2751785715
  0
LWPOLYLINE
  5
2066
330
1F
100
AcDbEntity
  8
S-BLINDING LINE
100
AcDbPolyline
 90
        2
 70
     0
 43
0.0
 10
353772.8370733478
 20
355935.3339412079
 10
353766.1834482192
 20
355936.1213605352
  0
LWPOLYLINE
  5
2067
330
1F
100
AcDbEntity
  8
S-BLINDING LINE
100
AcDbPolyline
 90
        2
 70
     0
 43
0.0
 10
353765.6869090304
 20
355936.1801231716
 10
353762.4630910135
 20
355936.5616440066
  0
LWPOLYLINE
  5
2068
330
1F
100
AcDbEntity
  8
S-BLINDING LINE
100
AcDbPolyline
 90
        8
 70
     0
 43
0.0
 10
353761.9418338775
 20
355936.6233318738
 10
353760.3238467781
 20
355936.8148115993
 10
353760.0065285417
 20
355934.1334999805
 10
353760.295299576
 20
355932.8473277647
 10
353760.5824983496
 20
355931.5478700837
 10
353762.6861343953
 20
355931.298916521
 10
353762.027992866
 20
355925.7376775916
 10
353764.1008601588
 20
355925.4923653389
  0
LWPOLYLINE
  5
2069
330
1F
100
AcDbEntity
  8
S-BLINDING LINE
100
AcDbPolyline
 90
        2
 70
     0
 43
0.0
 10
353764.5237358952
 20
355925.4423203601
 10
353764.5295046317
 20
355925.4416376624
  0
LWPOLYLINE
  5
206A
330
1F
100
AcDbEntity
  8
S-BLINDING LINE
100
AcDbPolyline
 90
        3
 70
     0
 43
0.0
 10
353764.6374320232
 20
355925.4288650592
 10
353770.2705433986
 20
355924.7622178279
 10
353770.6498902578
 20
355927.9676659381
  0
LWPOLYLINE
  5
207C
330
1F
100
AcDbEntity
  8
S-CONCRETE PLANS
100
AcDbPolyline
 90
        6
 70
     0
 43
0.0
 10
353789.5771624577
 20
355943.2493003922
 10
353789.9088434623
 20
355946.0519761576
 10
353795.8673137266
 20
355945.3468245211
 10
353795.1621620902
 20
355939.3883542567
 10
353789.2036918257
 20
355940.0935058931
 10
353789.5419048759
 20
355942.9513768789
  0
LWPOLYLINE
  5
207D
330
1F
100
AcDbEntity
  8
S-BLINDING LINE
100
AcDbPolyline
 90
        3
 70
     0
 43
0.0
 10
353795.0349496332
 20
355945.5460288407
 10
353795.9783740917
 20
355945.4343798316
 10
353795.6466930872
 20
355942.6317040662
  0
LWPOLYLINE
  5
207E
330
1F
100
AcDbEntity
  8
S-BLINDING LINE
100
AcDbPolyline
 90
        3
 70
     0
 43
0.0
 10
353795.5879304508
 20
355942.1351648775
 10
353795.2497174007
 20
355939.2772938916
 10
353794.3062929421
 20
355939.3889429006
  0
LWPOLYLINE
  5
207F
330
1F
100
AcDbEntity
  8
S-BLINDING LINE
100
AcDbPolyline
 90
        3
 70
     0
 43
0.0
 10
353789.4402088929
 20
355939.9648167371
 10
353789.0926314606
 20
355940.0059505826
 10
353789.4308445109
 20
355942.8638215685
  0
LWPOLYLINE
  5
2080
330
1F
100
AcDbEntity
  8
S-BLINDING LINE
100
AcDbPolyline
 90
        3
 70
     0
 43
0.0
 10
353789.4896071473
 20
355943.3603607572
 10
353789.8212881517
 20
355946.1630365226
 10
353790.1688655838
 20
355946.1219026771
  0
LWPOLYLINE
  5
2081
330
1F
100
AcDbEntity
  8
S-CONCRETE PLANS
100
AcDbPolyline
 90
        4
 70
     0
 43
0.0
 10
353790.6349019326
 20
355952.1871073581
 10
353790.9665709169
 20
355954.9896815543
 10
353796.9250411813
 20
355954.2845299179
 10
353796.5933601769
 20
355951.4818541524
  0
LWPOLYLINE
  5
2082
330
1F
100
AcDbEntity
  8
S-CONCRETE PLANS
100
AcDbPolyline
 90
        4
 70
     0
 43
0.0
 10
353796.5581025951
 20
355951.1839306392
 10
353796.2198895449
 20
355948.3260596533
 10
353790.2614192804
 20
355949.0312112898
 10
353790.5996443507
 20
355951.8891838449
  0
LWPOLYLINE
  5
2083
330
1F
100
AcDbEntity
  8
S-BLINDING LINE
100
AcDbPolyline
 90
        3
 70
     0
 43
0.0
 10
353790.4979363475
 20
355948.9025221338
 10
353790.1503589154
 20
355948.9436559792
 10
353790.4885839857
 20
355951.8016285344
  0
LWPOLYLINE
  5
2084
330
1F
100
AcDbEntity
  8
S-BLINDING LINE
100
AcDbPolyline
 90
        3
 70
     0
 43
0.0
 10
353790.5473466221
 20
355952.2981677231
 10
353790.8790156063
 20
355955.1007419193
 10
353791.2265930385
 20
355955.0596080738
  0
LWPOLYLINE
  5
2085
330
1F
100
AcDbEntity
  8
S-BLINDING LINE
100
AcDbPolyline
 90
        3
 70
     0
 43
0.0
 10
353796.0926770878
 20
355954.4837342374
 10
353797.0361015464
 20
355954.3720852283
 10
353796.7044205419
 20
355951.569409463
  0
LWPOLYLINE
  5
2086
330
1F
100
AcDbEntity
  8
S-BLINDING LINE
100
AcDbPolyline
 90
        3
 70
     0
 43
0.0
 10
353796.6456579055
 20
355951.0728702742
 10
353796.3074448554
 20
355948.2149992883
 10
353795.3640203968
 20
355948.3266482974
  0
LWPOLYLINE
  5
2087
330
1F
100
AcDbEntity
  8
S-BLINDING LINE
100
AcDbPolyline
 90
        3
 70
     0
 43
0.0
 10
353791.5262890552
 20
355957.5920134611
 10
353790.9337624261
 20
355957.6621356743
 10
353791.3004307895
 20
355960.7684325311
  0
LWPOLYLINE
  5
2088
330
1F
100
AcDbEntity
  8
S-BLINDING LINE
100
AcDbPolyline
 90
        2
 70
     0
 43
0.0
 10
353791.3590445284
 20
355961.2649893411
 10
353791.8220930656
 20
355965.1877881392
  0
LWPOLYLINE
  5
2089
330
1F
100
AcDbEntity
  8
S-BLINDING LINE
100
AcDbPolyline
 90
        3
 70
     0
 43
0.0
 10
353791.8807068044
 20
355965.6843449491
 10
353792.2408422486
 20
355968.735297008
 10
353792.8366892752
 20
355968.6647818443
  0
LWPOLYLINE
  5
208A
330
1F
100
AcDbEntity
  8
S-BLINDING LINE
100
AcDbPolyline
 90
        3
 70
     0
 43
0.0
 10
353797.7027733244
 20
355968.0889080079
 10
353798.8944673773
 20
355967.9478776807
 10
353798.530235041
 20
355964.8973074742
  0
LWPOLYLINE
  5
208B
330
1F
100
AcDbEntity
  8
S-BLINDING LINE
100
AcDbPolyline
 90
        2
 70
     0
 43
0.0
 10
353798.4709564872
 20
355964.4008293415
 10
353798.0026559119
 20
355960.4786520928
  0
LWPOLYLINE
  5
208C
330
1F
100
AcDbEntity
  8
S-BLINDING LINE
100
AcDbPolyline
 90
        3
 70
     0
 43
0.0
 10
353797.9433773581
 20
355959.9821739599
 10
353797.5726354471
 20
355956.8770838414
 10
353796.3924456588
 20
355957.0167527033
  0
LWPOLYLINE
  5
208D
330
1F
100
AcDbEntity
  8
S-CONCRETE PLANS
100
AcDbPolyline
 90
        4
 70
     1
 43
0.0
 10
353786.8015485272
 20
355981.0600543042
 10
353792.7600187916
 20
355980.3549026678
 10
353792.0548671552
 20
355974.3964324034
 10
353786.0963968908
 20
355975.1015840398
  0
LWPOLYLINE
  5
208E
330
1F
100
AcDbEntity
  8
S-BLINDING LINE
100
AcDbPolyline
 90
        4
 70
     0
 43
0.0
 10
353786.6611068439
 20
355980.7242293995
 10
353786.7139932167
 20
355981.1711146693
 10
353792.8710791565
 20
355980.4424579783
 10
353792.8181927838
 20
355979.9955727085
  0
LWPOLYLINE
  5
208F
330
1F
100
AcDbEntity
  8
S-BLINDING LINE
100
AcDbPolyline
 90
        3
 70
     0
 43
0.0
 10
353792.2423189474
 20
355975.1294886591
 10
353792.1424224656
 20
355974.2853720383
 10
353789.2687502824
 20
355974.6254550719
  0
LWPOLYLINE
  5
2090
330
1F
100
AcDbEntity
  8
S-BLINDING LINE
100
AcDbPolyline
 90
        3
 70
     0
 43
0.0
 10
353788.7722110936
 20
355974.6842177082
 10
353785.9853365257
 20
355975.0140287293
 10
353786.0852330075
 20
355975.8581453501
  0
LWPOLYLINE
  5
2091
330
1F
100
AcDbEntity
  8
S-CONCRETE PLANS
100
AcDbPolyline
 90
        6
 70
     0
 43
0.0
 10
353777.7648983085
 20
355976.0875703079
 10
353774.9739190637
 20
355976.4178670945
 10
353775.6790707002
 20
355982.376337359
 10
353781.6375409646
 20
355981.6711857225
 10
353780.9323893281
 20
355975.712715458
 10
353778.0587171448
 20
355976.0527984916
  0
LWPOLYLINE
  5
2092
330
1F
100
AcDbEntity
  8
S-BLINDING LINE
100
AcDbPolyline
 90
        4
 70
     0
 43
0.0
 10
353775.5386290169
 20
355982.0405124542
 10
353775.5915153896
 20
355982.487397724
 10
353781.7486013295
 20
355981.758741033
 10
353781.6957149568
 20
355981.3118557631
  0
LWPOLYLINE
  5
2093
330
1F
100
AcDbEntity
  8
S-BLINDING LINE
100
AcDbPolyline
 90
        3
 70
     0
 43
0.0
 10
353781.1198411204
 20
355976.4457717137
 10
353781.0199446385
 20
355975.601655093
 10
353778.1462724553
 20
355975.9417381265
  0
LWPOLYLINE
  5
2094
330
1F
100
AcDbEntity
  8
S-BLINDING LINE
100
AcDbPolyline
 90
        3
 70
     0
 43
0.0
 10
353777.6497332666
 20
355976.0005007629
 10
353774.8628586987
 20
355976.330311784
 10
353774.9627551805
 20
355977.1744284048
  0
LWPOLYLINE
  5
2095
330
1F
100
AcDbEntity
  8
S-CONCRETE PLANS
100
AcDbPolyline
 90
        5
 70
     0
 43
0.0
 10
353768.1653694214
 20
355980.1506634811
 10
353768.5289063827
 20
355983.2225193228
 10
353774.4873766472
 20
355982.5173676863
 10
353773.7822250108
 20
355976.5588974218
 10
353770.9085528275
 20
355976.8989804553
  0
LWPOLYLINE
  5
2096
330
1F
100
AcDbEntity
  8
S-CONCRETE PLANS
100
AcDbPolyline
 90
        3
 70
     0
 43
0.0
 10
353770.6106293143
 20
355976.9342380371
 10
353767.8237547463
 20
355977.2640490582
 10
353768.1299632619
 20
355979.8514844988
  0
LWPOLYLINE
  5
2097
330
1F
100
AcDbEntity
  8
S-BLINDING LINE
100
AcDbPolyline
 90
        3
 70
     0
 43
0.0
 10
353773.9696768031
 20
355977.2919536775
 10
353773.8697803213
 20
355976.4478370567
 10
353770.9961081379
 20
355976.7879200903
  0
LWPOLYLINE
  5
2098
330
1F
100
AcDbEntity
  8
S-BLINDING LINE
100
AcDbPolyline
 90
        3
 70
     0
 43
0.0
 10
353770.4995689491
 20
355976.8466827267
 10
353767.7126943812
 20
355977.1764937478
 10
353768.017773296
 20
355979.7543841578
  0
LWPOLYLINE
  5
2099
330
1F
100
AcDbEntity
  8
S-BLINDING LINE
100
AcDbPolyline
 90
        4
 70
     0
 43
0.0
 10
353768.0767835619
 20
355980.2530157949
 10
353768.4413510723
 20
355983.3335796878
 10
353774.5984370122
 20
355982.6049229967
 10
353774.5455506396
 20
355982.1580377269
  0
LWPOLYLINE
  5
209A
330
1F
100
AcDbEntity
  8
S-CONCRETE PLANS
100
AcDbPolyline
 90
        2
 70
     0
 43
0.0
 10
353774.4344902744
 20
355982.0704824164
 10
353775.6261843274
 20
355981.9294520891
  0
LWPOLYLINE
  5
209B
330
1F
100
AcDbEntity
  8
S-CONCRETE PLANS
100
AcDbPolyline
 90
        2
 70
     0
 43
0.0
 10
353781.5846545919
 20
355981.2243004527
 10
353786.7486621544
 20
355980.6131690344
  0
LWPOLYLINE
  5
209C
330
1F
100
AcDbEntity
  8
S-CONCRETE PLANS
100
AcDbPolyline
 90
        3
 70
     0
 43
0.0
 10
353792.7071324189
 20
355979.9080173979
 10
353798.9138722778
 20
355979.1734844433
 10
353797.5917129595
 20
355968.0013526974
  0
LWPOLYLINE
  5
209D
330
1F
100
AcDbEntity
  8
S-CONCRETE PLANS
100
AcDbPolyline
 90
        2
 70
     0
 43
0.0
 10
353795.2764650864
 20
355948.4377086624
 10
353794.9238892681
 20
355945.4584735302
  0
LWPOLYLINE
  5
209E
330
1F
100
AcDbEntity
  8
S-CONCRETE PLANS
100
AcDbPolyline
 90
        2
 70
     0
 43
0.0
 10
353788.7520974032
 20
355933.2994390812
 10
353789.5512692579
 20
355940.0523720476
  0
LWPOLYLINE
  5
209F
330
1F
100
AcDbEntity
  8
S-CONCRETE PLANS
100
AcDbPolyline
 90
        2
 70
     0
 43
0.0
 10
353790.2564208944
 20
355946.0108423121
 10
353790.6089967126
 20
355948.9900774443
  0
LWPOLYLINE
  5
20A0
330
1F
100
AcDbEntity
  8
S-CONCRETE PLANS
100
AcDbPolyline
 90
        4
 70
     0
 43
0.0
 10
353791.3141483491
 20
355954.9485477088
 10
353791.6373428491
 20
355957.6795132467
 10
353791.0414958225
 20
355957.7500284103
 10
353791.409102211
 20
355960.8562705597
  0
LWPOLYLINE
  5
20A1
330
1F
100
AcDbEntity
  8
S-CONCRETE PLANS
100
AcDbPolyline
 90
        2
 70
     0
 43
0.0
 10
353791.4443597929
 20
355961.1541940729
 10
353791.9320896748
 20
355965.2754693392
  0
LWPOLYLINE
  5
20A2
330
1F
100
AcDbEntity
  8
S-CONCRETE PLANS
100
AcDbPolyline
 90
        4
 70
     0
 43
0.0
 10
353791.9673472565
 20
355965.5733928525
 10
353792.328397559
 20
355968.624236643
 10
353798.7834070122
 20
355967.8603223701
 10
353798.4223446896
 20
355964.8093770105
  0
LWPOLYLINE
  5
20A3
330
1F
100
AcDbEntity
  8
S-CONCRETE PLANS
100
AcDbPolyline
 90
        2
 70
     0
 43
0.0
 10
353798.3870871078
 20
355964.5114534973
 10
353797.8993572259
 20
355960.3901782309
  0
LWPOLYLINE
  5
20A4
330
1F
100
AcDbEntity
  8
S-CONCRETE PLANS
100
AcDbPolyline
 90
        4
 70
     0
 43
0.0
 10
353797.8640996441
 20
355960.0922547178
 10
353797.4965052757
 20
355956.9861141375
 10
353796.3048112228
 20
355957.1271444648
 10
353795.9816167229
 20
355954.396178927
  0
LWPOLYLINE
  5
20A5
330
1F
100
AcDbEntity
  8
S-CONCRETE PLANS
100
AcDbPolyline
 90
        2
 70
     0
 43
0.0
 10
353792.9242445855
 20
355968.5537214793
 10
353793.2037070195
 20
355970.9151548457
  0
LWPOLYLINE
  5
20A6
330
1F
100
AcDbEntity
  8
S-CONCRETE PLANS
100
AcDbPolyline
 90
        3
 70
     0
 43
0.0
 10
353793.2389646013
 20
355971.2130783589
 10
353793.6940351221
 20
355975.0583848514
 10
353792.1547636371
 20
355975.2405490242
  0
LWPOLYLINE
  5
20A7
330
1F
100
AcDbEntity
  8
S-CONCRETE PLANS
100
AcDbPolyline
 90
        2
 70
     0
 43
0.0
 10
353786.1962933725
 20
355975.9457006606
 10
353781.03228581
 20
355976.5568320788
  0
LWPOLYLINE
  5
20A8
330
1F
100
AcDbEntity
  8
S-CONCRETE PLANS
100
AcDbPolyline
 90
        2
 70
     0
 43
0.0
 10
353775.0738155455
 20
355977.2619837153
 10
353773.8821214926
 20
355977.4030140426
  0
LWPOLYLINE
  5
20A9
330
1F
100
AcDbEntity
  8
S-BLINDING LINE
100
AcDbPolyline
 90
        2
 70
     0
 43
0.0
 10
353774.5455506396
 20
355982.1580377269
 10
353775.5386290169
 20
355982.0405124542
  0
LWPOLYLINE
  5
20AA
330
1F
100
AcDbEntity
  8
S-BLINDING LINE
100
AcDbPolyline
 90
        2
 70
     0
 43
0.0
 10
353781.6957149568
 20
355981.3118557631
 10
353786.6611068439
 20
355980.7242293995
  0
LWPOLYLINE
  5
20AB
102
{ACAD_REACTORS
330
3AF1
102
}
330
1F
100
AcDbEntity
  8
S-BLINDING LINE
100
AcDbPolyline
 90
        3
 70
     0
 43
0.0
 10
353792.8181927838
 20
355979.9955727085
 10
353799.0249326428
 20
355979.2610397539
 10
353797.7027733244
 20
355968.0889080079
  0
LWPOLYLINE
  5
20AC
330
1F
100
AcDbEntity
  8
S-BLINDING LINE
100
AcDbPolyline
 90
        2
 70
     0
 43
0.0
 10
353796.3924456588
 20
355957.0167527033
 10
353796.0926770878
 20
355954.4837342374
  0
LWPOLYLINE
  5
20AD
330
1F
100
AcDbEntity
  8
S-BLINDING LINE
100
AcDbPolyline
 90
        2
 70
     0
 43
0.0
 10
353795.3640203968
 20
355948.3266482974
 10
353795.0349496332
 20
355945.5460288407
  0
LWPOLYLINE
  5
20AE
330
1F
100
AcDbEntity
  8
S-BLINDING LINE
100
AcDbPolyline
 90
        2
 70
     0
 43
0.0
 10
353794.3062929421
 20
355939.3889429006
 10
353793.530626142
 20
355932.8346256098
  0
LWPOLYLINE
  5
20AF
330
1F
100
AcDbEntity
  8
S-CONCRETE PLANS
100
AcDbPolyline
 90
        2
 70
     0
 43
0.0
 10
353794.2187376317
 20
355939.5000032657
 10
353793.4195657771
 20
355932.7470702993
  0
LWPOLYLINE
  5
20B0
330
1F
100
AcDbEntity
  8
S-CONCRETE PLANS
100
AcDbPolyline
 90
        2
 70
     0
 43
0.0
 10
353791.3311579641
 20
355928.7145276318
 10
353790.5084810166
 20
355921.7629786661
  0
LWPOLYLINE
  5
20B1
330
1F
100
AcDbEntity
  8
S-CONCRETE PLANS
100
AcDbPolyline
 90
        6
 70
     0
 43
0.0
 10
353790.2881964433
 20
355919.7252454515
 10
353777.6318486501
 20
355921.2230534394
 10
353777.5969557941
 20
355920.9282118283
 10
353763.5882243574
 20
355922.5860668579
 10
353763.8820375393
 20
355925.0687628014
 10
353764.3439422431
 20
355925.0140989627
  0
LWPOLYLINE
  5
20B2
330
1F
100
AcDbEntity
  8
S-CONCRETE PLANS
100
AcDbPolyline
 90
        5
 70
     0
 43
0.0
 10
353764.665703358
 20
355924.9760203341
 10
353777.4179006817
 20
355923.4668690901
 10
353777.8581949984
 20
355927.1873179382
 10
353775.7727304058
 20
355927.434121011
 10
353775.7759964286
 20
355927.4617186213
  0
LWPOLYLINE
  5
20B3
330
1F
100
AcDbEntity
  8
S-CONCRETE PLANS
100
AcDbPolyline
 90
        3
 70
     0
 43
0.0
 10
353775.8112540105
 20
355927.7596421345
 10
353776.6365411987
 20
355934.7332474086
 10
353784.0412302216
 20
355933.8569438692
  0
LWPOLYLINE
  5
20B4
330
1F
100
AcDbEntity
  8
S-CONCRETE PLANS
100
AcDbPolyline
 90
        2
 70
     0
 43
0.0
 10
353784.3391537348
 20
355933.8216862875
 10
353788.7520974032
 20
355933.2994390812
  0
LWPOLYLINE
  5
20B5
330
1F
100
AcDbEntity
  8
S-BLINDING LINE
100
AcDbPolyline
 90
        2
 70
     0
 43
0.0
 10
353790.1688655838
 20
355946.1219026771
 10
353790.4979363475
 20
355948.9025221338
  0
LWPOLYLINE
  5
20B6
330
1F
100
AcDbEntity
  8
S-BLINDING LINE
100
AcDbPolyline
 90
        2
 70
     0
 43
0.0
 10
353791.2265930385
 20
355955.0596080738
 10
353791.5262890552
 20
355957.5920134611
  0
LWPOLYLINE
  5
20B7
330
1F
100
AcDbEntity
  8
S-BLINDING LINE
100
AcDbPolyline
 90
        2
 70
     0
 43
0.0
 10
353792.8366892752
 20
355968.6647818443
 10
353793.0926466545
 20
355970.8275995352
  0
LWPOLYLINE
  5
20B8
330
1F
100
AcDbEntity
  8
S-BLINDING LINE
100
AcDbPolyline
 90
        3
 70
     0
 43
0.0
 10
353793.1514092909
 20
355971.3241387239
 10
353793.5829747571
 20
355974.9708295409
 10
353792.2423189474
 20
355975.1294886591
  0
LWPOLYLINE
  5
20B9
330
1F
100
AcDbEntity
  8
S-BLINDING LINE
100
AcDbPolyline
 90
        2
 70
     0
 43
0.0
 10
353786.0852330075
 20
355975.8581453501
 10
353781.1198411204
 20
355976.4457717137
  0
LWPOLYLINE
  5
20BA
330
1F
100
AcDbEntity
  8
S-BLINDING LINE
100
AcDbPolyline
 90
        2
 70
     0
 43
0.0
 10
353774.9627551805
 20
355977.1744284048
 10
353773.9696768031
 20
355977.2919536775
  0
LINE
  5
20BB
330
1F
100
AcDbEntity
  8
S-CONCRETE PLANS
100
AcDbLine
 10
353791.6373428491
 20
355957.6795132467
 30
0.0
 11
353796.3048112228
 21
355957.1271444648
 31
0.0
  0
LWPOLYLINE
  5
20BC
330
1F
100
AcDbEntity
  8
S-CONCRETE PLANS
100
AcDbPolyline
 90
        4
 70
     0
 43
0.0
 10
353765.4585836274
 20
355922.3647202972
 10
353763.9030707051
 20
355920.5578306815
 10
353765.2672227454
 20
355919.3834611416
 10
353767.614119117
 20
355922.1096247256
  0
LWPOLYLINE
  5
20BD
330
1F
100
AcDbEntity
  8
S-BLINDING LINE
100
AcDbPolyline
 90
        4
 70
     0
 43
0.0
 10
353765.2601576216
 20
355922.2875042218
 10
353763.8272844807
 20
355920.6230734336
 10
353765.3430089698
 20
355919.3182183894
 10
353767.6551970545
 20
355922.0040646978
  0
TEXT
  5
20BE
330
1F
100
AcDbEntity
  8
S-Text-Col.
 48
0.05
100
AcDbText
 10
353768.0247129537
 20
355976.1019985798
 30
0.0
 40
0.3000025280018256
  1
F4
 50
353.2507566816763
  7
ARIAL
 11
353768.0423417446
 21
355976.2509603365
 31
0.0
100
AcDbText
 73
     2
  0
TEXT
  5
20BF
330
1F
100
AcDbEntity
  8
S-Text-Col.
 48
0.05
100
AcDbText
 10
353766.8406509194
 20
355970.3512527083
 30
0.0
 40
0.3000025280018256
  1
F6
 50
353.2507566816763
  7
ARIAL
 11
353766.8582797103
 21
355970.5002144649
 31
0.0
100
AcDbText
 73
     2
  0
TEXT
  5
20C0
330
1F
100
AcDbEntity
  8
S-Text-Col.
 48
0.05
100
AcDbText
 10
353773.5412861572
 20
355969.9610647319
 30
0.0
 40
0.3000025280018256
  1
F7
 50
353.2507566816763
  7
ARIAL
 11
353773.558914948
 21
355970.1100264886
 31
0.0
100
AcDbText
 73
     2
  0
TEXT
  5
20C1
330
1F
100
AcDbEntity
  8
S-Text-Col.
 48
0.05
100
AcDbText
 10
353775.2624325814
 20
355975.1447562512
 30
0.0
 40
0.3000025280018256
  1
F5
 50
353.2507566816763
  7
ARIAL
 11
353775.2800613723
 21
355975.2937180078
 31
0.0
100
AcDbText
 73
     2
  0
TEXT
  5
20C2
330
1F
100
AcDbEntity
  8
S-Text-Col.
 48
0.05
100
AcDbText
 10
353786.3849104085
 20
355973.8284731964
 30
0.0
 40
0.3000025280018256
  1
F5
 50
353.2507566816763
  7
ARIAL
 11
353786.4025391994
 21
355973.977434953
 31
0.0
100
AcDbText
 73
     2
  0
TEXT
  5
20C3
330
1F
100
AcDbEntity
  8
S-Text-Col.
 48
0.05
100
AcDbText
 10
353784.6637639842
 20
355968.6447816773
 30
0.0
 40
0.3000025280018256
  1
F7
 50
353.2507566816763
  7
ARIAL
 11
353784.6813927751
 21
355968.7937434339
 31
0.0
100
AcDbText
 73
     2
  0
TEXT
  5
20C4
330
1F
100
AcDbEntity
  8
S-Text-Col.
 48
0.05
100
AcDbText
 10
353765.070320443
 20
355957.6351239062
 30
0.0
 40
0.3000025280018256
  1
F1
 50
353.2507566816763
  7
ARIAL
 11
353765.087949234
 21
355957.7840856628
 31
0.0
100
AcDbText
 73
     2
  0
TEXT
  5
20C5
330
1F
100
AcDbEntity
  8
S-Text-Col.
 48
0.05
100
AcDbText
 10
353771.8121981263
 20
355957.4776584947
 30
0.0
 40
0.3000025280018256
  1
F8
 50
353.2507566816763
  7
ARIAL
 11
353771.8298269172
 21
355957.6266202514
 31
0.0
100
AcDbText
 73
     2
  0
TEXT
  5
20C6
330
1F
100
AcDbEntity
  8
S-Text-Col.
 48
0.05
100
AcDbText
 10
353781.8769484986
 20
355947.2236700433
 30
0.0
 40
0.3000025280018256
  1
F8
 50
353.2507566816763
  7
ARIAL
 11
353781.8945772895
 21
355947.3726318
 31
0.0
100
AcDbText
 73
     2
  0
TEXT
  5
20C7
330
1F
100
AcDbEntity
  8
S-Text-Col.
 48
0.05
100
AcDbText
 10
353783.1535642295
 20
355955.8837245275
 30
0.0
 40
0.3000025280018256
  1
F9
 50
353.2507566816763
  7
ARIAL
 11
353783.1711930204
 21
355956.0326862841
 31
0.0
100
AcDbText
 73
     2
  0
TEXT
  5
20C8
330
1F
100
AcDbEntity
  8
S-Text-Col.
 48
0.05
100
AcDbText
 10
353764.0125929884
 20
355948.6974185096
 30
0.0
 40
0.3000025280018256
  1
F1
 50
353.2507566816763
  7
ARIAL
 11
353764.0302217794
 21
355948.8463802662
 31
0.0
100
AcDbText
 73
     2
  0
TEXT
  5
20C9
330
1F
100
AcDbEntity
  8
S-Text-Col.
 48
0.05
100
AcDbText
 10
353770.4659417825
 20
355948.6884836952
 30
0.0
 40
0.3000025280018256
  1
F10
 50
353.2507566816763
  7
ARIAL
 11
353770.4835705735
 21
355948.8374454518
 31
0.0
100
AcDbText
 73
     2
  0
TEXT
  5
20CA
330
1F
100
AcDbEntity
  8
S-Text-Col.
 48
0.05
100
AcDbText
 10
353805.1830500767
 20
355974.6105881193
 30
0.0
 40
0.2000016853345504
  1
W4
 50
353.2507566816763
  7
ARIAL
 11
353805.194802604
 21
355974.7098959571
 31
0.0
100
AcDbText
 73
     2
  0
TEXT
  5
20CB
330
1F
100
AcDbEntity
  8
S-Text-Col.
 48
0.05
100
AcDbText
 10
353802.6318304714
 20
355974.9061129326
 30
0.0
 40
0.2000016853345504
  1
W4
 50
353.2507566816763
  7
ARIAL
 11
353802.6435829986
 21
355975.0054207702
 31
0.0
100
AcDbText
 73
     2
  0
TEXT
  5
20CC
330
1F
100
AcDbEntity
  8
S-Text-Col.
 48
0.05
100
AcDbText
 10
353802.5557034063
 20
355973.293991293
 30
0.0
 40
0.2000016853345504
  1
W4
 50
353.2507566816763
  7
ARIAL
 11
353802.5674559336
 21
355973.3932991306
 31
0.0
100
AcDbText
 73
     2
  0
TEXT
  5
20CD
330
1F
100
AcDbEntity
  8
S-Text-Col.
 48
0.05
100
AcDbText
 10
353804.0908611347
 20
355973.0675287989
 30
0.0
 40
0.2000016853345504
  1
W4
 50
353.2507566816763
  7
ARIAL
 11
353804.102613662
 21
355973.1668366366
 31
0.0
100
AcDbText
 73
     2
  0
TEXT
  5
20CE
330
1F
100
AcDbEntity
  8
S-Text-Col.
 48
0.05
100
AcDbText
 10
353797.1260437841
 20
355973.2147615454
 30
0.0
 40
0.2000016853345504
  1
W4
 50
353.2507566816763
  7
ARIAL
 11
353797.1377963113
 21
355973.3140693832
 31
0.0
100
AcDbText
 73
     2
  0
TEXT
  5
20CF
330
1F
100
AcDbEntity
  8
S-Text-Col.
 48
0.05
100
AcDbText
 10
353795.5810990907
 20
355975.6763258285
 30
0.0
 40
0.2000016853345504
  1
W3
 50
353.2507566816763
  7
ARIAL
 11
353795.5928516178
 21
355975.7756336662
 31
0.0
100
AcDbText
 73
     2
  0
TEXT
  5
20D0
330
1F
100
AcDbEntity
  8
S-Text-Col.
 48
0.05
100
AcDbText
 10
353799.1688343052
 20
355977.0487461066
 30
0.0
 40
0.2000016853345504
  1
W4
 50
353.2507566816763
  7
ARIAL
 11
353799.1805868325
 21
355977.1480539444
 31
0.0
100
AcDbText
 73
     2
  0
TEXT
  5
20D1
330
1F
100
AcDbEntity
  8
S-Text-Col.
 48
0.05
100
AcDbText
 10
353803.6101948288
 20
355976.5359737602
 30
0.0
 40
0.2000016853345504
  1
W4
 50
353.2507566816763
  7
ARIAL
 11
353803.6219473561
 21
355976.6352815979
 31
0.0
100
AcDbText
 73
     2
  0
LINE
  5
20D5
330
1F
100
AcDbEntity
  8
S-Steel
100
AcDbLine
 10
353746.012632484
 20
355960.8221396576
 30
0.0
 11
353747.33053193
 21
355954.4570903172
 31
0.0
  0
LINE
  5
20D7
330
1F
100
AcDbEntity
  8
S-Steel
100
AcDbLine
 10
353745.3603749451
 20
355964.4402169479
 30
0.0
 11
353746.2069014589
 21
355960.3517540189
 31
0.0
  0
LINE
  5
20DD
330
1F
100
AcDbEntity
  8
S-Steel
100
AcDbLine
 10
353747.7522354145
 20
355947.723240056
 30
0.0
 11
353745.6478230894
 21
355957.8869049124
 31
0.0
  0
LINE
  5
20DF
330
1F
100
AcDbEntity
  8
S-Steel
100
AcDbLine
 10
353745.7323094117
 20
355956.9856445254
 30
0.0
 11
353743.6278970864
 21
355967.1493093818
 31
0.0
  0
CIRCLE
  5
20E3
330
1F
100
AcDbEntity
  8
S-TAGS
 48
0.05
100
AcDbCircle
 10
353754.815190779
 20
355966.668797226
 30
0.0
 40
0.0637505372003879
1001
AcDbBlockRepETag
1070
     1
1071
        1
1005
0
  0
CIRCLE
  5
20E6
330
1F
100
AcDbEntity
  8
S-TAGS
 48
0.05
100
AcDbCircle
 10
353758.5004496419
 20
355947.683259583
 30
0.0
 40
0.0637505372003879
1001
AcDbBlockRepETag
1070
     1
1071
        1
1005
0
  0
LINE
  5
210C
330
1F
100
AcDbEntity
  8
S-Steel
100
AcDbLine
 10
353761.1046739618
 20
355953.5317891029
 30
0.0
 11
353761.8343817697
 21
355950.0137145687
 31
0.0
  0
LWPOLYLINE
  5
210E
330
1F
100
AcDbEntity
  8
S-CONCRETE PLANS
100
AcDbPolyline
 90
        3
 70
     0
 43
0.0
 10
353793.4195657771
 20
355932.7470702993
 10
353794.6112598299
 20
355932.606039972
 10
353794.3559702527
 20
355930.448865152
  0
LWPOLYLINE
  5
210F
330
1F
100
AcDbEntity
  8
S-CONCRETE PLANS
100
AcDbPolyline
 90
        3
 70
     0
 43
0.0
 10
353794.320712671
 20
355930.1509416387
 10
353794.1117774208
 20
355928.3854568681
 10
353791.3311579641
 20
355928.7145276318
  0
LWPOLYLINE
  5
2110
330
1F
100
AcDbEntity
  8
S-BLINDING LINE
100
AcDbPolyline
 90
        3
 70
     0
 43
0.0
 10
353793.530626142
 20
355932.8346256098
 10
353794.722320195
 20
355932.6935952825
 10
353794.4670306178
 20
355930.5364204625
  0
LWPOLYLINE
  5
2111
330
1F
100
AcDbEntity
  8
S-BLINDING LINE
100
AcDbPolyline
 90
        3
 70
     0
 43
0.0
 10
353794.4082679814
 20
355930.0398812738
 10
353794.1993327313
 20
355928.2743965031
 10
353793.8021013803
 20
355928.3214066122
  0
LWPOLYLINE
  5
2112
330
1F
100
AcDbEntity
  8
S-BLINDING LINE
100
AcDbPolyline
 90
        2
 70
     0
 43
0.0
 10
353791.7166367877
 20
355928.5682096849
 10
353791.4187132745
 20
355928.6034672668
  0
LWPOLYLINE
  5
2113
330
1F
100
AcDbEntity
  8
S-BLINDING LINE
100
AcDbPolyline
 90
        3
 70
     0
 43
0.0
 10
353788.0686950663
 20
355933.4810146099
 10
353788.6645420928
 20
355933.4104994462
 10
353788.7703148383
 20
355934.3042699858
  0
LINE
  5
2121
330
1F
100
AcDbEntity
  8
S-Steel
100
AcDbLine
 10
353750.6487875139
 20
355937.4795610942
 30
0.0
 11
353751.3584256957
 21
355934.0522267441
 31
0.0
  0
LINE
  5
2124
330
1F
100
AcDbEntity
  8
S-Steel
100
AcDbLine
 10
353752.0103917257
 20
355928.0466825074
 30
0.0
 11
353750.3471745153
 21
355936.0892630897
 31
0.0
  0
CIRCLE
  5
2128
330
1F
100
AcDbEntity
  8
S-TAGS
 48
0.05
100
AcDbCircle
 10
353743.5620737418
 20
355960.9197669076
 30
0.0
 40
0.6890058059775263
1001
AcDbBlockRepETag
1070
     1
1071
        1
1005
0
  0
MTEXT
  5
2129
102
{ACAD_XDICTIONARY
360
212A
102
}
330
1F
100
AcDbEntity
  8
S-TAGS
 48
0.05
100
AcDbMText
 10
353744.4549112177
 20
355961.3284756287
 30
0.0
 40
0.2200018538680053
 41
1.657334572528062
 46
0.0
 71
     3
 72
     5
  1
\pxqc;RAFT Thickness^J80cm
  7
Tohama
 11
0.9930700091361247
 21
-0.1175242824031574
 31
0.0
 73
     1
 44
1.0
1001
AcDbBlockRepETag
1070
     1
1071
        0
1005
0
  0
CIRCLE
  5
212B
330
1F
100
AcDbEntity
  8
S-TAGS
 48
0.05
100
AcDbCircle
 10
353748.6766591406
 20
355936.9370541654
 30
0.0
 40
0.6890058059775263
1001
AcDbBlockRepETag
1070
     1
1071
        1
1005
0
  0
MTEXT
  5
212C
102
{ACAD_XDICTIONARY
360
212D
102
}
330
1F
100
AcDbEntity
  8
S-TAGS
 48
0.05
100
AcDbMText
 10
353749.5694966164
 20
355937.3457628864
 30
0.0
 40
0.2200018538680053
 41
1.657334572528062
 46
0.0
 71
     3
 72
     5
  1
\pxqc;RAFT Thickness^J60cm
  7
Tohama
 11
0.9930700091361247
 21
-0.1175242824031574
 31
0.0
 73
     1
 44
1.0
1001
AcDbBlockRepETag
1070
     1
1071
        0
1005
0
  0
CIRCLE
  5
212E
330
1F
100
AcDbEntity
  8
S-TAGS
 48
0.05
100
AcDbCircle
 10
353758.7930733764
 20
355953.0629683683
 30
0.0
 40
0.6890058059775263
1001
AcDbBlockRepETag
1070
     1
1071
        1
1005
0
  0
MTEXT
  5
212F
102
{ACAD_XDICTIONARY
360
2130
102
}
330
1F
100
AcDbEntity
  8
S-TAGS
 48
0.05
100
AcDbMText
 10
353759.6859108524
 20
355953.4716770894
 30
0.0
 40
0.2200018538680053
 41
1.657334572528062
 46
0.0
 71
     3
 72
     5
  1
\pxqc;RAFT Thickness^J80cm
  7
Tohama
 11
0.9930700091361247
 21
-0.1175242824031574
 31
0.0
 73
     1
 44
1.0
1001
AcDbBlockRepETag
1070
     1
1071
        0
1005
0
  0
LINE
  5
215D
330
1F
100
AcDbEntity
  8
S-Steel
100
AcDbLine
 10
353790.8567088912
 20
355925.5563692079
 30
0.0
 11
353786.8843953816
 21
355926.0264702989
 31
0.0
  0
CIRCLE
  5
215E
330
1F
100
AcDbEntity
  8
S-TAGS
 48
0.05
100
AcDbCircle
 10
353786.8843953816
 20
355926.0264702989
 30
0.0
 40
0.0637505372003879
1001
AcDbBlockRepETag
1070
     1
1071
        1
1005
0
  0
CIRCLE
  5
2160
330
1F
100
AcDbEntity
  8
S-TAGS
 48
0.05
100
AcDbCircle
 10
353787.0155102412
 20
355927.2171501224
 30
0.0
 40
0.0637505372003879
1001
AcDbBlockRepETag
1070
     1
1071
        1
1005
0
  0
CIRCLE
  5
216D
330
1F
100
AcDbEntity
  8
S-TAGS
 48
0.05
100
AcDbCircle
 10
353765.8270227006
 20
355930.8658634356
 30
0.0
 40
0.0637505372003879
1001
AcDbBlockRepETag
1070
     1
1071
        1
1005
0
  0
CIRCLE
  5
216E
330
1F
100
AcDbEntity
  8
S-TAGS
 48
0.05
100
AcDbCircle
 10
353765.2002689581
 20
355930.9400362362
 30
0.0
 40
0.0637505372003879
1001
AcDbBlockRepETag
1070
     1
1071
        1
1005
0
  0
CIRCLE
  5
217D
330
1F
100
AcDbEntity
  8
S-TAGS
 48
0.05
100
AcDbCircle
 10
353754.7026681864
 20
355967.2122570683
 30
0.0
 40
0.0637505372003879
1001
AcDbBlockRepETag
1070
     1
1071
        1
1005
0
  0
CIRCLE
  5
2180
330
1F
100
AcDbEntity
  8
S-TAGS
 48
0.05
100
AcDbCircle
 10
353758.3878879401
 20
355948.2268980128
 30
0.0
 40
0.0637505372003879
1001
AcDbBlockRepETag
1070
     1
1071
        1
1005
0
  0
CIRCLE
  5
2181
330
1F
100
AcDbEntity
  8
S-TAGS
 48
0.05
100
AcDbCircle
 10
353786.932070167
 20
355926.5120887206
 30
0.0
 40
0.0637505372003879
1001
AcDbBlockRepETag
1070
     1
1071
        1
1005
0
  0
CIRCLE
  5
2189
330
1F
100
AcDbEntity
  8
S-TAGS
 48
0.05
100
AcDbCircle
 10
353785.5049219441
 20
355932.4659066722
 30
0.0
 40
0.0637505372003879
1001
AcDbBlockRepETag
1070
     1
1071
        1
1005
0
  0
CIRCLE
  5
218A
330
1F
100
AcDbEntity
  8
S-TAGS
 48
0.05
100
AcDbCircle
 10
353784.6489837749
 20
355932.5672021682
 30
0.0
 40
0.0637505372003879
1001
AcDbBlockRepETag
1070
     1
1071
        1
1005
0
  0
CIRCLE
  5
218D
330
1F
100
AcDbEntity
  8
S-TAGS
 48
0.05
100
AcDbCircle
 10
353781.3806631082
 20
355932.9539896429
 30
0.0
 40
0.0637505372003879
1001
AcDbBlockRepETag
1070
     1
1071
        1
1005
0
  0
CIRCLE
  5
218E
330
1F
100
AcDbEntity
  8
S-TAGS
 48
0.05
100
AcDbCircle
 10
353782.2366012774
 20
355932.8526941468
 30
0.0
 40
0.0637505372003879
1001
AcDbBlockRepETag
1070
     1
1071
        1
1005
0
  0
LINE
  5
2190
330
1F
100
AcDbEntity
  8
S-CONCRETE PLANS
100
AcDbLine
 10
353788.7520974032
 20
355933.2994390812
 30
0.0
 11
353793.4195657771
 21
355932.7470702993
 31
0.0
  0
CIRCLE
  5
2197
330
1F
100
AcDbEntity
  8
S-TAGS
 48
0.05
100
AcDbCircle
 10
353788.9419847242
 20
355929.016500522
 30
0.0
 40
0.0637505372003879
1001
AcDbBlockRepETag
1070
     1
1071
        1
1005
0
  0
CIRCLE
  5
2198
330
1F
100
AcDbEntity
  8
S-TAGS
 48
0.05
100
AcDbCircle
 10
353788.1886840818
 20
355929.1056494406
 30
0.0
 40
0.0637505372003879
1001
AcDbBlockRepETag
1070
     1
1071
        1
1005
0
  0
LINE
  5
219C
330
1F
100
AcDbEntity
  8
S-Steel
100
AcDbLine
 10
353789.6400906576
 20
355929.518848093
 30
0.0
 11
353789.1699895667
 21
355925.5465345834
 31
0.0
  0
LINE
  5
219E
330
1F
100
AcDbEntity
  8
S-Steel
100
AcDbLine
 10
353787.8776355213
 20
355929.7274248028
 30
0.0
 11
353787.4075344303
 21
355925.7551112932
 31
0.0
  0
CIRCLE
  5
21A3
330
1F
100
AcDbEntity
  8
S-TAGS
 48
0.05
100
AcDbCircle
 10
353789.5718195438
 20
355928.9419630932
 30
0.0
 40
0.0637505372003879
1001
AcDbBlockRepETag
1070
     1
1071
        1
1005
0
  0
CIRCLE
  5
21A4
330
1F
100
AcDbEntity
  8
S-TAGS
 48
0.05
100
AcDbCircle
 10
353787.8093644074
 20
355929.150539803
 30
0.0
 40
0.0637505372003879
1001
AcDbBlockRepETag
1070
     1
1071
        1
1005
0
  0
LWPOLYLINE
  5
21A5
330
1F
100
AcDbEntity
  8
S-CONCRETE PLANS
100
AcDbPolyline
 90
        4
 70
     0
 43
0.0
 10
353799.3854123957
 20
355929.5515627477
 10
353799.1882296728
 20
355927.8853858148
 10
353802.7633118315
 20
355927.4622948329
 10
353802.9604945544
 20
355929.1284717659
  0
LWPOLYLINE
  5
21A6
330
1F
100
AcDbEntity
  8
S-CONCRETE PLANS
100
AcDbPolyline
 90
        3
 70
     0
 43
0.0
 10
353802.9957521362
 20
355929.4263952792
 10
353803.1864028134
 20
355931.0373769916
 10
353801.6311266325
 20
355931.2214352306
  0
LWPOLYLINE
  5
21A7
330
1F
100
AcDbEntity
  8
S-CONCRETE PLANS
100
AcDbPolyline
 90
        3
 70
     0
 43
0.0
 10
353801.3319309778
 20
355931.2568433632
 10
353799.6113206547
 20
355931.4604679734
 10
353799.4206699775
 20
355929.849486261
  0
LWPOLYLINE
  5
21A8
330
1F
100
AcDbEntity
  8
S-BLINDING LINE
100
AcDbPolyline
 90
        4
 70
     0
 43
0.0
 10
353799.2743520308
 20
355929.4640074373
 10
353799.0771693078
 20
355927.7978305042
 10
353802.850867142
 20
355927.3512344679
 10
353803.0480498649
 20
355929.0174114009
  0
LWPOLYLINE
  5
21A9
330
1F
100
AcDbEntity
  8
S-BLINDING LINE
100
AcDbPolyline
 90
        3
 70
     0
 43
0.0
 10
353803.1068125012
 20
355929.5139505896
 10
353803.2974631784
 20
355931.1249323021
 10
353801.7517981133
 20
355931.3078531193
  0
LWPOLYLINE
  5
21AA
330
1F
100
AcDbEntity
  8
S-BLINDING LINE
100
AcDbPolyline
 90
        3
 70
     0
 43
0.0
 10
353801.2531386889
 20
355931.3668666737
 10
353799.5237653444
 20
355931.5715283385
 10
353799.3331146672
 20
355929.9605466261
  0
LWPOLYLINE
  5
21AB
330
1F
100
AcDbEntity
  8
S-CONCRETE PLANS
100
AcDbPolyline
 90
        3
 70
     0
 43
0.0
 10
353801.927160209
 20
355925.9277045479
 10
353801.8063689135
 20
355924.9070285601
 10
353800.9680047535
 20
355925.0062442704
  0
LWPOLYLINE
  5
21AC
330
1F
100
AcDbEntity
  8
S-CONCRETE PLANS
100
AcDbPolyline
 90
        3
 70
     0
 43
0.0
 10
353800.6700811772
 20
355925.0415018597
 10
353799.9195199964
 20
355925.1303265784
 10
353800.040311292
 20
355926.1510025661
  0
LWPOLYLINE
  5
21AD
330
1F
100
AcDbEntity
  8
S-BLINDING LINE
100
AcDbPolyline
 90
        3
 70
     0
 43
0.0
 10
353802.0147141688
 20
355925.8166327694
 10
353801.893924224
 20
355924.7959681953
 10
353801.0554954555
 20
355924.8951915515
  0
LWPOLYLINE
  5
21AE
330
1F
100
AcDbEntity
  8
S-BLINDING LINE
100
AcDbPolyline
 90
        3
 70
     0
 43
0.0
 10
353800.5589561616
 20
355924.9539542003
 10
353799.8084596313
 20
355925.0427712679
 10
353799.9292490442
 20
355926.0634313468
  0
LWPOLYLINE
  5
21AF
330
1F
100
AcDbEntity
  8
S-CONCRETE PLANS
100
AcDbPolyline
 90
        3
 70
     0
 43
0.0
 10
353797.6072692673
 20
355926.4389394843
 10
353797.4864779716
 20
355925.4182634965
 10
353796.6481138119
 20
355925.5174792068
  0
LWPOLYLINE
  5
21B0
330
1F
100
AcDbEntity
  8
S-CONCRETE PLANS
100
AcDbPolyline
 90
        3
 70
     0
 43
0.0
 10
353796.3501902355
 20
355925.5527367962
 10
353795.5996290546
 20
355925.6415615148
 10
353795.7204203502
 20
355926.6622375026
  0
LWPOLYLINE
  5
21B1
330
1F
100
AcDbEntity
  8
S-BLINDING LINE
100
AcDbPolyline
 90
        3
 70
     0
 43
0.0
 10
353797.6948221249
 20
355926.3278583941
 10
353797.5740332822
 20
355925.3072031316
 10
353796.7356045138
 20
355925.4064264879
  0
LWPOLYLINE
  5
21B2
330
1F
100
AcDbEntity
  8
S-BLINDING LINE
100
AcDbPolyline
 90
        3
 70
     0
 43
0.0
 10
353796.2390652199
 20
355925.4651891367
 10
353795.4885686896
 20
355925.5540062043
 10
353795.6093570005
 20
355926.5746569716
  0
LWPOLYLINE
  5
21B3
330
1F
100
AcDbEntity
  8
S-CONCRETE PLANS
100
AcDbPolyline
 90
        3
 70
     0
 43
0.0
 10
353793.5356479199
 20
355926.9207931026
 10
353793.4148566243
 20
355925.9001171148
 10
353792.5764924644
 20
355925.999332825
  0
LWPOLYLINE
  5
21B4
330
1F
100
AcDbEntity
  8
S-CONCRETE PLANS
100
AcDbPolyline
 90
        5
 70
     0
 43
0.0
 10
353792.2785688881
 20
355926.0345904144
 10
353791.5280077073
 20
355926.123415133
 10
353791.7983158345
 20
355928.4074954011
 10
353793.6851647515
 20
355928.184197383
 10
353793.5709055016
 20
355927.2187166158
  0
LWPOLYLINE
  5
21B5
330
1F
100
AcDbEntity
  8
S-BLINDING LINE
100
AcDbPolyline
 90
        2
 70
     0
 43
0.0
 10
353793.8021013803
 20
355928.3214066122
 10
353793.6819658668
 20
355927.3062719262
  0
LWPOLYLINE
  5
21B6
330
1F
100
AcDbEntity
  8
S-BLINDING LINE
100
AcDbPolyline
 90
        3
 70
     0
 43
0.0
 10
353793.623199739
 20
355926.8097032358
 10
353793.5024119347
 20
355925.7890567498
 10
353792.6639831664
 20
355925.8882801061
  0
LWPOLYLINE
  5
21B7
330
1F
100
AcDbEntity
  8
S-BLINDING LINE
100
AcDbPolyline
 90
        3
 70
     0
 43
0.0
 10
353792.1674438724
 20
355925.9470427549
 10
353791.4169473422
 20
355926.0358598226
 10
353791.7166367877
 20
355928.5682096849
  0
LINE
  5
21B8
330
1F
100
AcDbEntity
  8
S-CONCRETE PLANS
100
AcDbLine
 10
353807.800903639
 20
355925.972245363
 30
0.0
 11
353807.7903296795
 21
355975.9579836485
 31
0.0
  0
LINE
  5
21B9
330
1F
100
AcDbEntity
  8
S-BLINDING LINE
100
AcDbLine
 10
353807.9009044795
 20
355925.9722665171
 30
0.0
 11
353807.8903117256
 21
355976.0468500159
 31
0.0
  0
LINE
  5
21BA
330
1F
100
AcDbEntity
  8
S-CONCRETE PLANS
100
AcDbLine
 10
353806.2934644106
 20
355961.0794181607
 30
0.0
 11
353806.2929363186
 21
355963.5758404521
 31
0.0
  0
LINE
  5
21BB
330
1F
100
AcDbEntity
  8
S-CONCRETE PLANS
100
AcDbLine
 10
353806.2928724118
 20
355963.877944066
 30
0.0
 11
353806.2911741488
 21
355971.90605561
 31
0.0
  0
ARC
  5
21BC
330
1F
100
AcDbEntity
  8
S-CONCRETE PLANS
100
AcDbCircle
 10
353800.9008456402
 20
355925.970829342
 30
0.0
 40
6.900058144041965
100
AcDbArc
 50
271.0837712197441
 51
0.0121203233512713
  0
ARC
  5
21BD
330
1F
100
AcDbEntity
  8
S-BLINDING LINE
100
AcDbCircle
 10
353800.9008456402
 20
355925.970829342
 30
0.0
 40
7.000058986709239
100
AcDbArc
 50
271.0837712197441
 51
0.0121203233512713
  0
ARC
  5
21BE
330
1F
100
AcDbEntity
  8
S-CONCRETE PLANS
100
AcDbCircle
 10
353800.9449968471
 20
355925.8796170631
 30
0.0
 40
5.354321440036271
100
AcDbArc
 50
270.2293852435465
 51
354.9972159116439
  0
ARC
  5
21BF
330
1F
100
AcDbEntity
  8
S-CONCRETE PLANS
100
AcDbCircle
 10
353800.9449968471
 20
355925.8796170631
 30
0.0
 40
5.354321440036271
100
AcDbArc
 50
358.2134297069462
 51
359.490309406043
  0
ARC
  5
21C0
330
1F
100
AcDbEntity
  8
S-BLINDING LINE
100
AcDbCircle
 10
353800.9449968471
 20
355925.8796170631
 30
0.0
 40
5.254320597368997
100
AcDbArc
 50
270.2955642781697
 51
353.9397088123227
  0
ARC
  5
21C1
330
1F
100
AcDbEntity
  8
S-BLINDING LINE
100
AcDbCircle
 10
353800.9449968471
 20
355925.8796170631
 30
0.0
 40
5.254320597368997
100
AcDbArc
 50
359.4038393674248
 51
359.490309406043
  0
LINE
  5
21C2
330
1F
100
AcDbEntity
  8
S-CONCRETE PLANS
100
AcDbLine
 10
353801.0313550523
 20
355919.0720055521
 30
0.0
 11
353800.3622847192
 21
355919.0863558454
 31
0.0
  0
LINE
  5
21C3
330
1F
100
AcDbEntity
  8
S-BLINDING LINE
100
AcDbLine
 10
353801.0292107165
 20
355918.9720277027
 30
0.0
 11
353800.3601403834
 21
355918.9863779961
 31
0.0
  0
LINE
  5
21C4
102
{ACAD_REACTORS
330
3AF1
102
}
330
1F
100
AcDbEntity
  8
S-CONCRETE PLANS
100
AcDbLine
 10
353807.7903296795
 20
355975.9579836485
 30
0.0
 11
353798.6611929414
 21
355977.0383659319
 31
0.0
  0
LINE
  5
21C5
330
1F
100
AcDbEntity
  8
S-BLINDING LINE
100
AcDbLine
 10
353807.8903117256
 20
355976.0468500159
 30
0.0
 11
353798.7722533063
 21
355977.1259212424
 31
0.0
  0
LINE
  5
21C6
330
1F
100
AcDbEntity
  8
S-CONCRETE PLANS
100
AcDbLine
 10
353806.2911741488
 20
355971.90605561
 30
0.0
 11
353798.1675867958
 21
355972.8674367466
 31
0.0
  0
LINE
  5
21C7
330
1F
100
AcDbEntity
  8
S-CONCRETE PLANS
100
AcDbLine
 10
353803.645243192
 20
355957.4964878429
 30
0.0
 11
353805.3657656184
 21
355957.4827125511
 31
0.0
  0
LINE
  5
21C8
330
1F
100
AcDbEntity
  8
S-CONCRETE PLANS
100
AcDbLine
 10
353805.6675756983
 20
355957.4802961211
 30
0.0
 11
353805.7942217572
 21
355957.4792821346
 31
0.0
  0
LINE
  5
21C9
330
1F
100
AcDbEntity
  8
S-CONCRETE PLANS
100
AcDbLine
 10
353803.6444816432
 20
355961.0965180984
 30
0.0
 11
353806.2934644106
 21
355961.0794181607
 31
0.0
  0
LINE
  5
21CA
330
1F
100
AcDbEntity
  8
S-CONCRETE PLANS
100
AcDbLine
 10
353803.645243192
 20
355957.4964878429
 30
0.0
 11
353803.6448388027
 21
355959.4081365638
 31
0.0
  0
LINE
  5
21CB
330
1F
100
AcDbEntity
  8
S-CONCRETE PLANS
100
AcDbLine
 10
353803.6447748959
 20
355959.7102401776
 30
0.0
 11
353803.6444816432
 21
355961.0965180984
 31
0.0
  0
LINE
  5
21CC
330
1F
100
AcDbEntity
  8
S-CONCRETE PLANS
100
AcDbLine
 10
353805.7971885844
 20
355943.454352
 30
0.0
 11
353805.7961018107
 21
355948.5918013093
 31
0.0
  0
LINE
  5
21CD
330
1F
100
AcDbEntity
  8
S-CONCRETE PLANS
100
AcDbLine
 10
353802.3959844969
 20
355948.5910820501
 30
0.0
 11
353804.313538875
 21
355948.5914876886
 31
0.0
  0
LINE
  5
21CE
330
1F
100
AcDbEntity
  8
S-CONCRETE PLANS
100
AcDbLine
 10
353804.615642489
 20
355948.5915515955
 30
0.0
 11
353805.7961018107
 21
355948.5918013093
 31
0.0
  0
LINE
  5
21CF
330
1F
100
AcDbEntity
  8
S-CONCRETE PLANS
100
AcDbLine
 10
353802.3959844969
 20
355948.5910820501
 30
0.0
 11
353802.3955821455
 21
355950.4930975772
 31
0.0
  0
LINE
  5
21D0
330
1F
100
AcDbEntity
  8
S-CONCRETE PLANS
100
AcDbLine
 10
353802.3955182385
 20
355950.7952011911
 30
0.0
 11
353802.3952441023
 21
355952.0911114651
 31
0.0
  0
LINE
  5
21D1
330
1F
100
AcDbEntity
  8
S-BLINDING LINE
100
AcDbLine
 10
353802.2960046944
 20
355948.4916092968
 30
0.0
 11
353802.2956000992
 21
355950.4042312097
 31
0.0
  0
LINE
  5
21D2
330
1F
100
AcDbEntity
  8
S-BLINDING LINE
100
AcDbLine
 10
353802.2954935878
 20
355950.9077372329
 30
0.0
 11
353802.2952221078
 21
355952.1910911513
 31
0.0
  0
LINE
  5
21D3
330
1F
100
AcDbEntity
  8
S-CONCRETE PLANS
100
AcDbLine
 10
353805.7942217572
 20
355957.4792821346
 30
0.0
 11
353805.7953614161
 21
355952.0918307243
 31
0.0
  0
LINE
  5
21D4
330
1F
100
AcDbEntity
  8
S-CONCRETE PLANS
100
AcDbLine
 10
353801.2980180845
 20
355939.3533656065
 30
0.0
 11
353803.0581035086
 21
355939.3537379341
 31
0.0
  0
LINE
  5
21D5
330
1F
100
AcDbEntity
  8
S-CONCRETE PLANS
100
AcDbLine
 10
353803.3648616379
 20
355939.3538028256
 30
0.0
 11
353806.2471638474
 21
355939.3544125464
 31
0.0
  0
LWPOLYLINE
  5
21D6
330
1F
100
AcDbEntity
  8
S-BLINDING LINE
100
AcDbPolyline
 90
        8
 70
     0
 43
0.0
 10
353800.3505321919
 20
355918.9870480076
 10
353793.428775902
 20
355919.8061991585
 10
353793.2466117292
 20
355918.2669276735
 10
353790.0687609211
 20
355918.6430085463
 10
353790.186346924
 20
355919.636600089
 10
353777.7194039605
 20
355921.1119930744
 10
353777.6845111045
 20
355920.8171514632
 10
353767.6551970545
 20
355922.0040646978
  0
LWPOLYLINE
  5
21D7
330
1F
100
AcDbEntity
  8
S-BLINDING LINE
100
AcDbPolyline
 90
        4
 70
     0
 43
0.0
 10
353765.2601576216
 20
355922.2875042218
 10
353763.4771639925
 20
355922.4985115474
 10
353763.7944822289
 20
355925.1798231664
 10
353764.2058021294
 20
355925.1311457563
  0
LWPOLYLINE
  5
21D8
330
1F
100
AcDbEntity
  8
S-BLINDING LINE
100
AcDbPolyline
 90
        2
 70
     0
 43
0.0
 10
353764.6286412597
 20
355925.0811051096
 10
353764.6351915363
 20
355925.0803299211
  0
LWPOLYLINE
  5
21D9
330
1F
100
AcDbEntity
  8
S-BLINDING LINE
100
AcDbPolyline
 90
        5
 70
     0
 43
0.0
 10
353764.7431189277
 20
355925.0675573178
 10
353777.3303453713
 20
355923.5779294552
 10
353777.7471346334
 20
355927.0997626278
 10
353775.6616700408
 20
355927.3465657005
 10
353775.6649360637
 20
355927.3741633108
  0
LWPOLYLINE
  5
21DA
330
1F
100
AcDbEntity
  8
S-BLINDING LINE
100
AcDbPolyline
 90
        3
 70
     0
 43
0.0
 10
353775.7236987
 20
355927.8707024995
 10
353776.5489858883
 20
355934.8443077737
 10
353783.9536749112
 20
355933.9680042343
  0
LWPOLYLINE
  5
21DB
330
1F
100
AcDbEntity
  8
S-BLINDING LINE
100
AcDbPolyline
 90
        5
 70
     0
 43
0.0
 10
353784.4502140999
 20
355933.9092415979
 10
353788.0686950663
 20
355933.4810146099
 10
353788.6645420928
 20
355933.4104994462
 10
353788.7703148383
 20
355934.3042699858
 10
353789.4402088929
 20
355939.9648167371
  0
LINE
  5
21DC
330
1F
100
AcDbEntity
  8
S-BLINDING LINE
100
AcDbLine
 10
353791.4187132745
 20
355928.6034672668
 30
0.0
 11
353790.6195413816
 21
355921.8505339766
 31
0.0
  0
LINE
  5
21DD
330
1F
100
AcDbEntity
  8
S-BLINDING LINE
100
AcDbLine
 10
353790.6195413816
 20
355921.8505339766
 30
0.0
 11
353791.6652146708
 21
355921.7267843902
 31
0.0
  0
LINE
  5
21DE
330
1F
100
AcDbEntity
  8
S-BLINDING LINE
100
AcDbLine
 10
353792.1617539647
 20
355921.6680217414
 30
0.0
 11
353795.7368360182
 21
355921.2449307719
 31
0.0
  0
LINE
  5
21DF
330
1F
100
AcDbEntity
  8
S-BLINDING LINE
100
AcDbLine
 10
353796.2333753121
 20
355921.1861681232
 30
0.0
 11
353800.0567269599
 21
355920.7336958355
 31
0.0
  0
LINE
  5
21E0
330
1F
100
AcDbEntity
  8
S-BLINDING LINE
100
AcDbLine
 10
353800.5532662538
 20
355920.6749331867
 30
0.0
 11
353800.9721015066
 21
355920.6253663766
 31
0.0
  0
LWPOLYLINE
  5
21E1
330
1F
100
AcDbEntity
  8
S-BLINDING LINE
100
AcDbPolyline
 90
        2
 70
     0
 43
0.0
 10
353806.2471850016
 20
355939.2544117061
 10
353806.2471782251
 20
355939.2544117045
  0
LINE
  5
21E2
330
1F
100
AcDbEntity
  8
S-BLINDING LINE
100
AcDbLine
 10
353806.1971715182
 20
355939.2544011262
 30
0.0
 11
353803.4457942607
 21
355939.2538191011
 31
0.0
  0
LINE
  5
21E3
330
1F
100
AcDbEntity
  8
S-BLINDING LINE
100
AcDbLine
 10
353802.9345307118
 20
355939.2537109487
 30
0.0
 11
353801.0980375577
 21
355939.2533224578
 31
0.0
  0
LINE
  5
21E4
330
1F
100
AcDbEntity
  8
S-BLINDING LINE
100
AcDbLine
 10
353801.0980375577
 20
355939.2533224578
 30
0.0
 11
353801.0975658652
 21
355941.4831303357
 31
0.0
  0
LINE
  5
21E5
330
1F
100
AcDbEntity
  8
S-BLINDING LINE
100
AcDbLine
 10
353801.0974593538
 20
355941.9866363589
 30
0.0
 11
353801.0971279301
 21
355943.5533585963
 31
0.0
  0
LINE
  5
21E6
330
1F
100
AcDbEntity
  8
S-BLINDING LINE
100
AcDbLine
 10
353801.0971279301
 20
355943.5533585963
 30
0.0
 11
353803.6170164715
 21
355943.5568288513
 31
0.0
  0
LINE
  5
21E7
330
1F
100
AcDbEntity
  8
S-BLINDING LINE
100
AcDbLine
 10
353804.1205919612
 20
355943.5575223485
 30
0.0
 11
353805.6971654555
 21
355943.5596935208
 31
0.0
  0
LINE
  5
21E8
330
1F
100
AcDbEntity
  8
S-BLINDING LINE
100
AcDbLine
 10
353805.6961210287
 20
355948.4969591894
 30
0.0
 11
353804.7049621283
 21
355948.4953996564
 31
0.0
  0
LINE
  5
21E9
330
1F
100
AcDbEntity
  8
S-BLINDING LINE
100
AcDbLine
 10
353804.201374938
 20
355948.4946072902
 30
0.0
 11
353802.2960046944
 21
355948.4916092968
 31
0.0
  0
LINE
  5
21EA
330
1F
100
AcDbEntity
  8
S-CONCRETE PLANS
100
AcDbLine
 10
353802.3952441023
 20
355952.0911114651
 30
0.0
 11
353804.7277581727
 21
355952.0916048839
 31
0.0
  0
LINE
  5
21EB
330
1F
100
AcDbEntity
  8
S-CONCRETE PLANS
100
AcDbLine
 10
353805.0298617867
 20
355952.0916687908
 30
0.0
 11
353805.7953614161
 21
355952.0918307243
 31
0.0
  0
LINE
  5
21EC
330
1F
100
AcDbEntity
  8
S-BLINDING LINE
100
AcDbLine
 10
353805.6953394216
 20
355952.1918104106
 30
0.0
 11
353805.6943528319
 21
355956.8556654241
 31
0.0
  0
LINE
  5
21ED
330
1F
100
AcDbEntity
  8
S-BLINDING LINE
100
AcDbLine
 10
353805.2532417768
 20
355957.3827909908
 30
0.0
 11
353803.5452635057
 21
355957.3964658484
 31
0.0
  0
LINE
  5
21EE
330
1F
100
AcDbEntity
  8
S-BLINDING LINE
100
AcDbLine
 10
353803.5452635057
 20
355957.3964658484
 30
0.0
 11
353803.5448567566
 21
355959.3192701963
 31
0.0
  0
LINE
  5
21EF
330
1F
100
AcDbEntity
  8
S-BLINDING LINE
100
AcDbLine
 10
353803.5447502451
 20
355959.8227762194
 30
0.0
 11
353803.5444596487
 21
355961.1964977847
 31
0.0
  0
LINE
  5
21F0
330
1F
100
AcDbEntity
  8
S-BLINDING LINE
100
AcDbLine
 10
353803.5444596487
 20
355961.1964977847
 30
0.0
 11
353806.1934424161
 21
355961.179397847
 31
0.0
  0
LINE
  5
21F1
330
1F
100
AcDbEntity
  8
S-BLINDING LINE
100
AcDbLine
 10
353806.1934424161
 20
355961.179397847
 30
0.0
 11
353806.1929542724
 21
355963.4869740845
 31
0.0
  0
LINE
  5
21F2
330
1F
100
AcDbEntity
  8
S-BLINDING LINE
100
AcDbLine
 10
353806.192847761
 20
355963.9904801077
 30
0.0
 11
353806.1911921027
 21
355971.8171892425
 31
0.0
  0
LINE
  5
21F3
330
1F
100
AcDbEntity
  8
S-BLINDING LINE
100
AcDbLine
 10
353806.1911921027
 20
355971.8171892425
 30
0.0
 11
353798.2551421063
 21
355972.7563763818
 31
0.0
  0
TEXT
  5
21F6
330
1F
100
AcDbEntity
  8
S-Text-Col.
 48
0.05
100
AcDbText
 10
353799.2502947512
 20
355927.3600567249
 30
0.0
 40
0.3000025280018256
  1
F2
 50
353.2507566816763
  7
ARIAL
 11
353799.2679235421
 21
355927.5090184816
 31
0.0
100
AcDbText
 73
     2
  0
TEXT
  5
21F7
330
1F
100
AcDbEntity
  8
S-Text-Col.
 48
0.05
100
AcDbText
 10
353795.2996612388
 20
355928.1540474488
 30
0.0
 40
0.3000025280018256
  1
F2
 50
353.2507566816763
  7
ARIAL
 11
353795.3172900298
 21
355928.3030092053
 31
0.0
100
AcDbText
 73
     2
  0
TEXT
  5
21F8
330
1F
100
AcDbEntity
  8
S-Text-Col.
 48
0.05
100
AcDbText
 10
353793.7610836477
 20
355927.9552066543
 30
0.0
 40
0.3000025280018256
  1
F2
 50
353.2507566816763
  7
ARIAL
 11
353793.7787124386
 21
355928.1041684109
 31
0.0
100
AcDbText
 73
     2
  0
TEXT
  5
21F9
330
1F
100
AcDbEntity
  8
S-Text-Col.
 48
0.05
100
AcDbText
 10
353799.0382108053
 20
355931.6913399889
 30
0.0
 40
0.3000025280018256
  1
F3
 50
353.2507566816763
  7
ARIAL
 11
353799.0558395962
 21
355931.8403017456
 31
0.0
100
AcDbText
 73
     2
  0
LWPOLYLINE
  5
21FA
330
1F
100
AcDbEntity
  8
P-R-WPUS
  6
ByBlock
100
AcDbPolyline
 90
        4
 70
     1
 43
0.0
 10
353804.9620093397
 20
355931.7155581413
 10
353802.395024737
 20
355932.0193464146
 10
353803.2560982458
 20
355936.1789739698
 10
353804.9611078348
 20
355935.9771956192
  0
LWPOLYLINE
  5
21FB
330
1F
100
AcDbEntity
  8
P-R-WPUS
  6
ByBlock
100
AcDbPolyline
 90
        4
 70
     1
 43
0.0
 10
353805.2620832919
 20
355931.3779500162
 10
353802.0349469127
 20
355931.7598635607
 10
353803.0181018608
 20
355936.5092355619
 10
353805.2610539733
 20
355936.2437947218
  0
CIRCLE
  5
21FD
330
1F
100
AcDbEntity
  8
S-TAGS
 48
0.05
100
AcDbCircle
 10
353804.6813217183
 20
355942.1160235058
 30
0.0
 40
0.6890058059775263
1001
AcDbBlockRepETag
1070
     1
1071
        1
1005
0
  0
MTEXT
  5
21FE
102
{ACAD_XDICTIONARY
360
21FF
102
}
330
1F
100
AcDbEntity
  8
S-TAGS
 48
0.05
100
AcDbMText
 10
353805.5741591942
 20
355942.5247322269
 30
0.0
 40
0.2200018538680053
 41
1.657334572528062
 46
0.0
 71
     3
 72
     5
  1
\pxqc;RAFT Thickness^J60cm
  7
Tohama
 11
0.9930700091361247
 21
-0.1175242824031574
 31
0.0
 73
     1
 44
1.0
1001
AcDbBlockRepETag
1070
     1
1071
        0
1005
0
  0
CIRCLE
  5
2200
330
1F
100
AcDbEntity
  8
S-TAGS
 48
0.05
100
AcDbCircle
 10
353791.0833389304
 20
355919.4685906593
 30
0.0
 40
0.6890058059775263
1001
AcDbBlockRepETag
1070
     1
1071
        1
1005
0
  0
MTEXT
  5
2201
102
{ACAD_XDICTIONARY
360
2202
102
}
330
1F
100
AcDbEntity
  8
S-TAGS
 48
0.05
100
AcDbMText
 10
353791.9761764064
 20
355919.8772993803
 30
0.0
 40
0.2200018538680053
 41
1.657334572528062
 46
0.0
 71
     3
 72
     5
  1
\pxqc;RAFT Thickness^J60cm
  7
Tohama
 11
0.9930700091361247
 21
-0.1175242824031574
 31
0.0
 73
     1
 44
1.0
1001
AcDbBlockRepETag
1070
     1
1071
        0
1005
0
  0
CIRCLE
  5
2203
330
1F
100
AcDbEntity
  8
S-TAGS
 48
0.05
100
AcDbCircle
 10
353803.8810043599
 20
355975.3611585143
 30
0.0
 40
0.6890058059775263
1001
AcDbBlockRepETag
1070
     1
1071
        1
1005
0
  0
MTEXT
  5
2204
102
{ACAD_XDICTIONARY
360
2205
102
}
330
1F
100
AcDbEntity
  8
S-TAGS
 48
0.05
100
AcDbMText
 10
353804.7717388808
 20
355975.8113286088
 30
0.0
 40
0.2200018538680053
 41
1.657334572528062
 46
0.0
 71
     3
 72
     5
  1
\pxqc;RAFT Thickness^J60cm
  7
Tohama
 11
0.9930700091361247
 21
-0.1175242824031574
 31
0.0
 73
     1
 44
1.0
1001
AcDbBlockRepETag
1070
     1
1071
        0
1005
0
  0
LWPOLYLINE
  5
2206
330
1F
100
AcDbEntity
  8
S-CONCRETE PLANS
100
AcDbPolyline
 90
        3
 70
     0
 43
0.0
 10
353748.4416901339
 20
355942.8110623151
 10
353749.9935304987
 20
355943.1301440279
 10
353749.0448572692
 20
355947.7439760065
  0
LWPOLYLINE
  5
2207
330
1F
100
AcDbEntity
  8
S-CONCRETE PLANS
100
AcDbPolyline
 90
        2
 70
     0
 43
0.0
 10
353748.9811926016
 20
355948.0536064148
 10
353745.2249555072
 20
355966.3219060636
  0
LWPOLYLINE
  5
2208
330
1F
100
AcDbEntity
  8
S-CONCRETE PLANS
100
AcDbPolyline
 90
        5
 70
     0
 43
0.0
 10
353745.1612908395
 20
355966.6315364719
 10
353744.4736771154
 20
355969.9757166285
 10
353739.8711909768
 20
355969.0224359224
 10
353745.3963475428
 20
355942.1848940877
 10
353748.1456401201
 20
355942.7501899807
  0
LWPOLYLINE
  5
2209
330
1F
100
AcDbEntity
  8
S-BLINDING LINE
100
AcDbPolyline
 90
        2
 70
     0
 43
0.0
 10
353749.6655114661
 20
355945.2219749355
 10
353749.1707179038
 20
355947.6283824206
  0
LWPOLYLINE
  5
220A
330
1F
100
AcDbEntity
  8
S-BLINDING LINE
100
AcDbPolyline
 90
        2
 70
     0
 43
0.0
 10
353749.0646101244
 20
355948.1444331011
 10
353747.2607561703
 20
355956.9174002294
  0
LWPOLYLINE
  5
220B
330
1F
100
AcDbEntity
  8
S-BLINDING LINE
100
AcDbPolyline
 90
        2
 70
     0
 43
0.0
 10
353747.154648391
 20
355957.4334509098
 10
353745.3508161417
 20
355966.2063124778
  0
LWPOLYLINE
  5
220C
330
1F
100
AcDbEntity
  8
S-BLINDING LINE
100
AcDbPolyline
 90
        5
 70
     0
 43
0.0
 10
353745.2447083623
 20
355966.7223631582
 10
353744.5514593203
 20
355970.0939504445
 10
353739.7531037338
 20
355969.1001006721
 10
353745.3185605352
 20
355942.066807054
 10
353748.0698038669
 20
355942.6325040515
  0
LWPOLYLINE
  5
220D
330
1F
100
AcDbEntity
  8
S-BLINDING LINE
100
AcDbPolyline
 90
        3
 70
     0
 43
0.0
 10
353748.5595635797
 20
355942.7332060126
 10
353750.1116225388
 20
355943.0523326717
 10
353749.9201701366
 20
355943.9834533024
  0
LWPOLYLINE
  5
220E
330
1F
100
AcDbEntity
  8
S-BLINDING LINE
100
AcDbPolyline
 90
        2
 70
     0
 43
0.0
 10
353741.9934182849
 20
355969.4619067162
 10
353741.9934293587
 20
355969.4620002888
  0
LINE
  5
220F
330
1F
100
AcDbEntity
  8
S-CONCRETE PLANS
100
AcDbLine
 10
353807.7903296795
 20
355975.9579836485
 30
0.0
 11
353796.5260744299
 21
355977.2910452684
 31
0.0
  0
LINE
  5
2210
330
1F
100
AcDbEntity
  8
S-CONCRETE PLANS
100
AcDbLine
 10
353806.2911741488
 20
355971.90605561
 30
0.0
 11
353796.0324682844
 21
355973.1201160831
 31
0.0
  0
LINE
  5
2211
330
1F
100
AcDbEntity
  8
S-CONCRETE PLANS
100
AcDbLine
 10
353796.5260744299
 20
355977.2910452684
 30
0.0
 11
353796.0324682844
 21
355973.1201160831
 31
0.0
  0
CIRCLE
  5
2230
330
1F
100
AcDbEntity
  8
S-TAGS
 48
0.05
100
AcDbCircle
 10
353804.1725676011
 20
355951.3395407122
 30
0.0
 40
0.6890058059775263
1001
AcDbBlockRepETag
1070
     1
1071
        1
1005
0
  0
MTEXT
  5
2231
102
{ACAD_XDICTIONARY
360
2232
102
}
330
1F
100
AcDbEntity
  8
S-TAGS
 48
0.05
100
AcDbMText
 10
353805.065405077
 20
355951.7482494333
 30
0.0
 40
0.2200018538680053
 41
1.657334572528062
 46
0.0
 71
     3
 72
     5
  1
\pxqc;RAFT Thickness^J60cm
  7
Tohama
 11
0.9930700091361247
 21
-0.1175242824031574
 31
0.0
 73
     1
 44
1.0
1001
AcDbBlockRepETag
1070
     1
1071
        0
1005
0
  0
LINE
  5
2233
330
1F
100
AcDbEntity
  8
S-CONCRETE PLANS
100
AcDbLine
 10
353805.7971885844
 20
355943.454352
 30
0.0
 11
353804.0076388432
 21
355943.4539734394
 31
0.0
  0
LINE
  5
2234
330
1F
100
AcDbEntity
  8
S-CONCRETE PLANS
100
AcDbLine
 10
353803.7055352293
 20
355943.4539095326
 30
0.0
 11
353801.1971499247
 21
355943.45337891
 31
0.0
  0
LINE
  5
2235
330
1F
100
AcDbEntity
  8
S-CONCRETE PLANS
100
AcDbLine
 10
353801.1971499247
 20
355943.45337891
 30
0.0
 11
353801.1974840046
 21
355941.8741003171
 31
0.0
  0
LINE
  5
2236
330
1F
100
AcDbEntity
  8
S-CONCRETE PLANS
100
AcDbLine
 10
353801.1975479113
 20
355941.5719967032
 30
0.0
 11
353801.1980172441
 21
355939.3533444524
 31
0.0
  0
LINE
  5
2237
330
1F
100
AcDbEntity
  8
S-CONCRETE PLANS
100
AcDbLine
 10
353801.1980172441
 20
355939.3533444524
 30
0.0
 11
353803.0581035086
 21
355939.3537379341
 31
0.0
  0
LINE
  5
2238
330
1F
100
AcDbEntity
  8
S-CONCRETE PLANS
100
AcDbLine
 10
353803.4671143477
 20
355939.3538244561
 30
0.0
 11
353806.2971622383
 21
355939.3544231231
 31
0.0
  0
LINE
  5
2239
330
1F
100
AcDbEntity
  8
S-CONCRETE PLANS
100
AcDbLine
 10
353806.2971622383
 20
355939.3544231231
 30
0.0
 11
353806.298645843
 21
355929.0355162785
 31
0.0
  0
LINE
  5
223A
330
1F
100
AcDbEntity
  8
S-CONCRETE PLANS
100
AcDbLine
 10
353806.2986892778
 20
355928.7334150873
 30
0.0
 11
353806.2991064318
 21
355925.8319868309
 31
0.0
  0
LINE
  5
223B
330
1F
100
AcDbEntity
  8
S-Steel
100
AcDbLine
 10
353806.6459332772
 20
355946.3903437014
 30
0.0
 11
353806.6477390775
 21
355936.3545567077
 31
0.0
  0
LINE
  5
223C
330
1F
100
AcDbEntity
  8
S-CONCRETE PLANS
100
AcDbLine
 10
353806.1471630058
 20
355939.3543981688
 30
0.0
 11
353806.1471630069
 21
355939.3543913923
 31
0.0
  0
LINE
  5
223D
330
1F
100
AcDbEntity
  8
S-BLINDING LINE
100
AcDbLine
 10
353806.1971715182
 20
355939.2544011262
 30
0.0
 11
353806.1986281708
 21
355929.1229558945
 31
0.0
  0
LINE
  5
223E
330
1F
100
AcDbEntity
  8
S-BLINDING LINE
100
AcDbLine
 10
353806.1986969538
 20
355928.6445499362
 30
0.0
 11
353806.1991013346
 21
355925.8319623276
 31
0.0
  0
LINE
  5
223F
330
1F
100
AcDbEntity
  8
S-CONCRETE PLANS
100
AcDbLine
 10
353807.7986236363
 20
355925.7934565457
 30
0.0
 11
353807.7903296795
 21
355975.9579836485
 31
0.0
  0
LINE
  5
2240
330
1F
100
AcDbEntity
  8
S-CONCRETE PLANS
100
AcDbLine
 10
353807.7903296795
 20
355975.9579836485
 30
0.0
 11
353796.5260744299
 21
355977.2910452684
 31
0.0
  0
LINE
  5
2241
330
1F
100
AcDbEntity
  8
S-CONCRETE PLANS
100
AcDbLine
 10
353800.3622847192
 20
355919.0863558454
 30
0.0
 11
353793.3412205916
 21
355919.9172595235
 31
0.0
  0
LINE
  5
2242
330
1F
100
AcDbEntity
  8
S-CONCRETE PLANS
100
AcDbLine
 10
353793.3412205916
 20
355919.9172595235
 30
0.0
 11
353793.1590564187
 21
355918.3779880386
 31
0.0
  0
LINE
  5
2243
330
1F
100
AcDbEntity
  8
S-CONCRETE PLANS
100
AcDbLine
 10
353793.1590564187
 20
355918.3779880386
 30
0.0
 11
353790.1806579198
 21
355918.7304648459
 31
0.0
  0
LINE
  5
2244
330
1F
100
AcDbEntity
  8
S-CONCRETE PLANS
100
AcDbLine
 10
353790.1806579198
 20
355918.7304648459
 30
0.0
 11
353790.5084810166
 21
355921.7629786661
 31
0.0
  0
LINE
  5
2245
330
1F
100
AcDbEntity
  8
S-CONCRETE PLANS
100
AcDbLine
 10
353790.5084810166
 20
355921.7629786661
 30
0.0
 11
353791.7527053727
 21
355921.6157316712
 31
0.0
  0
LINE
  5
2246
330
1F
100
AcDbEntity
  8
S-CONCRETE PLANS
100
AcDbLine
 10
353792.0506289491
 20
355921.5804740819
 30
0.0
 11
353795.8243267202
 21
355921.133878053
 31
0.0
  0
LINE
  5
2247
330
1F
100
AcDbEntity
  8
S-CONCRETE PLANS
100
AcDbLine
 10
353796.1222502965
 20
355921.0986204636
 30
0.0
 11
353800.1442176619
 21
355920.6226431165
 31
0.0
  0
LINE
  5
2248
330
1F
100
AcDbEntity
  8
S-CONCRETE PLANS
100
AcDbLine
 10
353800.4421412381
 20
355920.5873855272
 30
0.0
 11
353800.9664329645
 21
355920.5253385333
 31
0.0
  0
CIRCLE
  5
2249
330
1F
100
AcDbEntity
  8
S-TAGS
 48
0.05
100
AcDbCircle
 10
353764.4104033307
 20
355935.2182550288
 30
0.0
 40
0.6890058059775263
1001
AcDbBlockRepETag
1070
     1
1071
        1
1005
0
  0
MTEXT
  5
224A
102
{ACAD_XDICTIONARY
360
224B
102
}
330
1F
100
AcDbEntity
  8
S-TAGS
 48
0.05
100
AcDbMText
 10
353765.3032408066
 20
355935.6269637497
 30
0.0
 40
0.2200018538680053
 41
1.657334572528062
 46
0.0
 71
     3
 72
     5
  1
\pxqc;RAFT Thickness^J60cm
  7
Tohama
 11
0.9930700091361247
 21
-0.1175242824031574
 31
0.0
 73
     1
 44
1.0
1001
AcDbBlockRepETag
1070
     1
1071
        0
1005
0
  0
CIRCLE
  5
224C
330
1F
100
AcDbEntity
  8
S-TAGS
 48
0.05
100
AcDbCircle
 10
353779.914639221
 20
355929.8101550599
 30
0.0
 40
0.6890058059775263
1001
AcDbBlockRepETag
1070
     1
1071
        1
1005
0
  0
MTEXT
  5
224D
102
{ACAD_XDICTIONARY
360
224E
102
}
330
1F
100
AcDbEntity
  8
S-TAGS
 48
0.05
100
AcDbMText
 10
353780.807476697
 20
355930.2188637809
 30
0.0
 40
0.2200018538680053
 41
1.657334572528062
 46
0.0
 71
     3
 72
     5
  1
\pxqc;RAFT Thickness^J60cm
  7
Tohama
 11
0.9930700091361247
 21
-0.1175242824031574
 31
0.0
 73
     1
 44
1.0
1001
AcDbBlockRepETag
1070
     1
1071
        0
1005
0
  0
LWPOLYLINE
  5
2263
330
1F
100
AcDbEntity
  8
S-SYMPOLS
100
AcDbPolyline
 90
        4
 70
     0
 10
353801.8655554764
 20
355933.3665923232
 40
0.1000008426672752
 41
0.1000008426672752
 10
353801.8277567195
 20
355933.0689805447
 40
0.0300002528001826
 41
0.0300002528001826
 10
353805.5545633572
 20
355932.6528350333
 40
0.1000008426672752
 41
0.1000008426672752
 10
353805.5923621142
 20
355932.9504468119
 40
0.1000008426672752
 41
0.1000008426672752
  0
TEXT
  5
2264
330
1F
100
AcDbEntity
  8
S-SYMPOLS
100
AcDbText
 10
353801.7434873334
 20
355933.4856642081
 30
0.0
 40
0.2500021066681879
  1
A
 50
352.8305947141701
  7
Tohama
100
AcDbText
  0
TEXT
  5
2265
330
1F
100
AcDbEntity
  8
S-SYMPOLS
100
AcDbText
 10
353805.4791903736
 20
355933.0380492094
 30
0.0
 40
0.2500021066681879
  1
A
 50
353.322854829743
  7
Tohama
100
AcDbText
  0
LWPOLYLINE
  5
2266
330
1F
100
AcDbEntity
  8
S-SYMPOLS
100
AcDbPolyline
 90
        4
 70
     0
 10
353790.0221269985
 20
355921.22450863
 40
0.1000008426672752
 41
0.1000008426672752
 10
353789.9843282416
 20
355920.9268968513
 40
0.0300002528001826
 41
0.0300002528001826
 10
353791.9124292147
 20
355920.7144962691
 40
0.1000008426672752
 41
0.1000008426672752
 10
353791.9502279717
 20
355921.0121080477
 40
0.1000008426672752
 41
0.1000008426672752
  0
TEXT
  5
2267
330
1F
100
AcDbEntity
  8
S-SYMPOLS
100
AcDbText
 10
353789.9351522372
 20
355921.298516646
 30
0.0
 40
0.2500021066681879
  1
3
 50
352.8305947141701
  7
Tohama
100
AcDbText
  0
TEXT
  5
2268
330
1F
100
AcDbEntity
  8
S-SYMPOLS
100
AcDbText
 10
353791.8462567814
 20
355921.054677162
 30
0.0
 40
0.2500021066681879
  1
3
 50
353.322854829743
  7
Tohama
100
AcDbText
  0
CIRCLE
  5
2271
330
1F
100
AcDbEntity
  8
S-TAGS
 48
0.05
100
AcDbCircle
 10
353766.3967619824
 20
355923.8016675606
 30
0.0
 40
0.6890058059775263
1001
AcDbBlockRepETag
1070
     1
1071
        1
1005
0
  0
MTEXT
  5
2272
102
{ACAD_XDICTIONARY
360
2273
102
}
330
1F
100
AcDbEntity
  8
S-TAGS
 48
0.05
100
AcDbMText
 10
353767.2895994582
 20
355924.2103762817
 30
0.0
 40
0.2200018538680053
 41
1.657334572528062
 46
0.0
 71
     3
 72
     5
  1
\pxqc;RAFT Thickness^J60cm
  7
Tohama
 11
0.9930700091361247
 21
-0.1175242824031574
 31
0.0
 73
     1
 44
1.0
1001
AcDbBlockRepETag
1070
     1
1071
        0
1005
0
  0
LWPOLYLINE
  5
2274
330
1F
100
AcDbEntity
  8
S-SYMPOLS
100
AcDbPolyline
 90
        4
 70
     0
 10
353793.21084958
 20
355974.592612889
 40
0.1000008426672752
 41
0.1000008426672752
 10
353793.173050823
 20
355974.2950011104
 40
0.0300002528001826
 41
0.0300002528001826
 10
353798.8350852651
 20
355973.640710382
 40
0.1000008426672752
 41
0.1000008426672752
 10
353798.8728840222
 20
355973.9383221607
 40
0.1000008426672752
 41
0.1000008426672752
  0
TEXT
  5
2275
330
1F
100
AcDbEntity
  8
S-SYMPOLS
100
AcDbText
 10
353793.0956204102
 20
355974.712702346
 30
0.0
 40
0.2500021066681879
  1
4'
 50
352.8305947141701
  7
Tohama
100
AcDbText
  0
TEXT
  5
2276
330
1F
100
AcDbEntity
  8
S-SYMPOLS
100
AcDbText
 10
353798.8185543458
 20
355974.0092062606
 30
0.0
 40
0.2500021066681879
  1
4'
 50
353.322854829743
  7
Tohama
100
AcDbText
  0
LWPOLYLINE
  5
2277
330
1F
100
AcDbEntity
  8
S-SYMPOLS
100
AcDbPolyline
 90
        4
 70
     0
 10
353742.2774065849
 20
355954.3408058172
 40
0.1000008426672752
 41
0.1000008426672752
 10
353742.3322248152
 20
355954.0458541628
 40
0.0300002528001826
 41
0.0300002528001826
 10
353748.2685354043
 20
355955.1512869866
 40
0.1000008426672752
 41
0.1000008426672752
 10
353748.213717174
 20
355955.4462386412
 40
0.1000008426672752
 41
0.1000008426672752
  0
TEXT
  5
2278
330
1F
100
AcDbEntity
  8
S-SYMPOLS
100
AcDbText
 10
353742.1384815637
 20
355954.5105245933
 30
0.0
 40
0.2500021066681879
  1
5
 50
12.52476433060991
  7
Tohama
100
AcDbText
  0
TEXT
  5
2279
330
1F
100
AcDbEntity
  8
S-SYMPOLS
100
AcDbText
 10
353748.1409231655
 20
355955.5599108692
 30
0.0
 40
0.2500021066681879
  1
5
 50
14.09084589188998
  7
Tohama
100
AcDbText
  0
LWPOLYLINE
  5
227A
330
1F
100
AcDbEntity
  8
S-SYMPOLS
100
AcDbPolyline
 90
        4
 70
     0
 10
353755.0972107933
 20
355922.7244274469
 40
0.1000008426672752
 41
0.1000008426672752
 10
353754.9185634013
 20
355922.9654391191
 40
0.0300002528001826
 41
0.0300002528001826
 10
353752.3472844696
 20
355921.0568864299
 40
0.1000008426672752
 41
0.1000008426672752
 10
353752.5259318615
 20
355920.8158747577
 40
0.1000008426672752
 41
0.1000008426672752
  0
TEXT
  5
227B
330
1F
100
AcDbEntity
  8
S-SYMPOLS
100
AcDbText
 10
353755.1660534548
 20
355922.6424098742
 30
0.0
 40
0.2500021066681879
  1
6
 50
317.1878178837897
  7
Tohama
100
AcDbText
  0
TEXT
  5
227C
330
1F
100
AcDbEntity
  8
S-SYMPOLS
100
AcDbText
 10
353752.5396905473
 20
355920.6515069412
 30
0.0
 40
0.2500021066681879
  1
6
 50
317.1878178837897
  7
Tohama
100
AcDbText
  0
LINE
  5
227E
330
1F
100
AcDbEntity
  8
S-CONCRETE PLANS
100
AcDbLine
 10
353801.1980172441
 20
355939.3533444524
 30
0.0
 11
353801.1975479113
 21
355941.5719967032
 31
0.0
  0
LINE
  5
227F
330
1F
100
AcDbEntity
  8
S-CONCRETE PLANS
100
AcDbLine
 10
353801.1974840046
 20
355941.8741003171
 30
0.0
 11
353801.1971499247
 21
355943.45337891
 31
0.0
  0
LINE
  5
2280
330
1F
100
AcDbEntity
  8
S-CONCRETE PLANS
100
AcDbLine
 10
353807.7961153013
 20
355948.607909792
 30
0.0
 11
353807.7971235662
 21
355943.8415903871
 31
0.0
  0
LINE
  5
2281
330
1F
100
AcDbEntity
  8
S-BLINDING LINE
100
AcDbLine
 10
353805.6961210287
 20
355948.4969591894
 30
0.0
 11
353805.6971654555
 21
355943.5596935208
 31
0.0
  0
LINE
  5
2285
330
1F
100
AcDbEntity
  8
S-BLINDING LINE
100
AcDbLine
 10
353805.6953394216
 20
355952.1918104106
 30
0.0
 11
353805.1423978283
 21
355952.1916934416
 31
0.0
  0
LINE
  5
2286
330
1F
100
AcDbEntity
  8
S-BLINDING LINE
100
AcDbLine
 10
353804.6388918052
 20
355952.1915869301
 30
0.0
 11
353802.2952221078
 21
355952.1910911513
 31
0.0
  0
LWPOLYLINE
  5
2320
330
1F
100
AcDbEntity
  8
steel
100
AcDbPolyline
 90
        4
 70
     0
 43
0.0
 10
353797.5360016832
 20
355920.830612209
 10
353797.7346173587
 20
355920.8071071545
 10
353797.5818345041
 20
355919.5161052638
 10
353797.3832188286
 20
355919.5396103183
  0
LWPOLYLINE
  5
2321
330
1F
100
AcDbEntity
  8
steel
100
AcDbPolyline
 90
        4
 70
     0
 43
0.0
 10
353797.2667421799
 20
355920.8624775656
 10
353797.0681265044
 20
355920.8859826201
 10
353796.9153436498
 20
355919.5949807295
 10
353797.1139593253
 20
355919.5714756749
  0
LINE
  5
2328
330
1F
100
AcDbEntity
  8
steel
100
AcDbLine
 10
353807.1430563795
 20
355925.8362910372
 30
0.0
 11
353807.1428764632
 21
355926.836180881
 31
0.0
  0
LINE
  5
2329
330
1F
100
AcDbEntity
  8
S-Steel
100
AcDbLine
 10
353806.7475279368
 20
355937.3544672658
 30
0.0
 11
353806.7495889538
 21
355925.9003060893
 31
0.0
  0
LWPOLYLINE
  5
232A
330
1F
100
AcDbEntity
  8
steel
100
AcDbPolyline
 90
        4
 70
     0
 43
0.0
 10
353803.7997777447
 20
355921.2128142729
 10
353803.6309811467
 20
355921.1073977937
 10
353804.2479440877
 20
355920.0256387232
 10
353804.4197454753
 20
355920.128034804
  0
LWPOLYLINE
  5
232D
330
1F
100
AcDbEntity
  8
steel
100
AcDbPolyline
 90
        4
 70
     0
 43
0.0
 10
353804.0773954711
 20
355921.364256203
 10
353804.2502905248
 20
355921.4628068293
 10
353804.9096841766
 20
355920.4063760606
 10
353804.7380217567
 20
355920.3037471771
  0
LINE
  5
232F
330
1F
100
AcDbEntity
  8
S-Steel
100
AcDbLine
 10
353807.2413385175
 20
355937.290351761
 30
0.0
 11
353807.2433995343
 21
355925.8361905845
 31
0.0
  0
LINE
  5
2330
330
1F
100
AcDbEntity
  8
S-Steel
100
AcDbLine
 10
353807.2344190102
 20
355975.9239142599
 30
0.0
 11
353807.2364242657
 21
355964.7796488955
 31
0.0
  0
LINE
  5
2331
330
1F
100
AcDbEntity
  8
S-Steel
100
AcDbLine
 10
353807.1362434877
 20
355965.7796361523
 30
0.0
 11
353807.1384016058
 21
355953.785832207
 31
0.0
  0
LINE
  5
2332
330
1F
100
AcDbEntity
  8
S-Steel
100
AcDbLine
 10
353807.2382225087
 20
355954.7858617722
 30
0.0
 11
353807.2399130803
 21
355945.3904609025
 31
0.0
  0
LINE
  5
2333
330
1F
100
AcDbEntity
  8
S-Steel
100
AcDbLine
 10
353807.1397323022
 20
355946.3904481594
 30
0.0
 11
353807.1415496581
 21
355936.2904412028
 31
0.0
  0
LINE
  5
2339
330
1F
100
AcDbEntity
  8
S-Steel
100
AcDbLine
 10
353806.6424444624
 20
355965.7795316944
 30
0.0
 11
353806.6446025807
 21
355953.785727749
 31
0.0
  0
LINE
  5
233A
330
1F
100
AcDbEntity
  8
S-Steel
100
AcDbLine
 10
353806.7444234836
 20
355954.7857573141
 30
0.0
 11
353806.7461140552
 21
355945.3903564445
 31
0.0
  0
LINE
  5
233F
330
1F
100
AcDbEntity
  8
steel
100
AcDbLine
 10
353807.2357037338
 20
355975.9237823366
 30
0.0
 11
353807.0367482345
 21
355975.9442123004
 31
0.0
  0
LWPOLYLINE
  5
2340
330
1F
100
AcDbEntity
  8
steel
100
AcDbPolyline
 90
        3
 70
     0
 43
0.0
 10
353806.7426252406
 20
355964.7795444375
 10
353806.7406092799
 20
355975.9833042007
 10
353806.9389762012
 20
355975.9577848228
  0
LWPOLYLINE
  5
2343
330
1F
100
AcDbEntity
  8
steel
100
AcDbPolyline
 90
        4
 70
     0
 43
0.0
 10
353805.9027510815
 20
355946.8320165422
 10
353805.9067035754
 20
355947.0309871514
 10
353807.6871226579
 20
355947.067693634
 10
353807.6873040022
 20
355946.8676920309
  0
LWPOLYLINE
  5
2345
330
1F
100
AcDbEntity
  8
steel
100
AcDbPolyline
 90
        4
 70
     0
 43
0.0
 10
353805.9114096621
 20
355946.541762598
 10
353805.9176726407
 20
355946.3428513096
 10
353807.6926580379
 20
355946.3298061196
 10
353807.6905166453
 20
355946.5297963407
  0
LWPOLYLINE
  5
2347
330
1F
100
AcDbEntity
  8
steel
100
AcDbPolyline
 90
        4
 70
     0
 43
0.0
 10
353805.9009556216
 20
355955.3196018912
 10
353805.9049081156
 20
355955.5185725005
 10
353807.6853271981
 20
355955.555278983
 10
353807.6855085423
 20
355955.3552773799
  0
LWPOLYLINE
  5
2349
330
1F
100
AcDbEntity
  8
steel
100
AcDbPolyline
 90
        4
 70
     0
 43
0.0
 10
353805.9096142022
 20
355955.0293479471
 10
353805.9158771809
 20
355954.8304366586
 10
353807.6908625782
 20
355954.8173914686
 10
353807.6887211855
 20
355955.0173816898
  0
LWPOLYLINE
  5
234B
330
1F
100
AcDbEntity
  8
steel
100
AcDbPolyline
 90
        4
 70
     0
 43
0.0
 10
353806.3985029148
 20
355966.5198114281
 10
353806.4024554088
 20
355966.7187820374
 10
353807.6475342498
 20
355966.7437747754
 10
353807.6477155942
 20
355966.5437731722
  0
LWPOLYLINE
  5
234D
330
1F
100
AcDbEntity
  8
steel
100
AcDbPolyline
 90
        4
 70
     0
 43
0.0
 10
353806.4043083566
 20
355966.2117300736
 10
353806.4134006818
 20
355966.0129280234
 10
353807.6587096018
 20
355966.0201149047
 10
353807.6537230951
 20
355966.2200544178
  0
LWPOLYLINE
  5
234F
330
1F
100
AcDbEntity
  8
S-CONCRETE PLANS
100
AcDbPolyline
 90
        3
 70
     0
 43
0.0
 10
353758.8067248791
 20
355981.905967389
 10
353761.7859600113
 20
355981.5533915709
 10
353761.6401550881
 20
355980.3213525953
  0
LWPOLYLINE
  5
2350
330
1F
100
AcDbEntity
  8
S-CONCRETE PLANS
100
AcDbPolyline
 90
        2
 70
     0
 43
0.0
 10
353761.6047489286
 20
355980.0221736129
 10
353760.8914706761
 20
355973.9950341477
  0
LWPOLYLINE
  5
2351
330
1F
100
AcDbEntity
  8
S-CONCRETE PLANS
100
AcDbPolyline
 90
        3
 70
     0
 43
0.0
 10
353760.8560074963
 20
355973.6953733493
 10
353760.6107072839
 20
355971.6226077967
 10
353757.6377272628
 20
355971.9744433575
  0
LWPOLYLINE
  5
2352
330
1F
100
AcDbEntity
  8
S-CONCRETE PLANS
100
AcDbPolyline
 90
        3
 70
     0
 43
0.0
 10
353757.3398037497
 20
355972.0097009393
 10
353751.8219636439
 20
355972.6627064605
 10
353752.3863798598
 20
355977.4319746082
  0
LWPOLYLINE
  5
2353
330
1F
100
AcDbEntity
  8
S-BLINDING LINE
100
AcDbPolyline
 90
        3
 70
     0
 43
0.0
 10
353758.7807342537
 20
355982.0097419179
 10
353761.8970203764
 20
355981.6409468814
 10
353761.7523450541
 20
355980.4184529364
  0
LWPOLYLINE
  5
2354
330
1F
100
AcDbEntity
  8
S-BLINDING LINE
100
AcDbPolyline
 90
        2
 70
     0
 43
0.0
 10
353761.6933347881
 20
355979.9198212992
 10
353761.0038706209
 20
355974.0939087909
  0
LWPOLYLINE
  5
2355
330
1F
100
AcDbEntity
  8
S-BLINDING LINE
100
AcDbPolyline
 90
        3
 70
     0
 43
0.0
 10
353760.9447653212
 20
355973.5944741269
 10
353760.6982625945
 20
355971.5115474318
 10
353757.7252825734
 20
355971.8633829926
  0
LWPOLYLINE
  5
2356
330
1F
100
AcDbEntity
  8
S-BLINDING LINE
100
AcDbPolyline
 90
        3
 70
     0
 43
0.0
 10
353757.2287433846
 20
355971.9221456289
 10
353751.7109032787
 20
355972.57515115
 10
353752.2923513755
 20
355977.4883372163
  0
CIRCLE
  5
2357
330
1F
100
AcDbEntity
  8
S-TAGS
 48
0.05
100
AcDbCircle
 10
353759.7349214971
 20
355975.3273133825
 30
0.0
 40
0.6890058059775263
1001
AcDbBlockRepETag
1070
     1
1071
        1
1005
0
  0
MTEXT
  5
2358
102
{ACAD_XDICTIONARY
360
2359
102
}
330
1F
100
AcDbEntity
  8
S-TAGS
 48
0.05
100
AcDbMText
 10
353760.627758973
 20
355975.7360221036
 30
0.0
 40
0.2200018538680053
 41
1.657334572528062
 46
0.0
 71
     3
 72
     5
  1
\pxqc;RAFT Thickness^J50cm
  7
Tohama
 11
0.9930700091361247
 21
-0.1175242824031574
 31
0.0
 73
     1
 44
1.0
1001
AcDbBlockRepETag
1070
     1
1071
        0
1005
0
  0
CIRCLE
  5
2368
330
1F
100
AcDbEntity
  8
S-TAGS
 48
0.05
100
AcDbCircle
 10
353756.9538154599
 20
355973.0452889804
 30
0.0
 40
0.0637505372003879
1001
AcDbBlockRepETag
1070
     1
1071
        1
1005
0
  0
CIRCLE
  5
236A
330
1F
100
AcDbEntity
  8
S-TAGS
 48
0.05
100
AcDbCircle
 10
353757.0279882606
 20
355973.672042723
 30
0.0
 40
0.0637505372003879
1001
AcDbBlockRepETag
1070
     1
1071
        1
1005
0
  0
TEXT
  5
2380
330
1F
100
AcDbEntity
  8
S-Text-Col.
 48
0.05
100
AcDbText
 10
353768.4124964004
 20
355984.1597153975
 30
0.0
 40
0.3000025280018256
  1
F.B.L=1113.0
 50
353.2507566816763
  7
ARIAL
 11
353768.4301251914
 21
355984.3086771541
 31
0.0
100
AcDbText
 73
     2
  0
TEXT
  5
2381
330
1F
100
AcDbEntity
  8
S-Text-Col.
 48
0.05
100
AcDbText
 10
353758.9997981084
 20
355967.33776223
 30
0.0
 40
0.3000025280018256
  1
F.B.L=1113.0
 50
353.2507566816763
  7
ARIAL
 11
353759.0174268994
 21
355967.4867239866
 31
0.0
100
AcDbText
 73
     2
  0
TEXT
  5
2382
330
1F
100
AcDbEntity
  8
S-Text-Col.
 48
0.05
100
AcDbText
 10
353737.5103540653
 20
355970.0248587285
 30
0.0
 40
0.3000025280018256
  1
F.B.L=1109.5
 50
353.2507566816763
  7
ARIAL
 11
353737.5279828562
 21
355970.1738204851
 31
0.0
100
AcDbText
 73
     2
  0
LWPOLYLINE
  5
23C7
330
1F
100
AcDbEntity
  8
S-SYMPOLS
100
AcDbPolyline
 90
        4
 70
     0
 10
353805.3253445925
 20
355970.5013906552
 40
0.1000008426672752
 41
0.1000008426672752
 10
353805.3238303341
 20
355970.2013919487
 40
0.0300002528001826
 41
0.0300002528001826
 10
353809.07360843
 20
355970.2391945125
 40
0.1000008426672752
 41
0.1000008426672752
 10
353809.0751226883
 20
355970.5391932188
 40
0.1000008426672752
 41
0.1000008426672752
  0
TEXT
  5
23C8
330
1F
100
AcDbEntity
  8
S-SYMPOLS
100
AcDbText
 10
353805.1897671123
 20
355970.6048193368
 30
0.0
 40
0.2500021066681879
  1
1
 50
359.7796014503213
  7
Tohama
100
AcDbText
  0
TEXT
  5
23C9
330
1F
100
AcDbEntity
  8
S-SYMPOLS
100
AcDbText
 10
353808.9521836248
 20
355970.6124599204
 30
0.0
 40
0.2500021066681879
  1
1
 50
0.2718615659655962
  7
Tohama
100
AcDbText
  0
LWPOLYLINE
  5
23CA
330
1F
100
AcDbEntity
  8
S-SYMPOLS
100
AcDbPolyline
 90
        4
 70
     0
 10
353805.1319567486
 20
355954.2118449797
 40
0.1000008426672752
 41
0.1000008426672752
 10
353805.1304424903
 20
355953.9118462733
 40
0.0300002528001826
 41
0.0300002528001826
 10
353808.8802205861
 20
355953.9496488369
 40
0.1000008426672752
 41
0.1000008426672752
 10
353808.8817348444
 20
355954.2496475435
 40
0.1000008426672752
 41
0.1000008426672752
  0
TEXT
  5
23CB
330
1F
100
AcDbEntity
  8
S-SYMPOLS
100
AcDbText
 10
353804.9963792685
 20
355954.3152736612
 30
0.0
 40
0.2500021066681879
  1
1'
 50
359.7796014503213
  7
Tohama
100
AcDbText
  0
TEXT
  5
23CC
330
1F
100
AcDbEntity
  8
S-SYMPOLS
100
AcDbText
 10
353808.7587957809
 20
355954.322914245
 30
0.0
 40
0.2500021066681879
  1
1'
 50
0.2718615659655962
  7
Tohama
100
AcDbText
  0
LWPOLYLINE
  5
23CD
330
1F
100
AcDbEntity
  8
S-SYMPOLS
100
AcDbPolyline
 90
        4
 70
     0
 10
353804.7905039458
 20
355945.5119521112
 40
0.1000008426672752
 41
0.1000008426672752
 10
353804.7889896874
 20
355945.2119534048
 40
0.0300002528001826
 41
0.0300002528001826
 10
353808.5387677833
 20
355945.2497559686
 40
0.1000008426672752
 41
0.1000008426672752
 10
353808.5402820416
 20
355945.549754675
 40
0.1000008426672752
 41
0.1000008426672752
  0
TEXT
  5
23CE
330
1F
100
AcDbEntity
  8
S-SYMPOLS
100
AcDbText
 10
353804.6549264656
 20
355945.6153807929
 30
0.0
 40
0.2500021066681879
  1
1'
 50
359.7796014503213
  7
Tohama
100
AcDbText
  0
TEXT
  5
23CF
330
1F
100
AcDbEntity
  8
S-SYMPOLS
100
AcDbText
 10
353808.417342978
 20
355945.6230213765
 30
0.0
 40
0.2500021066681879
  1
1'
 50
0.2718615659655962
  7
Tohama
100
AcDbText
  0
LWPOLYLINE
  5
23D0
330
1F
100
AcDbEntity
  8
S-SYMPOLS
100
AcDbPolyline
 90
        4
 70
     0
 10
353805.1129359061
 20
355930.5355825288
 40
0.1000008426672752
 41
0.1000008426672752
 10
353805.1114216479
 20
355930.2355838224
 40
0.0300002528001826
 41
0.0300002528001826
 10
353808.8611997437
 20
355930.2733863862
 40
0.1000008426672752
 41
0.1000008426672752
 10
353808.862714002
 20
355930.5733850925
 40
0.1000008426672752
 41
0.1000008426672752
  0
TEXT
  5
23D1
330
1F
100
AcDbEntity
  8
S-SYMPOLS
100
AcDbText
 10
353804.9773584261
 20
355930.6390112104
 30
0.0
 40
0.2500021066681879
  1
1
 50
359.7796014503213
  7
Tohama
100
AcDbText
  0
TEXT
  5
23D2
330
1F
100
AcDbEntity
  8
S-SYMPOLS
100
AcDbText
 10
353808.7397749385
 20
355930.6466517941
 30
0.0
 40
0.2500021066681879
  1
1
 50
0.2718615659655962
  7
Tohama
100
AcDbText
  0
LWPOLYLINE
  5
23D3
330
1F
100
AcDbEntity
  8
S-SYMPOLS
100
AcDbPolyline
 90
        4
 70
     0
 10
353804.9222239856
 20
355923.8177617613
 40
0.1000008426672752
 41
0.1000008426672752
 10
353804.8298291013
 20
355923.532341541
 40
0.0300002528001826
 41
0.0300002528001826
 10
353808.4145851214
 20
355922.4315286241
 40
0.1000008426672752
 41
0.1000008426672752
 10
353808.5069800056
 20
355922.7169488443
 40
0.1000008426672752
 41
0.1000008426672752
  0
TEXT
  5
23D4
330
1F
100
AcDbEntity
  8
S-SYMPOLS
100
AcDbText
 10
353804.8243843597
 20
355923.9574261911
 30
0.0
 40
0.2500021066681879
  1
1
 50
342.1312430305074
  7
Tohama
100
AcDbText
  0
TEXT
  5
23D5
330
1F
100
AcDbEntity
  8
S-SYMPOLS
100
AcDbText
 10
353808.4120396341
 20
355922.8240392209
 30
0.0
 40
0.2500021066681879
  1
1
 50
342.6235031460182
  7
Tohama
100
AcDbText
  0
LWPOLYLINE
  5
23D6
330
1F
100
AcDbEntity
  8
S-SYMPOLS
100
AcDbPolyline
 90
        4
 70
     0
 10
353799.6020693881
 20
355921.6370324875
 40
0.1000008426672752
 41
0.1000008426672752
 10
353799.3046050024
 20
355921.6759741889
 40
0.0300002528001826
 41
0.0300002528001826
 10
353798.8741466911
 20
355917.9507935967
 40
0.1000008426672752
 41
0.1000008426672752
 10
353799.1716110769
 20
355917.9118518955
 40
0.1000008426672752
 41
0.1000008426672752
  0
TEXT
  5
23D7
330
1F
100
AcDbEntity
  8
S-SYMPOLS
100
AcDbText
 10
353799.7341864704
 20
355921.5143951423
 30
0.0
 40
0.2500021066681879
  1
1
 50
352.6105025432614
  7
Tohama
100
AcDbText
  0
TEXT
  5
23D8
330
1F
100
AcDbEntity
  8
S-SYMPOLS
100
AcDbText
 10
353799.2966013549
 20
355917.8261066636
 30
0.0
 40
0.2500021066681879
  1
1
 50
353.1027626591419
  7
Tohama
100
AcDbText
  0
HATCH
  5
23D9
330
1F
100
AcDbEntity
  8
S-S-COLUMN HATCH
100
AcDbHatch
 10
0.0
 20
0.0
 30
0.0
210
0.0
220
0.0
230
1.0
  2
SOLID
 70
     1
 71
     0
 91
        1
 92
        1
 93
        4
 72
     1
 10
353768.7688840712
 20
355928.6657821016
 11
353767.6764978572
 21
355928.7950599106
 72
     1
 10
353767.6764978572
 20
355928.7950599107
 11
353767.7117554385
 21
355929.0929834194
 72
     1
 10
353767.7117554385
 20
355929.0929834194
 11
353768.8041416526
 21
355928.9637056104
 72
     1
 10
353768.8041416526
 20
355928.9637056104
 11
353768.7688840712
 21
355928.6657821016
 97
        0
 75
     1
 76
     1
 98
        1
 10
342978.1781266956
 20
406086.6390401883
450
        0
451
        0
460
0.0
461
0.0
452
        0
462
0.0
453
        0
470

1001
GradientColor1ACI
1070
     5
1001
GradientColor2ACI
1070
     2
1001
ACAD
1010
0.0
1020
0.0
1030
0.0
  0
LWPOLYLINE
  5
23DA
330
1F
100
AcDbEntity
  8
S-CONCRETE WALLS
100
AcDbPolyline
 90
        4
 70
     1
 43
0.0
 10
353767.7117554385
 20
355929.0929834194
 10
353768.8041416537
 20
355928.9637056194
 10
353768.7688840719
 20
355928.6657821061
 10
353767.6764978567
 20
355928.7950599062
  0
HATCH
  5
23DB
330
1F
100
AcDbEntity
  8
S-S-COLUMN HATCH
100
AcDbHatch
 10
0.0
 20
0.0
 30
0.0
210
0.0
220
0.0
230
1.0
  2
SOLID
 70
     1
 71
     0
 91
        1
 92
        1
 93
        4
 72
     1
 10
353804.0684716956
 20
355973.3774842153
 11
353802.9760854815
 21
355973.5067620242
 72
     1
 10
353802.9760854815
 20
355973.5067620242
 11
353803.0113430628
 21
355973.804685533
 72
     1
 10
353803.0113430628
 20
355973.8046855329
 11
353804.1037292769
 21
355973.6754077239
 72
     1
 10
353804.1037292769
 20
355973.6754077238
 11
353804.0684716957
 21
355973.3774842151
 97
        0
 75
     1
 76
     1
 98
        1
 10
343013.4777143199
 20
406131.3507423017
450
        0
451
        0
460
0.0
461
0.0
452
        0
462
0.0
453
        0
470

1001
GradientColor1ACI
1070
     5
1001
GradientColor2ACI
1070
     2
1001
ACAD
1010
0.0
1020
0.0
1030
0.0
  0
LWPOLYLINE
  5
23DC
330
1F
100
AcDbEntity
  8
S-CONCRETE WALLS
100
AcDbPolyline
 90
        4
 70
     1
 43
0.0
 10
353803.0113430628
 20
355973.8046855329
 10
353804.103729278
 20
355973.6754077328
 10
353804.0684716961
 20
355973.3774842197
 10
353802.9760854811
 20
355973.5067620197
  0
HATCH
  5
23DD
330
1F
100
AcDbEntity
  8
S-S-COLUMN HATCH
100
AcDbHatch
 10
0.0
 20
0.0
 30
0.0
210
0.0
220
0.0
230
1.0
  2
SOLID
 70
     1
 71
     0
 91
        1
 92
        1
 93
        4
 72
     1
 10
353801.7517776554
 20
355972.9467612146
 11
353800.6593914414
 21
355973.0760390236
 72
     1
 10
353800.6593914416
 20
355973.0760390236
 11
353800.6946490228
 21
355973.3739625323
 72
     1
 10
353800.6946490228
 20
355973.3739625323
 11
353801.7870352368
 21
355973.2446847234
 72
     1
 10
353801.7870352368
 20
355973.2446847233
 11
353801.7517776555
 21
355972.9467612146
 97
        0
 75
     1
 76
     1
 98
        1
 10
343011.1610202799
 20
406130.9200193012
450
        0
451
        0
460
0.0
461
0.0
452
        0
462
0.0
453
        0
470

1001
GradientColor1ACI
1070
     5
1001
GradientColor2ACI
1070
     2
1001
ACAD
1010
0.0
1020
0.0
1030
0.0
  0
LWPOLYLINE
  5
23DE
330
1F
100
AcDbEntity
  8
S-CONCRETE WALLS
100
AcDbPolyline
 90
        4
 70
     1
 43
0.0
 10
353800.6946490228
 20
355973.3739625323
 10
353801.7870352379
 20
355973.2446847323
 10
353801.751777656
 20
355972.9467612191
 10
353800.659391441
 20
355973.0760390191
  0
LINE
  5
23DF
330
1F
100
AcDbEntity
  8
S-CONCRETE PLANS
100
AcDbLine
 10
353752.3863798598
 20
355977.4319746082
 30
0.0
 11
353758.8067248791
 21
355981.905967389
 31
0.0
  0
LINE
  5
23E0
330
1F
100
AcDbEntity
  8
S-BLINDING LINE
100
AcDbLine
 10
353752.2923513755
 20
355977.4883372163
 30
0.0
 11
353758.7807342537
 21
355982.0097419179
 31
0.0
  0
LWPOLYLINE
  5
23E1
330
1F
100
AcDbEntity
  8
S-SYMPOLS
100
AcDbPolyline
 90
        4
 70
     0
 10
353791.0679298958
 20
355956.4851271266
 40
0.1000008426672752
 41
0.1000008426672752
 10
353791.0301311388
 20
355956.187515348
 40
0.0300002528001826
 41
0.0300002528001826
 10
353796.6921655809
 20
355955.5332246195
 40
0.1000008426672752
 41
0.1000008426672752
 10
353796.729964338
 20
355955.8308363982
 40
0.1000008426672752
 41
0.1000008426672752
  0
TEXT
  5
23E2
330
1F
100
AcDbEntity
  8
S-SYMPOLS
100
AcDbText
 10
353790.952700726
 20
355956.6052165834
 30
0.0
 40
0.2500021066681879
  1
4
 50
352.8305947141701
  7
Tohama
100
AcDbText
  0
TEXT
  5
23E3
330
1F
100
AcDbEntity
  8
S-SYMPOLS
100
AcDbText
 10
353796.6756346616
 20
355955.9017204982
 30
0.0
 40
0.2500021066681879
  1
4
 50
353.322854829743
  7
Tohama
100
AcDbText
  0
LWPOLYLINE
  5
23E4
330
1F
100
AcDbEntity
  8
S-SYMPOLS
100
AcDbPolyline
 90
        4
 70
     0
 10
353788.9177046461
 20
355938.3159099674
 40
0.1000008426672752
 41
0.1000008426672752
 10
353788.8799058889
 20
355938.0182981889
 40
0.0300002528001826
 41
0.0300002528001826
 10
353794.5419403312
 20
355937.3640074605
 40
0.1000008426672752
 41
0.1000008426672752
 10
353794.5797390881
 20
355937.661619239
 40
0.1000008426672752
 41
0.1000008426672752
  0
TEXT
  5
23E5
330
1F
100
AcDbEntity
  8
S-SYMPOLS
100
AcDbText
 10
353788.8024754763
 20
355938.4359994245
 30
0.0
 40
0.2500021066681879
  1
4
 50
352.8305947141701
  7
Tohama
100
AcDbText
  0
TEXT
  5
23E6
330
1F
100
AcDbEntity
  8
S-SYMPOLS
100
AcDbText
 10
353794.5254094118
 20
355937.7325033391
 30
0.0
 40
0.2500021066681879
  1
4
 50
353.322854829743
  7
Tohama
100
AcDbText
  0
LWPOLYLINE
  5
23E7
330
1F
100
AcDbEntity
  8
S-SYMPOLS
100
AcDbPolyline
 90
        4
 70
     0
 10
353764.3190323772
 20
355921.7134958182
 40
0.1000008426672752
 41
0.1000008426672752
 10
353764.1053042813
 20
355921.5029683431
 40
0.0300002528001826
 41
0.0300002528001826
 10
353766.353950092
 20
355919.2231348556
 40
0.1000008426672752
 41
0.1000008426672752
 10
353766.5676781879
 20
355919.4336623308
 40
0.1000008426672752
 41
0.1000008426672752
  0
TEXT
  5
23E8
330
1F
100
AcDbEntity
  8
S-SYMPOLS
100
AcDbText
 10
353764.4370169009
 20
355921.7386926685
 30
0.0
 40
0.2500021066681879
  1
6
 50
45.12882624699225
  7
Tohama
100
AcDbText
  0
TEXT
  5
23E9
330
1F
100
AcDbEntity
  8
S-SYMPOLS
100
AcDbText
 10
353766.7423258169
 20
355919.376125129
 30
0.0
 40
0.2500021066681879
  1
6
 50
45.12882624699225
  7
Tohama
100
AcDbText
  0
LWPOLYLINE
  5
23EA
330
1F
100
AcDbEntity
  8
S-SYMPOLS
100
AcDbPolyline
 90
        4
 70
     0
 10
353774.3663260723
 20
355976.7675590414
 40
0.1000008426672752
 41
0.1000008426672752
 10
353774.6639378509
 20
355976.7297602844
 40
0.0300002528001826
 41
0.0300002528001826
 10
353775.3182285793
 20
355982.3917947265
 40
0.1000008426672752
 41
0.1000008426672752
 10
353775.0206168007
 20
355982.4295934836
 40
0.1000008426672752
 41
0.1000008426672752
  0
TEXT
  5
23EB
330
1F
100
AcDbEntity
  8
S-SYMPOLS
100
AcDbText
 10
353774.7374330054
 20
355982.3513273134
 30
0.0
 40
0.2500021066681879
  1
4
 50
353.322854829743
  7
Tohama
100
AcDbText
  0
TEXT
  5
23EC
330
1F
100
AcDbEntity
  8
S-SYMPOLS
100
AcDbText
 10
353774.083142277
 20
355976.6892928712
 30
0.0
 40
0.2500021066681879
  1
4
 50
353.322854829743
  7
Tohama
100
AcDbText
  0
LWPOLYLINE
  5
23ED
330
1F
100
AcDbEntity
  8
S-SYMPOLS
100
AcDbPolyline
 90
        4
 70
     0
 10
353783.5026471444
 20
355975.6863265322
 40
0.1000008426672752
 41
0.1000008426672752
 10
353783.8002589231
 20
355975.6485277752
 40
0.0300002528001826
 41
0.0300002528001826
 10
353784.4545496515
 20
355981.3105622172
 40
0.1000008426672752
 41
0.1000008426672752
 10
353784.1569378727
 20
355981.3483609743
 40
0.1000008426672752
 41
0.1000008426672752
  0
TEXT
  5
23EE
330
1F
100
AcDbEntity
  8
S-SYMPOLS
100
AcDbText
 10
353783.8737540775
 20
355981.2700948042
 30
0.0
 40
0.2500021066681879
  1
4
 50
353.322854829743
  7
Tohama
100
AcDbText
  0
TEXT
  5
23EF
330
1F
100
AcDbEntity
  8
S-SYMPOLS
100
AcDbText
 10
353783.2194633491
 20
355975.608060362
 30
0.0
 40
0.2500021066681879
  1
4
 50
353.322854829743
  7
Tohama
100
AcDbText
  0
LWPOLYLINE
  5
23F0
330
1F
100
AcDbEntity
  8
S-DIMENSIONS
100
AcDbPolyline
 90
        4
 70
     0
 43
0.0
 10
353752.1666069182
 20
355924.8431786515
 10
353754.6229830716
 20
355921.3550351881
 10
353754.2959352836
 20
355921.1247257424
 10
353751.6737135363
 20
355924.8483759797
  0
LWPOLYLINE
  5
23F1
330
1F
100
AcDbEntity
  8
S-DIMENSIONS
100
AcDbPolyline
 90
        4
 70
     0
 43
0.0
 10
353753.4213638074
 20
355924.2771543364
 10
353755.195316701
 20
355921.7580767182
 10
353753.7236016543
 20
355920.7216842122
 10
353751.4996863173
 20
355923.8797248629
  0
LWPOLYLINE
  5
23F2
330
1F
100
AcDbEntity
  8
S-BLINDING LINE
100
AcDbPolyline
 90
        4
 70
     0
 43
0.0
 10
353753.5908934714
 20
355924.210098348
 10
353755.277078648
 20
355921.8156540796
 10
353753.6418397073
 20
355920.6641068508
 10
353751.4556962602
 20
355923.768510044
  0
LWPOLYLINE
  5
23FD
330
1F
100
AcDbEntity
  8
S-DIMENSIONS
100
AcDbPolyline
 90
        4
 70
     0
 43
0.0
 10
353751.7413465002
 20
355925.5088309549
 10
353749.4183029834
 20
355936.7404944101
 10
353749.2224466585
 20
355936.6999854714
 10
353751.6737135313
 20
355924.8483759866
  0
HATCH
  5
23FE
330
1F
100
AcDbEntity
  8
S-HATCH REIN.
100
AcDbHatch
 10
0.0
 20
0.0
 30
0.0
210
0.0
220
0.0
230
1.0
  2
ANSI37
 70
     0
 71
     0
 91
        1
 92
       33
 93
        3
 72
     1
 10
353751.7413465002
 20
355925.5088309549
 11
353749.4183029834
 21
355936.7404944101
 72
     1
 10
353749.4183029834
 20
355936.7404944101
 11
353749.2224466585
 21
355936.6999854714
 72
     1
 10
353749.2224466585
 20
355936.6999854714
 11
353751.6737135315
 21
355924.8483759867
 97
        0
 75
     1
 76
     1
 52
-6.749243318334468
 41
1.500012640009128
 77
     0
 78
     2
 53
38.25075668166554
 43
353817.2746752751
 44
355904.5537941653
 45
-0.1160830383002426
 46
0.1472466322939465
 79
     0
 53
128.2507566816655
 43
353817.2746752751
 44
355904.5537941653
 45
-0.1472466322939465
 46
-0.1160830383002426
 79
     0
 98
        1
 10
353817.2746752751
 20
355904.5537941653
1001
GradientColor1ACI
1070
     5
1001
GradientColor2ACI
1070
     2
1001
ACAD
1010
0.0
1020
0.0
1030
0.0
  0
LWPOLYLINE
  5
23FF
330
1F
100
AcDbEntity
  8
S-SYMPOLS
100
AcDbPolyline
 90
        4
 70
     0
 10
353748.8688345753
 20
355929.7324596986
 40
0.1000008426672752
 41
0.1000008426672752
 10
353748.9235269663
 20
355929.4374846841
 40
0.0300002528001826
 41
0.0300002528001826
 10
353753.126611611
 20
355930.2189337463
 40
0.1000008426672752
 41
0.1000008426672752
 10
353753.07191922
 20
355930.5139087608
 40
0.1000008426672752
 41
0.1000008426672752
  0
TEXT
  5
2400
330
1F
100
AcDbEntity
  8
S-SYMPOLS
100
AcDbText
 10
353748.7508560283
 20
355929.8406597747
 30
0.0
 40
0.2500021066681879
  1
2
 50
11.32548986416186
  7
Tohama
100
AcDbText
  0
TEXT
  5
2401
330
1F
100
AcDbEntity
  8
S-SYMPOLS
100
AcDbText
 10
353752.9622852606
 20
355930.5771021025
 30
0.0
 40
0.2500021066681879
  1
2
 50
11.32548986416186
  7
Tohama
100
AcDbText
  0
TEXT
  5
2402
330
1F
100
AcDbEntity
  8
S-Text-Col.
 48
0.05
100
AcDbText
 10
353778.7833112973
 20
355975.0919749241
 30
0.0
 40
0.3000025280018256
  1
F.B.L=1113.0
 50
353.2507566816763
  7
ARIAL
 11
353778.8009400883
 21
355975.2409366807
 31
0.0
100
AcDbText
 73
     2
  0
TEXT
  5
2403
330
1F
100
AcDbEntity
  8
S-Text-Col.
 48
0.05
100
AcDbText
 10
353777.0555073846
 20
355957.6175838821
 30
0.0
 40
0.3000025280018256
  1
F.B.L=1113.0
 50
353.2507566816763
  7
ARIAL
 11
353777.0731361756
 21
355957.7665456387
 31
0.0
100
AcDbText
 73
     2
  0
TEXT
  5
2404
330
1F
100
AcDbEntity
  8
S-Text-Col.
 48
0.05
100
AcDbText
 10
353776.8982267644
 20
355948.5970633898
 30
0.0
 40
0.3000025280018256
  1
F.B.L=1113.0
 50
353.2507566816763
  7
ARIAL
 11
353776.9158555553
 21
355948.7460251464
 31
0.0
100
AcDbText
 73
     2
  0
LWPOLYLINE
  5
2414
330
1F
100
AcDbEntity
  8
S-SYMPOLS
100
AcDbPolyline
 90
        4
 70
     0
 43
0.0
 10
353739.5021695048
 20
355975.7951334572
 10
353743.6962114096
 20
355970.8964063347
 10
353744.7227858604
 20
355969.6973462822
 10
353756.4525918574
 20
355916.4370503482
  0
LWPOLYLINE
  5
2415
330
1F
100
AcDbEntity
  8
S-SYMPOLS
100
AcDbPolyline
 90
        3
 70
     0
 43
0.0
 10
353763.7028790064
 20
355917.6189980349
 10
353752.1011285572
 20
355970.1122017634
 10
353750.1656133172
 20
355980.2604694995
  0
LWPOLYLINE
  5
2416
330
1F
100
AcDbEntity
  8
S-SYMPOLS
100
AcDbPolyline
 90
        6
 70
     0
 43
0.0
 38
-26.42306675706573
 10
353738.7653152742
 20
355975.486574439
 10
353744.2267824449
 20
355977.7735735202
 10
353744.4028491157
 20
355977.6822153638
 10
353744.2852160044
 20
355977.9631290645
 10
353744.4825538242
 20
355977.8806782397
 10
353751.0926712524
 20
355980.648676657
  0
LWPOLYLINE
  5
2417
330
1F
100
AcDbEntity
  8
S-SYMPOLS
100
AcDbPolyline
 90
        6
 70
     0
 43
0.0
 10
353755.0832543145
 20
355916.2138198323
 10
353759.703651834
 20
355916.9670407802
 10
353759.8536113505
 20
355916.8372026935
 10
353759.8046103857
 20
355917.1377837336
 10
353759.9773302876
 20
355917.0116560635
 10
353764.523011779
 20
355917.752696744
  0
LINE
  5
2423
330
1F
100
AcDbEntity
  8
S-CONCRETE PLANS
100
AcDbLine
 10
353769.2693675433
 20
355933.2666762748
 30
0.0
 11
353765.7935932223
 21
355933.6780147293
 31
0.0
  0
LINE
  5
2424
330
1F
100
AcDbEntity
  8
S-CONCRETE PLANS
100
AcDbLine
 10
353765.4956697092
 20
355933.7132723111
 30
0.0
 11
353764.850168764
 21
355933.7896637384
 31
0.0
  0
LINE
  5
2425
330
1F
100
AcDbEntity
  8
S-CONCRETE PLANS
100
AcDbLine
 10
353764.0557060621
 20
355933.8836839565
 30
0.0
 11
353763.1677516191
 21
355933.9887683995
 31
0.0
  0
LINE
  5
2426
330
1F
100
AcDbEntity
  8
S-CONCRETE PLANS
100
AcDbLine
 10
353765.4956697092
 20
355933.7132723111
 30
0.0
 11
353764.850168764
 21
355933.7896637384
 31
0.0
  0
LINE
  5
2427
330
1F
100
AcDbEntity
  8
S-CONCRETE PLANS
100
AcDbLine
 10
353764.9002956282
 20
355933.7837315043
 30
0.0
 11
353763.1677516191
 21
355933.9887683995
 31
0.0
  0
LINE
  5
2428
330
1F
100
AcDbEntity
  8
S-CONCRETE PLANS
100
AcDbLine
 10
353768.5741347686
 20
355933.0468571351
 30
0.0
 11
353764.8149111821
 21
355933.4917402252
 31
0.0
  0
LINE
  5
2429
330
1F
100
AcDbEntity
  8
S-CONCRETE PLANS
100
AcDbLine
 10
353765.4604121274
 20
355933.4153487979
 30
0.0
 11
353764.8149111821
 21
355933.4917402252
 31
0.0
  0
LINE
  5
242A
330
1F
100
AcDbEntity
  8
S-CONCRETE PLANS
100
AcDbLine
 10
353765.4604121274
 20
355933.4153487979
 30
0.0
 11
353764.8149111821
 21
355933.4917402252
 31
0.0
  0
LINE
  5
242B
330
1F
100
AcDbEntity
  8
S-CONCRETE PLANS
100
AcDbLine
 10
353764.0204484802
 20
355933.5857604434
 30
0.0
 11
353762.9980065283
 21
355933.7067607309
 31
0.0
  0
LINE
  5
242C
330
1F
100
AcDbEntity
  8
S-CONCRETE PLANS
100
AcDbLine
 10
353747.7500220267
 20
355944.697219857
 30
0.0
 11
353749.3688325734
 21
355936.7302624516
 31
0.0
  0
LINE
  5
242D
330
1F
100
AcDbEntity
  8
S-BLINDING LINE
100
AcDbLine
 10
353748.0698038669
 20
355942.6325040515
 30
0.0
 11
353748.9400689744
 21
355938.351546803
 31
0.0
  0
LINE
  5
242E
330
1F
100
AcDbEntity
  8
S-CONCRETE PLANS
100
AcDbLine
 10
353748.065856197
 20
355944.659842649
 30
0.0
 11
353749.8303635118
 21
355935.979981404
 31
0.0
  0
LINE
  5
242F
330
1F
100
AcDbEntity
  8
S-BLINDING LINE
100
AcDbLine
 10
353748.5595635797
 20
355942.7332060126
 30
0.0
 11
353749.4297141487
 21
355938.4528121948
 31
0.0
  0
LINE
  5
2430
330
1F
100
AcDbEntity
  8
S-CONCRETE PLANS
100
AcDbLine
 10
353778.1712164986
 20
355922.5461182731
 30
0.0
 11
353778.0771962804
 21
355921.7516555712
 31
0.0
  0
LINE
  5
2431
330
1F
100
AcDbEntity
  8
S-CONCRETE PLANS
100
AcDbLine
 10
353778.0222547419
 20
355922.5637470639
 30
0.0
 11
353777.9282345237
 21
355921.769284362
 31
0.0
  0
LINE
  5
2432
330
1F
100
AcDbEntity
  8
S-CONCRETE PLANS
100
AcDbLine
 10
353778.273168146
 20
355922.1312581312
 30
0.0
 11
353778.226158037
 21
355921.7340267803
 31
0.0
  0
LINE
  5
2433
330
1F
100
AcDbEntity
  8
S-CONCRETE PLANS
100
AcDbLine
 10
353792.0246008195
 20
355942.6575636971
 30
0.0
 11
353747.5616105085
 21
355947.9195099664
 31
0.0
  0
LINE
  5
2434
330
1F
100
AcDbEntity
  8
S-BLINDING LINE
100
AcDbLine
 10
353789.4308445109
 20
355942.8638215685
 30
0.0
 11
353788.6860357278
 21
355942.9519655231
 31
0.0
  0
LINE
  5
2435
330
1F
100
AcDbEntity
  8
S-BLINDING LINE
100
AcDbLine
 10
353782.0324105992
 20
355943.7393848504
 30
0.0
 11
353777.6628657385
 21
355944.2564960505
 31
0.0
  0
LINE
  5
2436
330
1F
100
AcDbEntity
  8
S-BLINDING LINE
100
AcDbLine
 10
353770.8106249343
 20
355945.0674204324
 30
0.0
 11
353769.7182387193
 21
355945.1966982325
 31
0.0
  0
LINE
  5
2437
102
{ACAD_REACTORS
330
3B97
102
}
330
1F
100
AcDbEntity
  8
S-BLINDING LINE
100
AcDbLine
 10
353764.4549233191
 20
355945.819582178
 30
0.0
 11
353762.9629760443
 21
355945.996145795
 31
0.0
  0
LINE
  5
2438
330
1F
100
AcDbEntity
  8
S-BLINDING LINE
100
AcDbLine
 10
353757.750133876
 20
355946.6130565158
 30
0.0
 11
353749.1707179038
 21
355947.6283824206
 31
0.0
  0
LINE
  5
2439
330
1F
100
AcDbEntity
  8
S-BLINDING LINE
100
AcDbLine
 10
353789.4896071473
 20
355943.3603607572
 30
0.0
 11
353788.7447983641
 21
355943.4485047118
 31
0.0
  0
LINE
  5
243A
330
1F
100
AcDbEntity
  8
S-BLINDING LINE
100
AcDbLine
 10
353782.0911732355
 20
355944.2359240391
 30
0.0
 11
353777.7216283749
 21
355944.7530352392
 31
0.0
  0
LINE
  5
243B
330
1F
100
AcDbEntity
  8
S-BLINDING LINE
100
AcDbLine
 10
353770.8693875707
 20
355945.5639596212
 30
0.0
 11
353769.7770013557
 21
355945.6932374212
 31
0.0
  0
LINE
  5
243C
102
{ACAD_REACTORS
330
3B97
102
}
330
1F
100
AcDbEntity
  8
S-BLINDING LINE
100
AcDbLine
 10
353764.5136859554
 20
355946.3161213667
 30
0.0
 11
353762.863037802
 21
355946.5114663453
 31
0.0
  0
LINE
  5
243D
330
1F
100
AcDbEntity
  8
S-BLINDING LINE
100
AcDbLine
 10
353757.6501956337
 20
355947.1283770661
 30
0.0
 11
353749.0646101244
 21
355948.1444331011
 31
0.0
  0
LINE
  5
243E
330
1F
100
AcDbEntity
  8
S-CONCRETE PLANS
100
AcDbLine
 10
353792.0598584012
 20
355942.9554872103
 30
0.0
 11
353747.5968680902
 21
355948.2174334796
 31
0.0
  0
LINE
  5
243F
330
1F
100
AcDbEntity
  8
S-BLINDING LINE
100
AcDbLine
 10
353790.4885839857
 20
355951.8016285344
 30
0.0
 11
353789.4955056083
 21
355951.9191538071
 31
0.0
  0
LINE
  5
2440
330
1F
100
AcDbEntity
  8
S-BLINDING LINE
100
AcDbLine
 10
353783.3384196684
 20
355952.6478104981
 30
0.0
 11
353778.6212973756
 21
355953.2060555437
 31
0.0
  0
LINE
  5
2441
330
1F
100
AcDbEntity
  8
S-BLINDING LINE
100
AcDbLine
 10
353771.967672247
 20
355953.993474871
 30
0.0
 11
353770.7759781941
 21
355954.1345051983
 31
0.0
  0
LINE
  5
2442
330
1F
100
AcDbEntity
  8
S-BLINDING LINE
100
AcDbLine
 10
353765.5126627939
 20
355954.7573891438
 30
0.0
 11
353761.1640672393
 21
355955.2720211107
 31
0.0
  0
LINE
  5
2443
330
1F
100
AcDbEntity
  8
S-BLINDING LINE
100
AcDbLine
 10
353755.951225071
 20
355955.8889318314
 30
0.0
 11
353747.2607561703
 21
355956.9174002294
 31
0.0
  0
LINE
  5
2444
330
1F
100
AcDbEntity
  8
S-CONCRETE PLANS
100
AcDbLine
 10
353793.0823402943
 20
355951.5953706629
 30
0.0
 11
353745.6717326967
 21
355957.2061509553
 31
0.0
  0
LINE
  5
2445
330
1F
100
AcDbEntity
  8
S-CONCRETE PLANS
100
AcDbLine
 10
353793.1175978761
 20
355951.8932941762
 30
0.0
 11
353745.7092575142
 21
355957.5038061539
 31
0.0
  0
LINE
  5
2446
330
1F
100
AcDbEntity
  8
S-BLINDING LINE
100
AcDbLine
 10
353790.5473466221
 20
355952.2981677231
 30
0.0
 11
353789.5542682446
 21
355952.4156929958
 31
0.0
  0
LINE
  5
2447
330
1F
100
AcDbEntity
  8
S-BLINDING LINE
100
AcDbLine
 10
353783.3971823047
 20
355953.1443496869
 30
0.0
 11
353778.680060012
 21
355953.7025947324
 31
0.0
  0
LINE
  5
2448
330
1F
100
AcDbEntity
  8
S-BLINDING LINE
100
AcDbLine
 10
353772.0264348834
 20
355954.4900140597
 30
0.0
 11
353770.8347408305
 21
355954.631044387
 31
0.0
  0
LINE
  5
2449
330
1F
100
AcDbEntity
  8
S-BLINDING LINE
100
AcDbLine
 10
353765.5714254302
 20
355955.2539283326
 30
0.0
 11
353761.0641289969
 21
355955.7873416609
 31
0.0
  0
LINE
  5
244A
330
1F
100
AcDbEntity
  8
S-BLINDING LINE
100
AcDbLine
 10
353755.8512868287
 20
355956.4042523817
 30
0.0
 11
353747.154648391
 21
355957.4334509098
 31
0.0
  0
LINE
  5
244B
330
1F
100
AcDbEntity
  8
S-CONCRETE PLANS
100
AcDbLine
 10
353793.4361608174
 20
355951.5533949909
 30
0.0
 11
353798.8127715769
 21
355950.9171031731
 31
0.0
  0
LINE
  5
244C
330
1F
100
AcDbEntity
  8
S-CONCRETE PLANS
100
AcDbLine
 10
353799.5079264411
 20
355950.8348354822
 30
0.0
 11
353804.3231079436
 21
355950.2649856775
 31
0.0
  0
LINE
  5
244D
330
1F
100
AcDbEntity
  8
S-BLINDING LINE
100
AcDbLine
 10
353796.6456579055
 20
355951.0728702742
 30
0.0
 11
353798.8010190496
 21
355950.8177953354
 31
0.0
  0
LINE
  5
244E
330
1F
100
AcDbEntity
  8
S-BLINDING LINE
100
AcDbLine
 10
353799.4961739137
 20
355950.7355276446
 30
0.0
 11
353802.2956000992
 21
355950.4042312097
 31
0.0
  0
LINE
  5
244F
330
1F
100
AcDbEntity
  8
S-CONCRETE PLANS
100
AcDbLine
 10
353793.4714183992
 20
355951.8513185041
 30
0.0
 11
353798.8480291587
 21
355951.2150266864
 31
0.0
  0
LINE
  5
2450
330
1F
100
AcDbEntity
  8
S-CONCRETE PLANS
100
AcDbLine
 10
353799.5431840229
 20
355951.1327589954
 30
0.0
 11
353804.3807664821
 21
355950.5602581629
 31
0.0
  0
LINE
  5
2451
330
1F
100
AcDbEntity
  8
S-BLINDING LINE
100
AcDbLine
 10
353796.7044205419
 20
355951.569409463
 30
0.0
 11
353798.8597816859
 21
355951.3143345241
 31
0.0
  0
LINE
  5
2452
330
1F
100
AcDbEntity
  8
S-BLINDING LINE
100
AcDbLine
 10
353799.5549365502
 20
355951.2320668333
 30
0.0
 11
353802.2954935878
 21
355950.9077372329
 31
0.0
  0
LINE
  5
2453
330
1F
100
AcDbEntity
  8
S-CONCRETE PLANS
100
AcDbLine
 10
353792.3784333627
 20
355942.6156895943
 30
0.0
 11
353797.7550441222
 21
355941.9793977764
 31
0.0
  0
LINE
  5
2454
330
1F
100
AcDbEntity
  8
S-BLINDING LINE
100
AcDbLine
 10
353795.5879304508
 20
355942.1351648775
 30
0.0
 11
353797.7432915949
 21
355941.8800899387
 31
0.0
  0
LINE
  5
2455
330
1F
100
AcDbEntity
  8
S-BLINDING LINE
100
AcDbLine
 10
353798.4384464591
 20
355941.7978222478
 30
0.0
 11
353801.0975658652
 21
355941.4831303357
 31
0.0
  0
LINE
  5
2456
330
1F
100
AcDbEntity
  8
S-CONCRETE PLANS
100
AcDbLine
 10
353792.4136909445
 20
355942.9136131075
 30
0.0
 11
353797.790301704
 21
355942.2773212896
 31
0.0
  0
LINE
  5
2457
330
1F
100
AcDbEntity
  8
S-CONCRETE PLANS
100
AcDbLine
 10
353798.4854565682
 20
355942.1950535988
 30
0.0
 11
353803.3230390274
 21
355941.6225527662
 31
0.0
  0
LINE
  5
2458
330
1F
100
AcDbEntity
  8
S-BLINDING LINE
100
AcDbLine
 10
353795.6466930872
 20
355942.6317040662
 30
0.0
 11
353797.8020542313
 21
355942.3766291274
 31
0.0
  0
LINE
  5
2459
330
1F
100
AcDbEntity
  8
S-BLINDING LINE
100
AcDbLine
 10
353798.4972090955
 20
355942.2943614365
 30
0.0
 11
353801.0974593538
 21
355941.9866363589
 31
0.0
  0
LINE
  5
245A
330
1F
100
AcDbEntity
  8
S-CONCRETE PLANS
100
AcDbLine
 10
353790.9505012989
 20
355930.5497873086
 30
0.0
 11
353800.7947161287
 21
355929.3847795316
 31
0.0
  0
LINE
  5
245B
330
1F
100
AcDbEntity
  8
S-CONCRETE PLANS
100
AcDbLine
 10
353801.5511908214
 20
355929.295254982
 30
0.0
 11
353807.3602168775
 21
355928.6077892319
 31
0.0
  0
LINE
  5
245C
330
1F
100
AcDbEntity
  8
S-CONCRETE PLANS
100
AcDbLine
 10
353801.5864484032
 20
355929.5931784952
 30
0.0
 11
353807.3954744593
 21
355928.9057127452
 31
0.0
  0
LINE
  5
245D
330
1F
100
AcDbEntity
  8
S-BLINDING LINE
100
AcDbLine
 10
353794.4082679814
 20
355930.0398812738
 30
0.0
 11
353799.2743520308
 21
355929.4640074373
 31
0.0
  0
LINE
  5
245E
330
1F
100
AcDbEntity
  8
S-BLINDING LINE
100
AcDbLine
 10
353803.0480498649
 20
355929.0174114009
 30
0.0
 11
353806.1986969538
 21
355928.6445499362
 31
0.0
  0
LINE
  5
245F
330
1F
100
AcDbEntity
  8
S-CONCRETE PLANS
100
AcDbLine
 10
353790.9857588807
 20
355930.8477108219
 30
0.0
 11
353800.8523746672
 21
355929.6800520169
 31
0.0
  0
LINE
  5
2460
330
1F
100
AcDbEntity
  8
S-BLINDING LINE
100
AcDbLine
 10
353794.4670306178
 20
355930.5364204625
 30
0.0
 11
353799.3331146672
 21
355929.9605466261
 31
0.0
  0
LINE
  5
2461
330
1F
100
AcDbEntity
  8
S-BLINDING LINE
100
AcDbLine
 10
353803.1068125012
 20
355929.5139505896
 30
0.0
 11
353806.1986245626
 21
355929.1480519214
 31
0.0
  0
LINE
  5
2462
330
1F
100
AcDbEntity
  8
S-CONCRETE PLANS
100
AcDbLine
 10
353792.7908391368
 20
355927.0089370571
 30
0.0
 11
353796.4652291332
 21
355926.5740935479
 31
0.0
  0
LINE
  5
2463
330
1F
100
AcDbEntity
  8
S-CONCRETE PLANS
100
AcDbLine
 10
353796.8624604842
 20
355926.5270834389
 30
0.0
 11
353800.7851200749
 21
355926.0628586115
 31
0.0
  0
LINE
  5
2464
330
1F
100
AcDbEntity
  8
S-CONCRETE PLANS
100
AcDbLine
 10
353801.182351426
 20
355926.0158485024
 30
0.0
 11
353807.3214076285
 21
355925.28932553
 31
0.0
  0
LINE
  5
2465
330
1F
100
AcDbEntity
  8
S-BLINDING LINE
100
AcDbLine
 10
353793.623199739
 20
355926.8097032358
 30
0.0
 11
353795.6093570005
 21
355926.5746569716
 31
0.0
  0
LINE
  5
2466
330
1F
100
AcDbEntity
  8
S-BLINDING LINE
100
AcDbLine
 10
353797.6948221249
 20
355926.3278583941
 30
0.0
 11
353799.9292490442
 21
355926.0634313468
 31
0.0
  0
LINE
  5
2467
330
1F
100
AcDbEntity
  8
S-BLINDING LINE
100
AcDbLine
 10
353802.0147141688
 20
355925.8166327694
 30
0.0
 11
353806.169952894
 21
355925.3248925843
 31
0.0
  0
LINE
  5
2468
330
1F
100
AcDbEntity
  8
S-CONCRETE PLANS
100
AcDbLine
 10
353792.8260967186
 20
355927.3068605703
 30
0.0
 11
353796.500486715
 21
355926.8720170611
 31
0.0
  0
LINE
  5
2469
330
1F
100
AcDbEntity
  8
S-CONCRETE PLANS
100
AcDbLine
 10
353796.8977180661
 20
355926.825006952
 30
0.0
 11
353800.8203776568
 21
355926.3607821248
 31
0.0
  0
LINE
  5
246A
330
1F
100
AcDbEntity
  8
S-CONCRETE PLANS
100
AcDbLine
 10
353801.2176090078
 20
355926.3137720157
 30
0.0
 11
353807.347491528
 21
355925.5883346972
 31
0.0
  0
LINE
  5
246B
330
1F
100
AcDbEntity
  8
S-BLINDING LINE
100
AcDbLine
 10
353793.6819658668
 20
355927.3062719262
 30
0.0
 11
353795.6681226215
 21
355927.0712213807
 31
0.0
  0
LINE
  5
246C
330
1F
100
AcDbEntity
  8
S-BLINDING LINE
100
AcDbLine
 10
353797.7535872141
 20
355926.824418308
 30
0.0
 11
353799.9880135633
 21
355926.5599864443
 31
0.0
  0
LINE
  5
246D
330
1F
100
AcDbEntity
  8
S-BLINDING LINE
100
AcDbLine
 10
353802.0734781559
 20
355926.3131833716
 30
0.0
 11
353806.199033022
 21
355925.824947023
 31
0.0
  0
LINE
  5
246E
330
1F
100
AcDbEntity
  8
S-CONCRETE PLANS
100
AcDbLine
 10
353805.117600722
 20
355955.385740666
 30
0.0
 11
353804.564477949
 21
355950.7119011334
 31
0.0
  0
LINE
  5
246F
330
1F
100
AcDbEntity
  8
S-CONCRETE PLANS
100
AcDbLine
 10
353804.482217038
 20
355950.0168035591
 30
0.0
 11
353803.9978377207
 21
355945.9238402727
 31
0.0
  0
LINE
  5
2470
330
1F
100
AcDbEntity
  8
S-CONCRETE PLANS
100
AcDbLine
 10
353803.9978377207
 20
355945.9238402727
 30
0.0
 11
353803.4656200389
 21
355941.4266469494
 31
0.0
  0
LINE
  5
2471
330
1F
100
AcDbEntity
  8
S-BLINDING LINE
100
AcDbLine
 10
353805.0182928842
 20
355955.3974931933
 30
0.0
 11
353804.6388918052
 21
355952.1915869301
 31
0.0
  0
LINE
  5
2472
330
1F
100
AcDbEntity
  8
S-BLINDING LINE
100
AcDbLine
 10
353804.201374938
 20
355948.4946072902
 30
0.0
 11
353803.8985298829
 21
355945.9355927999
 31
0.0
  0
LINE
  5
2473
330
1F
100
AcDbEntity
  8
S-BLINDING LINE
100
AcDbLine
 10
353803.8985298829
 20
355945.9355927999
 30
0.0
 11
353803.6170164715
 21
355943.5568288513
 31
0.0
  0
LINE
  5
2474
330
1F
100
AcDbEntity
  8
S-CONCRETE PLANS
100
AcDbLine
 10
353805.4155242352
 20
355955.3504830842
 30
0.0
 11
353804.8673903701
 21
355950.7187993914
 31
0.0
  0
LINE
  5
2475
330
1F
100
AcDbEntity
  8
S-CONCRETE PLANS
100
AcDbLine
 10
353804.7759512463
 20
355949.9461467132
 30
0.0
 11
353804.2957612339
 21
355945.8885826908
 31
0.0
  0
LINE
  5
2476
330
1F
100
AcDbEntity
  8
S-CONCRETE PLANS
100
AcDbLine
 10
353804.2957612339
 20
355945.8885826908
 30
0.0
 11
353803.8088633125
 21
355941.774337419
 31
0.0
  0
LINE
  5
2477
330
1F
100
AcDbEntity
  8
S-BLINDING LINE
100
AcDbLine
 10
353805.5148320729
 20
355955.338730557
 30
0.0
 11
353805.1423978283
 21
355952.1916934416
 31
0.0
  0
LINE
  5
2478
330
1F
100
AcDbEntity
  8
S-BLINDING LINE
100
AcDbLine
 10
353804.7049621283
 20
355948.4953996564
 30
0.0
 11
353804.3950690717
 21
355945.8768301636
 31
0.0
  0
LINE
  5
2479
330
1F
100
AcDbEntity
  8
S-BLINDING LINE
100
AcDbLine
 10
353804.3950690717
 20
355945.8768301636
 30
0.0
 11
353804.1205919612
 21
355943.5575223485
 31
0.0
  0
LINE
  5
247A
330
1F
100
AcDbEntity
  8
S-CONCRETE PLANS
100
AcDbLine
 10
353801.0273145991
 20
355929.827990419
 30
0.0
 11
353803.4271852231
 21
355941.0849760792
 31
0.0
  0
LINE
  5
247B
330
1F
100
AcDbEntity
  8
S-CONCRETE PLANS
100
AcDbLine
 10
353800.758709853
 20
355925.7862532787
 30
0.0
 11
353800.1413412774
 21
355920.6229835206
 31
0.0
  0
LINE
  5
247C
330
1F
100
AcDbEntity
  8
S-BLINDING LINE
100
AcDbLine
 10
353801.2531386889
 20
355931.3668666737
 30
0.0
 11
353802.9345307118
 21
355939.2537109487
 31
0.0
  0
LINE
  5
247D
330
1F
100
AcDbEntity
  8
S-BLINDING LINE
100
AcDbLine
 10
353800.5589561616
 20
355924.9539542003
 30
0.0
 11
353800.0567269599
 21
355920.7336958355
 31
0.0
  0
LINE
  5
247E
330
1F
100
AcDbEntity
  8
S-CONCRETE PLANS
100
AcDbLine
 10
353801.3351412485
 20
355929.8330673786
 30
0.0
 11
353803.7268459453
 21
355941.0517494221
 31
0.0
  0
LINE
  5
247F
330
1F
100
AcDbEntity
  8
S-CONCRETE PLANS
100
AcDbLine
 10
353801.0573145488
 20
355925.7509150828
 30
0.0
 11
353800.4461830922
 21
355920.5869071964
 31
0.0
  0
LINE
  5
2480
330
1F
100
AcDbEntity
  8
S-BLINDING LINE
100
AcDbLine
 10
353801.7517981133
 20
355931.3078531193
 30
0.0
 11
353803.4457942607
 21
355939.2538191011
 31
0.0
  0
LINE
  5
2481
330
1F
100
AcDbEntity
  8
S-BLINDING LINE
100
AcDbLine
 10
353801.0554954555
 20
355924.8951915515
 30
0.0
 11
353800.5532662538
 21
355920.6749331867
 31
0.0
  0
LINE
  5
2482
330
1F
100
AcDbEntity
  8
S-CONCRETE PLANS
100
AcDbLine
 10
353796.4394999757
 20
355926.297407615
 30
0.0
 11
353795.8283685192
 21
355921.1333997286
 31
0.0
  0
LINE
  5
2483
330
1F
100
AcDbEntity
  8
S-BLINDING LINE
100
AcDbLine
 10
353796.2390652199
 20
355925.4651891367
 30
0.0
 11
353795.7368360182
 21
355921.2449307719
 31
0.0
  0
LINE
  5
2484
330
1F
100
AcDbEntity
  8
S-CONCRETE PLANS
100
AcDbLine
 10
353796.7374236071
 20
355926.2621500193
 30
0.0
 11
353796.1215597429
 21
355921.0987021868
 31
0.0
  0
LINE
  5
2485
330
1F
100
AcDbEntity
  8
S-BLINDING LINE
100
AcDbLine
 10
353796.7356045138
 20
355925.4064264879
 30
0.0
 11
353796.2333753121
 21
355921.1861681232
 31
0.0
  0
LINE
  5
2486
330
1F
100
AcDbEntity
  8
S-CONCRETE PLANS
100
AcDbLine
 10
353792.3609604448
 20
355926.7800799617
 30
0.0
 11
353791.6260006315
 21
355920.5510250747
 31
0.0
  0
LINE
  5
2487
330
1F
100
AcDbEntity
  8
S-BLINDING LINE
100
AcDbLine
 10
353792.1674438724
 20
355925.9470427549
 30
0.0
 11
353791.6652146708
 21
355921.7267843902
 31
0.0
  0
LINE
  5
2488
330
1F
100
AcDbEntity
  8
S-CONCRETE PLANS
100
AcDbLine
 10
353792.6588840211
 20
355926.7448223723
 30
0.0
 11
353791.9243649532
 21
355920.5194710917
 31
0.0
  0
LINE
  5
2489
330
1F
100
AcDbEntity
  8
S-BLINDING LINE
100
AcDbLine
 10
353792.6639831664
 20
355925.8882801061
 30
0.0
 11
353792.1617539647
 21
355921.6680217414
 31
0.0
  0
TEXT
  5
248A
330
1F
100
AcDbEntity
  8
S-TEXT- BEAMS
 48
0.05
100
AcDbText
 10
353780.5759723775
 20
355953.1448376047
 30
0.0
 40
0.2000016853345504
  1
G.B
 50
353.2507566816763
  7
ARIAL
 11
353780.5877249047
 21
355953.2441454424
 31
0.0
100
AcDbText
 73
     2
  0
TEXT
  5
248B
330
1F
100
AcDbEntity
  8
S-TEXT- BEAMS
 48
0.05
100
AcDbText
 10
353779.5182329027
 20
355944.2070306388
 30
0.0
 40
0.2000016853345504
  1
G.B
 50
353.2507566816763
  7
ARIAL
 11
353779.52998543
 21
355944.3063384765
 31
0.0
100
AcDbText
 73
     2
  0
TEXT
  5
248C
330
1F
100
AcDbEntity
  8
S-TEXT- BEAMS
 48
0.05
100
AcDbText
 10
353766.4275328221
 20
355933.3703037052
 30
0.0
 40
0.2000016853345504
  1
G.B
 50
353.2507566816763
  7
ARIAL
 11
353766.4392853493
 21
355933.4696115429
 31
0.0
100
AcDbText
 73
     2
  0
TEXT
  5
248D
330
1F
100
AcDbEntity
  8
S-TEXT- BEAMS
 48
0.05
100
AcDbText
 10
353763.3083571547
 20
355955.188363307
 30
0.0
 40
0.2000016853345504
  1
G.B
 50
353.2507566816763
  7
ARIAL
 11
353763.3201096819
 21
355955.2876711447
 31
0.0
100
AcDbText
 73
     2
  0
TEXT
  5
248E
330
1F
100
AcDbEntity
  8
S-TEXT- BEAMS
 48
0.05
100
AcDbText
 10
353763.4573400649
 20
355946.1077474947
 30
0.0
 40
0.2000016853345504
  1
G.B
 50
353.2507566816763
  7
ARIAL
 11
353763.4690925921
 21
355946.2070553325
 31
0.0
100
AcDbText
 73
     2
  0
TEXT
  5
248F
330
1F
100
AcDbEntity
  8
S-TEXT- BEAMS
 48
0.05
100
AcDbText
 10
353753.7800990009
 20
355947.2529948602
 30
0.0
 40
0.2000016853345504
  1
G.B5
 50
353.2507566816763
  7
ARIAL
 11
353753.7918515282
 21
355947.3523026979
 31
0.0
100
AcDbText
 73
     2
  0
TEXT
  5
2490
330
1F
100
AcDbEntity
  8
S-TEXT- BEAMS
 48
0.05
100
AcDbText
 10
353750.5601193057
 20
355956.6970459691
 30
0.0
 40
0.2000016853345504
  1
G.B5
 50
353.2507566816763
  7
ARIAL
 11
353750.571871833
 21
355956.7963538069
 31
0.0
100
AcDbText
 73
     2
  0
TEXT
  5
2491
330
1F
100
AcDbEntity
  8
S-TEXT- BEAMS
 48
0.05
100
AcDbText
 10
353799.8279576386
 20
355950.8599293
 30
0.0
 40
0.2000016853345504
  1
G.B1
 50
353.2507566816763
  7
ARIAL
 11
353799.8397101659
 21
355950.9592371378
 31
0.0
100
AcDbText
 73
     2
  0
TEXT
  5
2492
330
1F
100
AcDbEntity
  8
S-TEXT- BEAMS
 48
0.05
100
AcDbText
 10
353798.8010771095
 20
355941.9250138552
 30
0.0
 40
0.2000016853345504
  1
G.B1
 50
353.2507566816763
  7
ARIAL
 11
353798.8128296368
 21
355942.024321693
 31
0.0
100
AcDbText
 73
     2
  0
TEXT
  5
2493
330
1F
100
AcDbEntity
  8
S-TEXT- BEAMS
 48
0.05
100
AcDbText
 10
353795.7354836465
 20
355930.0529196387
 30
0.0
 40
0.2000016853345504
  1
G.B1
 50
353.2507566816763
  7
ARIAL
 11
353795.7472361738
 21
355930.1522274763
 31
0.0
100
AcDbText
 73
     2
  0
TEXT
  5
2494
330
1F
100
AcDbEntity
  8
S-TEXT- BEAMS
 48
0.05
100
AcDbText
 10
353804.2422094662
 20
355929.0461962069
 30
0.0
 40
0.2000016853345504
  1
G.B1
 50
353.2507566816763
  7
ARIAL
 11
353804.2539619934
 21
355929.1455040446
 31
0.0
100
AcDbText
 73
     2
  0
TEXT
  5
2495
330
1F
100
AcDbEntity
  8
S-TEXT- BEAMS
 48
0.05
100
AcDbText
 10
353803.8543760662
 20
355925.7690375615
 30
0.0
 40
0.2000016853345504
  1
G.B1
 50
353.2507566816763
  7
ARIAL
 11
353803.8661285935
 21
355925.8683453993
 31
0.0
100
AcDbText
 73
     2
  0
TEXT
  5
2496
330
1F
100
AcDbEntity
  8
S-TEXT- BEAMS
 48
0.05
100
AcDbText
 10
353798.4344600376
 20
355926.4104543157
 30
0.0
 40
0.2000016853345504
  1
G.B1
 50
353.2507566816763
  7
ARIAL
 11
353798.4462125649
 21
355926.5097621535
 31
0.0
100
AcDbText
 73
     2
  0
TEXT
  5
2497
330
1F
100
AcDbEntity
  8
S-TEXT- BEAMS
 48
0.05
100
AcDbText
 10
353794.2683294473
 20
355926.9034925744
 30
0.0
 40
0.2000016853345504
  1
G.B1
 50
353.2507566816763
  7
ARIAL
 11
353794.2800819745
 21
355927.0028004121
 31
0.0
100
AcDbText
 73
     2
  0
TEXT
  5
2498
330
1F
100
AcDbEntity
  8
S-TEXT- BEAMS
 48
0.05
100
AcDbText
 10
353792.2839495224
 20
355923.9385239104
 30
0.0
 40
0.2000016853345504
  1
G.B1
 50
83.25075668167635
  7
ARIAL
 11
353792.1846416848
 21
355923.9502764376
 31
0.0
100
AcDbText
 73
     2
  0
TEXT
  5
2499
330
1F
100
AcDbEntity
  8
S-TEXT- BEAMS
 48
0.05
100
AcDbText
 10
353796.3479277065
 20
355923.4632735169
 30
0.0
 40
0.2000016853345504
  1
G.B1
 50
83.25075668167635
  7
ARIAL
 11
353796.2486198688
 21
355923.475026044
 31
0.0
100
AcDbText
 73
     2
  0
TEXT
  5
249A
330
1F
100
AcDbEntity
  8
S-TEXT- BEAMS
 48
0.05
100
AcDbText
 10
353800.6674841071
 20
355922.9492274145
 30
0.0
 40
0.2000016853345504
  1
G.B1
 50
83.25075668167635
  7
ARIAL
 11
353800.5681762694
 21
355922.9609799417
 31
0.0
100
AcDbText
 73
     2
  0
TEXT
  5
249B
330
1F
100
AcDbEntity
  8
S-TEXT- BEAMS
 48
0.05
100
AcDbText
 10
353802.6162807466
 20
355936.1548981089
 30
0.0
 40
0.2000016853345504
  1
G.B1
 50
77.96530993213416
  7
ARIAL
 11
353802.5184777684
 21
355936.1757486724
 31
0.0
100
AcDbText
 73
     2
  0
TEXT
  5
249C
330
1F
100
AcDbEntity
  8
S-TEXT- BEAMS
 48
0.05
100
AcDbText
 10
353804.3525935302
 20
355946.839783421
 30
0.0
 40
0.2000016853345504
  1
G.B1
 50
83.25075668167635
  7
ARIAL
 11
353804.2532856926
 21
355946.8515359482
 31
0.0
100
AcDbText
 73
     2
  0
TEXT
  5
249D
330
1F
100
AcDbEntity
  8
S-TEXT- BEAMS
 48
0.05
100
AcDbText
 10
353805.3797248234
 20
355955.4282841325
 30
0.0
 40
0.2000016853345504
  1
G.B1
 50
83.25075668167635
  7
ARIAL
 11
353805.2804169856
 21
355955.4400366598
 31
0.0
100
AcDbText
 73
     2
  0
TEXT
  5
249E
330
1F
100
AcDbEntity
  8
S-TEXT- BEAMS
 48
0.05
100
AcDbText
 10
353786.91960463
 20
355956.131661881
 30
0.0
 40
0.2000016853345504
  1
G.B
 50
83.25075668167635
  7
ARIAL
 11
353786.8202967923
 21
355956.1434144082
 31
0.0
100
AcDbText
 73
     2
  0
TEXT
  5
249F
330
1F
100
AcDbEntity
  8
S-TEXT- BEAMS
 48
0.05
100
AcDbText
 10
353775.797126803
 20
355957.4479449357
 30
0.0
 40
0.2000016853345504
  1
G.B
 50
83.25075668167635
  7
ARIAL
 11
353775.6978189653
 21
355957.4596974629
 31
0.0
100
AcDbText
 73
     2
  0
TEXT
  5
24A0
330
1F
100
AcDbEntity
  8
S-TEXT- BEAMS
 48
0.05
100
AcDbText
 10
353768.6469624856
 20
355958.2941268994
 30
0.0
 40
0.2000016853345504
  1
G.B
 50
83.25075668167635
  7
ARIAL
 11
353768.5476546478
 21
355958.3058794267
 31
0.0
100
AcDbText
 73
     2
  0
TEXT
  5
24A1
330
1F
100
AcDbEntity
  8
S-TEXT- BEAMS
 48
0.05
100
AcDbText
 10
353785.8844557749
 20
355947.2662047614
 30
0.0
 40
0.2000016853345504
  1
G.B
 50
83.25075668167635
  7
ARIAL
 11
353785.7851479372
 21
355947.2779572887
 31
0.0
100
AcDbText
 73
     2
  0
TEXT
  5
24A2
330
1F
100
AcDbEntity
  8
S-TEXT- BEAMS
 48
0.05
100
AcDbText
 10
353774.7619779478
 20
355948.5824878163
 30
0.0
 40
0.2000016853345504
  1
G.B
 50
83.25075668167635
  7
ARIAL
 11
353774.6626701101
 21
355948.5942403436
 31
0.0
100
AcDbText
 73
     2
  0
TEXT
  5
24A3
330
1F
100
AcDbEntity
  8
S-TEXT- BEAMS
 48
0.05
100
AcDbText
 10
353767.6118136304
 20
355949.42866978
 30
0.0
 40
0.2000016853345504
  1
G.B
 50
83.25075668167635
  7
ARIAL
 11
353767.5125057927
 21
355949.4404223072
 31
0.0
100
AcDbText
 73
     2
  0
TEXT
  5
24A4
330
1F
100
AcDbEntity
  8
S-TEXT- BEAMS
 48
0.05
100
AcDbText
 10
353784.7638038607
 20
355937.9002307335
 30
0.0
 40
0.2000016853345504
  1
G.B
 50
83.25075668167635
  7
ARIAL
 11
353784.664496023
 21
355937.9119832608
 31
0.0
100
AcDbText
 73
     2
  0
TEXT
  5
24A5
330
1F
100
AcDbEntity
  8
S-TEXT- BEAMS
 48
0.05
100
AcDbText
 10
353773.6413260336
 20
355939.2165137882
 30
0.0
 40
0.2000016853345504
  1
G.B
 50
83.25075668167635
  7
ARIAL
 11
353773.5420181959
 21
355939.2282663155
 31
0.0
100
AcDbText
 73
     2
  0
TEXT
  5
24A6
330
1F
100
AcDbEntity
  8
S-TEXT- BEAMS
 48
0.05
100
AcDbText
 10
353766.4911617163
 20
355940.062695752
 30
0.0
 40
0.2000016853345504
  1
G.B
 50
83.25075668167635
  7
ARIAL
 11
353766.3918538786
 21
355940.0744482792
 31
0.0
100
AcDbText
 73
     2
  0
TEXT
  5
24A7
330
1F
100
AcDbEntity
  8
S-TEXT- BEAMS
 48
0.05
100
AcDbText
 10
353761.5425505939
 20
355940.467600236
 30
0.0
 40
0.2000016853345504
  1
G.B
 50
101.7061443635061
  7
ARIAL
 11
353761.4446296629
 21
355940.4473108344
 31
0.0
100
AcDbText
 73
     2
  0
TEXT
  5
24A8
330
1F
100
AcDbEntity
  8
S-TEXT- BEAMS
 48
0.05
100
AcDbText
 10
353748.6071936989
 20
355941.6922555983
 30
0.0
 40
0.2000016853345504
  1
G.B
 50
101.7061443635061
  7
ARIAL
 11
353748.5092727679
 21
355941.6719661967
 31
0.0
100
AcDbText
 73
     2
  0
TEXT
  5
24A9
330
1F
100
AcDbEntity
  8
S-TEXT- BEAMS
 48
0.05
100
AcDbText
 10
353746.4393831472
 20
355952.3560225527
 30
0.0
 40
0.2000016853345504
  1
G.B
 50
101.7061443635061
  7
ARIAL
 11
353746.3414622163
 21
355952.3357331511
 31
0.0
100
AcDbText
 73
     2
  0
TEXT
  5
24AA
330
1F
100
AcDbEntity
  8
S-TEXT- BEAMS
 48
0.05
100
AcDbText
 10
353744.4119298643
 20
355962.3293522351
 30
0.0
 40
0.2000016853345504
  1
G.B
 50
101.7061443635061
  7
ARIAL
 11
353744.3140089333
 21
355962.3090628335
 31
0.0
100
AcDbText
 73
     2
  0
TEXT
  5
24AB
330
1F
100
AcDbEntity
  8
S-TEXT- BEAMS
 48
0.05
100
AcDbText
 10
353759.52703324
 20
355951.1885473209
 30
0.0
 40
0.2000016853345504
  1
G.B
 50
101.7061443635061
  7
ARIAL
 11
353759.4291123091
 21
355951.1682579194
 31
0.0
100
AcDbText
 73
     2
  0
TEXT
  5
24AC
330
1F
100
AcDbEntity
  8
S-TEXT- BEAMS
 48
0.05
100
AcDbText
 10
353757.676814481
 20
355960.7372736045
 30
0.0
 40
0.2000016853345504
  1
G.B
 50
101.7061443635061
  7
ARIAL
 11
353757.5788935501
 21
355960.716984203
 31
0.0
100
AcDbText
 73
     2
  0
LINE
  5
24AD
330
1F
100
AcDbEntity
  8
S-BLINDING LINE
100
AcDbLine
 10
353764.7431189277
 20
355925.0675573178
 30
0.0
 11
353764.6374320232
 21
355925.4288650592
 31
0.0
  0
LINE
  5
24AE
330
1F
100
AcDbEntity
  8
S-BLINDING LINE
100
AcDbLine
 10
353764.5767168836
 20
355925.6364295636
 30
0.0
 11
353764.5737977765
 21
355925.6464090024
 31
0.0
  0
LINE
  5
24AF
330
1F
100
AcDbEntity
  8
S-BLINDING LINE
100
AcDbLine
 10
353764.3323138065
 20
355926.4719609302
 30
0.0
 11
353764.3238345829
 21
355926.5009485247
 31
0.0
  0
LINE
  5
24B0
330
1F
100
AcDbEntity
  8
S-CONCRETE PLANS
100
AcDbLine
 10
353764.6442798247
 20
355923.9803103347
 30
0.0
 11
353763.8973164637
 21
355926.551424559
 31
0.0
  0
LINE
  5
24B1
330
1F
100
AcDbEntity
  8
S-BLINDING LINE
100
AcDbLine
 10
353764.2058021294
 20
355925.1311457563
 30
0.0
 11
353764.1008601588
 21
355925.4923653389
 31
0.0
  0
LINE
  5
24B2
330
1F
100
AcDbEntity
  8
S-CONCRETE PLANS
100
AcDbLine
 10
353764.9256148323
 20
355924.0874710081
 30
0.0
 11
353764.2159071915
 21
355926.5137211279
 31
0.0
  0
LINE
  5
24B3
330
1F
100
AcDbEntity
  8
S-CONCRETE PLANS
100
AcDbLine
 10
353764.8297207088
 20
355923.3230656437
 30
0.0
 11
353766.9254439339
 21
355923.0750485192
 31
0.0
  0
LINE
  5
24B4
330
1F
100
AcDbEntity
  8
S-CONCRETE PLANS
100
AcDbLine
 10
353765.2495958924
 20
355923.5754718145
 30
0.0
 11
353767.1614660363
 21
355923.349212674
 31
0.0
  0
TEXT
  5
24B5
330
1F
100
AcDbEntity
  8
S-TEXT- BEAMS
 48
0.05
100
AcDbText
 10
353764.5719960206
 20
355925.0785032051
 30
0.0
 40
0.2000016853345504
  1
G.B
 50
106.1945340739804
  7
ARIAL
 11
353764.4759631817
 21
355925.0506130207
 31
0.0
100
AcDbText
 73
     2
  0
TEXT
  5
24B6
330
1F
100
AcDbEntity
  8
S-TEXT- BEAMS
 48
0.05
100
AcDbText
 10
353805.1806977482
 20
355941.1644263058
 30
0.0
 40
0.2000016853345504
  1
G.B1
 50
353.2507566816763
  7
ARIAL
 11
353805.1924502755
 21
355941.2637341436
 31
0.0
100
AcDbText
 73
     2
  0
TEXT
  5
24B7
330
1F
100
AcDbEntity
  8
S-TEXT- BEAMS
 48
0.05
100
AcDbText
 10
353805.8795255403
 20
355950.1400584923
 30
0.0
 40
0.2000016853345504
  1
G.B1
 50
353.2507566816763
  7
ARIAL
 11
353805.8912780676
 21
355950.2393663299
 31
0.0
100
AcDbText
 73
     2
  0
TEXT
  5
24B8
330
1F
100
AcDbEntity
  8
S-TEXT- BEAMS
 48
0.05
100
AcDbText
 10
353771.4510258634
 20
355954.2247239985
 30
0.0
 40
0.2000016853345504
  1
G.B
 50
353.2507566816763
  7
ARIAL
 11
353771.4627783906
 21
355954.3240318362
 31
0.0
100
AcDbText
 73
     2
  0
TEXT
  5
24B9
330
1F
100
AcDbEntity
  8
S-TEXT- BEAMS
 48
0.05
100
AcDbText
 10
353770.0306140812
 20
355945.3362721516
 30
0.0
 40
0.2000016853345504
  1
G.B
 50
353.2507566816763
  7
ARIAL
 11
353770.0423666084
 21
355945.4355799893
 31
0.0
100
AcDbText
 73
     2
  0
LINE
  5
24BA
330
1F
100
AcDbEntity
  8
S-CONCRETE PLANS
100
AcDbLine
 10
353789.1955337622
 20
355977.4103624432
 30
0.0
 11
353783.8153219627
 21
355931.9480386437
 31
0.0
  0
LINE
  5
24BB
330
1F
100
AcDbEntity
  8
S-BLINDING LINE
100
AcDbLine
 10
353788.7722110936
 20
355974.6842177082
 30
0.0
 11
353788.6546858209
 21
355973.6911393308
 31
0.0
  0
LINE
  5
24BC
330
1F
100
AcDbEntity
  8
S-BLINDING LINE
100
AcDbLine
 10
353788.1845847298
 20
355969.7188258212
 30
0.0
 11
353788.0259256116
 21
355968.3781700116
 31
0.0
  0
LINE
  5
24BD
330
1F
100
AcDbEntity
  8
S-BLINDING LINE
100
AcDbLine
 10
353786.903559257
 20
355958.8942715073
 30
0.0
 11
353786.515725857
 21
355955.6171128619
 31
0.0
  0
LINE
  5
24BE
330
1F
100
AcDbEntity
  8
S-BLINDING LINE
100
AcDbLine
 10
353785.7870691659
 20
355949.4600269219
 30
0.0
 11
353785.4873797204
 21
355946.9276770595
 31
0.0
  0
LINE
  5
24BF
330
1F
100
AcDbEntity
  8
S-BLINDING LINE
100
AcDbLine
 10
353784.699960393
 20
355940.2740519309
 30
0.0
 11
353783.9536749112
 21
355933.9680042343
 31
0.0
  0
LINE
  5
24C0
330
1F
100
AcDbEntity
  8
S-CONCRETE PLANS
100
AcDbLine
 10
353789.4934572754
 20
355977.3751048613
 30
0.0
 11
353784.1132454758
 21
355931.9127810618
 31
0.0
  0
LINE
  5
24C1
330
1F
100
AcDbEntity
  8
S-BLINDING LINE
100
AcDbLine
 10
353789.2687502824
 20
355974.6254550719
 30
0.0
 11
353789.1512250096
 21
355973.6323766944
 31
0.0
  0
LINE
  5
24C2
330
1F
100
AcDbEntity
  8
S-BLINDING LINE
100
AcDbLine
 10
353788.6811239186
 20
355969.6600631848
 30
0.0
 11
353788.5224648004
 21
355968.3194073752
 31
0.0
  0
LINE
  5
24C3
330
1F
100
AcDbEntity
  8
S-BLINDING LINE
100
AcDbLine
 10
353787.4000984457
 20
355958.8355088709
 30
0.0
 11
353787.0122650457
 21
355955.5583502255
 31
0.0
  0
LINE
  5
24C4
330
1F
100
AcDbEntity
  8
S-BLINDING LINE
100
AcDbLine
 10
353786.2836083546
 20
355949.4012642856
 30
0.0
 11
353785.9839189091
 21
355946.8689144232
 31
0.0
  0
LINE
  5
24C5
330
1F
100
AcDbEntity
  8
S-BLINDING LINE
100
AcDbLine
 10
353785.1964995818
 20
355940.2152892945
 30
0.0
 11
353784.4502140999
 21
355933.9092415979
 31
0.0
  0
LINE
  5
24C6
330
1F
100
AcDbEntity
  8
S-CONCRETE PLANS
100
AcDbLine
 10
353778.0730559351
 20
355978.7266454979
 30
0.0
 11
353772.0934652063
 21
355928.1996216498
 31
0.0
  0
LINE
  5
24C7
330
1F
100
AcDbEntity
  8
S-BLINDING LINE
100
AcDbLine
 10
353777.6497332666
 20
355976.0005007629
 30
0.0
 11
353777.5322079938
 21
355975.0074223855
 31
0.0
  0
LINE
  5
24C8
330
1F
100
AcDbEntity
  8
S-BLINDING LINE
100
AcDbLine
 10
353777.0621069029
 20
355971.0351088759
 30
0.0
 11
353776.9034477847
 21
355969.6944530664
 31
0.0
  0
LINE
  5
24C9
330
1F
100
AcDbEntity
  8
S-BLINDING LINE
100
AcDbLine
 10
353775.78108143
 20
355960.2105545621
 30
0.0
 11
353775.4226293482
 21
355957.181665511
 31
0.0
  0
LINE
  5
24CA
330
1F
100
AcDbEntity
  8
S-BLINDING LINE
100
AcDbLine
 10
353774.6352100207
 20
355950.5280403822
 30
0.0
 11
353774.3766544207
 21
355948.3432679519
 31
0.0
  0
LINE
  5
24CB
330
1F
100
AcDbEntity
  8
S-BLINDING LINE
100
AcDbLine
 10
353773.5657300387
 20
355941.4910271479
 30
0.0
 11
353772.8370733478
 21
355935.3339412079
 31
0.0
  0
LINE
  5
24CC
330
1F
100
AcDbEntity
  8
S-BLINDING LINE
100
AcDbLine
 10
353772.2259419295
 20
355930.1699336454
 30
0.0
 11
353772.0059098958
 21
355928.3106820148
 31
0.0
  0
LINE
  5
24CD
330
1F
100
AcDbEntity
  8
S-CONCRETE PLANS
100
AcDbLine
 10
353778.3709794484
 20
355978.6913879161
 30
0.0
 11
353772.3913887196
 21
355928.164364068
 31
0.0
  0
LINE
  5
24CE
330
1F
100
AcDbEntity
  8
S-BLINDING LINE
100
AcDbLine
 10
353778.1462724553
 20
355975.9417381265
 30
0.0
 11
353778.0287471826
 21
355974.9486597492
 31
0.0
  0
LINE
  5
24CF
330
1F
100
AcDbEntity
  8
S-BLINDING LINE
100
AcDbLine
 10
353777.5586460916
 20
355970.9763462395
 30
0.0
 11
353777.3999869734
 21
355969.63569043
 31
0.0
  0
LINE
  5
24D0
330
1F
100
AcDbEntity
  8
S-BLINDING LINE
100
AcDbLine
 10
353776.2776206187
 20
355960.1517919257
 30
0.0
 11
353775.9191685368
 21
355957.1229028746
 31
0.0
  0
LINE
  5
24D1
330
1F
100
AcDbEntity
  8
S-BLINDING LINE
100
AcDbLine
 10
353775.1317492094
 20
355950.4692777459
 30
0.0
 11
353774.8731936094
 21
355948.2845053156
 31
0.0
  0
LINE
  5
24D2
330
1F
100
AcDbEntity
  8
S-BLINDING LINE
100
AcDbLine
 10
353774.0622692275
 20
355941.4322645115
 30
0.0
 11
353773.3336125365
 21
355935.2751785715
 31
0.0
  0
LINE
  5
24D3
330
1F
100
AcDbEntity
  8
S-BLINDING LINE
100
AcDbLine
 10
353772.7224811182
 20
355930.111171009
 30
0.0
 11
353772.5024490845
 21
355928.2519193785
 31
0.0
  0
LINE
  5
24D4
330
1F
100
AcDbEntity
  8
S-CONCRETE PLANS
100
AcDbLine
 10
353770.9228916178
 20
355979.5728274617
 30
0.0
 11
353770.2193777243
 21
355973.6281959835
 31
0.0
  0
LINE
  5
24D5
330
1F
100
AcDbEntity
  8
S-CONCRETE PLANS
100
AcDbLine
 10
353770.2161789544
 20
355973.6011666541
 30
0.0
 11
353765.4956697092
 21
355933.7132723111
 31
0.0
  0
LINE
  5
24D6
330
1F
100
AcDbEntity
  8
S-BLINDING LINE
100
AcDbLine
 10
353770.4995689491
 20
355976.8466827267
 30
0.0
 11
353770.3937962037
 21
355975.9529121869
 31
0.0
  0
LINE
  5
24D7
330
1F
100
AcDbEntity
  8
S-BLINDING LINE
100
AcDbLine
 10
353769.9001900582
 20
355971.7819830019
 30
0.0
 11
353769.7062733582
 21
355970.1434036791
 31
0.0
  0
LINE
  5
24D8
330
1F
100
AcDbEntity
  8
S-BLINDING LINE
100
AcDbLine
 10
353768.6544221671
 20
355961.2553522014
 30
0.0
 11
353768.1901973398
 21
355957.3326926106
 31
0.0
  0
LINE
  5
24D9
330
1F
100
AcDbEntity
  8
S-BLINDING LINE
100
AcDbLine
 10
353767.5673133943
 20
355952.0693772102
 30
0.0
 11
353767.1324698852
 21
355948.3949872138
 31
0.0
  0
LINE
  5
24DA
330
1F
100
AcDbEntity
  8
S-BLINDING LINE
100
AcDbLine
 10
353766.5095859396
 20
355943.1316718135
 30
0.0
 11
353765.6869090304
 21
355936.1801231716
 31
0.0
  0
LINE
  5
24DB
330
1F
100
AcDbEntity
  8
S-CONCRETE PLANS
100
AcDbLine
 10
353771.2208151311
 20
355979.5375698799
 30
0.0
 11
353765.7935932223
 21
355933.6780147293
 31
0.0
  0
LINE
  5
24DC
330
1F
100
AcDbEntity
  8
S-BLINDING LINE
100
AcDbLine
 10
353770.9961081379
 20
355976.7879200903
 30
0.0
 11
353770.8903353924
 21
355975.8941495506
 31
0.0
  0
LINE
  5
24DD
330
1F
100
AcDbEntity
  8
S-BLINDING LINE
100
AcDbLine
 10
353770.3967292469
 20
355971.7232203654
 30
0.0
 11
353770.2028125469
 21
355970.0846410429
 31
0.0
  0
LINE
  5
24DE
330
1F
100
AcDbEntity
  8
S-BLINDING LINE
100
AcDbLine
 10
353769.1509613559
 20
355961.1965895649
 30
0.0
 11
353768.6867365285
 21
355957.2739299741
 31
0.0
  0
LINE
  5
24DF
330
1F
100
AcDbEntity
  8
S-BLINDING LINE
100
AcDbLine
 10
353768.063852583
 20
355952.0106145739
 30
0.0
 11
353767.6290090739
 21
355948.3362245775
 31
0.0
  0
LINE
  5
24E0
330
1F
100
AcDbEntity
  8
S-BLINDING LINE
100
AcDbLine
 10
353767.0061251283
 20
355943.0729091771
 30
0.0
 11
353766.1834482192
 21
355936.1213605352
 31
0.0
  0
LINE
  5
24E1
330
1F
100
AcDbEntity
  8
S-CONCRETE PLANS
100
AcDbLine
 10
353770.7408242142
 20
355979.7831885746
 30
0.0
 11
353758.0596621544
 21
355980.1149073824
 31
0.0
  0
LINE
  5
24E2
330
1F
100
AcDbEntity
  8
S-BLINDING LINE
100
AcDbLine
 10
353768.017773296
 20
355979.7543841578
 30
0.0
 11
353761.6933347881
 21
355979.9198212992
 31
0.0
  0
LINE
  5
24E3
330
1F
100
AcDbEntity
  8
S-CONCRETE PLANS
100
AcDbLine
 10
353770.7486691143
 20
355980.0830885151
 30
0.0
 11
353757.9410650471
 21
355980.4181148426
 31
0.0
  0
LINE
  5
24E4
330
1F
100
AcDbEntity
  8
S-BLINDING LINE
100
AcDbLine
 10
353768.0767835619
 20
355980.2530157949
 30
0.0
 11
353761.7523450541
 21
355980.4184529364
 31
0.0
  0
LINE
  5
24E5
330
1F
100
AcDbEntity
  8
S-CONCRETE PLANS
100
AcDbLine
 10
353757.9410650471
 20
355980.4181148426
 30
0.0
 11
353753.6747162986
 21
355976.2658641299
 31
0.0
  0
LINE
  5
24E6
330
1F
100
AcDbEntity
  8
S-CONCRETE PLANS
100
AcDbLine
 10
353758.0596621544
 20
355980.1149073824
 30
0.0
 11
353753.8977941422
 21
355976.0643432025
 31
0.0
  0
LINE
  5
24E7
330
1F
100
AcDbEntity
  8
S-CONCRETE PLANS
100
AcDbLine
 10
353743.3543524003
 20
355966.3304571453
 30
0.0
 11
353747.6766439664
 21
355945.0583491327
 31
0.0
  0
LINE
  5
24E8
330
1F
100
AcDbEntity
  8
S-CONCRETE PLANS
100
AcDbLine
 10
353743.6427671933
 20
355966.4176435415
 30
0.0
 11
353747.9924422655
 21
355945.02097617
 31
0.0
  0
LINE
  5
24E9
330
1F
100
AcDbEntity
  8
S-CONCRETE PLANS
100
AcDbLine
 10
353762.5020946512
 20
355934.2575923517
 30
0.0
 11
353756.598507618
 21
355964.7251986265
 31
0.0
  0
LINE
  5
24EA
330
1F
100
AcDbEntity
  8
S-BLINDING LINE
100
AcDbLine
 10
353761.9418338775
 20
355936.6233318738
 30
0.0
 11
353760.6237053218
 21
355943.4260132988
 31
0.0
  0
LINE
  5
24EB
330
1F
100
AcDbEntity
  8
S-CONCRETE PLANS
100
AcDbLine
 10
353762.7797247425
 20
355934.4018507799
 30
0.0
 11
353756.89303209
 21
355964.7822674636
 31
0.0
  0
LINE
  5
24EC
330
1F
100
AcDbEntity
  8
S-BLINDING LINE
100
AcDbLine
 10
353762.4630910135
 20
355936.5616440066
 30
0.0
 11
353761.1119977824
 21
355943.5344516189
 31
0.0
  0
LINE
  5
24ED
330
1F
100
AcDbEntity
  8
S-CONCRETE PLANS
100
AcDbLine
 10
353756.5698486644
 20
355965.5036471447
 30
0.0
 11
353758.2783349026
 21
355979.9402079081
 31
0.0
  0
LINE
  5
24EE
330
1F
100
AcDbEntity
  8
S-BLINDING LINE
100
AcDbLine
 10
353756.7980198828
 20
355968.2825693373
 30
0.0
 11
353757.2287433846
 21
355971.9221456289
 31
0.0
  0
LINE
  5
24EF
330
1F
100
AcDbEntity
  8
S-CONCRETE PLANS
100
AcDbLine
 10
353756.8677721777
 20
355965.4683895628
 30
0.0
 11
353758.5762584158
 21
355979.9049503264
 31
0.0
  0
LINE
  5
24F0
330
1F
100
AcDbEntity
  8
S-BLINDING LINE
100
AcDbLine
 10
353757.3151030328
 20
355968.3974013952
 30
0.0
 11
353757.7252825734
 21
355971.8633829926
 31
0.0
  0
LINE
  5
24F1
330
1F
100
AcDbEntity
  8
S-CONCRETE PLANS
100
AcDbLine
 10
353794.1400677489
 20
355960.5330760597
 30
0.0
 11
353743.7282684526
 21
355966.4990306071
 31
0.0
  0
LINE
  5
24F2
330
1F
100
AcDbEntity
  8
S-BLINDING LINE
100
AcDbLine
 10
353791.3004307895
 20
355960.7684325311
 30
0.0
 11
353790.5532330629
 21
355960.8568592039
 31
0.0
  0
LINE
  5
24F3
330
1F
100
AcDbEntity
  8
S-BLINDING LINE
100
AcDbLine
 10
353784.396147123
 20
355961.5855158948
 30
0.0
 11
353779.4307552359
 21
355962.1731422585
 31
0.0
  0
LINE
  5
24F4
330
1F
100
AcDbEntity
  8
S-BLINDING LINE
100
AcDbLine
 10
353773.273669296
 20
355962.9017989495
 30
0.0
 11
353771.7840517299
 21
355963.0780868586
 31
0.0
  0
LINE
  5
24F5
330
1F
100
AcDbEntity
  8
S-BLINDING LINE
100
AcDbLine
 10
353766.6200441674
 20
355963.689218277
 30
0.0
 11
353759.365178877
 21
355964.5477910154
 31
0.0
  0
LINE
  5
24F6
330
1F
100
AcDbEntity
  8
S-BLINDING LINE
100
AcDbLine
 10
353754.1523367088
 20
355965.1647017361
 30
0.0
 11
353745.3508161417
 21
355966.2063124778
 31
0.0
  0
LINE
  5
24F7
330
1F
100
AcDbEntity
  8
S-CONCRETE PLANS
100
AcDbLine
 10
353794.1753253308
 20
355960.8309995728
 30
0.0
 11
353743.7859316464
 21
355966.7943025414
 31
0.0
  0
LINE
  5
24F8
330
1F
100
AcDbEntity
  8
S-BLINDING LINE
100
AcDbLine
 10
353791.3590445284
 20
355961.2649893411
 30
0.0
 11
353790.6119956993
 21
355961.3533983926
 31
0.0
  0
LINE
  5
24F9
330
1F
100
AcDbEntity
  8
S-BLINDING LINE
100
AcDbLine
 10
353784.4549097594
 20
355962.0820550835
 30
0.0
 11
353779.4895178723
 21
355962.6696814472
 31
0.0
  0
LINE
  5
24FA
330
1F
100
AcDbEntity
  8
S-BLINDING LINE
100
AcDbLine
 10
353773.3324319324
 20
355963.3983381383
 30
0.0
 11
353771.8428143663
 21
355963.5746260474
 31
0.0
  0
LINE
  5
24FB
330
1F
100
AcDbEntity
  8
S-BLINDING LINE
100
AcDbLine
 10
353766.6788068037
 20
355964.1857574656
 30
0.0
 11
353759.2652406347
 21
355965.0631115655
 31
0.0
  0
LINE
  5
24FC
330
1F
100
AcDbEntity
  8
S-BLINDING LINE
100
AcDbLine
 10
353754.0523984664
 20
355965.6800222864
 30
0.0
 11
353745.2447083623
 21
355966.7223631582
 31
0.0
  0
LINE
  5
24FD
330
1F
100
AcDbEntity
  8
S-CONCRETE PLANS
100
AcDbLine
 10
353794.6630552127
 20
355964.9522748392
 30
0.0
 11
353770.1150578612
 21
355967.857393055
 31
0.0
  0
LINE
  5
24FE
330
1F
100
AcDbEntity
  8
S-BLINDING LINE
100
AcDbLine
 10
353791.8220930656
 20
355965.1877881392
 30
0.0
 11
353791.0762205266
 21
355965.2760579833
 31
0.0
  0
LINE
  5
24FF
330
1F
100
AcDbEntity
  8
S-BLINDING LINE
100
AcDbLine
 10
353784.9191345868
 20
355966.0047146743
 30
0.0
 11
353779.9537426996
 21
355966.592341038
 31
0.0
  0
LINE
  5
2500
330
1F
100
AcDbEntity
  8
S-BLINDING LINE
100
AcDbLine
 10
353773.7966567597
 20
355967.3209977291
 30
0.0
 11
353772.3070391936
 21
355967.4972856381
 31
0.0
  0
LINE
  5
2501
330
1F
100
AcDbEntity
  8
S-CONCRETE PLANS
100
AcDbLine
 10
353794.6983127945
 20
355965.2501983523
 30
0.0
 11
353770.1278314962
 21
355968.1579774176
 31
0.0
  0
LINE
  5
2502
330
1F
100
AcDbEntity
  8
S-BLINDING LINE
100
AcDbLine
 10
353791.8807068044
 20
355965.6843449491
 30
0.0
 11
353791.134983163
 21
355965.772597172
 31
0.0
  0
LINE
  5
2503
330
1F
100
AcDbEntity
  8
S-BLINDING LINE
100
AcDbLine
 10
353784.9778972231
 20
355966.501253863
 30
0.0
 11
353780.012505336
 21
355967.0888802266
 31
0.0
  0
LINE
  5
2504
330
1F
100
AcDbEntity
  8
S-BLINDING LINE
100
AcDbLine
 10
353773.8554193961
 20
355967.8175369177
 30
0.0
 11
353772.36580183
 21
355967.9938248268
 31
0.0
  0
LINE
  5
2505
330
1F
100
AcDbEntity
  8
S-CONCRETE PLANS
100
AcDbLine
 10
353795.338825531
 20
355970.6624755093
 30
0.0
 11
353770.5181212068
 21
355973.5998670704
 31
0.0
  0
LINE
  5
2506
330
1F
100
AcDbEntity
  8
S-CONCRETE PLANS
100
AcDbLine
 10
353770.2161789544
 20
355973.6011666541
 30
0.0
 11
353758.0109498534
 21
355973.7240078117
 31
0.0
  0
LINE
  5
2507
330
1F
100
AcDbEntity
  8
S-BLINDING LINE
100
AcDbLine
 10
353793.0926466545
 20
355970.8275995352
 30
0.0
 11
353790.6596046298
 21
355971.1155364534
 31
0.0
  0
LINE
  5
2508
330
1F
100
AcDbEntity
  8
S-BLINDING LINE
100
AcDbLine
 10
353786.6872911202
 20
355971.5856375444
 30
0.0
 11
353779.5371268027
 21
355972.4318195082
 31
0.0
  0
LINE
  5
2509
330
1F
100
AcDbEntity
  8
S-BLINDING LINE
100
AcDbLine
 10
353775.5648132931
 20
355972.9019205991
 30
0.0
 11
353772.4862703232
 21
355973.2662489446
 31
0.0
  0
LINE
  5
250A
330
1F
100
AcDbEntity
  8
S-BLINDING LINE
100
AcDbLine
 10
353768.2870239123
 20
355973.5205769852
 30
0.0
 11
353760.9447653212
 21
355973.5944741269
 31
0.0
  0
LINE
  5
250B
330
1F
100
AcDbEntity
  8
S-CONCRETE PLANS
100
AcDbLine
 10
353795.3740831128
 20
355970.9603990225
 30
0.0
 11
353770.6526866263
 21
355973.8860380563
 31
0.0
  0
LINE
  5
250C
330
1F
100
AcDbEntity
  8
S-CONCRETE PLANS
100
AcDbLine
 10
353770.1510632493
 20
355973.9018397421
 30
0.0
 11
353758.1267225954
 21
355974.0228603238
 31
0.0
  0
LINE
  5
250D
330
1F
100
AcDbEntity
  8
S-BLINDING LINE
100
AcDbLine
 10
353793.1514092909
 20
355971.3241387239
 30
0.0
 11
353790.7183672662
 21
355971.6120756422
 31
0.0
  0
LINE
  5
250E
330
1F
100
AcDbEntity
  8
S-BLINDING LINE
100
AcDbLine
 10
353786.7460537565
 20
355972.0821767331
 30
0.0
 11
353779.5958894391
 21
355972.9283586969
 31
0.0
  0
LINE
  5
250F
330
1F
100
AcDbEntity
  8
S-BLINDING LINE
100
AcDbLine
 10
353775.6235759295
 20
355973.3984597878
 30
0.0
 11
353772.5450329595
 21
355973.7627881333
 31
0.0
  0
LINE
  5
2510
330
1F
100
AcDbEntity
  8
S-BLINDING LINE
100
AcDbLine
 10
353768.3461292119
 20
355974.0200116491
 30
0.0
 11
353761.0038706209
 21
355974.0939087909
 31
0.0
  0
LINE
  5
2511
330
1F
100
AcDbEntity
  8
S-CONCRETE PLANS
100
AcDbLine
 10
353794.493888272
 20
355960.4911003877
 30
0.0
 11
353799.8704990315
 21
355959.8548085698
 31
0.0
  0
LINE
  5
2512
330
1F
100
AcDbEntity
  8
S-CONCRETE PLANS
100
AcDbLine
 10
353800.5656538957
 20
355959.7725408789
 30
0.0
 11
353805.3808353982
 21
355959.2026910742
 31
0.0
  0
LINE
  5
2513
330
1F
100
AcDbEntity
  8
S-BLINDING LINE
100
AcDbLine
 10
353797.9433773581
 20
355959.9821739599
 30
0.0
 11
353799.8587465042
 21
355959.7555007322
 31
0.0
  0
LINE
  5
2514
330
1F
100
AcDbEntity
  8
S-BLINDING LINE
100
AcDbLine
 10
353800.5539013685
 20
355959.6732330413
 30
0.0
 11
353803.5448567566
 21
355959.3192701963
 31
0.0
  0
LINE
  5
2515
330
1F
100
AcDbEntity
  8
S-CONCRETE PLANS
100
AcDbLine
 10
353794.529145854
 20
355960.7890239008
 30
0.0
 11
353799.9057566134
 21
355960.1527320831
 31
0.0
  0
LINE
  5
2516
330
1F
100
AcDbEntity
  8
S-CONCRETE PLANS
100
AcDbLine
 10
353800.6009114776
 20
355960.0704643921
 30
0.0
 11
353805.4384939368
 21
355959.4979635595
 31
0.0
  0
LINE
  5
2517
330
1F
100
AcDbEntity
  8
S-BLINDING LINE
100
AcDbLine
 10
353798.0026559119
 20
355960.4786520928
 30
0.0
 11
353799.9175091407
 21
355960.2520399208
 31
0.0
  0
LINE
  5
2518
330
1F
100
AcDbEntity
  8
S-BLINDING LINE
100
AcDbLine
 10
353800.6126640049
 20
355960.16977223
 30
0.0
 11
353803.5447502451
 21
355959.8227762194
 31
0.0
  0
LINE
  5
2519
330
1F
100
AcDbEntity
  8
S-CONCRETE PLANS
100
AcDbLine
 10
353805.3657656184
 20
355957.4827125511
 30
0.0
 11
353805.117600722
 21
355955.385740666
 31
0.0
  0
LINE
  5
251A
330
1F
100
AcDbEntity
  8
S-BLINDING LINE
100
AcDbLine
 10
353805.2532417768
 20
355957.3827909908
 30
0.0
 11
353805.0182928842
 21
355955.3974931933
 31
0.0
  0
LINE
  5
251B
330
1F
100
AcDbEntity
  8
S-CONCRETE PLANS
100
AcDbLine
 10
353805.6675756983
 20
355957.4802961211
 30
0.0
 11
353805.4155242352
 21
355955.3504830842
 31
0.0
  0
LINE
  5
251C
330
1F
100
AcDbEntity
  8
S-BLINDING LINE
100
AcDbLine
 10
353805.6943528319
 20
355956.8556654241
 30
0.0
 11
353805.5148320729
 21
355955.338730557
 31
0.0
  0
LINE
  5
251D
330
1F
100
AcDbEntity
  8
S-CONCRETE PLANS
100
AcDbLine
 10
353795.0168757358
 20
355964.9102991672
 30
0.0
 11
353800.3934864952
 21
355964.2740073493
 31
0.0
  0
LINE
  5
251E
330
1F
100
AcDbEntity
  8
S-CONCRETE PLANS
100
AcDbLine
 10
353801.0886413595
 20
355964.1917396584
 30
0.0
 11
353806.2929363186
 21
355963.5758404521
 31
0.0
  0
LINE
  5
251F
330
1F
100
AcDbEntity
  8
S-BLINDING LINE
100
AcDbLine
 10
353798.4709564872
 20
355964.4008293415
 30
0.0
 11
353800.3817339679
 21
355964.1746995116
 31
0.0
  0
LINE
  5
2520
330
1F
100
AcDbEntity
  8
S-BLINDING LINE
100
AcDbLine
 10
353801.0768888322
 20
355964.0924318207
 30
0.0
 11
353806.1929542724
 21
355963.4869740845
 31
0.0
  0
LINE
  5
2521
330
1F
100
AcDbEntity
  8
S-CONCRETE PLANS
100
AcDbLine
 10
353795.0521333176
 20
355965.2082226804
 30
0.0
 11
353800.4287440771
 21
355964.5719308626
 31
0.0
  0
LINE
  5
2522
330
1F
100
AcDbEntity
  8
S-CONCRETE PLANS
100
AcDbLine
 10
353801.1238989413
 20
355964.4896631717
 30
0.0
 11
353806.2928724118
 21
355963.877944066
 31
0.0
  0
LINE
  5
2523
330
1F
100
AcDbEntity
  8
S-BLINDING LINE
100
AcDbLine
 10
353798.530235041
 20
355964.8973074742
 30
0.0
 11
353800.4404966044
 21
355964.6712387003
 31
0.0
  0
LINE
  5
2524
330
1F
100
AcDbEntity
  8
S-BLINDING LINE
100
AcDbLine
 10
353801.1356514686
 20
355964.5889710094
 30
0.0
 11
353806.192847761
 21
355963.9904801077
 31
0.0
  0
TEXT
  5
2525
330
1F
100
AcDbEntity
  8
S-TEXT- BEAMS
 48
0.05
100
AcDbText
 10
353782.8905699953
 20
355972.2050651757
 30
0.0
 40
0.2000016853345504
  1
G.B
 50
353.2507566816763
  7
ARIAL
 11
353782.9023225226
 21
355972.3043730134
 31
0.0
100
AcDbText
 73
     2
  0
TEXT
  5
2526
330
1F
100
AcDbEntity
  8
S-TEXT- BEAMS
 48
0.05
100
AcDbText
 10
353782.1566872958
 20
355966.5017417809
 30
0.0
 40
0.2000016853345504
  1
G.B
 50
353.2507566816763
  7
ARIAL
 11
353782.168439823
 21
355966.6010496186
 31
0.0
100
AcDbText
 73
     2
  0
TEXT
  5
2527
330
1F
100
AcDbEntity
  8
S-TEXT- BEAMS
 48
0.05
100
AcDbText
 10
353781.6336998321
 20
355962.0825430015
 30
0.0
 40
0.2000016853345504
  1
G.B
 50
353.2507566816763
  7
ARIAL
 11
353781.6454523594
 21
355962.1818508392
 31
0.0
100
AcDbText
 73
     2
  0
TEXT
  5
2528
330
1F
100
AcDbEntity
  8
S-TEXT- BEAMS
 48
0.05
100
AcDbText
 10
353762.6364674217
 20
355964.330759226
 30
0.0
 40
0.2000016853345504
  1
G.B
 50
353.2507566816763
  7
ARIAL
 11
353762.648219949
 21
355964.4300670637
 31
0.0
100
AcDbText
 73
     2
  0
TEXT
  5
2529
330
1F
100
AcDbEntity
  8
S-TEXT- BEAMS
 48
0.05
100
AcDbText
 10
353749.2385509994
 20
355965.9163277144
 30
0.0
 40
0.2000016853345504
  1
G.B5
 50
353.2507566816763
  7
ARIAL
 11
353749.2503035266
 21
355966.0156355521
 31
0.0
100
AcDbText
 73
     2
  0
TEXT
  5
252A
330
1F
100
AcDbEntity
  8
S-TEXT- BEAMS
 48
0.05
100
AcDbText
 10
353763.9333635254
 20
355973.707467158
 30
0.0
 40
0.2000016853345504
  1
G.B5
 50
0.262516170983492
  7
ARIAL
 11
353763.932905346
 21
355973.807466951
 31
0.0
100
AcDbText
 73
     2
  0
TEXT
  5
252B
330
1F
100
AcDbEntity
  8
S-TEXT- BEAMS
 48
0.05
100
AcDbText
 10
353764.4920321818
 20
355979.9964523364
 30
0.0
 40
0.2000016853345504
  1
G.B5
 50
356.9995133802899
  7
ARIAL
 11
353764.4972666697
 21
355980.0963160868
 31
0.0
100
AcDbText
 73
     2
  0
TEXT
  5
252C
330
1F
100
AcDbEntity
  8
S-TEXT- BEAMS
 48
0.05
100
AcDbText
 10
353802.0085011211
 20
355964.1522876329
 30
0.0
 40
0.2000016853345504
  1
G.B1
 50
353.2507566816763
  7
ARIAL
 11
353802.0202536484
 21
355964.2515954707
 31
0.0
100
AcDbText
 73
     2
  0
TEXT
  5
252D
330
1F
100
AcDbEntity
  8
S-TEXT- BEAMS
 48
0.05
100
AcDbText
 10
353801.4855136573
 20
355959.7330888534
 30
0.0
 40
0.2000016853345504
  1
G.B1
 50
353.2507566816763
  7
ARIAL
 11
353801.4972661847
 21
355959.8323966911
 31
0.0
100
AcDbText
 73
     2
  0
TEXT
  5
252E
330
1F
100
AcDbEntity
  8
S-TEXT- BEAMS
 48
0.05
100
AcDbText
 10
353789.0409359119
 20
355973.9095944955
 30
0.0
 40
0.2000016853345504
  1
G.B
 50
83.25075668167635
  7
ARIAL
 11
353788.9416280742
 21
355973.9213470227
 31
0.0
100
AcDbText
 73
     2
  0
TEXT
  5
252F
330
1F
100
AcDbEntity
  8
S-TEXT- BEAMS
 48
0.05
100
AcDbText
 10
353777.9939088551
 20
355975.8519782334
 30
0.0
 40
0.2000016853345504
  1
G.B
 50
83.25075668167635
  7
ARIAL
 11
353777.8946010174
 21
355975.8637307606
 31
0.0
100
AcDbText
 73
     2
  0
TEXT
  5
2530
330
1F
100
AcDbEntity
  8
S-TEXT- BEAMS
 48
0.05
100
AcDbText
 10
353770.7763696494
 20
355976.1288482245
 30
0.0
 40
0.2000016853345504
  1
G.B
 50
83.25075668167635
  7
ARIAL
 11
353770.6770618117
 21
355976.1406007517
 31
0.0
100
AcDbText
 73
     2
  0
TEXT
  5
2531
330
1F
100
AcDbEntity
  8
S-TEXT- BEAMS
 48
0.05
100
AcDbText
 10
353788.3994825183
 20
355968.4779170764
 30
0.0
 40
0.2000016853345504
  1
G.B
 50
83.25075668167635
  7
ARIAL
 11
353788.3001746806
 21
355968.4896696037
 31
0.0
100
AcDbText
 73
     2
  0
TEXT
  5
2532
330
1F
100
AcDbEntity
  8
S-TEXT- BEAMS
 48
0.05
100
AcDbText
 10
353777.2770046914
 20
355969.7942001311
 30
0.0
 40
0.2000016853345504
  1
G.B
 50
83.25075668167635
  7
ARIAL
 11
353777.1776968537
 21
355969.8059526584
 31
0.0
100
AcDbText
 73
     2
  0
TEXT
  5
2533
330
1F
100
AcDbEntity
  8
S-TEXT- BEAMS
 48
0.05
100
AcDbText
 10
353770.126840374
 20
355970.6403820949
 30
0.0
 40
0.2000016853345504
  1
G.B
 50
83.25075668167635
  7
ARIAL
 11
353770.0275325363
 21
355970.6521346221
 31
0.0
100
AcDbText
 73
     2
  0
TEXT
  5
2534
330
1F
100
AcDbEntity
  8
S-TEXT- BEAMS
 48
0.05
100
AcDbText
 10
353787.7824748365
 20
355963.2642555951
 30
-0.0000000786034133
 40
0.2000016853345504
  1
G.B
 50
83.25075668167635
  7
ARIAL
 11
353787.6831669988
 21
355963.2760081224
 31
-0.0000000786034133
100
AcDbText
 73
     2
  0
TEXT
  5
2535
330
1F
100
AcDbEntity
  8
S-TEXT- BEAMS
 48
0.05
100
AcDbText
 10
353776.6599970095
 20
355964.5805386498
 30
-0.0000000786034133
 40
0.2000016853345504
  1
G.B
 50
83.25075668167635
  7
ARIAL
 11
353776.5606891718
 21
355964.5922911772
 31
-0.0000000786034133
100
AcDbText
 73
     2
  0
TEXT
  5
2536
330
1F
100
AcDbEntity
  8
S-TEXT- BEAMS
 48
0.05
100
AcDbText
 10
353769.5098326922
 20
355965.4267206136
 30
-0.0000000786034133
 40
0.2000016853345504
  1
G.B
 50
83.25075668167635
  7
ARIAL
 11
353769.4105248544
 21
355965.4384731408
 31
-0.0000000786034133
100
AcDbText
 73
     2
  0
TEXT
  5
2537
330
1F
100
AcDbEntity
  8
S-TEXT- BEAMS
 48
0.05
100
AcDbText
 10
353755.9730879227
 20
355978.2107532999
 30
0.0
 40
0.2000016853345504
  1
G.B
 50
40.00583759513803
  7
ARIAL
 11
353755.9088008155
 21
355978.2873518402
 31
0.0
100
AcDbText
 73
     2
  0
TEXT
  5
2538
330
1F
100
AcDbEntity
  8
S-TEXT- BEAMS
 48
0.05
100
AcDbText
 10
353758.1991878224
 20
355977.0655406437
 30
0.0
 40
0.2000016853345504
  1
G.B
 50
83.25075668167635
  7
ARIAL
 11
353758.0998799847
 21
355977.077293171
 31
0.0
100
AcDbText
 73
     2
  0
TEXT
  5
2539
330
1F
100
AcDbEntity
  8
S-TEXT- BEAMS
 48
0.05
100
AcDbText
 10
353757.3220976204
 20
355969.8544506478
 30
0.0
 40
0.2000016853345504
  1
G.B5
 50
83.25075668167635
  7
ARIAL
 11
353757.2227897827
 21
355969.8662031751
 31
0.0
100
AcDbText
 73
     2
  0
LINE
  5
253A
330
1F
100
AcDbEntity
  8
S-CONCRETE PLANS
100
AcDbLine
 10
353800.3670851843
 20
355976.5623425596
 30
0.0
 11
353800.0007533241
 21
355973.4840366944
 31
0.0
  0
LINE
  5
253B
330
1F
100
AcDbEntity
  8
S-CONCRETE PLANS
100
AcDbLine
 10
353800.6650087607
 20
355976.5270849704
 30
0.0
 11
353800.2986769005
 21
355973.4487791051
 31
0.0
  0
TEXT
  5
253C
330
1F
100
AcDbEntity
  8
S-TEXT- BEAMS
 48
0.05
100
AcDbText
 10
353800.4953350927
 20
355975.6570704372
 30
0.0
 40
0.2000016853345504
  1
G.B3
 50
83.25075668167635
  7
ARIAL
 11
353800.3960272551
 21
355975.6688229645
 31
0.0
100
AcDbText
 73
     2
  0
TEXT
  5
253D
330
1F
100
AcDbEntity
  8
S-TEXT- BEAMS
 48
0.05
100
AcDbText
 10
353806.4079763817
 20
355959.1571143748
 30
0.0
 40
0.2000016853345504
  1
G.B1
 50
353.2507566816763
  7
ARIAL
 11
353806.419728909
 21
355959.2564222126
 31
0.0
100
AcDbText
 73
     2
  0
LINE
  5
253E
330
1F
100
AcDbEntity
  8
S-CONCRETE PLANS
100
AcDbLine
 10
353757.5920841308
 20
355974.3823610428
 30
0.0
 11
353753.9166902235
 21
355975.8210832282
 31
0.0
  0
LINE
  5
253F
330
1F
100
AcDbEntity
  8
S-CONCRETE PLANS
100
AcDbLine
 10
353757.3551186578
 20
355974.1529520147
 30
0.0
 11
353753.7337594236
 21
355975.5705224857
 31
0.0
  0
TEXT
  5
2540
330
1F
100
AcDbEntity
  8
S-TEXT- BEAMS
 48
0.05
100
AcDbText
 10
353755.9222033833
 20
355974.8113038121
 30
0.0
 40
0.2000016853345504
  1
G.B
 50
334.4046113248064
  7
ARIAL
 11
353755.9654050639
 21
355974.901491302
 31
0.0
100
AcDbText
 73
     2
  0
TEXT
  5
2541
330
1F
100
AcDbEntity
  8
S-TEXT- BEAMS
 48
0.05
100
AcDbText
 10
353747.3633725145
 20
355971.7465763474
 30
0.0
 40
0.2000016853345504
  1
G.B4
 50
14.78711223379183
  7
ARIAL
 11
353747.3378494715
 21
355971.8432652444
 31
0.0
100
AcDbText
 73
     2
  0
TEXT
  5
2542
330
1F
100
AcDbEntity
  8
S-TEXT- BEAMS
 48
0.05
100
AcDbText
 10
353772.5396176113
 20
355963.1587767788
 30
0.0
 40
0.2000016853345504
  1
G.B
 50
353.2507566816763
  7
ARIAL
 11
353772.5513701385
 21
355963.2580846165
 31
0.0
100
AcDbText
 73
     2
  0
TEXT
  5
2543
330
1F
100
AcDbEntity
  8
S-TEXT- BEAMS
 48
0.05
100
AcDbText
 10
353773.0766515553
 20
355967.5763132359
 30
0.0
 40
0.2000016853345504
  1
G.B
 50
353.2507566816763
  7
ARIAL
 11
353773.0884040826
 21
355967.6756210735
 31
0.0
100
AcDbText
 73
     2
  0
TEXT
  5
2544
330
1F
100
AcDbEntity
  8
S-TEXT- BEAMS
 48
0.05
100
AcDbText
 10
353773.8598394845
 20
355973.2738016324
 30
0.0
 40
0.2000016853345504
  1
G.B
 50
353.2507566816763
  7
ARIAL
 11
353773.8715920118
 21
355973.3731094701
 31
0.0
100
AcDbText
 73
     2
  0
LINE
  5
2545
330
1F
100
AcDbEntity
  8
S-BLINDING LINE
100
AcDbLine
 10
353743.6961418237
 20
355971.2039355332
 30
0.0
 11
353743.7326701303
 21
355971.1025620224
 31
0.0
  0
LINE
  5
2546
330
1F
100
AcDbEntity
  8
S-BLINDING LINE
100
AcDbLine
 10
353743.8486731919
 20
355970.7258650231
 30
0.0
 11
353743.8836249225
 21
355970.6288668333
 31
0.0
  0
LINE
  5
2547
330
1F
100
AcDbEntity
  8
S-CONCRETE PLANS
100
AcDbLine
 10
353767.0119351679
 20
355930.4121715648
 30
0.0
 11
353764.0327000356
 21
355930.764747383
 31
0.0
  0
LINE
  5
2548
330
1F
100
AcDbEntity
  8
S-CONCRETE PLANS
100
AcDbLine
 10
353766.9766775862
 20
355930.1142480516
 30
0.0
 11
353763.9974424537
 21
355930.4668238695
 31
0.0
  0
TEXT
  5
2549
330
1F
100
AcDbEntity
  8
S-TEXT- BEAMS
 48
0.05
100
AcDbText
 10
353765.5270374395
 20
355930.3641900497
 30
0.0
 40
0.2000016853345504
  1
G.B2
 50
353.2507566816763
  7
ARIAL
 11
353765.5387899667
 21
355930.4634978875
 31
0.0
100
AcDbText
 73
     2
  0
LINE
  5
254A
330
1F
100
AcDbEntity
  8
S-CONCRETE PLANS
100
AcDbLine
 10
353779.1034872895
 20
355931.7000684599
 30
0.0
 11
353778.5863760511
 21
355927.3305232756
 31
0.0
  0
LINE
  5
254B
330
1F
100
AcDbEntity
  8
S-CONCRETE PLANS
100
AcDbLine
 10
353779.4014108027
 20
355931.6648108781
 30
0.0
 11
353778.8842995643
 21
355927.2952656938
 31
0.0
  0
TEXT
  5
254C
330
1F
100
AcDbEntity
  8
S-TEXT- BEAMS
 48
0.05
100
AcDbText
 10
353779.1451102724
 20
355930.104331672
 30
0.0
 40
0.2000016853345504
  1
G.B
 50
83.25075668167635
  7
ARIAL
 11
353779.0458024347
 21
355930.1160841992
 31
0.0
100
AcDbText
 73
     2
  0
TEXT
  5
254D
330
1F
100
AcDbEntity
  8
S-TEXT- BEAMS
 48
0.05
100
AcDbText
 10
353769.5441942315
 20
355931.640774385
 30
0.0
 40
0.2000016853345504
  1
G.B
 50
106.1945340739804
  7
ARIAL
 11
353769.4481613925
 21
355931.6128842006
 31
0.0
100
AcDbText
 73
     2
  0
LINE
  5
254E
330
1F
100
AcDbEntity
  8
S-CONCRETE PLANS
100
AcDbLine
 10
353769.5099949419
 20
355930.6200335935
 30
0.0
 11
353768.9643082462
 21
355932.9244473711
 31
0.0
  0
LINE
  5
254F
330
1F
100
AcDbEntity
  8
S-CONCRETE PLANS
100
AcDbLine
 10
353769.8329519366
 20
355930.5581337105
 30
0.0
 11
353769.225031535
 21
355933.1253580171
 31
0.0
  0
TEXT
  5
2550
330
1F
100
AcDbEntity
  8
S-TEXT- BEAMS
 48
0.05
100
AcDbText
 10
353772.6242284157
 20
355930.3900378155
 30
0.0
 40
0.2000016853345504
  1
G.B
 50
83.25075668167635
  7
ARIAL
 11
353772.524920578
 21
355930.4017903428
 31
0.0
100
AcDbText
 73
     2
  0
TEXT
  5
2551
330
1F
100
AcDbEntity
  8
S-TEXT- BEAMS
 48
0.05
100
AcDbText
 10
353778.901382368
 20
355927.9060724267
 30
0.0
 40
0.2000016853345504
  1
G.B
 50
83.25075668167635
  7
ARIAL
 11
353778.8020745303
 21
355927.9178249539
 31
0.0
100
AcDbText
 73
     2
  0
LINE
  5
2552
330
1F
100
AcDbEntity
  8
S-BLINDING LINE
100
AcDbLine
 10
353769.9386812524
 20
355930.5456212372
 30
0.0
 11
353769.8051547977
 21
355930.5614233464
 31
0.0
  0
LINE
  5
2553
330
1F
100
AcDbEntity
  8
S-CONCRETE PLANS
100
AcDbLine
 10
353769.5692565699
 20
355928.1962515759
 30
0.0
 11
353778.3146014023
 21
355927.1612889183
 31
0.0
  0
LINE
  5
2554
330
1F
100
AcDbEntity
  8
S-CONCRETE PLANS
100
AcDbLine
 10
353769.6045141518
 20
355928.494175089
 30
0.0
 11
353778.5981285784
 21
355927.4298311134
 31
0.0
  0
LINE
  5
2555
330
1F
100
AcDbEntity
  8
S-BLINDING LINE
100
AcDbLine
 10
353770.7086528942
 20
355928.4642051268
 30
0.0
 11
353772.0059098958
 21
355928.3106820148
 31
0.0
  0
LINE
  5
2556
330
1F
100
AcDbEntity
  8
S-BLINDING LINE
100
AcDbLine
 10
353772.5024490845
 20
355928.2519193785
 30
0.0
 11
353775.7236987
 21
355927.8707024995
 31
0.0
  0
TEXT
  5
2557
330
1F
100
AcDbEntity
  8
S-TEXT- BEAMS
 48
0.05
100
AcDbText
 10
353771.5470142054
 20
355928.0223369581
 30
0.0
 40
0.2000016853345504
  1
G.B
 50
353.2507566816763
  7
ARIAL
 11
353771.5587667327
 21
355928.1216447958
 31
0.0
100
AcDbText
 73
     2
  0
TEXT
  5
2558
330
1F
100
AcDbEntity
  8
S-TEXT- BEAMS
 48
0.05
100
AcDbText
 10
353774.1558804864
 20
355927.7309409978
 30
0.0
 40
0.2000016853345504
  1
G.B
 50
353.2507566816763
  7
ARIAL
 11
353774.1676330136
 21
355927.8302488356
 31
0.0
100
AcDbText
 73
     2
  0
LINE
  5
2559
330
1F
100
AcDbEntity
  8
S-BLINDING LINE
100
AcDbLine
 10
353770.6498902578
 20
355927.9676659381
 30
0.0
 11
353775.6649360637
 21
355927.3741633108
 31
0.0
  0
TEXT
  5
255A
330
1F
100
AcDbEntity
  8
S-TEXT- BEAMS
 48
0.05
100
AcDbText
 10
353787.3878228039
 20
355930.7696678003
 30
0.0
 40
0.2000016853345504
  1
W.T2
 50
353.2507566816763
  7
ARIAL
 11
353787.3995753312
 21
355930.868975638
 31
0.0
100
AcDbText
 73
     2
  0
TEXT
  5
255B
330
1F
100
AcDbEntity
  8
S-TEXT- BEAMS
 48
0.05
100
AcDbText
 10
353780.6247022276
 20
355926.391920238
 30
0.0
 40
0.2000016853345504
  1
W.T2
 50
353.2507566816763
  7
ARIAL
 11
353780.6364547549
 21
355926.4912280758
 31
0.0
100
AcDbText
 73
     2
  0
LWPOLYLINE
  5
255C
330
1F
100
AcDbEntity
  8
S-CONCRETE PLANS
100
AcDbPolyline
 90
        2
 70
     0
 43
0.0
 10
353751.5090608547
 20
355972.984912162
 10
353743.152817845
 20
355971.0802457865
  0
LWPOLYLINE
  5
255D
330
1F
100
AcDbEntity
  8
S-CONCRETE PLANS
100
AcDbPolyline
 90
        3
 70
     0
 43
0.0
 10
353743.471150991
 20
355970.7920002542
 10
353743.4713728938
 20
355970.7938753139
 10
353751.7947808594
 20
355972.6910574882
  0
LWPOLYLINE
  5
255E
330
1F
100
AcDbEntity
  8
S-BLINDING LINE
100
AcDbPolyline
 90
        2
 70
     0
 43
0.0
 10
353751.4378234034
 20
355973.0712404258
 10
353743.061802117
 20
355971.1620659216
  0
LWPOLYLINE
  5
255F
330
1F
100
AcDbEntity
  8
S-BLINDING LINE
100
AcDbPolyline
 90
        2
 70
     0
 43
0.0
 10
353743.5623886219
 20
355970.7120551789
 10
353751.8741047384
 20
355972.6065723909
  0
LINE
  5
2560
330
1F
100
AcDbEntity
  8
S-BLINDING LINE
100
AcDbLine
 10
353751.4378234034
 20
355973.0712404258
 30
0.0
 11
353751.8741047384
 21
355972.6065723909
 31
0.0
  0
LINE
  5
2561
330
1F
100
AcDbEntity
  8
S-BLINDING LINE
100
AcDbLine
 10
353743.061802117
 20
355971.1620659216
 30
0.0
 11
353743.5623886219
 21
355970.7120551789
 31
0.0
  0
TEXT
  5
2562
330
1F
100
AcDbEntity
  8
$AUDIT_BAD_LAYER1
100
AcDbText
 10
353800.5533786641
 20
355919.9591768039
 30
0.0000001968368226
 40
0.3000025280018256
  1
M.SH
 50
353.2507566816763
 72
     1
 11
353801.0357310188
 21
355919.9020931
 31
0.0000001968368226
100
AcDbText
  0
TEXT
  5
2563
330
1F
100
AcDbEntity
  8
$AUDIT_BAD_LAYER1
100
AcDbText
 10
353792.2593504255
 20
355927.6337826737
 30
0.0000001574694581
 40
0.1920016179211686
  1
E.
 50
353.2507566816763
 72
     1
 11
353792.3546859499
 21
355927.6225002475
 31
0.0000001574694581
100
AcDbText
  0
TEXT
  5
2564
330
1F
100
AcDbEntity
  8
$AUDIT_BAD_LAYER1
100
AcDbText
 10
353796.4264231389
 20
355927.1379795331
 30
0.0000001574694581
 40
0.1920016179211686
  1
E.
 50
353.2507566816763
 72
     1
 11
353796.5217586631
 21
355927.1266971069
 31
0.0000001574694581
100
AcDbText
  0
TEXT
  5
2565
330
1F
100
AcDbEntity
  8
$AUDIT_BAD_LAYER1
100
AcDbText
 10
353789.0364108598
 20
355973.6915406363
 30
0.0000001968368226
 40
0.3000025280018228
  1
E.
 50
353.2507566816763
 72
     1
 11
353789.1853726164
 21
355973.6739118454
 31
0.0000001968368226
100
AcDbText
  0
TEXT
  5
2566
330
1F
100
AcDbEntity
  8
$AUDIT_BAD_LAYER1
100
AcDbText
 10
353788.5663097689
 20
355969.7192271266
 30
0.0000001968368226
 40
0.3000025280018228
  1
E.
 50
353.2507566816763
 72
     1
 11
353788.7152715255
 21
355969.7015983357
 31
0.0000001968368226
100
AcDbText
  0
TEXT
  5
2567
330
1F
100
AcDbEntity
  8
$AUDIT_BAD_LAYER1
100
AcDbText
 10
353787.0443574875
 20
355956.8588621389
 30
0.0000001968368226
 40
0.3000025280018228
  1
E.
 50
353.2507566816763
 72
     1
 11
353787.1933192441
 21
355956.8412333481
 31
0.0000001968368226
100
AcDbText
  0
TEXT
  5
2568
330
1F
100
AcDbEntity
  8
$AUDIT_BAD_LAYER1
100
AcDbText
 10
353785.9807536986
 20
355947.8715028387
 30
0.0000001968368226
 40
0.3000025280018263
  1
E.
 50
353.2507566816763
 72
     1
 11
353786.1297154552
 21
355947.8538740478
 31
0.0000001968368226
100
AcDbText
  0
TEXT
  5
2569
330
1F
100
AcDbEntity
  8
$AUDIT_BAD_LAYER1
100
AcDbText
 10
353777.6724183933
 20
355975.0364055979
 30
0.0000001968368226
 40
0.3000025280018228
  1
E.
 50
353.2507566816763
 72
     1
 11
353777.8213801499
 21
355975.018776807
 31
0.0000001968368226
100
AcDbText
  0
TEXT
  5
256A
330
1F
100
AcDbEntity
  8
$AUDIT_BAD_LAYER1
100
AcDbText
 10
353777.1039566816
 20
355971.0720695555
 30
0.0000001968368226
 40
0.3000025280018228
  1
E.
 50
353.2507566816763
 72
     1
 11
353777.2529184382
 21
355971.0544407646
 31
0.0000001968368226
100
AcDbText
  0
TEXT
  5
256B
330
1F
100
AcDbEntity
  8
$AUDIT_BAD_LAYER1
100
AcDbText
 10
353775.5749703145
 20
355958.2161999749
 30
0.0000001968368226
 40
0.3000025280018228
  1
E.
 50
353.2507566816763
 72
     1
 11
353775.7239320712
 21
355958.1985711839
 31
0.0000001968368226
100
AcDbText
  0
TEXT
  5
256C
330
1F
100
AcDbEntity
  8
$AUDIT_BAD_LAYER1
100
AcDbText
 10
353774.5727718986
 20
355949.2215736911
 30
0.0000001968368226
 40
0.3000025280018263
  1
E.
 50
353.2507566816763
 72
     1
 11
353774.7217336552
 21
355949.2039449002
 31
0.0000001968368226
100
AcDbText
  0
TEXT
  5
256D
330
1F
100
AcDbEntity
  8
S-Text-Foundations
 48
0.05
100
AcDbText
 10
353797.3656868669
 20
355942.5330858974
 30
0.0
 40
0.2000016853345504
  1
PC
 50
353.2507566816763
  7
ARIAL
 11
353797.3774393942
 21
355942.6323937351
 31
0.0
100
AcDbText
 73
     2
  0
LWPOLYLINE
  5
256E
330
1F
100
AcDbEntity
  8
S-CONCRETE PLANS
100
AcDbPolyline
 90
        5
 70
     0
 43
0.0
 10
353797.8138067586
 20
355942.4759369651
 10
353798.5089616228
 20
355942.3936692743
 10
353798.4266939318
 20
355941.69851441
 10
353797.7315390677
 20
355941.7807821009
 10
353797.8138067586
 20
355942.4759369651
  0
TEXT
  5
256F
330
1F
100
AcDbEntity
  8
S-Text-Foundations
 48
0.05
100
AcDbText
 10
353798.4234143216
 20
355951.4707912941
 30
0.0
 40
0.2000016853345504
  1
PC
 50
353.2507566816763
  7
ARIAL
 11
353798.4351668489
 21
355951.5700991319
 31
0.0
100
AcDbText
 73
     2
  0
LWPOLYLINE
  5
2570
330
1F
100
AcDbEntity
  8
S-CONCRETE PLANS
100
AcDbPolyline
 90
        5
 70
     0
 43
0.0
 10
353798.8715342132
 20
355951.4136423619
 10
353799.5666890775
 20
355951.3313746709
 10
353799.4844213866
 20
355950.6362198068
 10
353798.7892665223
 20
355950.7184874977
 10
353798.8715342132
 20
355951.4136423619
  0
TEXT
  5
2571
330
1F
100
AcDbEntity
  8
S-Text-Foundations
 48
0.05
100
AcDbText
 10
353799.4811417763
 20
355960.4084966908
 30
0.0
 40
0.2000016853345504
  1
PC
 50
353.2507566816763
  7
ARIAL
 11
353799.4928943036
 21
355960.5078045286
 31
0.0
100
AcDbText
 73
     2
  0
LWPOLYLINE
  5
2572
330
1F
100
AcDbEntity
  8
S-CONCRETE PLANS
100
AcDbPolyline
 90
        5
 70
     0
 43
0.0
 10
353799.9292616679
 20
355960.3513477586
 10
353800.6244165322
 20
355960.2690800677
 10
353800.5421488412
 20
355959.5739252034
 10
353799.846993977
 20
355959.6561928944
 10
353799.9292616679
 20
355960.3513477586
  0
TEXT
  5
2573
330
1F
100
AcDbEntity
  8
S-Text-Foundations
 48
0.05
100
AcDbText
 10
353800.0041292399
 20
355964.8276954703
 30
0.0
 40
0.2000016853345504
  1
PC
 50
353.2507566816763
  7
ARIAL
 11
353800.0158817672
 21
355964.9270033081
 31
0.0
100
AcDbText
 73
     2
  0
LWPOLYLINE
  5
2574
330
1F
100
AcDbEntity
  8
S-CONCRETE PLANS
100
AcDbPolyline
 90
        5
 70
     0
 43
0.0
 10
353800.4522491316
 20
355964.770546538
 10
353801.1474039958
 20
355964.6882788471
 10
353801.0651363049
 20
355963.9931239829
 10
353800.3699814407
 20
355964.0753916739
 10
353800.4522491316
 20
355964.770546538
  0
LWPOLYLINE
  5
2575
330
1F
100
AcDbEntity
  8
steel
100
AcDbPolyline
 90
        4
 70
     0
 43
0.0
 10
353806.4049560678
 20
355928.584791165
 10
353806.4089085619
 20
355928.7837617742
 10
353807.6539874027
 20
355928.8087545122
 10
353807.654168747
 20
355928.6087529091
  0
LWPOLYLINE
  5
2577
330
1F
100
AcDbEntity
  8
steel
100
AcDbPolyline
 90
        4
 70
     0
 43
0.0
 10
353806.4107615097
 20
355928.2767098105
 10
353806.4198538349
 20
355928.0779077602
 10
353807.6651627547
 20
355928.0850946415
 10
353807.660176248
 20
355928.2850341546
  0
HATCH
  5
2579
330
1F
100
AcDbEntity
  8
S-S-BEARING WALL HATCH UNDER THE GROUND
100
AcDbHatch
 10
0.0
 20
0.0
 30
0.0
210
0.0
220
0.0
230
1.0
  2
SOLID
 70
     1
 71
     0
 91
        1
 92
        1
 93
        4
 72
     1
 10
353764.0958388469
 20
355933.8509503402
 11
353764.0488287378
 21
355933.4537189892
 72
     1
 10
353764.0488287378
 20
355933.4537189892
 11
353764.8432914397
 21
355933.359698771
 72
     1
 10
353764.8432914397
 20
355933.359698771
 11
353764.8903015489
 21
355933.7569301219
 72
     1
 10
353764.8903015488
 20
355933.756930122
 11
353764.0958388468
 21
355933.8509503402
 97
        0
 75
     1
 76
     1
 98
        2
 10
353763.8910543782
 20
355935.9041990163
 10
353762.2970141895
 20
355936.2495329575
450
        0
451
        0
460
0.0
461
0.0
452
        0
462
0.0
453
        0
470

1001
GradientColor1ACI
1070
     5
1001
GradientColor2ACI
1070
     2
1001
ACAD
1010
0.0
1020
0.0
1030
0.0
  0
HATCH
  5
257A
330
1F
100
AcDbEntity
  8
S-S-BEARING WALL HATCH
100
AcDbHatch
 10
0.0
 20
0.0
 30
0.0
210
0.0
220
0.0
230
1.0
  2
SOLID
 70
     1
 71
     0
 91
        1
 92
        1
 93
        4
 72
     1
 10
353768.6804406695
 20
355923.2385196604
 11
353768.6334305603
 21
355922.8412883087
 72
     1
 10
353768.6334305603
 20
355922.8412883088
 11
353778.3159447407
 21
355921.6954169002
 72
     1
 10
353778.3159447407
 20
355921.6954169002
 11
353778.3629548498
 21
355922.0926482511
 72
     1
 10
353778.3629548498
 20
355922.0926482511
 11
353768.6804406695
 21
355923.2385196605
 97
        0
 75
     1
 76
     1
 98
        1
 10
354078.694973036
 20
355887.2057736301
450
        0
451
        0
460
0.0
461
0.0
452
        0
462
1.0
453
        2
463
0.0
 63
     5
421
      255
463
1.0
 63
     2
421
 16776960
470
LINEAR
1001
GradientColor1ACI
1070
     5
1001
GradientColor2ACI
1070
     2
1001
ACAD
1010
0.0
1020
0.0
1030
0.0
  0
HATCH
  5
257B
330
1F
100
AcDbEntity
  8
S-S-BEARING WALL HATCH UNDER THE GROUND
100
AcDbHatch
 10
0.0
 20
0.0
 30
0.0
210
0.0
220
0.0
230
1.0
  2
SOLID
 70
     1
 71
     0
 91
        2
 92
       17
 93
        4
 72
     1
 10
353767.1655623309
 20
355929.1576223194
 11
353767.7117554385
 21
355929.0929834194
 72
     1
 10
353767.7117554385
 20
355929.0929834194
 11
353767.6764978567
 21
355928.7950599062
 72
     1
 10
353767.6764978567
 20
355928.7950599062
 11
353767.1303047492
 21
355928.8596988061
 72
     1
 10
353767.1303047492
 20
355928.8596988061
 11
353767.1655623309
 21
355929.1576223194
 97
        0
 92
        1
 93
       10
 72
     1
 10
353769.84805124
 20
355930.5520423952
 11
353769.5501277267
 21
355930.587299977
 72
     1
 10
353769.5501277268
 20
355930.587299977
 11
353769.3503347612
 21
355928.8990667194
 72
     1
 10
353769.3503347612
 20
355928.8990667194
 11
353768.8041416537
 21
355928.9637056194
 72
     1
 10
353768.8041416537
 20
355928.9637056194
 11
353768.7688840719
 21
355928.6657821061
 72
     1
 10
353768.7688840719
 20
355928.6657821061
 11
353769.3150771794
 21
355928.6011432062
 72
     1
 10
353769.3150771794
 20
355928.6011432062
 11
353769.0330165248
 21
355926.2177551004
 72
     1
 10
353769.0330165248
 20
355926.2177551004
 11
353766.8482440945
 21
355926.4763107004
 72
     1
 10
353766.8482440945
 20
355926.4763107003
 11
353766.8129865128
 21
355926.1783871871
 72
     1
 10
353766.8129865127
 20
355926.1783871872
 11
353769.2956824562
 21
355925.8845740053
 72
     1
 10
353769.2956824562
 20
355925.8845740053
 11
353769.84805124
 21
355930.5520423951
 97
        0
 75
     1
 76
     1
 98
        2
 10
353767.4743425358
 20
355928.8340237649
 10
353769.1049568338
 20
355928.7977378797
450
        0
451
        0
460
0.0
461
0.0
452
        0
462
1.0
453
        2
463
0.0
 63
     5
421
      255
463
1.0
 63
     2
421
 16776960
470
LINEAR
1001
GradientColor1ACI
1070
     5
1001
GradientColor2ACI
1070
     2
1001
ACAD
1010
0.0
1020
0.0
1030
0.0
  0
HATCH
  5
257C
330
1F
100
AcDbEntity
  8
S-S-BEARING WALL HATCH UNDER THE GROUND
100
AcDbHatch
 10
0.0
 20
0.0
 30
0.0
210
0.0
220
0.0
230
1.0
  2
SOLID
 70
     1
 71
     0
 91
        1
 92
        1
 93
        6
 72
     1
 10
353777.7671078234
 20
355922.1631634147
 11
353778.1643391744
 21
355922.1161533056
 72
     1
 10
353778.1643391743
 20
355922.1161533056
 11
353778.7284604835
 21
355926.8829295172
 72
     1
 10
353778.7284604835
 20
355926.8829295174
 11
353782.9490435875
 21
355926.3834471082
 72
     1
 10
353782.9490435875
 20
355926.3834471082
 11
353782.9960537158
 21
355926.780678621
 72
     1
 10
353782.9960537158
 20
355926.7806786209
 11
353778.3782392416
 21
355927.3271709773
 72
     1
 10
353778.3782392417
 20
355927.3271709773
 11
353777.7671078234
 21
355922.1631634148
 97
        0
 75
     1
 76
     1
 98
        2
 10
353762.9863794334
 20
355911.8397729359
 10
353762.6410454921
 20
355910.2457327472
450
        0
451
        0
460
0.0
461
0.0
452
        0
462
1.0
453
        2
463
0.0
 63
     5
421
      255
463
1.0
 63
     2
421
 16776960
470
LINEAR
1001
GradientColor1ACI
1070
     5
1001
GradientColor2ACI
1070
     2
1001
ACAD
1010
0.0
1020
0.0
1030
0.0
  0
HATCH
  5
257D
330
1F
100
AcDbEntity
  8
S-S-COLUMN HATCH
100
AcDbHatch
 10
0.0
 20
0.0
 30
0.0
210
0.0
220
0.0
230
1.0
  2
SOLID
 70
     1
 71
     0
 91
        1
 92
        1
 93
        1
 72
     2
 10
353767.1126963144
 20
355945.7288121893
 40
0.4000033706691012
 50
-6.749243318334468
 51
353.2507566816655
 73
     1
 97
        0
 75
     1
 76
     1
 98
        1
 10
141590.0181039229
 20
142676.3090506711
450
        0
451
        0
460
0.0
461
0.0
452
        0
462
0.0
453
        0
470

1001
GradientColor1ACI
1070
     5
1001
GradientColor2ACI
1070
     2
1001
ACAD
1010
0.0
1020
0.0
1030
0.0
  0
CIRCLE
  5
257E
330
1F
100
AcDbEntity
  8
S-S-COLUMN
100
AcDbCircle
 10
353767.1126963144
 20
355945.7288121893
 30
0.0
 40
0.4000033706691008
  0
HATCH
  5
257F
330
1F
100
AcDbEntity
  8
S-S-COLUMN HATCH
100
AcDbHatch
 10
0.0
 20
0.0
 30
0.0
210
0.0
220
0.0
230
1.0
  2
SOLID
 70
     1
 71
     0
 91
        1
 92
        1
 93
        1
 72
     2
 10
353774.2628606318
 20
355944.8826302256
 40
0.4000033706691012
 50
-6.749243318334468
 51
353.2507566816655
 73
     1
 97
        0
 75
     1
 76
     1
 98
        1
 10
141597.1682682403
 20
142675.4628687073
450
        0
451
        0
460
0.0
461
0.0
452
        0
462
0.0
453
        0
470

1001
GradientColor1ACI
1070
     5
1001
GradientColor2ACI
1070
     2
1001
ACAD
1010
0.0
1020
0.0
1030
0.0
  0
CIRCLE
  5
2580
330
1F
100
AcDbEntity
  8
S-S-COLUMN
100
AcDbCircle
 10
353774.2628606318
 20
355944.8826302256
 30
0.0
 40
0.4000033706691008
  0
HATCH
  5
2581
330
1F
100
AcDbEntity
  8
S-S-COLUMN HATCH
100
AcDbHatch
 10
0.0
 20
0.0
 30
0.0
210
0.0
220
0.0
230
1.0
  2
SOLID
 70
     1
 71
     0
 91
        1
 92
        1
 93
        1
 72
     2
 10
353785.3853384588
 20
355943.5663471708
 40
0.4000033706691012
 50
-6.749243318334468
 51
353.2507566816655
 73
     1
 97
        0
 75
     1
 76
     1
 98
        1
 10
141608.2907460673
 20
142674.1465856526
450
        0
451
        0
460
0.0
461
0.0
452
        0
462
0.0
453
        0
470

1001
GradientColor1ACI
1070
     5
1001
GradientColor2ACI
1070
     2
1001
ACAD
1010
0.0
1020
0.0
1030
0.0
  0
CIRCLE
  5
2582
330
1F
100
AcDbEntity
  8
S-S-COLUMN
100
AcDbCircle
 10
353785.3853384588
 20
355943.5663471708
 30
0.0
 40
0.4000033706691008
  0
HATCH
  5
2583
330
1F
100
AcDbEntity
  8
S-S-COLUMN HATCH
100
AcDbHatch
 10
0.0
 20
0.0
 30
0.0
210
0.0
220
0.0
230
1.0
  2
SOLID
 70
     1
 71
     0
 91
        1
 92
        1
 93
        1
 72
     2
 10
353776.3783155412
 20
355962.758041019
 40
0.4000033706691012
 50
-6.749243318334468
 51
353.2507566816655
 73
     1
 97
        0
 75
     1
 76
     1
 98
        1
 10
141599.2837231496
 20
142693.3382795008
450
        0
451
        0
460
0.0
461
0.0
452
        0
462
0.0
453
        0
470

1001
GradientColor1ACI
1070
     5
1001
GradientColor2ACI
1070
     2
1001
ACAD
1010
0.0
1020
0.0
1030
0.0
  0
HATCH
  5
2584
330
1F
100
AcDbEntity
  8
S-S-COLUMN HATCH
100
AcDbHatch
 10
0.0
 20
0.0
 30
0.0
210
0.0
220
0.0
230
1.0
  2
SOLID
 70
     1
 71
     0
 91
        1
 92
        1
 93
        1
 72
     2
 10
353788.023780832
 20
355965.8609567438
 40
0.4000033706691012
 50
-6.749243318334468
 51
353.2507566816655
 73
     1
 97
        0
 75
     1
 76
     1
 98
        1
 10
141610.9291884403
 20
142696.4411952256
450
        0
451
        0
460
0.0
461
0.0
452
        0
462
0.0
453
        0
470

1001
GradientColor1ACI
1070
     5
1001
GradientColor2ACI
1070
     2
1001
ACAD
1010
0.0
1020
0.0
1030
0.0
  0
CIRCLE
  5
2585
330
1F
100
AcDbEntity
  8
S-S-COLUMN
100
AcDbCircle
 10
353788.023780832
 20
355965.8609567438
 30
0.0
 40
0.4000033706691008
  0
HATCH
  5
2586
330
1F
100
AcDbEntity
  8
S-S-COLUMN HATCH
100
AcDbHatch
 10
0.0
 20
0.0
 30
0.0
210
0.0
220
0.0
230
1.0
  2
SOLID
 70
     1
 71
     0
 91
        1
 92
        1
 93
        1
 72
     2
 10
353769.2281512239
 20
355963.6042229828
 40
0.4000033706691012
 50
-6.749243318334468
 51
353.2507566816655
 73
     1
 97
        0
 75
     1
 76
     1
 98
        1
 10
141592.1335588322
 20
142694.1844614646
450
        0
451
        0
460
0.0
461
0.0
452
        0
462
0.0
453
        0
470

1001
GradientColor1ACI
1070
     5
1001
GradientColor2ACI
1070
     2
1001
ACAD
1010
0.0
1020
0.0
1030
0.0
  0
CIRCLE
  5
2587
330
1F
100
AcDbEntity
  8
S-S-COLUMN
100
AcDbCircle
 10
353769.2281512239
 20
355963.6042229828
 30
0.0
 40
0.4000033706691008
  0
CIRCLE
  5
2588
330
1F
100
AcDbEntity
  8
S-S-COLUMN
100
AcDbCircle
 10
353776.3783155412
 20
355962.758041019
 30
0.0
 40
0.4000033706691008
  0
HATCH
  5
2589
330
1F
100
AcDbEntity
  8
S-S-COLUMN HATCH
100
AcDbHatch
 10
0.0
 20
0.0
 30
0.0
210
0.0
220
0.0
230
1.0
  2
SOLID
 70
     1
 71
     0
 91
        1
 92
        1
 93
        1
 72
     2
 10
353789.4282078412
 20
355977.7282433538
 40
0.4000033706691012
 50
-6.749243318334468
 51
353.2507566816655
 73
     1
 97
        0
 75
     1
 76
     1
 98
        1
 10
141612.3336154496
 20
142708.3084818356
450
        0
451
        0
460
0.0
461
0.0
452
        0
462
0.0
453
        0
470

1001
GradientColor1ACI
1070
     5
1001
GradientColor2ACI
1070
     2
1001
ACAD
1010
0.0
1020
0.0
1030
0.0
  0
HATCH
  5
258A
330
1F
100
AcDbEntity
  8
S-S-COLUMN HATCH
100
AcDbHatch
 10
0.0
 20
0.0
 30
0.0
210
0.0
220
0.0
230
1.0
  2
SOLID
 70
     1
 71
     0
 91
        1
 92
        1
 93
        1
 72
     2
 10
353787.5007933683
 20
355961.4417579643
 40
0.4000033706691012
 50
-6.749243318334468
 51
353.2507566816655
 73
     1
 97
        0
 75
     1
 76
     1
 98
        1
 10
141610.4062009766
 20
142692.0219964461
450
        0
451
        0
460
0.0
461
0.0
452
        0
462
0.0
453
        0
470

1001
GradientColor1ACI
1070
     5
1001
GradientColor2ACI
1070
     2
1001
ACAD
1010
0.0
1020
0.0
1030
0.0
  0
CIRCLE
  5
258B
330
1F
100
AcDbEntity
  8
S-S-COLUMN
100
AcDbCircle
 10
353787.5007933683
 20
355961.4417579643
 30
0.0
 40
0.4000033706691008
  0
HATCH
  5
258C
330
1F
100
AcDbEntity
  8
S-S-COLUMN HATCH
100
AcDbHatch
 10
0.0
 20
0.0
 30
0.0
210
0.0
220
0.0
230
1.0
  2
SOLID
 70
     1
 71
     0
 91
        1
 92
        1
 93
        1
 72
     2
 10
353753.5675734617
 20
355975.8804771698
 40
0.4000033706691012
 50
-6.749243318334468
 51
353.2507566816655
 73
     1
 97
        0
 75
     1
 76
     1
 98
        1
 10
141576.4729810701
 20
142706.4607156516
450
        0
451
        0
460
0.0
461
0.0
452
        0
462
0.0
453
        0
470

1001
GradientColor1ACI
1070
     5
1001
GradientColor2ACI
1070
     2
1001
ACAD
1010
0.0
1020
0.0
1030
0.0
  0
CIRCLE
  5
258D
330
1F
100
AcDbEntity
  8
S-S-COLUMN
100
AcDbCircle
 10
353753.5675734617
 20
355975.8804771698
 30
0.0
 40
0.4000033706691008
  0
HATCH
  5
258E
330
1F
100
AcDbEntity
  8
S-S-COLUMN HATCH
100
AcDbHatch
 10
0.0
 20
0.0
 30
0.0
210
0.0
220
0.0
230
1.0
  2
SOLID
 70
     1
 71
     0
 91
        1
 92
        1
 93
        1
 72
     2
 10
353768.1704237691
 20
355954.666517586
 40
0.4000033706691012
 50
-6.749243318334468
 51
353.2507566816655
 73
     1
 97
        0
 75
     1
 76
     1
 98
        1
 10
141591.0758313776
 20
142685.2467560679
450
        0
451
        0
460
0.0
461
0.0
452
        0
462
0.0
453
        0
470

1001
GradientColor1ACI
1070
     5
1001
GradientColor2ACI
1070
     2
1001
ACAD
1010
0.0
1020
0.0
1030
0.0
  0
CIRCLE
  5
258F
330
1F
100
AcDbEntity
  8
S-S-COLUMN
100
AcDbCircle
 10
353768.1704237691
 20
355954.666517586
 30
0.0
 40
0.4000033706691008
  0
HATCH
  5
2590
330
1F
100
AcDbEntity
  8
S-S-COLUMN HATCH
100
AcDbHatch
 10
0.0
 20
0.0
 30
0.0
210
0.0
220
0.0
230
1.0
  2
SOLID
 70
     1
 71
     0
 91
        1
 92
        1
 93
        1
 72
     2
 10
353775.3205880865
 20
355953.8203356222
 40
0.4000033706691012
 50
-6.749243318334468
 51
353.2507566816655
 73
     1
 97
        0
 75
     1
 76
     1
 98
        1
 10
141598.225995695
 20
142684.4005741041
450
        0
451
        0
460
0.0
461
0.0
452
        0
462
0.0
453
        0
470

1001
GradientColor1ACI
1070
     5
1001
GradientColor2ACI
1070
     2
1001
ACAD
1010
0.0
1020
0.0
1030
0.0
  0
CIRCLE
  5
2591
330
1F
100
AcDbEntity
  8
S-S-COLUMN
100
AcDbCircle
 10
353775.3205880865
 20
355953.8203356222
 30
0.0
 40
0.4000033706691008
  0
HATCH
  5
2592
330
1F
100
AcDbEntity
  8
S-S-COLUMN HATCH
100
AcDbHatch
 10
0.0
 20
0.0
 30
0.0
210
0.0
220
0.0
230
1.0
  2
SOLID
 70
     1
 71
     0
 91
        1
 92
        1
 93
        1
 72
     2
 10
353786.4430659136
 20
355952.5040525676
 40
0.4000033706691012
 50
-6.749243318334468
 51
353.2507566816655
 73
     1
 97
        0
 75
     1
 76
     1
 98
        1
 10
141609.348473522
 20
142683.0842910494
450
        0
451
        0
460
0.0
461
0.0
452
        0
462
0.0
453
        0
470

1001
GradientColor1ACI
1070
     5
1001
GradientColor2ACI
1070
     2
1001
ACAD
1010
0.0
1020
0.0
1030
0.0
  0
CIRCLE
  5
2593
330
1F
100
AcDbEntity
  8
S-S-COLUMN
100
AcDbCircle
 10
353786.4430659136
 20
355952.5040525676
 30
0.0
 40
0.4000033706691008
  0
HATCH
  5
2594
330
1F
100
AcDbEntity
  8
S-S-COLUMN HATCH
100
AcDbHatch
 10
0.0
 20
0.0
 30
0.0
210
0.0
220
0.0
230
1.0
  2
SOLID
 70
     1
 71
     0
 91
        1
 92
        1
 93
        1
 72
     2
 10
353776.9013030049
 20
355967.1772397984
 40
0.4000033706691012
 50
-6.749243318334468
 51
353.2507566816655
 73
     1
 97
        0
 75
     1
 76
     1
 98
        1
 10
141599.8067106133
 20
142697.7574782803
450
        0
451
        0
460
0.0
461
0.0
452
        0
462
0.0
453
        0
470

1001
GradientColor1ACI
1070
     5
1001
GradientColor2ACI
1070
     2
1001
ACAD
1010
0.0
1020
0.0
1030
0.0
  0
CIRCLE
  5
2595
330
1F
100
AcDbEntity
  8
S-S-COLUMN
100
AcDbCircle
 10
353776.9013030049
 20
355967.1772397984
 30
0.0
 40
0.4000033706691008
  0
HATCH
  5
2596
330
1F
100
AcDbEntity
  8
S-S-COLUMN HATCH
100
AcDbHatch
 10
0.0
 20
0.0
 30
0.0
210
0.0
220
0.0
230
1.0
  2
SOLID
 70
     1
 71
     0
 91
        1
 92
        1
 93
        1
 72
     2
 10
353771.1555656968
 20
355979.8907083722
 40
0.4000033706691012
 50
-6.749243318334468
 51
353.2507566816655
 73
     1
 97
        0
 75
     1
 76
     1
 98
        1
 10
141594.0609733052
 20
142710.4709468541
450
        0
451
        0
460
0.0
461
0.0
452
        0
462
0.0
453
        0
470

1001
GradientColor1ACI
1070
     5
1001
GradientColor2ACI
1070
     2
1001
ACAD
1010
0.0
1020
0.0
1030
0.0
  0
CIRCLE
  5
2597
330
1F
100
AcDbEntity
  8
S-S-COLUMN
100
AcDbCircle
 10
353771.1555656968
 20
355979.8907083722
 30
0.0
 40
0.4000033706691008
  0
HATCH
  5
2598
330
1F
100
AcDbEntity
  8
S-S-COLUMN HATCH
 62
     1
100
AcDbHatch
 10
0.0
 20
0.0
 30
0.0
210
0.0
220
0.0
230
1.0
  2
SOLID
 70
     1
 71
     0
 91
        1
 92
        1
 93
        1
 72
     2
 10
353778.3057300141
 20
355979.0445264085
 40
0.4000033706691012
 50
-6.749243318334468
 51
353.2507566816655
 73
     1
 97
        0
 75
     1
 76
     1
 98
        1
 10
141601.2111376226
 20
142709.6247648903
450
        0
451
        0
460
0.0
461
0.0
452
        0
462
0.0
453
        0
470

1001
GradientColor1ACI
1070
     5
1001
GradientColor2ACI
1070
     2
1001
ACAD
1010
0.0
1020
0.0
1030
0.0
  0
CIRCLE
  5
2599
330
1F
100
AcDbEntity
  8
S-S-COLUMN
 62
     1
100
AcDbCircle
 10
353778.3057300141
 20
355979.0445264085
 30
0.0
 40
0.4000033706691008
  0
CIRCLE
  5
259A
330
1F
100
AcDbEntity
  8
S-S-COLUMN
100
AcDbCircle
 10
353789.4282078412
 20
355977.7282433538
 30
0.0
 40
0.4000033706691008
  0
HATCH
  5
259B
330
1F
100
AcDbEntity
  8
S-S-COLUMN HATCH
100
AcDbHatch
 10
0.0
 20
0.0
 30
0.0
210
0.0
220
0.0
230
1.0
  2
SOLID
 70
     1
 71
     0
 91
        1
 92
        1
 93
        1
 72
     2
 10
353769.7511386876
 20
355968.0234217621
 40
0.4000033706691012
 50
-6.749243318334468
 51
353.2507566816655
 73
     1
 97
        0
 75
     1
 76
     1
 98
        1
 10
141592.6565462959
 20
142698.603660244
450
        0
451
        0
460
0.0
461
0.0
452
        0
462
0.0
453
        0
470

1001
GradientColor1ACI
1070
     5
1001
GradientColor2ACI
1070
     2
1001
ACAD
1010
0.0
1020
0.0
1030
0.0
  0
CIRCLE
  5
259C
330
1F
100
AcDbEntity
  8
S-S-COLUMN
100
AcDbCircle
 10
353769.7511386876
 20
355968.0234217621
 30
0.0
 40
0.4000033706691008
  0
HATCH
  5
259D
330
1F
100
AcDbEntity
  8
S-S-COLUMN HATCH
100
AcDbHatch
 10
0.0
 20
0.0
 30
0.0
210
0.0
220
0.0
230
1.0
  2
SOLID
 70
     1
 71
     0
 91
        1
 92
        1
 93
        1
 72
     2
 10
353758.4718534159
 20
355955.8224709027
 40
0.4500037920027377
 50
-6.749243318334468
 51
353.2507566816655
 73
     1
 97
        0
 75
     1
 76
     1
 98
        1
 10
141581.3772610242
 20
142686.4027093846
450
        0
451
        0
460
0.0
461
0.0
452
        0
462
0.0
453
        0
470

1001
GradientColor1ACI
1070
     5
1001
GradientColor2ACI
1070
     2
1001
ACAD
1010
0.0
1020
0.0
1030
0.0
  0
CIRCLE
  5
259E
330
1F
100
AcDbEntity
  8
S-S-COLUMN
100
AcDbCircle
 10
353758.4718534159
 20
355955.8224709027
 30
0.0
 40
0.4500037920027385
  0
HATCH
  5
259F
330
1F
100
AcDbEntity
  8
S-S-COLUMN HATCH
100
AcDbHatch
 10
0.0
 20
0.0
 30
0.0
210
0.0
220
0.0
230
1.0
  2
SOLID
 70
     1
 71
     0
 91
        1
 92
        1
 93
        1
 72
     2
 10
353760.3129747568
 20
355946.5336796406
 40
0.4500037920027377
 50
-6.749243318334468
 51
353.2507566816655
 73
     1
 97
        0
 75
     1
 76
     1
 98
        1
 10
141583.2183823653
 20
142677.1139181224
450
        0
451
        0
460
0.0
461
0.0
452
        0
462
0.0
453
        0
470

1001
GradientColor1ACI
1070
     5
1001
GradientColor2ACI
1070
     2
1001
ACAD
1010
0.0
1020
0.0
1030
0.0
  0
CIRCLE
  5
25A0
330
1F
100
AcDbEntity
  8
S-S-COLUMN
100
AcDbCircle
 10
353760.3129747568
 20
355946.5336796406
 30
0.0
 40
0.4500037920027385
  0
HATCH
  5
25A1
330
1F
100
AcDbEntity
  8
S-S-COLUMN HATCH
100
AcDbHatch
 10
0.0
 20
0.0
 30
0.0
210
0.0
220
0.0
230
1.0
  2
SOLID
 70
     1
 71
     0
 91
        1
 92
        1
 93
        1
 72
     2
 10
353747.2511287662
 20
355948.0793176442
 40
0.4500037920027413
 50
-6.749243318334468
 51
353.2507566816655
 73
     1
 97
        0
 75
     1
 76
     1
 98
        1
 10
141570.1565363747
 20
142678.6595561259
450
        0
451
        0
460
0.0
461
0.0
452
        0
462
0.0
453
        0
470

1001
GradientColor1ACI
1070
     5
1001
GradientColor2ACI
1070
     2
1001
ACAD
1010
0.0
1020
0.0
1030
0.0
  0
CIRCLE
  5
25A2
330
1F
100
AcDbEntity
  8
S-S-COLUMN
100
AcDbCircle
 10
353747.2511287662
 20
355948.0793176442
 30
0.0
 40
0.4500037920027385
  0
HATCH
  5
25A3
330
1F
100
AcDbEntity
  8
S-S-BEARING WALL HATCH UNDER THE GROUND
100
AcDbHatch
 10
0.0
 20
0.0
 30
0.0
210
0.0
220
0.0
230
1.0
  2
SOLID
 70
     1
 71
     0
 91
        1
 92
        1
 93
        5
 72
     1
 10
353771.5998071568
 20
355980.2409296141
 11
353771.2653598619
 21
355980.2805095813
 72
     1
 10
353771.2653598619
 20
355980.2805095813
 11
353771.5527970477
 21
355979.8436982632
 72
     1
 10
353771.5527970477
 20
355979.8436982632
 11
353796.4790643209
 21
355976.8938139173
 72
     1
 10
353796.4790643209
 20
355976.8938139173
 11
353796.52607443
 21
355977.2910452682
 72
     1
 10
353796.5260744299
 20
355977.2910452684
 11
353771.5998071568
 21
355980.2409296141
 97
        0
 75
     1
 76
     1
 98
        2
 10
353795.2171512189
 20
355979.3742639068
 10
353793.6231110301
 20
355979.7195978479
450
        0
451
        0
460
0.0
461
0.0
452
        0
462
1.0
453
        2
463
0.0
 63
     5
421
      255
463
1.0
 63
     2
421
 16776960
470
LINEAR
1001
GradientColor1ACI
1070
     5
1001
GradientColor2ACI
1070
     2
1001
ACAD
1010
0.0
1020
0.0
1030
0.0
  0
HATCH
  5
25A4
330
1F
100
AcDbEntity
  8
S-S-COLUMN HATCH
100
AcDbHatch
 10
0.0
 20
0.0
 30
0.0
210
0.0
220
0.0
230
1.0
  2
SOLID
 70
     1
 71
     0
 91
        1
 92
        1
 93
        1
 72
     2
 10
353757.7672148594
 20
355973.9730928971
 40
0.4000033706691012
 50
-6.749243318334468
 51
353.2507566816655
 73
     1
 97
        0
 75
     1
 76
     1
 98
        1
 10
141580.6726224679
 20
142704.553331379
450
        0
451
        0
460
0.0
461
0.0
452
        0
462
0.0
453
        0
470

1001
GradientColor1ACI
1070
     5
1001
GradientColor2ACI
1070
     2
1001
ACAD
1010
0.0
1020
0.0
1030
0.0
  0
CIRCLE
  5
25A5
330
1F
100
AcDbEntity
  8
S-S-COLUMN
100
AcDbCircle
 10
353757.7672148594
 20
355973.9730928971
 30
0.0
 40
0.4000033706691008
  0
HATCH
  5
25A6
330
1F
100
AcDbEntity
  8
S-S-COLUMN HATCH
100
AcDbHatch
 10
0.0
 20
0.0
 30
0.0
210
0.0
220
0.0
230
1.0
  2
SOLID
 70
     1
 71
     0
 91
        1
 92
        1
 93
        4
 72
     1
 10
353779.3960000001
 20
355929.12
 11
353778.6015372982
 21
355929.2140202182
 72
     1
 10
353778.6015372982
 20
355929.2140202182
 11
353778.5545271891
 21
355928.8167888673
 72
     1
 10
353778.5545271891
 20
355928.8167888672
 11
353779.348989891
 21
355928.722768649
 72
     1
 10
353779.348989891
 20
355928.722768649
 11
353779.3960000001
 21
355929.12
 97
        0
 75
     1
 76
     1
 98
        1
 10
353779.0768347413
 20
355928.9159924984
450
        0
451
        0
460
0.0
461
0.0
452
        0
462
1.0
453
        2
463
0.0
 63
     5
421
      255
463
1.0
 63
     2
421
 16776960
470
LINEAR
1001
GradientColor1ACI
1070
     5
1001
GradientColor2ACI
1070
     2
1001
ACAD
1010
0.0
1020
0.0
1030
0.0
  0
LWPOLYLINE
  5
25A7
330
1F
100
AcDbEntity
  8
S-S-COLUMN
100
AcDbPolyline
 90
        4
 70
     1
 43
0.0
 10
353779.3960000001
 20
355929.12
 10
353778.6015372982
 20
355929.2140202182
 10
353778.5545271891
 20
355928.8167888672
 10
353779.348989891
 20
355928.722768649
  0
HATCH
  5
25A8
330
1F
100
AcDbEntity
  8
S-S-COLUMN HATCH
100
AcDbHatch
 10
0.0
 20
0.0
 30
0.0
210
0.0
220
0.0
230
1.0
  2
SOLID
 70
     1
 71
     0
 91
        1
 92
        1
 93
        4
 72
     1
 10
353768.6281429408
 20
355923.6475035387
 11
353768.5341227226
 21
355922.8530408368
 72
     1
 10
353768.5341227226
 20
355922.8530408368
 11
353768.9313540736
 21
355922.8060307277
 72
     1
 10
353768.9313540736
 20
355922.8060307277
 11
353769.0253742918
 21
355923.6004934295
 72
     1
 10
353769.0253742918
 20
355923.6004934295
 11
353768.6281429408
 21
355923.6475035386
 97
        0
 75
     1
 76
     1
 98
        1
 10
353768.8321504424
 20
355923.3283382798
450
        0
451
        0
460
0.0
461
0.0
452
        0
462
1.0
453
        2
463
0.0
 63
     5
421
      255
463
1.0
 63
     2
421
 16776960
470
LINEAR
1001
GradientColor1ACI
1070
     5
1001
GradientColor2ACI
1070
     2
1001
ACAD
1010
0.0
1020
0.0
1030
0.0
  0
LWPOLYLINE
  5
25A9
330
1F
100
AcDbEntity
  8
S-S-COLUMN
100
AcDbPolyline
 90
        4
 70
     1
 43
0.0
 10
353768.6281429408
 20
355923.6475035387
 10
353768.5341227226
 20
355922.8530408368
 10
353768.9313540736
 20
355922.8060307277
 10
353769.0253742918
 20
355923.6004934295
  0
HATCH
  5
25AA
330
1F
100
AcDbEntity
  8
S-S-BEARING WALL HATCH UNDER THE GROUND
100
AcDbHatch
 10
0.0
 20
0.0
 30
0.0
210
0.0
220
0.0
230
1.0
  2
SOLID
 70
     1
 71
     0
 91
        1
 92
        1
 93
        4
 72
     1
 10
353790.6580416328
 20
355931.1102569088
 11
353791.0552729838
 21
355931.0632467997
 72
     1
 10
353791.0552729838
 20
355931.0632467998
 11
353796.4908168481
 21
355976.9931217551
 72
     1
 10
353796.4908168481
 20
355976.9931217551
 11
353796.0935854972
 21
355977.0401318643
 72
     1
 10
353796.0935854972
 20
355977.0401318642
 11
353790.6580416328
 21
355931.1102569088
 97
        0
 75
     1
 76
     1
 98
        2
 10
353791.6546697097
 20
355955.8257717382
 10
353791.3093357684
 20
355954.2317315494
450
        0
451
        0
460
0.0
461
0.0
452
        0
462
1.0
453
        2
463
0.0
 63
     5
421
      255
463
1.0
 63
     2
421
 16776960
470
LINEAR
1001
GradientColor1ACI
1070
     5
1001
GradientColor2ACI
1070
     2
1001
ACAD
1010
0.0
1020
0.0
1030
0.0
  0
HATCH
  5
25AB
330
1F
100
AcDbEntity
  8
S-S-BEARING WALL HATCH
100
AcDbHatch
 10
0.0
 20
0.0
 30
0.0
210
0.0
220
0.0
230
1.0
  2
SOLID
 70
     1
 71
     0
 91
        1
 92
        1
 93
        4
 72
     1
 10
353789.7859999999
 20
355920.338
 11
353789.8330101091
 21
355920.7352313509
 72
     1
 10
353789.833010109
 20
355920.7352313509
 11
353778.3629548498
 21
355922.0926482511
 72
     1
 10
353778.3629548498
 20
355922.0926482511
 11
353778.3159447407
 21
355921.6954169002
 72
     1
 10
353778.3159447407
 20
355921.6954169002
 11
353789.7859999999
 21
355920.338
 97
        0
 75
     1
 76
     1
 98
        1
 10
354077.6331556609
 20
355897.8040972041
450
        0
451
        0
460
0.0
461
0.0
452
        0
462
1.0
453
        2
463
0.0
 63
     5
421
      255
463
1.0
 63
     2
421
 16776960
470
LINEAR
1001
GradientColor1ACI
1070
     5
1001
GradientColor2ACI
1070
     2
1001
ACAD
1010
0.0
1020
0.0
1030
0.0
  0
HATCH
  5
25AC
330
1F
100
AcDbEntity
  8
S-S-BEARING WALL HATCH UNDER THE GROUND
100
AcDbHatch
 10
0.0
 20
0.0
 30
0.0
210
0.0
220
0.0
230
1.0
  2
SOLID
 70
     1
 71
     0
 91
        1
 92
        1
 93
        4
 72
     1
 10
353789.435778758
 20
355920.78224146
 11
353789.8330101089
 21
355920.7352313509
 72
     1
 10
353789.833010109
 20
355920.7352313509
 11
353791.0552729838
 21
355931.0632467997
 72
     1
 10
353791.0552729838
 20
355931.0632467998
 11
353790.6580416329
 21
355931.1102569089
 72
     1
 10
353790.6580416328
 20
355931.1102569088
 11
353789.435778758
 21
355920.7822414601
 97
        0
 75
     1
 76
     1
 98
        2
 10
353774.655050368
 20
355910.4588509812
 10
353774.3097164268
 20
355908.8648107924
450
        0
451
        0
460
0.0
461
0.0
452
        0
462
1.0
453
        2
463
0.0
 63
     5
421
      255
463
1.0
 63
     2
421
 16776960
470
LINEAR
1001
GradientColor1ACI
1070
     5
1001
GradientColor2ACI
1070
     2
1001
ACAD
1010
0.0
1020
0.0
1030
0.0
  0
HATCH
  5
25AD
330
1F
100
AcDbEntity
  8
S-S-COLUMN HATCH
100
AcDbHatch
 10
0.0
 20
0.0
 30
0.0
210
0.0
220
0.0
230
1.0
  2
SOLID
 70
     1
 71
     0
 91
        1
 92
        1
 93
        1
 72
     2
 10
353777.5888258503
 20
355972.9867483063
 40
0.3000025280018263
 50
-6.749243318334468
 51
353.2507566816655
 73
     1
 97
        0
 75
     1
 76
     1
 98
        1
 10
141600.4942334589
 20
142703.5669867882
450
        0
451
        0
460
0.0
461
0.0
452
        0
462
0.0
453
        0
470

1001
GradientColor1ACI
1070
     5
1001
GradientColor2ACI
1070
     2
1001
ACAD
1010
0.0
1020
0.0
1030
0.0
  0
CIRCLE
  5
25AE
330
1F
100
AcDbEntity
  8
S-S-COLUMN
100
AcDbCircle
 10
353777.5888258503
 20
355972.9867483063
 30
0.0
 40
0.3000025280018256
  0
HATCH
  5
25AF
330
1F
100
AcDbEntity
  8
S-S-COLUMN HATCH
100
AcDbHatch
 10
0.0
 20
0.0
 30
0.0
210
0.0
220
0.0
230
1.0
  2
SOLID
 70
     1
 71
     0
 91
        1
 92
        1
 93
        1
 72
     2
 10
353770.438661533
 20
355973.8329302701
 40
0.3000025280018263
 50
-6.749243318334468
 51
353.2507566816655
 73
     1
 97
        0
 75
     1
 76
     1
 98
        1
 10
141593.3440691415
 20
142704.4131687519
450
        0
451
        0
460
0.0
461
0.0
452
        0
462
0.0
453
        0
470

1001
GradientColor1ACI
1070
     5
1001
GradientColor2ACI
1070
     2
1001
ACAD
1010
0.0
1020
0.0
1030
0.0
  0
CIRCLE
  5
25B0
330
1F
100
AcDbEntity
  8
S-S-COLUMN
100
AcDbCircle
 10
353770.438661533
 20
355973.8329302701
 30
0.0
 40
0.3000025280018256
  0
HATCH
  5
25B1
330
1F
100
AcDbEntity
  8
S-S-COLUMN HATCH
100
AcDbHatch
 10
0.0
 20
0.0
 30
0.0
210
0.0
220
0.0
230
1.0
  2
SOLID
 70
     1
 71
     0
 91
        1
 92
        1
 93
        1
 72
     2
 10
353788.7113036774
 20
355971.6704652516
 40
0.3000025280018263
 50
-6.749243318334468
 51
353.2507566816655
 73
     1
 97
        0
 75
     1
 76
     1
 98
        1
 10
141611.6167112859
 20
142702.2507037334
450
        0
451
        0
460
0.0
461
0.0
452
        0
462
0.0
453
        0
470

1001
GradientColor1ACI
1070
     5
1001
GradientColor2ACI
1070
     2
1001
ACAD
1010
0.0
1020
0.0
1030
0.0
  0
CIRCLE
  5
25B2
330
1F
100
AcDbEntity
  8
S-S-COLUMN
100
AcDbCircle
 10
353788.7113036774
 20
355971.6704652516
 30
0.0
 40
0.3000025280018256
  0
HATCH
  5
25B3
330
1F
100
AcDbEntity
  8
S-S-COLUMN HATCH
100
AcDbHatch
 10
0.0
 20
0.0
 30
0.0
210
0.0
220
0.0
230
1.0
  2
SOLID
 70
     1
 71
     0
 91
        1
 92
        1
 93
        1
 72
     2
 10
353772.834928568
 20
355932.8167279399
 40
0.4000033706691012
 50
-6.749243318334468
 51
353.2507566816655
 73
     1
 97
        0
 75
     1
 76
     1
 98
        1
 10
141595.7403361765
 20
142663.3969664218
450
        0
451
        0
460
0.0
461
0.0
452
        0
462
0.0
453
        0
470

1001
GradientColor1ACI
1070
     5
1001
GradientColor2ACI
1070
     2
1001
ACAD
1010
0.0
1020
0.0
1030
0.0
  0
CIRCLE
  5
25B4
330
1F
100
AcDbEntity
  8
S-S-COLUMN
100
AcDbCircle
 10
353772.834928568
 20
355932.8167279399
 30
0.0
 40
0.4000033706691008
  0
HATCH
  5
25B5
330
1F
100
AcDbEntity
  8
S-S-COLUMN HATCH
100
AcDbHatch
 10
0.0
 20
0.0
 30
0.0
210
0.0
220
0.0
230
1.0
  2
SOLID
 70
     1
 71
     0
 91
        1
 92
        1
 93
        1
 72
     2
 10
353792.5355027763
 20
355942.720165207
 40
0.4000033706691012
 50
-6.749243318334468
 51
353.2507566816655
 73
     1
 97
        0
 75
     1
 76
     1
 98
        1
 10
141615.4409103846
 20
142673.3004036889
450
        0
451
        0
460
0.0
461
0.0
452
        0
462
0.0
453
        0
470

1001
GradientColor1ACI
1070
     5
1001
GradientColor2ACI
1070
     2
1001
ACAD
1010
0.0
1020
0.0
1030
0.0
  0
CIRCLE
  5
25B6
330
1F
100
AcDbEntity
  8
S-S-COLUMN
100
AcDbCircle
 10
353792.5355027763
 20
355942.720165207
 30
0.0
 40
0.4000033706691008
  0
HATCH
  5
25B7
330
1F
100
AcDbEntity
  8
S-S-COLUMN HATCH
100
AcDbHatch
 10
0.0
 20
0.0
 30
0.0
210
0.0
220
0.0
230
1.0
  2
SOLID
 70
     1
 71
     0
 91
        1
 92
        1
 93
        1
 72
     2
 10
353795.1739451493
 20
355965.01477478
 40
0.4000033706691012
 50
-6.749243318334468
 51
353.2507566816655
 73
     1
 97
        0
 75
     1
 76
     1
 98
        1
 10
141618.0793527576
 20
142695.5950132619
450
        0
451
        0
460
0.0
461
0.0
452
        0
462
0.0
453
        0
470

1001
GradientColor1ACI
1070
     5
1001
GradientColor2ACI
1070
     2
1001
ACAD
1010
0.0
1020
0.0
1030
0.0
  0
CIRCLE
  5
25B8
330
1F
100
AcDbEntity
  8
S-S-COLUMN
100
AcDbCircle
 10
353795.1739451493
 20
355965.01477478
 30
0.0
 40
0.4000033706691008
  0
HATCH
  5
25B9
330
1F
100
AcDbEntity
  8
S-S-COLUMN HATCH
100
AcDbHatch
 10
0.0
 20
0.0
 30
0.0
210
0.0
220
0.0
230
1.0
  2
SOLID
 70
     1
 71
     0
 91
        1
 92
        1
 93
        1
 72
     2
 10
353794.6509576856
 20
355960.5955760005
 40
0.4000033706691012
 50
-6.749243318334468
 51
353.2507566816655
 73
     1
 97
        0
 75
     1
 76
     1
 98
        1
 10
141617.5563652939
 20
142691.1758144824
450
        0
451
        0
460
0.0
461
0.0
452
        0
462
0.0
453
        0
470

1001
GradientColor1ACI
1070
     5
1001
GradientColor2ACI
1070
     2
1001
ACAD
1010
0.0
1020
0.0
1030
0.0
  0
CIRCLE
  5
25BA
330
1F
100
AcDbEntity
  8
S-S-COLUMN
100
AcDbCircle
 10
353794.6509576856
 20
355960.5955760005
 30
0.0
 40
0.4000033706691008
  0
HATCH
  5
25BB
330
1F
100
AcDbEntity
  8
S-S-COLUMN HATCH
100
AcDbHatch
 10
0.0
 20
0.0
 30
0.0
210
0.0
220
0.0
230
1.0
  2
SOLID
 70
     1
 71
     0
 91
        1
 92
        1
 93
        1
 72
     2
 10
353791.1075707124
 20
355930.6542629216
 40
0.4000033706691012
 50
-6.749243318334468
 51
353.2507566816655
 73
     1
 97
        0
 75
     1
 76
     1
 98
        1
 10
141614.0129783208
 20
142661.2345014034
450
        0
451
        0
460
0.0
461
0.0
452
        0
462
0.0
453
        0
470

1001
GradientColor1ACI
1070
     5
1001
GradientColor2ACI
1070
     2
1001
ACAD
1010
0.0
1020
0.0
1030
0.0
  0
CIRCLE
  5
25BC
330
1F
100
AcDbEntity
  8
S-S-COLUMN
100
AcDbCircle
 10
353791.1075707124
 20
355930.6542629216
 30
0.0
 40
0.4000033706691008
  0
HATCH
  5
25BD
330
1F
100
AcDbEntity
  8
S-S-COLUMN HATCH
100
AcDbHatch
 10
0.0
 20
0.0
 30
0.0
210
0.0
220
0.0
230
1.0
  2
SOLID
 70
     1
 71
     0
 91
        1
 92
        1
 93
        1
 72
     2
 10
353793.593230231
 20
355951.6578706038
 40
0.4000033706691012
 50
-6.749243318334468
 51
353.2507566816655
 73
     1
 97
        0
 75
     1
 76
     1
 98
        1
 10
141616.4986378393
 20
142682.2381090857
450
        0
451
        0
460
0.0
461
0.0
452
        0
462
0.0
453
        0
470

1001
GradientColor1ACI
1070
     5
1001
GradientColor2ACI
1070
     2
1001
ACAD
1010
0.0
1020
0.0
1030
0.0
  0
CIRCLE
  5
25BE
330
1F
100
AcDbEntity
  8
S-S-COLUMN
100
AcDbCircle
 10
353793.593230231
 20
355951.6578706038
 30
0.0
 40
0.4000033706691008
  0
HATCH
  5
25BF
330
1F
100
AcDbEntity
  8
S-S-COLUMN HATCH
100
AcDbHatch
 10
0.0
 20
0.0
 30
0.0
210
0.0
220
0.0
230
1.0
  2
SOLID
 70
     1
 71
     0
 91
        1
 92
        1
 93
        4
 72
     1
 10
353777.8141179325
 20
355922.5603947656
 11
353777.7200977143
 21
355921.7659320637
 72
     1
 10
353777.7200977143
 20
355921.7659320638
 11
353778.1173290659
 21
355921.7189219547
 72
     1
 10
353778.1173290659
 20
355921.7189219547
 11
353778.211349284
 21
355922.5133846565
 72
     1
 10
353778.211349284
 20
355922.5133846565
 11
353777.8141179325
 21
355922.5603947657
 97
        0
 75
     1
 76
     1
 98
        1
 10
353778.1174332723
 20
355922.2294769795
450
        0
451
        0
460
0.0
461
0.0
452
        0
462
1.0
453
        2
463
0.0
 63
     5
421
      255
463
1.0
 63
     2
421
 16776960
470
LINEAR
1001
GradientColor1ACI
1070
     5
1001
GradientColor2ACI
1070
     2
1001
ACAD
1010
0.0
1020
0.0
1030
0.0
  0
LWPOLYLINE
  5
25C0
330
1F
100
AcDbEntity
  8
S-S-COLUMN
100
AcDbPolyline
 90
        4
 70
     1
 43
0.0
 10
353777.8141179325
 20
355922.5603947656
 10
353777.7200977143
 20
355921.7659320638
 10
353778.1173290659
 20
355921.7189219547
 10
353778.211349284
 20
355922.5133846565
  0
LINE
  5
25C1
330
1F
100
AcDbEntity
  8
S-S-BEARING WALL
100
AcDbLine
 10
353796.5260744299
 20
355977.2910452684
 30
0.0
 11
353771.1032679683
 21
355980.2996922505
 31
0.0
  0
LINE
  5
25C2
330
1F
100
AcDbEntity
  8
S-S-BEARING WALL
100
AcDbLine
 10
353796.0818329699
 20
355976.9408240264
 30
0.0
 11
353771.5527970477
 21
355979.8436982632
 31
0.0
  0
HATCH
  5
25C3
330
1F
100
AcDbEntity
  8
S-S-BEARING WALL HATCH
100
AcDbHatch
 10
0.0
 20
0.0
 30
0.0
210
0.0
220
0.0
230
1.0
  2
SOLID
 70
     1
 71
     0
 91
        2
 92
        1
 93
        7
 72
     1
 10
353767.4417365074
 20
355922.9823186367
 11
353768.5341227226
 21
355922.8530408367
 72
     1
 10
353768.5341227226
 20
355922.8530408367
 11
353768.5811328317
 21
355923.2502721877
 72
     1
 10
353768.5811328317
 20
355923.2502721877
 11
353767.2774247573
 21
355923.404558748
 72
     1
 10
353767.2774247573
 20
355923.404558748
 11
353764.4129101662
 21
355920.0771279085
 72
     1
 10
353764.4129101662
 20
355920.0771279086
 11
353764.5504291705
 21
355919.97475454
 72
     1
 10
353764.5504291705
 20
355919.97475454
 11
353764.5382325618
 21
355919.6095976175
 72
     1
 10
353764.5382325618
 20
355919.6095976175
 11
353767.4417365074
 21
355922.9823186367
 97
        0
 92
        1
 93
        5
 72
     1
 10
353752.2074259806
 20
355924.7852140984
 11
353751.6737135344
 21
355924.8483759819
 72
     1
 10
353751.6737135344
 20
355924.848375982
 11
353754.3562090963
 21
355921.0391347364
 72
     1
 10
353754.3562090963
 20
355921.0391347363
 11
353754.4037534654
 21
355921.3891581465
 72
     1
 10
353754.4037534654
 20
355921.3891581465
 11
353754.6229830718
 21
355921.3550351881
 72
     1
 10
353754.6229830716
 20
355921.3550351881
 11
353752.2074259805
 21
355924.7852140984
 97
        0
 75
     1
 76
     1
 98
        2
 10
353765.2953558274
 20
355920.3778929369
 10
353754.1726105301
 20
355922.1072727121
450
        0
451
        0
460
0.0
461
0.0
452
        0
462
1.0
453
        2
463
0.0
 63
     5
421
      255
463
1.0
 63
     2
421
 16776960
470
LINEAR
1001
GradientColor1ACI
1070
     5
1001
GradientColor2ACI
1070
     2
1001
ACAD
1010
0.0
1020
0.0
1030
0.0
  0
LINE
  5
25C4
330
1F
100
AcDbEntity
  8
S-S-BEARING WALL
100
AcDbLine
 10
353789.435778758
 20
355920.78224146
 30
0.0
 11
353790.6110315237
 21
355930.7130255579
 31
0.0
  0
LINE
  5
25C5
102
{ACAD_REACTORS
330
3AF1
102
}
330
1F
100
AcDbEntity
  8
S-S-BEARING WALL
100
AcDbLine
 10
353796.5260744299
 20
355977.2910452684
 30
0.0
 11
353789.7859999999
 21
355920.338
 31
0.0
  0
LINE
  5
25C6
330
1F
100
AcDbEntity
  8
S-S-BEARING WALL
100
AcDbLine
 10
353796.0818329699
 20
355976.9408240264
 30
0.0
 11
353789.435778758
 21
355920.78224146
 31
0.0
  0
LINE
  5
25C7
330
1F
100
AcDbEntity
  8
S-S-BEARING WALL
100
AcDbLine
 10
353778.7284604835
 20
355926.8829295174
 30
0.0
 11
353778.1643391743
 21
355922.1161533056
 31
0.0
  0
LINE
  5
25C8
330
1F
100
AcDbEntity
  8
S-S-BEARING WALL
100
AcDbLine
 10
353778.3782392417
 20
355927.3271709773
 30
0.0
 11
353777.7671078234
 21
355922.1631634147
 31
0.0
  0
LINE
  5
25C9
330
1F
100
AcDbEntity
  8
S-S-BEARING WALL UNDER THE GROUND
100
AcDbLine
 10
353767.4417365074
 20
355922.9823186367
 30
0.0
 11
353789.7859999999
 21
355920.338
 31
0.0
  0
LINE
  5
25CA
330
1F
100
AcDbEntity
  8
S-S-BEARING WALL UNDER THE GROUND
100
AcDbLine
 10
353767.2774247573
 20
355923.404558748
 30
0.0
 11
353777.7671078234
 21
355922.1631634147
 31
0.0
  0
LINE
  5
25CB
330
1F
100
AcDbEntity
  8
S-S-BEARING WALL UNDER THE GROUND
100
AcDbLine
 10
353778.1643391743
 20
355922.1161533056
 30
0.0
 11
353789.435778758
 21
355920.78224146
 31
0.0
  0
HATCH
  5
25CC
330
1F
100
AcDbEntity
  8
S-S-BEARING WALL HATCH
100
AcDbHatch
 10
0.0
 20
0.0
 30
0.0
210
0.0
220
0.0
230
1.0
  2
SOLID
 70
     1
 71
     0
 91
        1
 92
        1
 93
        6
 72
     1
 10
353790.6110315237
 20
355930.7130255579
 11
353790.6580416329
 21
355931.1102569088
 72
     1
 10
353790.6580416328
 20
355931.1102569088
 11
353783.6071851532
 21
355931.9446863453
 72
     1
 10
353783.6071851532
 20
355931.9446863453
 11
353782.9490435875
 21
355926.3834471082
 72
     1
 10
353782.9490435875
 20
355926.3834471082
 11
353783.3462749385
 21
355926.336436999
 72
     1
 10
353783.3462749385
 20
355926.336436999
 11
353783.957406395
 21
355931.5004448853
 72
     1
 10
353783.957406395
 20
355931.5004448853
 11
353790.6110315237
 21
355930.7130255579
 97
        0
 75
     1
 76
     1
 98
        1
 10
354078.8554185358
 20
355908.1321126528
450
        0
451
        0
460
0.0
461
0.0
452
        0
462
1.0
453
        2
463
0.0
 63
     5
421
      255
463
1.0
 63
     2
421
 16776960
470
LINEAR
1001
GradientColor1ACI
1070
     5
1001
GradientColor2ACI
1070
     2
1001
ACAD
1010
0.0
1020
0.0
1030
0.0
  0
LINE
  5
25CD
330
1F
100
AcDbEntity
  8
S-S-BEARING WALL UNDER THE GROUND
100
AcDbLine
 10
353783.957406395
 20
355931.5004448853
 30
0.0
 11
353790.6110315237
 21
355930.7130255579
 31
0.0
  0
LINE
  5
25CE
330
1F
100
AcDbEntity
  8
S-S-BEARING WALL UNDER THE GROUND
100
AcDbLine
 10
353783.6071851532
 20
355931.9446863453
 30
0.0
 11
353790.6580416328
 21
355931.1102569088
 31
0.0
  0
HATCH
  5
25CF
330
1F
100
AcDbEntity
  8
S-S-BEARING WALL HATCH UNDER THE GROUND
100
AcDbHatch
 10
0.0
 20
0.0
 30
0.0
210
0.0
220
0.0
230
1.0
  2
SOLID
 70
     1
 71
     0
 91
        1
 92
        1
 93
       10
 72
     1
 10
353767.0674317832
 20
355930.8811131589
 11
353767.3653552965
 21
355930.8458555771
 72
     1
 10
353767.3653552965
 20
355930.8458555769
 11
353766.8129865127
 21
355926.1783871871
 72
     1
 10
353766.8129865127
 20
355926.1783871872
 11
353763.9374492485
 21
355926.5186909426
 72
     1
 10
353763.9374492485
 20
355926.5186909426
 11
353763.4252191881
 21
355928.1842722964
 72
     1
 10
353763.4252191881
 20
355928.1842722964
 11
353764.0488287378
 21
355933.4537189892
 72
     1
 10
353764.0488287378
 20
355933.4537189892
 11
353764.346752251
 21
355933.4184614074
 72
     1
 10
353764.346752251
 20
355933.4184614074
 11
353763.7305867509
 21
355928.2119162889
 72
     1
 10
353763.7305867509
 20
355928.2119162889
 11
353764.1667580871
 21
355926.7936495746
 72
     1
 10
353764.1667580872
 20
355926.7936495746
 11
353766.5503205813
 21
355926.5115682822
 72
     1
 10
353766.5503205813
 20
355926.5115682823
 11
353767.0674317832
 21
355930.8811131589
 97
        0
 75
     1
 76
     1
 98
        2
 10
353767.1044373392
 20
355930.3882802471
 10
353768.7350516372
 20
355930.3519943618
450
        0
451
        0
460
0.0
461
0.0
452
        0
462
1.0
453
        2
463
0.0
 63
     5
421
      255
463
1.0
 63
     2
421
 16776960
470
LINEAR
1001
GradientColor1ACI
1070
     5
1001
GradientColor2ACI
1070
     2
1001
ACAD
1010
0.0
1020
0.0
1030
0.0
  0
LINE
  5
25D0
330
1F
100
AcDbEntity
  8
S-S-BEARING WALL
100
AcDbLine
 10
353767.0674317832
 20
355930.8811131589
 30
0.0
 11
353766.5503205813
 21
355926.5115682823
 31
0.0
  0
LINE
  5
25D1
330
1F
100
AcDbEntity
  8
S-S-BEARING WALL
100
AcDbLine
 10
353766.5503205813
 20
355926.5115682823
 30
0.0
 11
353764.1667580872
 21
355926.7936495746
 31
0.0
  0
LINE
  5
25D2
330
1F
100
AcDbEntity
  8
S-S-BEARING WALL
100
AcDbLine
 10
353763.7305867509
 20
355928.2119162889
 30
0.0
 11
353764.346752251
 21
355933.4184614074
 31
0.0
  0
LWPOLYLINE
  5
25D3
330
1F
100
AcDbEntity
  8
S-S-BEARING WALL
100
AcDbPolyline
 90
        3
 70
     0
 43
0.0
 10
353767.3653552965
 20
355930.8458555769
 10
353766.8482440945
 20
355926.4763107003
 10
353769.0330165248
 20
355926.2177551004
  0
LINE
  5
25D4
330
1F
100
AcDbEntity
  8
S-S-BEARING WALL
100
AcDbLine
 10
353769.2956824562
 20
355925.8845740053
 30
0.0
 11
353769.84805124
 21
355930.5520423952
 31
0.0
  0
LINE
  5
25D5
330
1F
100
AcDbEntity
  8
S-S-BEARING WALL
100
AcDbLine
 10
353769.3503347612
 20
355928.8990667194
 30
0.0
 11
353768.8041416537
 21
355928.9637056194
 31
0.0
  0
LINE
  5
25D6
330
1F
100
AcDbEntity
  8
S-S-BEARING WALL
100
AcDbLine
 10
353768.8041416537
 20
355928.9637056194
 30
0.0
 11
353768.7688840719
 21
355928.6657821061
 31
0.0
  0
LINE
  5
25D7
330
1F
100
AcDbEntity
  8
S-S-BEARING WALL
100
AcDbLine
 10
353768.7688840719
 20
355928.6657821061
 30
0.0
 11
353769.3150771794
 21
355928.6011432062
 31
0.0
  0
LINE
  5
25D8
330
1F
100
AcDbEntity
  8
S-S-BEARING WALL
100
AcDbLine
 10
353769.5501277268
 20
355930.587299977
 30
0.0
 11
353769.3503347612
 21
355928.8990667194
 31
0.0
  0
LINE
  5
25D9
330
1F
100
AcDbEntity
  8
S-S-BEARING WALL
100
AcDbLine
 10
353769.3150771794
 20
355928.6011432062
 30
0.0
 11
353769.0330165248
 21
355926.2177551004
 31
0.0
  0
LINE
  5
25DA
330
1F
100
AcDbEntity
  8
S-S-BEARING WALL
100
AcDbLine
 10
353767.1303047492
 20
355928.8596988061
 30
0.0
 11
353767.6764978567
 21
355928.7950599062
 31
0.0
  0
LINE
  5
25DB
330
1F
100
AcDbEntity
  8
S-S-BEARING WALL
100
AcDbLine
 10
353767.6764978567
 20
355928.7950599062
 30
0.0
 11
353767.7117554385
 21
355929.0929834194
 31
0.0
  0
LINE
  5
25DC
330
1F
100
AcDbEntity
  8
S-S-BEARING WALL
100
AcDbLine
 10
353767.7117554385
 20
355929.0929834194
 30
0.0
 11
353767.1655623309
 21
355929.1576223194
 31
0.0
  0
LINE
  5
25DD
330
1F
100
AcDbEntity
  8
S-S-BEARING WALL
100
AcDbLine
 10
353763.9374492485
 20
355926.5186909426
 30
0.0
 11
353769.2956824562
 21
355925.8845740053
 31
0.0
  0
LINE
  5
25DE
330
1F
100
AcDbEntity
  8
S-S-BEARING WALL
100
AcDbLine
 10
353767.0674317832
 20
355930.8811131589
 30
0.0
 11
353767.3653552965
 21
355930.8458555769
 31
0.0
  0
HATCH
  5
25DF
330
1F
100
AcDbEntity
  8
S-S-COLUMN HATCH
100
AcDbHatch
 10
0.0
 20
0.0
 30
0.0
210
0.0
220
0.0
230
1.0
  2
SOLID
 70
     1
 71
     0
 91
        1
 92
        1
 93
        1
 72
     2
 10
353751.3582835771
 20
355928.4101595924
 40
0.4000033706691012
 50
-6.749243318334468
 51
353.2507566816655
 73
     1
 97
        0
 75
     1
 76
     1
 98
        1
 10
141574.2636911855
 20
142658.9903980744
450
        0
451
        0
460
0.0
461
0.0
452
        0
462
0.0
453
        0
470

1001
GradientColor1ACI
1070
     5
1001
GradientColor2ACI
1070
     2
1001
ACAD
1010
0.0
1020
0.0
1030
0.0
  0
CIRCLE
  5
25E0
330
1F
100
AcDbEntity
  8
S-S-COLUMN
100
AcDbCircle
 10
353751.3582835771
 20
355928.4101595924
 30
0.0
 40
0.4000033706691008
  0
HATCH
  5
25E1
330
1F
100
AcDbEntity
  8
A-G-EXISTING WALL
100
AcDbHatch
 10
0.0
 20
0.0
 30
0.0
210
0.0
220
0.0
230
1.0
  2
ANSI31
 70
     0
 71
     0
 91
        6
 92
        1
 93
        6
 72
     1
 10
353763.8929476309
 20
355919.996715085
 11
353763.3829548713
 21
355920.0137493564
 72
     1
 10
353763.3829548713
 20
355920.0137493564
 11
353763.1662159803
 21
355920.0471800288
 72
     1
 10
353763.1662159803
 20
355920.0471800288
 11
353763.2467157773
 21
355919.6829511771
 72
     1
 10
353763.2467157774
 20
355919.6829511771
 11
353763.5386291004
 21
355919.6380541315
 72
     1
 10
353763.5386291004
 20
355919.6380541314
 11
353764.1961580884
 21
355919.6193357261
 72
     1
 10
353764.1961580883
 20
355919.6193357261
 11
353763.8929476309
 21
355919.996715085
 97
        0
 92
        1
 93
        4
 72
     1
 10
353764.5504291705
 20
355919.97475454
 11
353763.8929476309
 21
355919.9967150851
 72
     1
 10
353763.8929476309
 20
355919.996715085
 11
353764.1961580883
 21
355919.619335726
 72
     1
 10
353764.1961580883
 20
355919.6193357261
 11
353764.5382325618
 21
355919.6095976175
 72
     1
 10
353764.5382325618
 20
355919.6095976175
 11
353764.5504291705
 21
355919.97475454
 97
        0
 92
        1
 93
        4
 72
     1
 10
353763.1662159803
 20
355920.0471800288
 11
353759.4562046675
 21
355920.6194269953
 72
     1
 10
353759.4562046676
 20
355920.6194269953
 11
353759.5370626326
 21
355920.253505699
 72
     1
 10
353759.5370626325
 20
355920.253505699
 11
353763.2467157772
 21
355919.6829511771
 72
     1
 10
353763.2467157774
 20
355919.6829511771
 11
353763.1662159803
 21
355920.0471800288
 97
        0
 92
        1
 93
        4
 72
     1
 10
353759.4562046676
 20
355920.6194269953
 11
353759.1712738914
 21
355920.6633758565
 72
     1
 10
353759.1712738914
 20
355920.6633758564
 11
353759.2523008406
 21
355920.2973028201
 72
     1
 10
353759.2523008407
 20
355920.29730282
 11
353759.5370626326
 21
355920.253505699
 72
     1
 10
353759.5370626325
 20
355920.253505699
 11
353759.4562046674
 21
355920.6194269953
 97
        0
 92
        1
 93
        4
 72
     1
 10
353759.1712738914
 20
355920.6633758564
 11
353755.3934732166
 21
355921.2460789249
 72
     1
 10
353755.3934732166
 20
355921.246078925
 11
353755.4744613603
 21
355920.878344582
 72
     1
 10
353755.4744613603
 20
355920.8783445818
 11
353759.2523008407
 21
355920.2973028201
 72
     1
 10
353759.2523008407
 20
355920.29730282
 11
353759.1712738915
 21
355920.6633758563
 97
        0
 92
        1
 93
        6
 72
     1
 10
353755.3934732166
 20
355921.246078925
 11
353755.1576345249
 21
355921.282455627
 72
     1
 10
353755.157634525
 20
355921.282455627
 11
353754.4031442266
 21
355921.3848785689
 72
     1
 10
353754.4031442265
 20
355921.3848785689
 11
353754.3562090962
 21
355921.0391347363
 72
     1
 10
353754.3562090963
 20
355921.0391347364
 11
353755.0706179736
 21
355920.940456769
 72
     1
 10
353755.0706179736
 20
355920.940456769
 11
353755.4744613603
 21
355920.8783445818
 72
     1
 10
353755.4744613603
 20
355920.8783445818
 11
353755.3934732166
 21
355921.2460789249
 97
        0
 75
     1
 76
     1
 52
-6.749243318334468
 41
1.000008426672752
 77
     0
 78
     1
 53
38.25075668166554
 43
353780.7714598124
 44
355922.4633554527
 45
-0.0773886922001618
 46
0.0981644215292977
 79
     0
 98
        6
 10
353763.4855397028
 20
355919.7372530022
 10
353764.4412074742
 20
355919.7837736848
 10
353761.938466299
 20
355920.049979576
 10
353759.367655957
 20
355920.4738924169
 10
353757.1716466617
 20
355920.8343228629
 10
353755.0531298999
 20
355921.0699277062
1001
GradientColor1ACI
1070
     5
1001
GradientColor2ACI
1070
     2
1001
ACAD
1010
0.0
1020
0.0
1030
0.0
  0
HATCH
  5
25E2
330
1F
100
AcDbEntity
  8
A-G-EXISTING WALL
100
AcDbHatch
 10
0.0
 20
0.0
 30
0.0
210
0.0
220
0.0
230
1.0
  2
ANSI31
 70
     0
 71
     0
 91
        2
 92
        7
 72
     0
 73
     1
 93
        5
 10
353764.0637382795
 20
355921.9060489758
 10
353763.6437327055
 20
355921.8620680307
 10
353763.5327899766
 20
355920.4449716057
 10
353763.8929476309
 20
355919.996715085
 10
353763.9142033049
 20
355919.9960051241
 97
        0
 92
        7
 72
     0
 73
     1
 93
        3
 10
353763.5327899766
 20
355920.4449716057
 10
353763.4987273831
 20
355920.009882438
 10
353763.8929476309
 20
355919.996715085
 97
        0
 75
     1
 76
     1
 52
-6.749243318334468
 41
1.000008426672752
 77
     0
 78
     1
 53
38.25075668166554
 43
353780.7714598124
 44
355922.4633554527
 45
-0.0773886922001618
 46
0.0981644215292977
 79
     0
 47
0.0073185225511433
 98
        2
 10
353763.8278184225
 20
355920.8906337854
 10
353763.6249692892
 20
355920.1113472146
1001
GradientColor1ACI
1070
     5
1001
GradientColor2ACI
1070
     2
1001
ACAD
1010
0.0
1020
0.0
1030
0.0
  0
INSERT
  5
25E3
330
1F
100
AcDbEntity
  8
A-G-EXISTING WALL
100
AcDbBlockReference
  2
EXISTING WALL
 10
353780.7714598124
 20
355922.4633554527
 30
0.0
 41
1.000008426672752
 42
1.000008426672752
 43
1.000008426672752
 50
353.2507566816655
  0
MTEXT
  5
25E4
102
{ACAD_XDICTIONARY
360
25E5
102
}
330
1F
100
AcDbEntity
  8
A-P-TEXT
100
AcDbMText
 10
353762.0427394283
 20
355919.4120423377
 30
0.0
 40
0.250002106668188
 41
6.819826326859315
 46
0.0
 71
     3
 72
     5
  1
\pxqc;{\fCambria Math|b0|i0|c0|p18;EXISTING WALL}
 11
0.9930700091361247
 21
-0.1175242824031574
 31
0.0
 73
     1
 44
1.0
101
Embedded Object
 70
     3
 10
0.9930700091361247
 20
-0.1175242824031574
 30
0.0
 11
353762.0427394283
 21
355919.4120423377
 31
0.0
 40
6.819826326859315
 41
0.0
 42
2.567545169351853
 43
0.2528985829221279
 71
     2
 72
     1
 44
6.819826326859315
 45
1.000008426672752
 73
     0
 74
     0
 46
0.0
  0
LEADER
  5
25E6
330
1F
100
AcDbEntity
  8
A-P-TEXT
100
AcDbLeader
  3
FC 1-100 (m)
 76
     3
 10
353756.7211605668
 20
355920.9498544099
 30
0.0
 10
353757.0772026125
 20
355919.6115200674
 30
0.0
 10
353758.9731041329
 20
355919.3871507242
 30
0.0
211
-0.9930700091361247
221
0.1175242824031574
231
0.0
1001
ACAD
1000
DSTYLE
1002
{
1070
    41
1040
0.5
1002
}
  0
LINE
  5
25E7
330
1F
100
AcDbEntity
  8
S-S-BEARING WALL UNDER THE GROUND
100
AcDbLine
 10
353764.5382325618
 20
355919.6095976175
 30
0.0
 11
353767.4417365074
 21
355922.9823186367
 31
0.0
  0
LINE
  5
25E8
330
1F
100
AcDbEntity
  8
S-S-BEARING WALL UNDER THE GROUND
100
AcDbLine
 10
353764.235087664
 20
355919.8705686263
 30
0.0
 11
353767.2774247573
 21
355923.404558748
 31
0.0
  0
LINE
  5
25E9
330
1F
100
AcDbEntity
  8
S-S-BEARING WALL UNDER THE GROUND
100
AcDbLine
 10
353751.6737135363
 20
355924.8483759797
 30
0.0
 11
353754.3562090963
 21
355921.0391347364
 31
0.0
  0
LINE
  5
25EA
330
1F
100
AcDbEntity
  8
S-S-BEARING WALL UNDER THE GROUND
100
AcDbLine
 10
353752.0007613245
 20
355925.0786854254
 30
0.0
 11
353754.6229830716
 21
355921.3550351881
 31
0.0
  0
HATCH
  5
25EB
330
1F
100
AcDbEntity
  8
S-S-COLUMN HATCH
100
AcDbHatch
 10
0.0
 20
0.0
 30
0.0
210
0.0
220
0.0
230
1.0
  2
SOLID
 70
     1
 71
     0
 91
        1
 92
        1
 93
        1
 72
     2
 10
353752.0073928784
 20
355925.2101304004
 40
0.4000033706691012
 50
-6.749243318334468
 51
353.2507566816655
 73
     1
 97
        0
 75
     1
 76
     1
 98
        1
 10
141574.9128004867
 20
142655.7903688823
450
        0
451
        0
460
0.0
461
0.0
452
        0
462
0.0
453
        0
470

1001
GradientColor1ACI
1070
     5
1001
GradientColor2ACI
1070
     2
1001
ACAD
1010
0.0
1020
0.0
1030
0.0
  0
CIRCLE
  5
25EC
330
1F
100
AcDbEntity
  8
S-S-COLUMN
100
AcDbCircle
 10
353752.0073928784
 20
355925.2101304004
 30
0.0
 40
0.4000033706691008
  0
HATCH
  5
25ED
330
1F
100
AcDbEntity
  8
S-S-COLUMN HATCH
100
AcDbHatch
 10
0.0
 20
0.0
 30
0.0
210
0.0
220
0.0
230
1.0
  2
SOLID
 70
     1
 71
     0
 91
        1
 92
        1
 93
        1
 72
     2
 10
353764.9168636028
 20
355923.6875633782
 40
0.4000033706691012
 50
-6.749243318334468
 51
353.2507566816655
 73
     1
 97
        0
 75
     1
 76
     1
 98
        1
 10
141587.8222712112
 20
142654.26780186
450
        0
451
        0
460
0.0
461
0.0
452
        0
462
0.0
453
        0
470

1001
GradientColor1ACI
1070
     5
1001
GradientColor2ACI
1070
     2
1001
ACAD
1010
0.0
1020
0.0
1030
0.0
  0
CIRCLE
  5
25EE
330
1F
100
AcDbEntity
  8
S-S-COLUMN
100
AcDbCircle
 10
353756.7153636685
 20
355965.0850414193
 30
0.0
 40
0.4500037920027385
  0
CIRCLE
  5
25EF
330
1F
100
AcDbEntity
  8
S-S-COLUMN
100
AcDbCircle
 10
353764.9168636028
 20
355923.6875633782
 30
0.0
 40
0.4000033706691008
  0
HATCH
  5
25F0
330
1F
100
AcDbEntity
  8
S-S-COLUMN HATCH
100
AcDbHatch
 10
0.0
 20
0.0
 30
0.0
210
0.0
220
0.0
230
1.0
  2
SOLID
 70
     1
 71
     0
 91
        1
 92
        1
 93
        1
 72
     2
 10
353749.8726931417
 20
355935.5319729049
 40
0.4500037920027413
 50
-6.749243318334468
 51
353.2507566816655
 73
     1
 97
        0
 75
     1
 76
     1
 98
        1
 10
141572.7781007501
 20
142666.1122113868
450
        0
451
        0
460
0.0
461
0.0
452
        0
462
0.0
453
        0
470

1001
GradientColor1ACI
1070
     5
1001
GradientColor2ACI
1070
     2
1001
ACAD
1010
0.0
1020
0.0
1030
0.0
  0
CIRCLE
  5
25F1
330
1F
100
AcDbEntity
  8
S-S-COLUMN
100
AcDbCircle
 10
353749.8726931417
 20
355935.5319729049
 30
0.0
 40
0.4500037920027385
  0
HATCH
  5
25F2
330
1F
100
AcDbEntity
  8
S-S-COLUMN HATCH
100
AcDbHatch
 10
0.0
 20
0.0
 30
0.0
210
0.0
220
0.0
230
1.0
  2
SOLID
 70
     1
 71
     0
 91
        1
 92
        1
 93
        1
 72
     2
 10
353745.3627286145
 20
355957.3686252909
 40
0.4500037920027413
 50
-6.749243318334468
 51
353.2507566816655
 73
     1
 97
        0
 75
     1
 76
     1
 98
        1
 10
141568.268136223
 20
142687.9488637729
450
        0
451
        0
460
0.0
461
0.0
452
        0
462
0.0
453
        0
470

1001
GradientColor1ACI
1070
     5
1001
GradientColor2ACI
1070
     2
1001
ACAD
1010
0.0
1020
0.0
1030
0.0
  0
CIRCLE
  5
25F3
330
1F
100
AcDbEntity
  8
S-S-COLUMN
100
AcDbCircle
 10
353745.3627286145
 20
355957.3686252909
 30
0.0
 40
0.4500037920027385
  0
HATCH
  5
25F4
330
1F
100
AcDbEntity
  8
S-S-COLUMN HATCH
100
AcDbHatch
 10
0.0
 20
0.0
 30
0.0
210
0.0
220
0.0
230
1.0
  2
SOLID
 70
     1
 71
     0
 91
        1
 92
        1
 93
        1
 72
     2
 10
353743.4314694797
 20
355966.6960134464
 40
0.4500037920027413
 50
-6.749243318334468
 51
353.2507566816655
 73
     1
 97
        0
 75
     1
 76
     1
 98
        1
 10
141566.3368770882
 20
142697.2762519283
450
        0
451
        0
460
0.0
461
0.0
452
        0
462
0.0
453
        0
470

1001
GradientColor1ACI
1070
     5
1001
GradientColor2ACI
1070
     2
1001
ACAD
1010
0.0
1020
0.0
1030
0.0
  0
CIRCLE
  5
25F5
330
1F
100
AcDbEntity
  8
S-S-COLUMN
100
AcDbCircle
 10
353743.4314694797
 20
355966.6960134464
 30
0.0
 40
0.4500037920027385
  0
HATCH
  5
25F6
330
1F
100
AcDbEntity
  8
S-S-COLUMN HATCH
100
AcDbHatch
 10
0.0
 20
0.0
 30
0.0
210
0.0
220
0.0
230
1.0
  2
SOLID
 70
     1
 71
     0
 91
        1
 92
        1
 93
        1
 72
     2
 10
353756.7153636685
 20
355965.0850414193
 40
0.4500037920027413
 50
-6.749243318334468
 51
353.2507566816655
 73
     1
 97
        0
 75
     1
 76
     1
 98
        1
 10
141579.620771277
 20
142695.6652799012
450
        0
451
        0
460
0.0
461
0.0
452
        0
462
0.0
453
        0
470

1001
GradientColor1ACI
1070
     5
1001
GradientColor2ACI
1070
     2
1001
ACAD
1010
0.0
1020
0.0
1030
0.0
  0
HATCH
  5
25F7
330
1F
100
AcDbEntity
  8
S-S-COLUMN HATCH
100
AcDbHatch
 10
0.0
 20
0.0
 30
0.0
210
0.0
220
0.0
230
1.0
  2
SOLID
 70
     1
 71
     0
 91
        1
 92
        1
 93
        1
 72
     2
 10
353758.5110089815
 20
355980.2580888188
 40
0.4000033706691012
 50
-6.749243318334468
 51
353.2507566816655
 73
     1
 97
        0
 75
     1
 76
     1
 98
        1
 10
141581.41641659
 20
142710.8383273007
450
        0
451
        0
460
0.0
461
0.0
452
        0
462
0.0
453
        0
470

1001
GradientColor1ACI
1070
     5
1001
GradientColor2ACI
1070
     2
1001
ACAD
1010
0.0
1020
0.0
1030
0.0
  0
CIRCLE
  5
25F8
330
1F
100
AcDbEntity
  8
S-S-COLUMN
100
AcDbCircle
 10
353758.5110089815
 20
355980.2580888188
 30
0.0
 40
0.4000033706691008
  0
LINE
  5
25F9
330
1F
100
AcDbEntity
  8
S-S-BEARING WALL
100
AcDbLine
 10
353764.1667580872
 20
355926.7936495746
 30
0.0
 11
353763.7305867509
 21
355928.2119162889
 31
0.0
  0
LINE
  5
25FA
330
1F
100
AcDbEntity
  8
S-S-BEARING WALL UNDER THE GROUND
100
AcDbLine
 10
353778.7284604835
 20
355926.8829295174
 30
0.0
 11
353783.3462749385
 21
355926.336436999
 31
0.0
  0
LINE
  5
25FB
330
1F
100
AcDbEntity
  8
S-S-BEARING WALL UNDER THE GROUND
100
AcDbLine
 10
353778.3782392417
 20
355927.3271709773
 30
0.0
 11
353782.9960536966
 21
355926.780678459
 31
0.0
  0
LINE
  5
25FC
330
1F
100
AcDbEntity
  8
S-S-BEARING WALL
100
AcDbLine
 10
353783.957406395
 20
355931.5004448853
 30
0.0
 11
353783.3462749385
 21
355926.336436999
 31
0.0
  0
LINE
  5
25FD
330
1F
100
AcDbEntity
  8
S-S-BEARING WALL
100
AcDbLine
 10
353783.6071851532
 20
355931.9446863453
 30
0.0
 11
353782.9960536966
 21
355926.780678459
 31
0.0
  0
HATCH
  5
25FE
330
1F
100
AcDbEntity
  8
S-S-COLUMN HATCH
100
AcDbHatch
 10
0.0
 20
0.0
 30
0.0
210
0.0
220
0.0
230
1.0
  2
SOLID
 70
     1
 71
     0
 91
        1
 92
        1
 93
        4
 72
     1
 10
353788.4879547736
 20
355927.2384285252
 11
353788.5819749917
 21
355928.0328912271
 72
     1
 10
353788.5819749918
 20
355928.0328912271
 11
353788.1847436408
 21
355928.0799013362
 72
     1
 10
353788.1847436408
 20
355928.0799013362
 11
353788.0907234226
 21
355927.2854386344
 72
     1
 10
353788.0907234226
 20
355927.2854386343
 11
353788.4879547736
 21
355927.2384285252
 97
        0
 75
     1
 76
     1
 98
        1
 10
353788.283947272
 20
355927.5575937841
450
        0
451
        0
460
0.0
461
0.0
452
        0
462
1.0
453
        2
463
0.0
 63
     5
421
      255
463
1.0
 63
     2
421
 16776960
470
LINEAR
1001
GradientColor1ACI
1070
     5
1001
GradientColor2ACI
1070
     2
1001
ACAD
1010
0.0
1020
0.0
1030
0.0
  0
LWPOLYLINE
  5
25FF
330
1F
100
AcDbEntity
  8
S-S-COLUMN
100
AcDbPolyline
 90
        4
 70
     1
 43
0.0
 10
353788.4879547736
 20
355927.2384285252
 10
353788.5819749918
 20
355928.0328912271
 10
353788.1847436408
 20
355928.0799013362
 10
353788.0907234226
 20
355927.2854386343
  0
HATCH
  5
2600
330
1F
100
AcDbEntity
  8
S-S-COLUMN HATCH
100
AcDbHatch
 10
0.0
 20
0.0
 30
0.0
210
0.0
220
0.0
230
1.0
  2
SOLID
 70
     1
 71
     0
 91
        1
 92
        1
 93
        1
 72
     2
 10
353762.810653053
 20
355934.0030448922
 40
0.4000033706691012
 50
-6.749243318334468
 51
353.2507566816655
 73
     1
 97
        0
 75
     1
 76
     1
 98
        1
 10
141585.7160606615
 20
142664.583283374
450
        0
451
        0
460
0.0
461
0.0
452
        0
462
0.0
453
        0
470

1001
GradientColor1ACI
1070
     5
1001
GradientColor2ACI
1070
     2
1001
ACAD
1010
0.0
1020
0.0
1030
0.0
  0
CIRCLE
  5
2601
330
1F
100
AcDbEntity
  8
S-S-COLUMN
100
AcDbCircle
 10
353762.810653053
 20
355934.0030448922
 30
0.0
 40
0.4000033706691008
  0
HATCH
  5
2602
330
1F
100
AcDbEntity
  8
S-S-COLUMN HATCH
100
AcDbHatch
 10
0.0
 20
0.0
 30
0.0
210
0.0
220
0.0
230
1.0
  2
SOLID
 70
     1
 71
     0
 91
        1
 92
        1
 93
        1
 72
     2
 10
353768.9122689772
 20
355933.2809527673
 40
0.4000033706691012
 50
-6.749243318334468
 51
353.2507566816655
 73
     1
 97
        0
 75
     1
 76
     1
 98
        1
 10
141591.8176765857
 20
142663.8611912492
450
        0
451
        0
460
0.0
461
0.0
452
        0
462
0.0
453
        0
470

1001
GradientColor1ACI
1070
     5
1001
GradientColor2ACI
1070
     2
1001
ACAD
1010
0.0
1020
0.0
1030
0.0
  0
CIRCLE
  5
2603
330
1F
100
AcDbEntity
  8
S-S-COLUMN
100
AcDbCircle
 10
353768.9122689772
 20
355933.2809527673
 30
0.0
 40
0.4000033706691008
  0
HATCH
  5
2604
330
1F
100
AcDbEntity
  8
S-S-COLUMN HATCH
100
AcDbHatch
 10
0.0
 20
0.0
 30
0.0
210
0.0
220
0.0
230
1.0
  2
SOLID
 70
     1
 71
     0
 91
        1
 92
        1
 93
        4
 72
     1
 10
353780.3444228448
 20
355932.0287199684
 11
353778.3582660899
 21
355932.263770514
 72
     1
 10
353778.35826609
 20
355932.263770514
 11
353778.2995034536
 21
355931.7672313253
 72
     1
 10
353778.2995034536
 20
355931.7672313254
 11
353780.2856602084
 21
355931.5321807799
 72
     1
 10
353780.2856602084
 20
355931.5321807799
 11
353780.3444228448
 21
355932.0287199685
 97
        0
 75
     1
 76
     1
 98
        1
 10
353780.0374506359
 20
355931.7225708041
450
        0
451
        0
460
0.0
461
0.0
452
        0
462
1.0
453
        2
463
0.0
 63
     5
421
      255
463
1.0
 63
     2
421
 16776960
470
LINEAR
1001
GradientColor1ACI
1070
     5
1001
GradientColor2ACI
1070
     2
1001
ACAD
1010
0.0
1020
0.0
1030
0.0
  0
LWPOLYLINE
  5
2605
330
1F
100
AcDbEntity
  8
S-S-COLUMN
100
AcDbPolyline
 90
        5
 70
     0
 43
0.0
 10
353780.3444228448
 20
355932.0287199684
 10
353778.35826609
 20
355932.263770514
 10
353778.2995034536
 20
355931.7672313252
 10
353780.2856602083
 20
355931.5321807797
 10
353780.3444228448
 20
355932.0287199684
  0
LINE
  5
2606
330
1F
100
AcDbEntity
  8
S-S-BEARING WALL
100
AcDbLine
 10
353769.5501277268
 20
355930.587299977
 30
0.0
 11
353769.84805124
 21
355930.5520423952
 31
0.0
  0
LWPOLYLINE
  5
2607
330
1F
100
AcDbEntity
  8
S-S-BEARING WALL
100
AcDbPolyline
 90
        5
 70
     0
 43
0.0
 10
353763.4252191881
 20
355928.1842722964
 10
353764.0958388469
 20
355933.8509503402
 10
353764.8903015488
 20
355933.756930122
 10
353764.8432914397
 20
355933.359698771
 10
353764.346752251
 20
355933.4184614074
  0
LINE
  5
2608
330
1F
100
AcDbEntity
  8
S-S-BEARING WALL
100
AcDbLine
 10
353763.9374492485
 20
355926.5186909426
 30
0.0
 11
353763.4252191881
 21
355928.1842722964
 31
0.0
  0
DIMENSION
  5
2609
330
1F
100
AcDbEntity
  8
A-G-DIMENSION
100
AcDbDimension
280
     0
  2
*D4
 10
353794.1169652956
 20
355923.0981620055
 30
0.0
 11
353793.8185054472
 21
355921.7003493708
 31
0.0
 70
    32
 71
     5
 42
2.846404171083122
 73
     0
 74
     0
 75
     0
  3
FC 1-200 (m)
100
AcDbAlignedDimension
 13
353793.7074741404
 23
355920.2803556161
 33
0.0
 14
353794.0419957481
 24
355923.1070342323
 34
0.0
 50
83.25075668167635
100
AcDbRotatedDimension
  0
DIMENSION
  5
260A
330
1F
100
AcDbEntity
  8
A-G-DIMENSION
100
AcDbDimension
280
     0
  2
*D5
 10
353794.933765943
 20
355930.0000567438
 30
0.0
 11
353794.3941665747
 21
355926.564636048
 31
0.0
 70
    32
 71
     5
 42
6.950058580783661
 73
     0
 74
     0
 75
     0
  3
FC 1-200 (m)
100
AcDbAlignedDimension
 13
353794.0419957481
 23
355923.1070342323
 33
0.0
 14
353794.9337659429
 24
355930.0000567439
 34
0.0
 50
83.25075668167635
100
AcDbRotatedDimension
  0
DIMENSION
  5
260B
330
1F
100
AcDbEntity
  8
A-G-DIMENSION
100
AcDbDimension
280
     0
  2
*D6
 10
353794.9807760521
 20
355930.3972880954
 30
0.0
 11
353794.826071953
 21
355930.214199093
 31
0.0
 70
    32
 71
     5
 42
0.4000033713527956
 73
     0
 74
     0
 75
     0
  3
FC 1-200 (m)
100
AcDbAlignedDimension
 13
353794.9337659429
 23
355930.0000567439
 33
0.0
 14
353794.9807760519
 24
355930.3972880955
 34
0.0
 50
83.25075668167635
100
AcDbRotatedDimension
  0
DIMENSION
  5
260C
330
1F
100
AcDbEntity
  8
A-G-DIMENSION
100
AcDbDimension
280
     0
  2
*D7
 10
353796.3852030614
 20
355942.2645747055
 30
0.0
 11
353795.5517905122
 21
355936.3464580739
 31
0.0
 70
    32
 71
     5
 42
11.95010069874115
 73
     0
 74
     0
 75
     0
  3
FC 1-200 (m)
100
AcDbAlignedDimension
 13
353794.9807760519
 23
355930.3972880955
 33
0.0
 14
353796.3852030613
 24
355942.2645747056
 34
0.0
 50
83.25075668167635
100
AcDbRotatedDimension
  0
DIMENSION
  5
260D
330
1F
100
AcDbEntity
  8
A-G-DIMENSION
100
AcDbDimension
280
     0
  2
*D8
 10
353797.4441189612
 20
355951.2123223609
 30
0.0
 11
353796.7834619667
 21
355946.7539752065
 31
0.0
 70
    32
 71
     5
 42
9.01018817705335
 73
     0
 74
     0
 75
     0
  3
FC 1-200 (m)
100
AcDbAlignedDimension
 13
353796.3852030613
 23
355942.2645747056
 33
0.0
 14
353797.8466673997
 24
355951.1646830042
 34
0.0
 50
83.25075668167635
100
AcDbRotatedDimension
  0
DIMENSION
  5
260E
330
1F
100
AcDbEntity
  8
A-G-DIMENSION
100
AcDbDimension
280
     0
  2
*D9
 10
353798.5006579707
 20
355960.139985499
 30
0.0
 11
353797.8400009762
 21
355955.6816383447
 31
0.0
 70
    32
 71
     5
 42
9.010188177111558
 73
     0
 74
     0
 75
     0
  3
FC 1-200 (m)
100
AcDbAlignedDimension
 13
353797.8442905094
 23
355951.144598487
 33
0.0
 14
353798.5006579706
 24
355960.1399854991
 34
0.0
 50
83.25075668167635
100
AcDbRotatedDimension
  0
DIMENSION
  5
260F
330
1F
100
AcDbEntity
  8
A-G-DIMENSION
100
AcDbDimension
280
     0
  2
*D10
 10
353799.0236454344
 20
355964.5591842784
 30
0.0
 11
353798.6313590986
 21
355962.3650634622
 31
0.0
 70
    32
 71
     5
 42
4.45003749866737
 73
     0
 74
     0
 75
     0
  3
FC 1-200 (m)
100
AcDbAlignedDimension
 13
353798.5006579706
 23
355960.1399854991
 33
0.0
 14
353799.0236454343
 24
355964.5591842785
 34
0.0
 50
83.25075668167635
100
AcDbRotatedDimension
  0
DIMENSION
  5
2610
330
1F
100
AcDbEntity
  8
A-G-DIMENSION
100
AcDbDimension
280
     0
  2
*D11
 10
353799.5525091619
 20
355969.0280369768
 30
0.0
 11
353799.1572846942
 21
355966.8090892009
 31
0.0
 70
    32
 71
     5
 42
4.500037919962778
 73
     0
 74
     0
 75
     0
  3
FC 1-200 (m)
100
AcDbAlignedDimension
 13
353799.0236454343
 23
355964.5591842785
 33
0.0
 14
353799.5525091616
 24
355969.0280369768
 34
0.0
 50
83.25075668167635
100
AcDbRotatedDimension
  0
DIMENSION
  5
2611
330
1F
100
AcDbEntity
  8
A-G-DIMENSION
100
AcDbDimension
280
     0
  2
*D12
 10
353799.71116828
 20
355970.3686927863
 30
0.0
 11
353799.5005719361
 21
355969.7138995716
 31
0.0
 70
    32
 71
     5
 42
1.350011376081965
 73
     0
 74
     0
 75
     0
  3
FC 1-200 (m)
100
AcDbAlignedDimension
 13
353799.5525091616
 23
355969.0280369768
 33
0.0
 14
353799.7111682798
 24
355970.3686927864
 34
0.0
 50
83.25075668167635
100
AcDbRotatedDimension
  0
DIMENSION
  5
2612
330
1F
100
AcDbEntity
  8
A-G-DIMENSION
100
AcDbDimension
280
     0
  2
*D13
 10
353800.4515774981
 20
355976.6250865639
 30
0.0
 11
353799.9501061043
 21
355973.5124243651
 31
0.0
 70
    32
 71
     5
 42
6.300053087994456
 73
     0
 74
     0
 75
     0
  3
FC 1-200 (m)
100
AcDbAlignedDimension
 13
353799.7111682798
 23
355970.3686927864
 33
0.0
 14
353800.4515774981
 24
355976.6250865641
 34
0.0
 50
83.25075668167635
100
AcDbRotatedDimension
  0
POINT
  5
3A27
330
1F
100
AcDbEntity
  8
0
 62
    31
420
 16698470
100
AcDbPoint
 10
353756.714
 20
355965.0830000001
 30
0.0
  0
POINT
  5
3A28
330
1F
100
AcDbEntity
  8
0
 62
    31
420
 16698470
100
AcDbPoint
 10
353777.5870000001
 20
355972.986
 30
0.0
  0
POINT
  5
3AA1
330
1F
100
AcDbEntity
  8
0
 62
    31
420
 16698470
100
AcDbPoint
 10
353796.8972
 20
355958.5625
 30
1119.9681
  0
POINT
  5
3AA2
330
1F
100
AcDbEntity
  8
0
 62
    31
420
 16698470
100
AcDbPoint
 10
353796.1941000001
 20
355958.6901
 30
1119.8822
  0
POINT
  5
3AA4
330
1F
100
AcDbEntity
  8
0
 62
    31
420
 16698470
100
AcDbPoint
 10
353796.9153000001
 20
355957.2987
 30
1119.7378
  0
POINT
  5
3AA5
330
1F
100
AcDbEntity
  8
0
 62
    31
420
 16698470
100
AcDbPoint
 10
353796.2582
 20
355957.3964000001
 30
1119.6881
  0
POINT
  5
3AA6
330
1F
100
AcDbEntity
  8
0
 62
    31
420
 16698470
100
AcDbPoint
 10
353797.2063
 20
355955.5637000001
 30
1119.6929
  0
POINT
  5
3AA7
330
1F
100
AcDbEntity
  8
0
 62
    31
420
 16698470
100
AcDbPoint
 10
353796.4726
 20
355955.5029000001
 30
1119.6368
  0
POINT
  5
3AA8
330
1F
100
AcDbEntity
  8
0
 62
    31
420
 16698470
100
AcDbPoint
 10
353797.6396
 20
355943.6008
 30
1119.986
  0
POINT
  5
3AA9
330
1F
100
AcDbEntity
  8
0
 62
    31
420
 16698470
100
AcDbPoint
 10
353787.8349
 20
355943.2923
 30
1119.8056
  0
POINT
  5
3AAA
330
1F
100
AcDbEntity
  8
0
 62
    31
420
 16698470
100
AcDbPoint
 10
353787.6694000001
 20
355944.2054
 30
1119.8094
  0
POINT
  5
3AAB
330
1F
100
AcDbEntity
  8
0
 62
    31
420
 16698470
100
AcDbPoint
 10
353790.2617
 20
355953.6806
 30
1116.9568
  0
POINT
  5
3AAC
330
1F
100
AcDbEntity
  8
0
 62
    31
420
 16698470
100
AcDbPoint
 10
353790.1917000001
 20
355952.5597
 30
1117.0288
  0
POINT
  5
3AAD
330
1F
100
AcDbEntity
  8
0
 62
    31
420
 16698470
100
AcDbPoint
 10
353795.141
 20
355952.4722000001
 30
1116.8131
  0
POINT
  5
3AAE
330
1F
100
AcDbEntity
  8
0
 62
    31
420
 16698470
100
AcDbPoint
 10
353795.3949000001
 20
355953.8418000001
 30
1116.8538
  0
LWPOLYLINE
  5
3AAF
330
1F
100
AcDbEntity
  8
0
  6
DRAIN_PIPE
 62
     2
100
AcDbPolyline
 90
        4
 70
     1
 43
0.0
 38
1119.7378
 10
353796.9153000001
 20
355957.2987
 10
353796.2582
 20
355957.3964000001
 10
353796.1941000001
 20
355958.6901
 10
353796.8972
 20
355958.5625
  0
LWPOLYLINE
  5
3AB1
330
1F
100
AcDbEntity
  8
0
  6
DRAIN_PIPE
 62
     2
100
AcDbPolyline
 90
        4
 70
     1
 43
0.0
 38
1116.8538
 10
353795.3949000001
 20
355953.8418000001
 10
353790.2617
 20
355953.6806
 10
353790.1917000001
 20
355952.5597
 10
353795.141
 20
355952.4722000001
  0
LWPOLYLINE
  5
3AB3
330
1F
100
AcDbEntity
  8
0
  6
DRAIN_PIPE
 62
     2
100
AcDbPolyline
 90
        8
 70
     0
 43
0.0
 38
1119.8094
 10
353788.3778569888
 20
355944.3338083141
 10
353788.4326570222
 20
355944.031464444
 10
353796.8938861903
 20
355944.2976928038
 10
353796.4879838873
 20
355955.5041748268
 10
353797.2063
 20
355955.5637000001
 10
353797.6396
 20
355943.6008
 10
353787.8349
 20
355943.2923
 10
353787.6694000001
 20
355944.2054
  0
LWPOLYLINE
  5
3AB6
330
1F
100
AcDbEntity
  8
0
  6
DRAIN_PIPE
 62
     2
100
AcDbPolyline
 90
        2
 70
     0
 43
0.0
 38
1119.8094
 10
353788.3778569888
 20
355944.3338083141
 10
353787.6694000001
 20
355944.2054
  0
DIMENSION
  5
3ADE
102
{ACAD_XDICTIONARY
360
3AE9
102
}
102
{ACAD_REACTORS
330
3AF1
102
}
330
1F
100
AcDbEntity
  8
0
  6
DRAIN_PIPE
 62
     2
100
AcDbDimension
280
     0
  2
*D14
 10
353796.5877063663
 20
355977.8118297938
 30
0.0
 11
353797.725382234
 21
355977.8525218469
 31
0.0
 70
    33
 71
     5
 42
2.250018959981389
 73
     0
 74
     0
 75
     0
  3
FC 1-100 (m)
100
AcDbAlignedDimension
 13
353798.7605007791
 23
355977.0266134047
 33
0.0
 14
353796.5260744299
 24
355977.2910452684
 34
0.0
  0
LWPOLYLINE
  5
3B64
330
1F
100
AcDbEntity
  8
0
 62
     2
100
AcDbPolyline
 90
        5
 70
     1
 43
0.0
 10
353802.0982885646
 20
355927.2892499089
 10
353800.1022728132
 20
355927.5254672114
 10
353799.8084596313
 20
355925.0427712679
 10
353801.893924224
 20
355924.7959681953
 10
353802.1877374058
 20
355927.2786641387
  0
LWPOLYLINE
  5
3B65
330
1F
100
AcDbEntity
  8
0
 62
     2
100
AcDbPolyline
 90
        4
 70
     1
 43
0.0
 10
353795.7823818714
 20
355928.0367021479
 10
353797.867846464
 20
355927.7898990751
 10
353797.5740332822
 20
355925.3072031316
 10
353795.4885686896
 20
355925.5540062043
  0
LWPOLYLINE
  5
3B66
330
1F
100
AcDbEntity
  8
0
 62
     2
100
AcDbPolyline
 90
        4
 70
     1
 43
0.0
 10
353802.850867142
 20
355927.3512344679
 10
353799.0771693078
 20
355927.7978305042
 10
353799.523765344
 20
355931.5715283385
 10
353803.2974631784
 20
355931.1249323021
  0
LWPOLYLINE
  5
3B68
330
1F
100
AcDbEntity
  8
0
 62
     2
100
AcDbPolyline
 90
        4
 70
     1
 43
0.0
 10
353793.5024119347
 20
355925.7890567498
 10
353791.4169473422
 20
355926.0358598225
 10
353791.7166367876
 20
355928.5682096849
 10
353793.8021013803
 20
355928.3214066122
  0
LWPOLYLINE
  5
3B69
330
1F
100
AcDbEntity
  8
0
 62
     2
100
AcDbPolyline
 90
        5
 70
     1
 43
0.0
 10
353758.7807342537
 20
355982.0097419179
 10
353761.8970203764
 20
355981.6409468814
 10
353760.6982625945
 20
355971.5115474318
 10
353751.7109032787
 20
355972.57515115
 10
353752.2923513755
 20
355977.4883372163
  0
DIMENSION
  5
3B80
102
{ACAD_XDICTIONARY
360
3B8D
102
}
102
{ACAD_REACTORS
330
3B97
102
}
330
1F
100
AcDbEntity
  8
0
 62
     2
100
AcDbDimension
280
     0
  2
*D15
 10
353764.3698567303
 20
355946.3331427511
 30
0.0
 11
353764.1675674271
 21
355946.10533585
 31
0.0
 70
    33
 71
     5
 42
0.5000042132451199
 73
     0
 74
     0
 75
     0
  3
FC 1-100 (m)
100
AcDbAlignedDimension
 13
353764.4549233191
 23
355945.819582178
 33
0.0
 14
353764.5136859554
 24
355946.3161213666
 34
0.0
  0
LWPOLYLINE
  5
3B98
330
1F
100
AcDbEntity
  8
0
 62
     2
100
AcDbPolyline
 90
       11
 70
     0
 43
0.0
 10
353778.8752997431
 20
355913.7117996955
 10
353779.0820881802
 20
355916.1072209126
 10
353764.9503780114
 20
355917.7796297876
 10
353764.633059775
 20
355915.0983181686
 10
353766.4160534041
 20
355914.887310843
 10
353764.9831802631
 20
355913.2228800547
 10
353766.4989047523
 20
355911.9180250106
 10
353768.811092837
 20
355914.603871319
 10
353778.840406887
 20
355913.4169580843
 10
353778.875299743
 20
355913.7117996955
 10
353778.8752997431
 20
355913.7117996955
  0
LWPOLYLINE
  5
3B9F
330
1F
100
AcDbEntity
  8
0
 62
     2
100
AcDbPolyline
 90
       26
 70
     0
 43
0.0
 10
353777.7194039605
 20
355921.1119930744
 10
353790.186346924
 20
355919.6366000889
 10
353790.4061101524
 20
355919.5954377436
 10
353790.6195413816
 20
355921.8505339766
 10
353791.4187132744
 20
355928.6034672668
 10
353794.1993327313
 20
355928.2743965031
 10
353794.722320195
 20
355932.6935952825
 10
353793.530626142
 20
355932.8346256098
 10
353794.3180454694
 20
355939.4882507386
 10
353795.2497174007
 20
355939.2772938916
 10
353795.9783740917
 20
355945.4343798316
 10
353795.0349496332
 20
355945.5460288407
 10
353795.3757729241
 20
355948.4259561351
 10
353796.3074448554
 20
355948.2149992883
 10
353790.4979363475
 20
355948.9025221338
 10
353790.1688655838
 20
355946.1219026771
 10
353789.8212881517
 20
355946.1630365226
 10
353789.0926314606
 20
355940.0059505826
 10
353789.4402088929
 20
355939.9648167371
 10
353788.6645420928
 20
355933.4104994462
 10
353776.5489858883
 20
355934.8443077738
 10
353775.6616700408
 20
355927.3465657005
 10
353777.7471346334
 20
355927.0997626278
 10
353777.3303453713
 20
355923.5779294552
 10
353777.7194039605
 20
355921.1119930744
 10
353777.7194039605
 20
355921.1119930744
  0
VIEWPORT
  5
64
330
1B
100
AcDbEntity
 67
     1
  8
0
100
AcDbViewport
 10
1297.583408117607
 20
149.8838698996818
 30
0.0
 40
6034.072640663988
 41
2152.815660075723
 68
     1
 69
     1
 12
1297.583408117607
 22
149.8838698996818
 13
0.0
 23
0.0
 14
0.5
 24
0.5
 15
0.5
 25
0.5
 16
0.0
 26
0.0
 36
1.0
 17
0.0
 27
0.0
 37
0.0
 42
50.0
 43
0.0
 44
0.0
 45
2152.815660075723
 50
0.0
 51
0.0
 72
  1000
 90
   557152
  1

281
     0
 71
     1
 74
     0
110
0.0
120
0.0
130
0.0
111
1.0
121
0.0
131
0.0
112
0.0
122
1.0
132
0.0
 79
     0
146
0.0
170
     0
 61
     5
348
116C
292
     1
282
     1
141
0.0
142
0.0
 63
   250
421
  3355443
  0
MTEXT
  5
6DC
102
{ACAD_XDICTIONARY
360
6DD
102
}
330
1B
100
AcDbEntity
 67
     1
  8
Title Block
 62
     0
100
AcDbMText
 10
-1.199999999999988
 20
0.0
 30
0.0
 40
4.0
 41
63.5284923579818
 46
0.0
 71
     7
 72
     5
  1
----
  7
Roman
 11
0.0000000000000001
 21
1.0
 31
0.0
 73
     1
 44
1.0
  0
MTEXT
  5
6E1
102
{ACAD_XDICTIONARY
360
6E2
102
}
330
1B
100
AcDbEntity
 67
     1
  8
Title Block
 62
     0
100
AcDbMText
 10
-1.200000000000002
 20
72.0
 30
0.0
 40
4.0
 41
54.14328891409877
 46
0.0
 71
     7
 72
     5
  1
14.10.2003
  7
Roman
 11
0.0000000000000001
 21
1.0
 31
0.0
 73
     1
 44
1.0
  0
MTEXT
  5
6E6
102
{ACAD_XDICTIONARY
360
6E7
102
}
330
1B
100
AcDbEntity
 67
     1
  8
Title Block
 62
     0
100
AcDbMText
 10
-1.200000000000002
 20
144.0
 30
0.0
 40
4.0
 41
186.8672394547143
 46
0.0
 71
     7
 72
     5
  1
syclopien.dxf
  7
Roman
 11
0.0000000000000001
 21
1.0
 31
0.0
 73
     1
 44
1.0
  0
INSERT
  5
C18
330
1B
100
AcDbEntity
 67
     1
  8
Title Block
100
AcDbBlockReference
 66
     1
  2
Title Block
 10
0.0
 20
0.0
 30
0.0
  0
ATTRIB
  5
C1A
102
{ACAD_XDICTIONARY
360
C1B
102
}
330
C18
100
AcDbEntity
 67
     1
  8
Title Block
 62
     0
100
AcDbText
 10
690.7951144351782
 20
107.2583813769445
 30
0.0
 40
4.0
  1
#####
  7
Roman
 11
690.7951144351782
 21
105.9250480436112
 31
0.0
100
AcDbAttribute
280
     0
  2
PROJECTNAME
 70
     0
 74
     1
280
     0
  0
ATTRIB
  5
C1F
102
{ACAD_XDICTIONARY
360
C20
102
}
330
C18
100
AcDbEntity
 67
     1
  8
Title Block
 62
     0
100
AcDbText
 10
690.7951144351782
 20
100.7821909007541
 30
0.0
 40
4.0
  1
#####
  7
Roman
 11
690.7951144351782
 21
99.44885756742076
 31
0.0
100
AcDbAttribute
280
     0
  2
PROJECTADDRESS1
 70
     0
 74
     1
280
     0
  0
ATTRIB
  5
C24
102
{ACAD_XDICTIONARY
360
C25
102
}
330
C18
100
AcDbEntity
 67
     1
  8
Title Block
 62
     0
100
AcDbText
 10
690.7951144351782
 20
94.3060004245636
 30
0.0
 40
4.0
  1
#####
  7
Roman
 11
690.7951144351782
 21
92.97266709123027
 31
0.0
100
AcDbAttribute
280
     0
  2
PROJECTADDRESS2
 70
     0
 74
     1
280
     0
  0
ATTRIB
  5
C29
102
{ACAD_XDICTIONARY
360
C2A
102
}
330
C18
100
AcDbEntity
 67
     1
  8
Title Block
 62
     0
100
AcDbText
 10
690.7951144351782
 20
87.82980994837313
 30
0.0
 40
4.0
  1
#####
  7
Roman
 11
690.7951144351782
 21
86.4964766150398
 31
0.0
100
AcDbAttribute
280
     0
  2
PROJECTADDRESS3
 70
     0
 74
     1
280
     0
  0
ATTRIB
  5
C2E
102
{ACAD_XDICTIONARY
360
C2F
102
}
330
C18
100
AcDbEntity
 67
     1
  8
Title Block
 62
     0
100
AcDbText
 10
701.0
 20
56.5
 30
0.0
 40
4.0
  1
#####
  7
Roman
 72
     1
 11
711.0
 21
58.5
 31
0.0
100
AcDbAttribute
280
     0
  2
PROJECTNAME
 70
     0
 74
     2
280
     0
  0
ATTRIB
  5
C33
102
{ACAD_XDICTIONARY
360
C34
102
}
330
C18
100
AcDbEntity
 67
     1
  8
Title Block
 62
     0
100
AcDbText
 10
693.8571428571428
 20
44.5
 30
0.0
 40
4.0
  1
04.10.2026
  7
Roman
 72
     1
 11
711.0
 21
46.5
 31
0.0
100
AcDbAttribute
280
     0
  2
DATE
 70
     0
 74
     2
280
     0
  0
ATTRIB
  5
C38
330
C18
100
AcDbEntity
 67
     1
  8
Title Block
 62
     0
100
AcDbText
 10
697.3809523809523
 20
32.5
 30
0.0
 40
4.0
  1
As Noted
  7
Roman
 72
     1
 11
711.0
 21
34.5
 31
0.0
100
AcDbAttribute
280
     0
  2
SCALE
 70
     0
 74
     2
280
     0
  0
ATTRIB
  5
C39
102
{ACAD_XDICTIONARY
360
C3A
102
}
330
C18
100
AcDbEntity
 67
     1
  8
Title Block
 62
     0
100
AcDbText
 10
745.5
 20
43.0
 30
0.0
 40
10.0
  1
##
 41
0.75
  7
Roman
 72
     1
 11
753.0
 21
48.0
 31
0.0
100
AcDbAttribute
280
     0
  2
SHEETNO
 70
     0
 74
     2
280
     0
  0
SEQEND
  5
C19
330
C18
100
AcDbEntity
 67
     1
  8
Title Block
  0
ENDSEC
  0
SECTION
  2
OBJECTS
  0
DICTIONARY
  5
C
330
0
100
AcDbDictionary
281
     1
  3
ACAD_CIP_PREVIOUS_PRODUCT_INFO
350
11E6
  3
ACAD_COLOR
350
19E
  3
ACAD_DETAILVIEWSTYLE
350
11EA
  3
ACAD_FIELDLIST
350
A3B
  3
ACAD_GROUP
350
D
  3
ACAD_LAST_SAVED_VERSION_INFO
350
3AC9
  3
ACAD_LAYOUT
350
1A
  3
ACAD_MATERIAL
350
19D
  3
ACAD_MLEADERSTYLE
350
11A8
  3
ACAD_MLINESTYLE
350
17
  3
ACAD_PLOTSETTINGS
350
19
  3
ACAD_PLOTSTYLENAME
350
E
  3
ACAD_RENDER_ACTIVE_RAPIDRT_SETTINGS
350
3ADC
  3
ACAD_RENDER_RAPIDRT_SETTINGS
350
3AD5
  3
ACAD_SCALELIST
350
1196
  3
ACAD_SECTIONVIEWSTYLE
350
11E8
  3
ACAD_TABLESTYLE
350
2B1
  3
ACAD_VISUALSTYLE
350
1166
  3
ACAD_WIPEOUT_VARS
350
1F3B
  3
ACDB_RECOMPOSE_DATA
350
3E87
  3
AcDbVariableDictionary
350
199
  3
AEC_PROPERTY_SET_DEFS
350
1F3A
  3
ASE_INDEX_DICTIONARY
350
F2E
  0
DICTIONARY
  5
A96
330
2
100
AcDbDictionary
280
     1
281
     1
  3
ACAD_LAYERFILTERS
360
AAB
  3
ACAD_LAYERSTATES
360
AAF
  3
ACLYDICTIONARY
360
AAA
  0
DICTIONARY
  5
3A29
330
10
100
AcDbDictionary
280
     1
281
     1
  3
ADSK_XREC_LAYER_RECONCILED
360
3A2A
  0
DICTIONARY
  5
3A2B
330
17A
100
AcDbDictionary
280
     1
281
     1
  3
ADSK_XREC_LAYER_RECONCILED
360
3A2C
  0
DICTIONARY
  5
3A2D
330
182D
100
AcDbDictionary
280
     1
281
     1
  3
ADSK_XREC_LAYER_RECONCILED
360
3A2E
  0
DICTIONARY
  5
3A2F
330
182E
100
AcDbDictionary
280
     1
281
     1
  3
ADSK_XREC_LAYER_RECONCILED
360
3A30
  0
DICTIONARY
  5
3A31
330
182F
100
AcDbDictionary
280
     1
281
     1
  3
ADSK_XREC_LAYER_RECONCILED
360
3A32
  0
DICTIONARY
  5
3A33
330
1830
100
AcDbDictionary
280
     1
281
     1
  3
ADSK_XREC_LAYER_RECONCILED
360
3A34
  0
DICTIONARY
  5
3A35
330
1831
100
AcDbDictionary
280
     1
281
     1
  3
ADSK_XREC_LAYER_RECONCILED
360
3A36
  0
DICTIONARY
  5
3A37
330
1832
100
AcDbDictionary
280
     1
281
     1
  3
ADSK_XREC_LAYER_RECONCILED
360
3A38
  0
DICTIONARY
  5
1834
330
1833
100
AcDbDictionary
280
     1
281
     1
  3
ADSK_XREC_LAYER_RECONCILED
360
3A39
  0
DICTIONARY
  5
1836
330
1835
100
AcDbDictionary
280
     1
281
     1
  3
ADSK_XREC_LAYER_RECONCILED
360
3A3A
  0
DICTIONARY
  5
1838
330
1837
100
AcDbDictionary
280
     1
281
     1
  3
ADSK_XREC_LAYER_RECONCILED
360
3A3B
  0
DICTIONARY
  5
3A3C
330
1839
100
AcDbDictionary
280
     1
281
     1
  3
ADSK_XREC_LAYER_RECONCILED
360
3A3D
  0
DICTIONARY
  5
3A3E
330
183A
100
AcDbDictionary
280
     1
281
     1
  3
ADSK_XREC_LAYER_RECONCILED
360
3A3F
  0
DICTIONARY
  5
3A40
330
183B
100
AcDbDictionary
280
     1
281
     1
  3
ADSK_XREC_LAYER_RECONCILED
360
3A41
  0
DICTIONARY
  5
3A42
330
183C
100
AcDbDictionary
280
     1
281
     1
  3
ADSK_XREC_LAYER_RECONCILED
360
3A43
  0
DICTIONARY
  5
3A44
330
183D
100
AcDbDictionary
280
     1
281
     1
  3
ADSK_XREC_LAYER_RECONCILED
360
3A45
  0
DICTIONARY
  5
3A46
330
183E
100
AcDbDictionary
280
     1
281
     1
  3
ADSK_XREC_LAYER_RECONCILED
360
3A47
  0
DICTIONARY
  5
3A48
330
183F
100
AcDbDictionary
280
     1
281
     1
  3
ADSK_XREC_LAYER_RECONCILED
360
3A49
  0
DICTIONARY
  5
3A4A
330
1840
100
AcDbDictionary
280
     1
281
     1
  3
ADSK_XREC_LAYER_RECONCILED
360
3A4B
  0
DICTIONARY
  5
3A4C
330
1841
100
AcDbDictionary
280
     1
281
     1
  3
ADSK_XREC_LAYER_RECONCILED
360
3A4D
  0
DICTIONARY
  5
3A4E
330
1842
100
AcDbDictionary
280
     1
281
     1
  3
ADSK_XREC_LAYER_RECONCILED
360
3A4F
  0
DICTIONARY
  5
1844
330
1843
100
AcDbDictionary
280
     1
281
     1
  3
ADSK_XREC_LAYER_RECONCILED
360
3A50
  0
DICTIONARY
  5
1846
330
1845
100
AcDbDictionary
280
     1
281
     1
  3
ADSK_XREC_LAYER_RECONCILED
360
3A51
  0
DICTIONARY
  5
1848
330
1847
100
AcDbDictionary
280
     1
281
     1
  3
ADSK_XREC_LAYER_RECONCILED
360
3A52
  0
DICTIONARY
  5
184A
330
1849
100
AcDbDictionary
280
     1
281
     1
  3
ADSK_XREC_LAYER_RECONCILED
360
3A53
  0
DICTIONARY
  5
3A54
330
184B
100
AcDbDictionary
280
     1
281
     1
  3
ADSK_XREC_LAYER_RECONCILED
360
3A55
  0
DICTIONARY
  5
3A56
330
184C
100
AcDbDictionary
280
     1
281
     1
  3
ADSK_XREC_LAYER_RECONCILED
360
3A57
  0
DICTIONARY
  5
3A58
330
184D
100
AcDbDictionary
280
     1
281
     1
  3
ADSK_XREC_LAYER_RECONCILED
360
3A59
  0
DICTIONARY
  5
3AB4
330
1F
100
AcDbDictionary
280
     1
281
     1
  3
ACAD_SORTENTS
360
3AB5
  0
DICTIONARY
  5
2E6
330
1B
100
AcDbDictionary
280
     1
281
     1
  3
ACAD_SORTENTS
360
331
  0
DICTIONARY
  5
17B5
330
17B4
100
AcDbDictionary
280
     1
281
     1
  3
ACAD_SORTENTS
360
17B6
  0
DICTIONARY
  5
17BD
330
17BC
100
AcDbDictionary
280
     1
281
     1
  3
ACAD_SORTENTS
360
17BE
  0
DICTIONARY
  5
BF5
330
BF4
100
AcDbDictionary
280
     1
281
     1
  3
ACAD_FIELD
360
BF6
  0
DICTIONARY
  5
BFA
330
BF9
100
AcDbDictionary
280
     1
281
     1
  3
ACAD_FIELD
360
BFB
  0
DICTIONARY
  5
BFF
330
BFE
100
AcDbDictionary
280
     1
281
     1
  3
ACAD_FIELD
360
C00
  0
DICTIONARY
  5
C04
330
C03
100
AcDbDictionary
280
     1
281
     1
  3
ACAD_FIELD
360
C05
  0
DICTIONARY
  5
C09
330
C08
100
AcDbDictionary
280
     1
281
     1
  3
ACAD_FIELD
360
C0A
  0
DICTIONARY
  5
C0E
330
C0D
100
AcDbDictionary
280
     1
281
     1
  3
ACAD_FIELD
360
C0F
  0
DICTIONARY
  5
C14
330
C13
100
AcDbDictionary
280
     1
281
     1
  3
ACAD_FIELD
360
C15
  0
DICTIONARY
  5
212A
330
2129
100
AcDbDictionary
280
     1
281
     1
  0
DICTIONARY
  5
212D
330
212C
100
AcDbDictionary
280
     1
281
     1
  0
DICTIONARY
  5
2130
330
212F
100
AcDbDictionary
280
     1
281
     1
  0
DICTIONARY
  5
21FF
330
21FE
100
AcDbDictionary
280
     1
281
     1
  0
DICTIONARY
  5
2202
330
2201
100
AcDbDictionary
280
     1
281
     1
  0
DICTIONARY
  5
2205
330
2204
100
AcDbDictionary
280
     1
281
     1
  0
DICTIONARY
  5
2232
330
2231
100
AcDbDictionary
280
     1
281
     1
  0
DICTIONARY
  5
224B
330
224A
100
AcDbDictionary
280
     1
281
     1
  0
DICTIONARY
  5
224E
330
224D
100
AcDbDictionary
280
     1
281
     1
  0
DICTIONARY
  5
2273
330
2272
100
AcDbDictionary
280
     1
281
     1
  0
DICTIONARY
  5
2359
330
2358
100
AcDbDictionary
280
     1
281
     1
  0
DICTIONARY
  5
25E5
330
25E4
100
AcDbDictionary
280
     1
281
     1
  0
DICTIONARY
  5
3AE9
330
3ADE
100
AcDbDictionary
280
     1
281
     1
  3
ACAD_DIMASSOC
360
3AF1
  0
DICTIONARY
  5
3B8D
330
3B80
100
AcDbDictionary
280
     1
281
     1
  3
ACAD_DIMASSOC
360
3B97
  0
DICTIONARY
  5
6DD
330
6DC
100
AcDbDictionary
280
     1
281
     1
  3
ACAD_FIELD
360
6DE
  0
DICTIONARY
  5
6E2
330
6E1
100
AcDbDictionary
280
     1
281
     1
  3
ACAD_FIELD
360
6E3
  0
DICTIONARY
  5
6E7
330
6E6
100
AcDbDictionary
280
     1
281
     1
  3
ACAD_FIELD
360
6E8
  0
DICTIONARY
  5
C1B
330
C1A
100
AcDbDictionary
280
     1
281
     1
  3
ACAD_FIELD
360
C1C
  0
DICTIONARY
  5
C20
330
C1F
100
AcDbDictionary
280
     1
281
     1
  3
ACAD_FIELD
360
C21
  0
DICTIONARY
  5
C25
330
C24
100
AcDbDictionary
280
     1
281
     1
  3
ACAD_FIELD
360
C26
  0
DICTIONARY
  5
C2A
330
C29
100
AcDbDictionary
280
     1
281
     1
  3
ACAD_FIELD
360
C2B
  0
DICTIONARY
  5
C2F
330
C2E
100
AcDbDictionary
280
     1
281
     1
  3
ACAD_FIELD
360
C30
  0
DICTIONARY
  5
C34
330
C33
100
AcDbDictionary
280
     1
281
     1
  3
ACAD_FIELD
360
C35
  0
DICTIONARY
  5
C3A
330
C39
100
AcDbDictionary
280
     1
281
     1
  3
ACAD_FIELD
360
C3B
  0
XRECORD
  5
11E6
102
{ACAD_REACTORS
330
C
102
}
330
C
100
AcDbXrecord
280
     1
300
ACD
300
2025
300

  0
DICTIONARY
  5
19E
102
{ACAD_REACTORS
330
C
102
}
330
C
100
AcDbDictionary
281
     1
  0
DICTIONARY
  5
11EA
102
{ACAD_REACTORS
330
C
102
}
330
C
100
AcDbDictionary
281
     1
  3
Imperial24
350
185F
  3
Metric50
350
11EB
  0
FIELDLIST
  5
A3B
102
{ACAD_REACTORS
330
C
102
}
330
C
100
AcDbIdSet
 90
       34
330
BF8
330
BFC
330
BFD
330
C01
330
C02
330
C06
330
C07
330
C0B
330
C0C
330
C10
330
C11
330
C16
330
C17
330
C1D
330
C1E
330
C22
330
C23
330
C27
330
C28
330
C2C
330
C2D
330
C31
330
C32
330
C36
330
C37
330
C3C
330
C3D
330
6DF
330
6E0
330
6E4
330
6E5
330
6E9
330
6EA
330
BF7
100
AcDbFieldList
  0
DICTIONARY
  5
D
102
{ACAD_REACTORS
330
C
102
}
330
C
100
AcDbDictionary
281
     1
  0
XRECORD
  5
3AC9
102
{ACAD_REACTORS
330
C
102
}
330
C
100
AcDbXrecord
280
     1
300
{C19F0AA7-51F0-7641-AB49-ADA111FEE0F3}
301
{C8F2507F-C716-6648-B158-6781DF0CDA5E}
302
{C19F0AA7-51F0-7641-AB49-ADA111FEE0F3}
303
C:\Users\PC\OneDrive\Desktop\syclopien.dxf
  0
DICTIONARY
  5
1A
102
{ACAD_REACTORS
330
C
102
}
330
C
100
AcDbDictionary
281
     1
  3
ISO A1
350
1E
  3
Model
350
22
  0
DICTIONARY
  5
19D
102
{ACAD_REACTORS
330
C
102
}
330
C
100
AcDbDictionary
281
     1
  3
ByBlock
350
1164
  3
ByLayer
350
1163
  3
Global
350
1165
  0
DICTIONARY
  5
11A8
102
{ACAD_REACTORS
330
C
102
}
330
C
100
AcDbDictionary
281
     1
  3
Standard
350
11A9
  0
DICTIONARY
  5
17
102
{ACAD_REACTORS
330
C
102
}
330
C
100
AcDbDictionary
281
     1
  3
Standard
350
18
  0
DICTIONARY
  5
19
102
{ACAD_REACTORS
330
C
102
}
330
C
100
AcDbDictionary
281
     1
  3
ISO A1 - Full Scale
350
9A7
  3
ISO A1 - Full Scale - Monochrome
350
A38
  3
ISO A3 - Scale to Fit
350
9A8
  3
ISO A4 - Scale to Fit
350
9A9
  0
ACDBDICTIONARYWDFLT
  5
E
102
{ACAD_REACTORS
330
C
102
}
330
C
100
AcDbDictionary
281
     1
  3
Normal
350
F
100
AcDbDictionaryWithDefault
340
F
  0
RAPIDRTRENDERSETTINGS
  5
3ADC
102
{ACAD_REACTORS
330
C
102
}
330
C
100
AcDbRenderSettings
 90
        2
  1
Medium
290
     1
290
     0
290
     1
290
     1
  1

  1
Applies 5 rendering levels
 90
        0
100
AcDbRapidRTRenderSettings
 90
        3
 70
     0
 90
        5
 90
        1
 70
     1
 70
     2
 40
3.0
 40
3.0
290
     1
  0
DICTIONARY
  5
3AD5
102
{ACAD_REACTORS
330
C
102
}
330
C
100
AcDbDictionary
281
     1
  3
Coffee-Break Quality
350
3AD9
  3
High
350
3AD8
  3
Low
350
3AD6
  3
Lunch Quality
350
3ADA
  3
Medium
350
3AD7
  3
Overnight Quality
350
3ADB
  0
DICTIONARY
  5
1196
102
{ACAD_REACTORS
330
C
102
}
330
C
100
AcDbDictionary
281
     1
  3
A0
350
1197
  3
A1
350
1198
  3
A2
350
1199
  3
A3
350
119A
  3
A4
350
119B
  3
A5
350
119C
  3
A6
350
119D
  3
A7
350
119E
  3
A8
350
119F
  3
A9
350
11A0
  3
B0
350
11A1
  3
B1
350
11A2
  3
B2
350
11A3
  3
B3
350
11A4
  3
B4
350
11A5
  3
B5
350
11A6
  3
B6
350
11A7
  0
DICTIONARY
  5
11E8
102
{ACAD_REACTORS
330
C
102
}
330
C
100
AcDbDictionary
281
     1
  3
Imperial24
350
185E
  3
Metric50
350
11E9
  0
DICTIONARY
  5
2B1
102
{ACAD_REACTORS
330
C
102
}
330
C
100
AcDbDictionary
281
     1
  3
Standard
350
2B2
  0
DICTIONARY
  5
1166
102
{ACAD_REACTORS
330
C
102
}
330
C
100
AcDbDictionary
281
     1
  3
2dWireframe
350
116C
  3
3dWireframe
350
185D
  3
Basic
350
116B
  3
Brighten
350
1172
  3
ColorChange
350
1176
  3
Conceptual
350
116F
  3
Dim
350
1171
  3
EdgeColorOff
350
1195
  3
Facepattern
350
1175
  3
Flat
350
1167
  3
FlatWithEdges
350
1168
  3
Gouraud
350
1169
  3
GouraudWithEdges
350
116A
  3
Hidden
350
116E
  3
JitterOff
350
1193
  3
Linepattern
350
1174
  3
OverhangOff
350
1194
  3
Realistic
350
1170
  3
Shaded
350
11C0
  3
Shaded with edges
350
11BF
  3
Shades of Gray
350
11BC
  3
Sketchy
350
11BD
  3
Thicken
350
1173
  3
Wireframe
350
116D
  3
X-Ray
350
11BE
  0
WIPEOUTVARIABLES
  5
1F3B
102
{ACAD_REACTORS
330
C
102
}
330
C
100
AcDbWipeoutVariables
 70
     1
  0
XRECORD
  5
3E87
102
{ACAD_REACTORS
330
C
102
}
330
C
100
AcDbXrecord
280
     1
 90
        1
330
2B2
  0
DICTIONARY
  5
199
102
{ACAD_REACTORS
330
C
102
}
330
C
100
AcDbDictionary
281
     1
  3
CANNOSCALE
350
11B1
  3
CENTEREXE
350
1232
  3
CENTERLTYPEFILE
350
1233
  3
CMLEADERSTYLE
350
11AF
  3
CTABLESTYLE
350
2BB
  3
CVIEWDETAILSTYLE
350
11F8
  3
CVIEWSECTIONSTYLE
350
11F9
  3
DIMASSOC
350
19B
  3
HIDETEXT
350
19A
  3
HPCOLOR
350
3B14
  3
HPTRANSPARENCY
350
3B13
  3
LAYEREVAL
350
11B3
  3
LAYERNOTIFY
350
11B4
  3
LIGHTINGUNITS
350
11B2
  3
MSLTSCALE
350
11B0
  0
DICTIONARY
  5
1F3A
102
{ACAD_REACTORS
330
C
102
}
330
C
100
AcDbDictionary
281
     1
  0
DICTIONARY
  5
F2E
102
{ACAD_REACTORS
330
C
102
}
330
C
100
AcDbDictionary
281
     1
  3
ASEBlockHierarchyIndexRecord
350
F2F
1001
DCO15
1040
1509095807.711
  0
DICTIONARY
  5
AAB
102
{ACAD_REACTORS
330
A96
102
}
330
A96
100
AcDbDictionary
281
     1
  0
DICTIONARY
  5
AAF
102
{ACAD_REACTORS
330
A96
102
}
330
A96
100
AcDbDictionary
281
     1
  0
DICTIONARY
  5
AAA
102
{ACAD_REACTORS
330
A96
102
}
330
A96
100
AcDbDictionary
281
     1
1001
ACAD
1000
<All
  0
XRECORD
  5
3A2A
102
{ACAD_REACTORS
330
3A29
102
}
330
3A29
100
AcDbXrecord
280
     1
290
     1
  0
XRECORD
  5
3A2C
102
{ACAD_REACTORS
330
3A2B
102
}
330
3A2B
100
AcDbXrecord
280
     1
290
     1
  0
XRECORD
  5
3A2E
102
{ACAD_REACTORS
330
3A2D
102
}
330
3A2D
100
AcDbXrecord
280
     1
290
     1
  0
XRECORD
  5
3A30
102
{ACAD_REACTORS
330
3A2F
102
}
330
3A2F
100
AcDbXrecord
280
     1
290
     1
  0
XRECORD
  5
3A32
102
{ACAD_REACTORS
330
3A31
102
}
330
3A31
100
AcDbXrecord
280
     1
290
     1
  0
XRECORD
  5
3A34
102
{ACAD_REACTORS
330
3A33
102
}
330
3A33
100
AcDbXrecord
280
     1
290
     1
  0
XRECORD
  5
3A36
102
{ACAD_REACTORS
330
3A35
102
}
330
3A35
100
AcDbXrecord
280
     1
290
     1
  0
XRECORD
  5
3A38
102
{ACAD_REACTORS
330
3A37
102
}
330
3A37
100
AcDbXrecord
280
     1
290
     1
  0
XRECORD
  5
3A39
102
{ACAD_REACTORS
330
1834
102
}
330
1834
100
AcDbXrecord
280
     1
290
     1
  0
XRECORD
  5
3A3A
102
{ACAD_REACTORS
330
1836
102
}
330
1836
100
AcDbXrecord
280
     1
290
     1
  0
XRECORD
  5
3A3B
102
{ACAD_REACTORS
330
1838
102
}
330
1838
100
AcDbXrecord
280
     1
290
     1
  0
XRECORD
  5
3A3D
102
{ACAD_REACTORS
330
3A3C
102
}
330
3A3C
100
AcDbXrecord
280
     1
290
     1
  0
XRECORD
  5
3A3F
102
{ACAD_REACTORS
330
3A3E
102
}
330
3A3E
100
AcDbXrecord
280
     1
290
     1
  0
XRECORD
  5
3A41
102
{ACAD_REACTORS
330
3A40
102
}
330
3A40
100
AcDbXrecord
280
     1
290
     1
  0
XRECORD
  5
3A43
102
{ACAD_REACTORS
330
3A42
102
}
330
3A42
100
AcDbXrecord
280
     1
290
     1
  0
XRECORD
  5
3A45
102
{ACAD_REACTORS
330
3A44
102
}
330
3A44
100
AcDbXrecord
280
     1
290
     1
  0
XRECORD
  5
3A47
102
{ACAD_REACTORS
330
3A46
102
}
330
3A46
100
AcDbXrecord
280
     1
290
     1
  0
XRECORD
  5
3A49
102
{ACAD_REACTORS
330
3A48
102
}
330
3A48
100
AcDbXrecord
280
     1
290
     1
  0
XRECORD
  5
3A4B
102
{ACAD_REACTORS
330
3A4A
102
}
330
3A4A
100
AcDbXrecord
280
     1
290
     1
  0
XRECORD
  5
3A4D
102
{ACAD_REACTORS
330
3A4C
102
}
330
3A4C
100
AcDbXrecord
280
     1
290
     1
  0
XRECORD
  5
3A4F
102
{ACAD_REACTORS
330
3A4E
102
}
330
3A4E
100
AcDbXrecord
280
     1
290
     1
  0
XRECORD
  5
3A50
102
{ACAD_REACTORS
330
1844
102
}
330
1844
100
AcDbXrecord
280
     1
290
     1
  0
XRECORD
  5
3A51
102
{ACAD_REACTORS
330
1846
102
}
330
1846
100
AcDbXrecord
280
     1
290
     1
  0
XRECORD
  5
3A52
102
{ACAD_REACTORS
330
1848
102
}
330
1848
100
AcDbXrecord
280
     1
290
     1
  0
XRECORD
  5
3A53
102
{ACAD_REACTORS
330
184A
102
}
330
184A
100
AcDbXrecord
280
     1
290
     1
  0
XRECORD
  5
3A55
102
{ACAD_REACTORS
330
3A54
102
}
330
3A54
100
AcDbXrecord
280
     1
290
     1
  0
XRECORD
  5
3A57
102
{ACAD_REACTORS
330
3A56
102
}
330
3A56
100
AcDbXrecord
280
     1
290
     1
  0
XRECORD
  5
3A59
102
{ACAD_REACTORS
330
3A58
102
}
330
3A58
100
AcDbXrecord
280
     1
290
     1
  0
SORTENTSTABLE
  5
3AB5
102
{ACAD_REACTORS
330
3AB4
102
}
330
3AB4
100
AcDbSortentsTable
330
1F
331
12AC
  5
12AD
331
12AD
  5
12AE
331
12AE
  5
12AF
331
12AF
  5
12B0
331
12B0
  5
1F41
331
1F40
  5
1F41
331
1F41
  5
1F42
331
1F42
  5
1F43
331
1F43
  5
1F44
331
1F44
  5
1F45
331
1F45
  5
1F46
331
1F46
  5
1F47
331
1F47
  5
1F48
331
1F48
  5
1F49
331
1F49
  5
1F4A
331
1F4A
  5
1F4B
331
1F4B
  5
1F4C
331
1F4C
  5
1F4D
331
1F4D
  5
1F4E
331
1F4E
  5
1F4F
331
1F4F
  5
1F50
331
1F50
  5
1F51
331
1F51
  5
1F52
331
1F52
  5
1F53
331
1F53
  5
1F54
331
1F54
  5
1F55
331
1F55
  5
1F56
331
1F56
  5
1F57
331
1F57
  5
1F58
331
1F58
  5
1F59
331
1F59
  5
1F5A
331
1F5A
  5
1F5B
331
1F5B
  5
1F5C
331
1F5C
  5
1F5D
331
1F5D
  5
1F5E
331
1F5E
  5
1F5F
331
1F5F
  5
1F60
331
1F60
  5
1F61
331
1F61
  5
1F62
331
1F62
  5
1F63
331
1F63
  5
1F64
331
1F64
  5
1F65
331
1F65
  5
1F66
331
1F66
  5
1F67
331
1F67
  5
1F68
331
1F68
  5
1F69
331
1F69
  5
1F6A
331
1F6A
  5
1F6B
331
1F6B
  5
1F6C
331
1F6C
  5
1F6E
331
1F6D
  5
1F6F
331
1F6E
  5
1F70
331
1F6F
  5
1F71
331
1F70
  5
1F72
331
1F71
  5
1F73
331
1F72
  5
1F74
331
1F73
  5
1F75
331
1F74
  5
1F76
331
1F75
  5
1F77
331
1F76
  5
1F78
331
1F77
  5
1F79
331
1F78
  5
1F7A
331
1F79
  5
1F7B
331
1F7A
  5
1F7C
331
1F7B
  5
1F7D
331
1F7C
  5
1F7E
331
1F7D
  5
1F7F
331
1F7E
  5
1F80
331
1F7F
  5
1F81
331
1F80
  5
1F82
331
1F81
  5
1F83
331
1F82
  5
1F84
331
1F83
  5
1F85
331
1F84
  5
1F86
331
1F85
  5
1F87
331
1F86
  5
1F88
331
1F87
  5
1F89
331
1F88
  5
1F8A
331
1F89
  5
1F8B
331
1F8A
  5
1F8C
331
1F8B
  5
1F8D
331
1F8C
  5
1F8E
331
1F8D
  5
1F8F
331
1F8E
  5
1F90
331
1F8F
  5
1F91
331
1F90
  5
1F92
331
1F91
  5
1F93
331
1F92
  5
1F94
331
1F93
  5
1F95
331
1F94
  5
1F96
331
1F95
  5
1F97
331
1F96
  5
1F98
331
1F97
  5
1F99
331
1F98
  5
1F9A
331
1F99
  5
1F9B
331
1F9A
  5
1F9C
331
1F9B
  5
1F9D
331
1F9C
  5
1F9E
331
1F9D
  5
1F9F
331
1F9E
  5
1FA2
331
1F9F
  5
1FA3
331
1FA0
  5
1FA5
331
1FA1
  5
1FA7
331
1FA2
  5
1FA8
331
1FA3
  5
1FA9
331
1FA4
  5
1FAA
331
1FA5
  5
1FAB
331
1FA6
  5
1FAC
331
1FA7
  5
1FAD
331
1FA8
  5
1FAE
331
1FA9
  5
1FAF
331
1FAA
  5
1FB0
331
1FAB
  5
1FB1
331
1FAC
  5
1FB2
331
1FAD
  5
1FB3
331
1FAE
  5
1FB4
331
1FAF
  5
1FB5
331
1FB0
  5
1FB6
331
1FB1
  5
1FB7
331
1FB2
  5
1FB8
331
1FB3
  5
1FB9
331
1FB4
  5
1FBA
331
1FB5
  5
1FBB
331
1FB6
  5
1FBC
331
1FB7
  5
1FBD
331
1FB8
  5
1FBE
331
1FB9
  5
1FBF
331
1FBA
  5
1FC0
331
1FBB
  5
1FC1
331
1FBC
  5
1FC2
331
1FBD
  5
1FC3
331
1FBE
  5
1FC4
331
1FBF
  5
1FC5
331
1FC0
  5
1FC6
331
1FC1
  5
1FC7
331
1FC2
  5
1FC8
331
1FC3
  5
1FC9
331
1FC4
  5
1FCA
331
1FC5
  5
1FCB
331
1FC6
  5
1FCC
331
1FC7
  5
1FCD
331
1FC8
  5
1FCE
331
1FC9
  5
1FCF
331
1FCA
  5
1FD0
331
1FCB
  5
1FD1
331
1FCC
  5
1FD2
331
1FCD
  5
1FD8
331
1FCE
  5
1FDA
331
1FCF
  5
1FDB
331
1FD0
  5
1FDC
331
1FD1
  5
1FDD
331
1FD2
  5
1FE0
331
1FD5
  5
1FE1
331
1FD6
  5
1FE2
331
1FD7
  5
1FE3
331
1FD8
  5
1FE4
331
1FD9
  5
1FE5
331
1FDA
  5
1FE6
331
1FDB
  5
1FE7
331
1FDC
  5
1FE8
331
1FDD
  5
1FE9
331
1FDE
  5
1FEA
331
1FDF
  5
1FEB
331
1FE0
  5
1FEC
331
1FE1
  5
1FED
331
1FE2
  5
1FEE
331
1FE3
  5
1FEF
331
1FE4
  5
1FF0
331
1FE5
  5
1FF1
331
1FE6
  5
1FF2
331
1FE7
  5
1FF3
331
1FE8
  5
1FF4
331
1FE9
  5
1FF5
331
1FEA
  5
1FF6
331
1FEB
  5
1FF7
331
1FEC
  5
1FF8
331
1FED
  5
1FF9
331
1FEE
  5
1FFA
331
1FEF
  5
1FFB
331
1FF0
  5
1FFC
331
1FF1
  5
2003
331
1FF2
  5
2004
331
1FF3
  5
2005
331
1FF4
  5
2006
331
1FF5
  5
2007
331
1FF6
  5
2008
331
1FF7
  5
2009
331
1FF8
  5
200A
331
1FF9
  5
200B
331
1FFA
  5
200C
331
1FFB
  5
2013
331
1FFC
  5
2014
331
2003
  5
2015
331
2004
  5
2016
331
2005
  5
2017
331
2006
  5
2018
331
2007
  5
2019
331
2008
  5
201A
331
2009
  5
201B
331
200A
  5
201C
331
200B
  5
201D
331
200C
  5
201E
331
2013
  5
201F
331
2014
  5
2026
331
2015
  5
2027
331
2016
  5
2028
331
2017
  5
2029
331
2018
  5
202A
331
2019
  5
202B
331
201A
  5
202C
331
201B
  5
202D
331
201C
  5
202E
331
201D
  5
202F
331
201E
  5
2030
331
201F
  5
2031
331
2026
  5
2032
331
2027
  5
2033
331
2028
  5
2034
331
2029
  5
2035
331
202A
  5
2036
331
202B
  5
2037
331
202C
  5
2038
331
202D
  5
2039
331
202E
  5
203A
331
202F
  5
203B
331
2030
  5
203C
331
2031
  5
203D
331
2032
  5
203E
331
2033
  5
203F
331
2034
  5
2040
331
2035
  5
2041
331
2036
  5
2042
331
2037
  5
2043
331
2038
  5
2044
331
2039
  5
2045
331
203A
  5
2046
331
203B
  5
2047
331
203C
  5
204F
331
203D
  5
2050
331
203E
  5
2051
331
203F
  5
2052
331
2040
  5
2053
331
2041
  5
2054
331
2042
  5
2055
331
2043
  5
2056
331
2044
  5
2057
331
2045
  5
2058
331
2046
  5
2059
331
2047
  5
205A
331
204F
  5
205B
331
2050
  5
205C
331
2051
  5
205D
331
2052
  5
205E
331
2053
  5
205F
331
2054
  5
2060
331
2055
  5
2061
331
2056
  5
2062
331
2057
  5
2063
331
2058
  5
2064
331
2059
  5
2065
331
205A
  5
2066
331
205B
  5
2067
331
205C
  5
2068
331
205D
  5
2069
331
205E
  5
206A
331
205F
  5
207C
331
2060
  5
207D
331
2061
  5
207E
331
2062
  5
2080
331
2063
  5
2081
331
2064
  5
2082
331
2065
  5
2083
331
2066
  5
2084
331
2067
  5
2085
331
2068
  5
2086
331
2069
  5
2087
331
206A
  5
2088
331
207C
  5
208A
331
207D
  5
208B
331
207E
  5
208C
331
207F
  5
208D
331
2080
  5
208E
331
2081
  5
208F
331
2082
  5
2090
331
2083
  5
2091
331
2084
  5
2092
331
2085
  5
2093
331
2086
  5
2094
331
2087
  5
2095
331
2088
  5
2096
331
2089
  5
2097
331
208A
  5
2098
331
208B
  5
2099
331
208C
  5
209A
331
208D
  5
209B
331
208E
  5
209C
331
208F
  5
209D
331
2090
  5
209E
331
2091
  5
209F
331
2092
  5
20A0
331
2093
  5
20A1
331
2094
  5
20A2
331
2095
  5
20A3
331
2096
  5
20A4
331
2097
  5
20A5
331
2098
  5
20A6
331
2099
  5
20A7
331
209A
  5
20A8
331
209B
  5
20A9
331
209C
  5
20AA
331
209D
  5
20AB
331
209E
  5
20AC
331
209F
  5
20AD
331
20A0
  5
20AE
331
20A1
  5
20AF
331
20A2
  5
20B0
331
20A3
  5
20B1
331
20A4
  5
20B2
331
20A5
  5
20B3
331
20A6
  5
20B4
331
20A7
  5
20B5
331
20A8
  5
20B6
331
20A9
  5
20B7
331
20AA
  5
20B8
331
20AB
  5
20B9
331
20AC
  5
20BA
331
20AD
  5
20BB
331
20AE
  5
20BC
331
20AF
  5
20BD
331
20B0
  5
20BE
331
20B1
  5
20BF
331
20B2
  5
20C0
331
20B3
  5
20C1
331
20B4
  5
20C2
331
20B5
  5
20C3
331
20B6
  5
20C4
331
20B7
  5
20C5
331
20B8
  5
20C6
331
20B9
  5
20C7
331
20BA
  5
20C8
331
20BB
  5
20C9
331
20BC
  5
20CA
331
20BD
  5
20CB
331
20BE
  5
20CC
331
20BF
  5
20CD
331
20C0
  5
20CE
331
20C1
  5
20CF
331
20C2
  5
20D0
331
20C3
  5
20D1
331
20C4
  5
20D5
331
20C5
  5
20D7
331
20C6
  5
20DD
331
20C7
  5
20DF
331
20C8
  5
20E3
331
20C9
  5
20E6
331
20CA
  5
210C
331
20CB
  5
210E
331
20CC
  5
210F
331
20CD
  5
2110
331
20CE
  5
2111
331
20CF
  5
2112
331
20D0
  5
2113
331
20D1
  5
2121
331
20D5
  5
2124
331
20D7
  5
2128
331
20DD
  5
2129
331
20DF
  5
212B
331
20E3
  5
212C
331
20E6
  5
212E
331
210C
  5
212F
331
210E
  5
215D
331
210F
  5
215E
331
2110
  5
2160
331
2111
  5
216D
331
2112
  5
216E
331
2113
  5
217D
331
2121
  5
2180
331
2124
  5
2181
331
2128
  5
2189
331
2129
  5
218A
331
212B
  5
218D
331
212C
  5
218E
331
212E
  5
2190
331
212F
  5
2197
331
215D
  5
2198
331
215E
  5
219C
331
2160
  5
219E
331
216D
  5
21A3
331
216E
  5
21A4
331
217D
  5
21A5
331
2180
  5
21A6
331
2181
  5
21A7
331
2189
  5
21A8
331
218A
  5
21A9
331
218D
  5
21AA
331
218E
  5
21AB
331
2190
  5
21AC
331
2197
  5
21AD
331
2198
  5
21AE
331
219C
  5
21AF
331
219E
  5
21B0
331
21A3
  5
21B1
331
21A4
  5
21B2
331
21A5
  5
21B3
331
21A6
  5
21B4
331
21A7
  5
21B5
331
21A8
  5
21B6
331
21A9
  5
21B7
331
21AA
  5
21B8
331
21AB
  5
21B9
331
21AC
  5
21BA
331
21AD
  5
21BB
331
21AE
  5
21BC
331
21AF
  5
21BD
331
21B0
  5
21BE
331
21B1
  5
21BF
331
21B2
  5
21C0
331
21B3
  5
21C1
331
21B4
  5
21C2
331
21B5
  5
21C3
331
21B6
  5
21C4
331
21B7
  5
21C5
331
21B8
  5
21C6
331
21B9
  5
21C7
331
21BA
  5
21C8
331
21BB
  5
21C9
331
21BC
  5
21CA
331
21BD
  5
21CB
331
21BE
  5
21CC
331
21BF
  5
21CD
331
21C0
  5
21CE
331
21C1
  5
21CF
331
21C2
  5
21D0
331
21C3
  5
21D1
331
21C4
  5
21D2
331
21C5
  5
21D3
331
21C6
  5
21D4
331
21C7
  5
21D5
331
21C8
  5
21D6
331
21C9
  5
21D7
331
21CA
  5
21D8
331
21CB
  5
21D9
331
21CC
  5
21DA
331
21CD
  5
21DB
331
21CE
  5
21DC
331
21CF
  5
21DD
331
21D0
  5
21DE
331
21D1
  5
21DF
331
21D2
  5
21E0
331
21D3
  5
21E1
331
21D4
  5
21E2
331
21D5
  5
21E3
331
21D6
  5
21E4
331
21D7
  5
21E5
331
21D8
  5
21E6
331
21D9
  5
21E7
331
21DA
  5
21E8
331
21DB
  5
21E9
331
21DC
  5
21EA
331
21DD
  5
21EB
331
21DE
  5
21EC
331
21DF
  5
21ED
331
21E0
  5
21EE
331
21E1
  5
21EF
331
21E2
  5
21F0
331
21E3
  5
21F1
331
21E4
  5
21F2
331
21E5
  5
21F3
331
21E6
  5
21F6
331
21E7
  5
21F7
331
21E8
  5
21F8
331
21E9
  5
21F9
331
21EA
  5
21FA
331
21EB
  5
21FB
331
21EC
  5
21FC
331
21ED
  5
21FD
331
21EE
  5
21FE
331
21EF
  5
2200
331
21F0
  5
2201
331
21F1
  5
2203
331
21F2
  5
2204
331
21F3
  5
2206
331
21F6
  5
2207
331
21F7
  5
2208
331
21F8
  5
2209
331
21F9
  5
220A
331
21FA
  5
220C
331
21FB
  5
220D
331
21FD
  5
220E
331
21FE
  5
220F
331
2200
  5
2210
331
2201
  5
2211
331
2203
  5
2230
331
2204
  5
2231
331
2206
  5
2233
331
2207
  5
2234
331
2208
  5
2235
331
2209
  5
2236
331
220A
  5
2237
331
220B
  5
2238
331
220C
  5
2239
331
220D
  5
223A
331
220E
  5
223B
331
220F
  5
223C
331
2210
  5
223D
331
2211
  5
223E
331
2230
  5
223F
331
2231
  5
2240
331
2233
  5
2241
331
2234
  5
2242
331
2235
  5
2243
331
2236
  5
2244
331
2237
  5
2245
331
2238
  5
2246
331
2239
  5
2247
331
223A
  5
2248
331
223B
  5
2249
331
223C
  5
224A
331
223D
  5
224C
331
223E
  5
224D
331
223F
  5
2263
331
2240
  5
2264
331
2241
  5
2265
331
2242
  5
2266
331
2243
  5
2267
331
2244
  5
2268
331
2245
  5
2271
331
2246
  5
2272
331
2247
  5
2274
331
2248
  5
2275
331
2249
  5
2276
331
224A
  5
2277
331
224C
  5
2278
331
224D
  5
2279
331
2263
  5
227A
331
2264
  5
227B
331
2265
  5
227C
331
2266
  5
227E
331
2267
  5
227F
331
2268
  5
2281
331
2271
  5
2285
331
2272
  5
2286
331
2274
  5
2320
331
2275
  5
2321
331
2276
  5
2328
331
2277
  5
2329
331
2278
  5
232A
331
2279
  5
232D
331
227A
  5
232F
331
227B
  5
2330
331
227C
  5
2331
331
227E
  5
2332
331
227F
  5
2333
331
2280
  5
2339
331
2281
  5
233A
331
2285
  5
233F
331
2286
  5
2340
331
2320
  5
2343
331
2321
  5
2345
331
2328
  5
2347
331
2329
  5
2349
331
232A
  5
234B
331
232D
  5
234D
331
232F
  5
234F
331
2330
  5
2350
331
2331
  5
2351
331
2332
  5
2352
331
2333
  5
2353
331
2339
  5
2354
331
233A
  5
2355
331
233F
  5
2356
331
2340
  5
2357
331
2343
  5
2358
331
2345
  5
2368
331
2347
  5
236A
331
2349
  5
2380
331
234B
  5
2381
331
234D
  5
2382
331
234F
  5
23C7
331
2350
  5
23C8
331
2351
  5
23C9
331
2352
  5
23CA
331
2353
  5
23CB
331
2354
  5
23CC
331
2355
  5
23CD
331
2356
  5
23CE
331
2357
  5
23CF
331
2358
  5
23D0
331
2368
  5
23D1
331
236A
  5
23D2
331
2380
  5
23D3
331
2381
  5
23D4
331
2382
  5
23D5
331
23C7
  5
23D6
331
23C8
  5
23D7
331
23C9
  5
23D8
331
23CA
  5
23D9
331
23CB
  5
23DA
331
23CC
  5
23DB
331
23CD
  5
23DC
331
23CE
  5
23DD
331
23CF
  5
23DE
331
23D0
  5
23DF
331
23D1
  5
23E0
331
23D2
  5
23E1
331
23D3
  5
23E2
331
23D4
  5
23E3
331
23D5
  5
23E4
331
23D6
  5
23E5
331
23D7
  5
23E6
331
23D8
  5
23E7
331
23D9
  5
23E8
331
23DA
  5
23E9
331
23DB
  5
23EA
331
23DC
  5
23EB
331
23DD
  5
23EC
331
23DE
  5
23ED
331
23DF
  5
23EE
331
23E0
  5
23EF
331
23E1
  5
23F0
331
23E2
  5
23F1
331
23E3
  5
23F2
331
23E4
  5
23FD
331
23E5
  5
23FE
331
23E6
  5
23FF
331
23E7
  5
2400
331
23E8
  5
2401
331
23E9
  5
2402
331
23EA
  5
2403
331
23EB
  5
2404
331
23EC
  5
2414
331
23ED
  5
2415
331
23EE
  5
2416
331
23EF
  5
2417
331
23F0
  5
2423
331
23F1
  5
2424
331
23F2
  5
2425
331
23FD
  5
2426
331
23FE
  5
2427
331
23FF
  5
2428
331
2400
  5
2429
331
2401
  5
242A
331
2402
  5
242B
331
2403
  5
242C
331
2404
  5
242D
331
2414
  5
242E
331
2415
  5
242F
331
2416
  5
2430
331
2417
  5
2431
331
2423
  5
2432
331
2424
  5
2433
331
2425
  5
2434
331
2426
  5
2435
331
2427
  5
2436
331
2428
  5
2437
331
2429
  5
2438
331
242A
  5
2439
331
242B
  5
243A
331
242C
  5
243B
331
242D
  5
243C
331
242E
  5
243D
331
242F
  5
243E
331
2430
  5
243F
331
2431
  5
2440
331
2432
  5
2441
331
2433
  5
2442
331
2434
  5
2443
331
2435
  5
2444
331
2436
  5
2445
331
2437
  5
2446
331
2438
  5
2447
331
2439
  5
2448
331
243A
  5
2449
331
243B
  5
244A
331
243C
  5
244B
331
243D
  5
244C
331
243E
  5
244D
331
243F
  5
244E
331
2440
  5
244F
331
2441
  5
2450
331
2442
  5
2451
331
2443
  5
2452
331
2444
  5
2453
331
2445
  5
2454
331
2446
  5
2455
331
2447
  5
2456
331
2448
  5
2457
331
2449
  5
2458
331
244A
  5
2459
331
244B
  5
245A
331
244C
  5
245B
331
244D
  5
245C
331
244E
  5
245D
331
244F
  5
245E
331
2450
  5
245F
331
2451
  5
2460
331
2452
  5
2461
331
2453
  5
2462
331
2454
  5
2463
331
2455
  5
2464
331
2456
  5
2465
331
2457
  5
2466
331
2458
  5
2467
331
2459
  5
2468
331
245A
  5
2469
331
245B
  5
246A
331
245C
  5
246B
331
245D
  5
246C
331
245E
  5
246D
331
245F
  5
246E
331
2460
  5
246F
331
2461
  5
2470
331
2462
  5
2471
331
2463
  5
2472
331
2464
  5
2473
331
2465
  5
2474
331
2466
  5
2475
331
2467
  5
2476
331
2468
  5
2477
331
2469
  5
2478
331
246A
  5
2479
331
246B
  5
247A
331
246C
  5
247B
331
246D
  5
247C
331
246E
  5
247D
331
246F
  5
247E
331
2470
  5
247F
331
2471
  5
2480
331
2472
  5
2481
331
2473
  5
2482
331
2474
  5
2483
331
2475
  5
2484
331
2476
  5
2485
331
2477
  5
2486
331
2478
  5
2487
331
2479
  5
2488
331
247A
  5
2489
331
247B
  5
248A
331
247C
  5
248B
331
247D
  5
248C
331
247E
  5
248D
331
247F
  5
248E
331
2480
  5
248F
331
2481
  5
2490
331
2482
  5
2491
331
2483
  5
2492
331
2484
  5
2493
331
2485
  5
2494
331
2486
  5
2495
331
2487
  5
2496
331
2488
  5
2497
331
2489
  5
2498
331
248A
  5
2499
331
248B
  5
249A
331
248C
  5
249B
331
248D
  5
249C
331
248E
  5
249D
331
248F
  5
249E
331
2490
  5
249F
331
2491
  5
24A0
331
2492
  5
24A1
331
2493
  5
24A2
331
2494
  5
24A3
331
2495
  5
24A4
331
2496
  5
24A5
331
2497
  5
24A6
331
2498
  5
24A7
331
2499
  5
24A8
331
249A
  5
24A9
331
249B
  5
24AA
331
249C
  5
24AB
331
249D
  5
24AC
331
249E
  5
24AD
331
249F
  5
24AE
331
24A0
  5
24AF
331
24A1
  5
24B0
331
24A2
  5
24B1
331
24A3
  5
24B2
331
24A4
  5
24B3
331
24A5
  5
24B4
331
24A6
  5
24B5
331
24A7
  5
24B6
331
24A8
  5
24B7
331
24A9
  5
24B8
331
24AA
  5
24B9
331
24AB
  5
24BA
331
24AC
  5
24BB
331
24AD
  5
24BC
331
24AE
  5
24BD
331
24AF
  5
24BE
331
24B0
  5
24BF
331
24B1
  5
24C0
331
24B2
  5
24C1
331
24B3
  5
24C2
331
24B4
  5
24C3
331
24B5
  5
24C4
331
24B6
  5
24C5
331
24B7
  5
24C6
331
24B8
  5
24C7
331
24B9
  5
24C8
331
24BA
  5
24C9
331
24BB
  5
24CA
331
24BC
  5
24CB
331
24BD
  5
24CC
331
24BE
  5
24CD
331
24BF
  5
24CE
331
24C0
  5
24CF
331
24C1
  5
24D0
331
24C2
  5
24D1
331
24C3
  5
24D2
331
24C4
  5
24D3
331
24C5
  5
24D4
331
24C6
  5
24D5
331
24C7
  5
24D6
331
24C8
  5
24D7
331
24C9
  5
24D8
331
24CA
  5
24D9
331
24CB
  5
24DA
331
24CC
  5
24DB
331
24CD
  5
24DC
331
24CE
  5
24DD
331
24CF
  5
24DE
331
24D0
  5
24DF
331
24D1
  5
24E0
331
24D2
  5
24E1
331
24D3
  5
24E2
331
24D4
  5
24E3
331
24D5
  5
24E4
331
24D6
  5
24E5
331
24D7
  5
24E6
331
24D8
  5
24E7
331
24D9
  5
24E8
331
24DA
  5
24E9
331
24DB
  5
24EA
331
24DC
  5
24EB
331
24DD
  5
24EC
331
24DE
  5
24ED
331
24DF
  5
24EE
331
24E0
  5
24EF
331
24E1
  5
24F0
331
24E2
  5
24F1
331
24E3
  5
24F2
331
24E4
  5
24F3
331
24E5
  5
24F4
331
24E6
  5
24F5
331
24E7
  5
24F6
331
24E8
  5
24F7
331
24E9
  5
24F8
331
24EA
  5
24F9
331
24EB
  5
24FA
331
24EC
  5
24FB
331
24ED
  5
24FC
331
24EE
  5
24FD
331
24EF
  5
24FE
331
24F0
  5
24FF
331
24F1
  5
2500
331
24F2
  5
2501
331
24F3
  5
2502
331
24F4
  5
2503
331
24F5
  5
2504
331
24F6
  5
2505
331
24F7
  5
2506
331
24F8
  5
2507
331
24F9
  5
2508
331
24FA
  5
2509
331
24FB
  5
250A
331
24FC
  5
250B
331
24FD
  5
250C
331
24FE
  5
250D
331
24FF
  5
250E
331
2500
  5
250F
331
2501
  5
2510
331
2502
  5
2511
331
2503
  5
2512
331
2504
  5
2513
331
2505
  5
2514
331
2506
  5
2515
331
2507
  5
2516
331
2508
  5
2517
331
2509
  5
2518
331
250A
  5
2519
331
250B
  5
251A
331
250C
  5
251B
331
250D
  5
251C
331
250E
  5
251D
331
250F
  5
251E
331
2510
  5
251F
331
2511
  5
2520
331
2512
  5
2521
331
2513
  5
2522
331
2514
  5
2523
331
2515
  5
2524
331
2516
  5
2525
331
2517
  5
2526
331
2518
  5
2527
331
2519
  5
2528
331
251A
  5
2529
331
251B
  5
252A
331
251C
  5
252B
331
251D
  5
252C
331
251E
  5
252D
331
251F
  5
252E
331
2520
  5
252F
331
2521
  5
2530
331
2522
  5
2531
331
2523
  5
2532
331
2524
  5
2533
331
2525
  5
2534
331
2526
  5
2535
331
2527
  5
2536
331
2528
  5
2537
331
2529
  5
2538
331
252A
  5
2539
331
252B
  5
253A
331
252C
  5
253B
331
252D
  5
253C
331
252E
  5
253D
331
252F
  5
253E
331
2530
  5
253F
331
2531
  5
2540
331
2532
  5
2541
331
2533
  5
2542
331
2534
  5
2543
331
2535
  5
2544
331
2536
  5
2545
331
2537
  5
2546
331
2538
  5
2547
331
2539
  5
2548
331
253A
  5
2549
331
253B
  5
254A
331
253C
  5
254B
331
253D
  5
254C
331
253E
  5
254D
331
253F
  5
254E
331
2540
  5
254F
331
2541
  5
2550
331
2542
  5
2551
331
2543
  5
2552
331
2544
  5
2553
331
2545
  5
2554
331
2546
  5
2555
331
2547
  5
2556
331
2548
  5
2557
331
2549
  5
2558
331
254A
  5
2559
331
254B
  5
255A
331
254C
  5
255B
331
254D
  5
255C
331
254E
  5
255D
331
254F
  5
255E
331
2550
  5
255F
331
2551
  5
2560
331
2552
  5
2561
331
2553
  5
2562
331
2554
  5
2563
331
2555
  5
2564
331
2556
  5
2565
331
2557
  5
2566
331
2558
  5
2567
331
2559
  5
2568
331
255A
  5
2569
331
255B
  5
256A
331
255C
  5
256B
331
255D
  5
256C
331
255E
  5
256D
331
255F
  5
256E
331
2560
  5
256F
331
2561
  5
2570
331
2562
  5
2571
331
2563
  5
2572
331
2564
  5
2573
331
2565
  5
2574
331
2566
  5
2575
331
2567
  5
2577
331
2568
  5
2579
331
2569
  5
257A
331
256A
  5
257B
331
256B
  5
257C
331
256C
  5
257D
331
256D
  5
257E
331
256E
  5
257F
331
256F
  5
2580
331
2570
  5
2581
331
2571
  5
2582
331
2572
  5
2583
331
2573
  5
2584
331
2574
  5
2585
331
2575
  5
2586
331
2577
  5
2587
331
2579
  5
2588
331
257A
  5
2589
331
257B
  5
258A
331
257C
  5
258B
331
257D
  5
258C
331
257E
  5
258D
331
257F
  5
258E
331
2580
  5
258F
331
2581
  5
2590
331
2582
  5
2591
331
2583
  5
2592
331
2584
  5
2593
331
2585
  5
2594
331
2586
  5
2595
331
2587
  5
2596
331
2588
  5
2597
331
2589
  5
2598
331
258A
  5
2599
331
258B
  5
259A
331
258C
  5
259B
331
258D
  5
259C
331
258E
  5
259D
331
258F
  5
259E
331
2590
  5
259F
331
2591
  5
25A0
331
2592
  5
25A1
331
2593
  5
25A2
331
2594
  5
25A3
331
2595
  5
25A4
331
2596
  5
25A5
331
2597
  5
25A6
331
2598
  5
25A7
331
2599
  5
25A8
331
259A
  5
25A9
331
259B
  5
25AA
331
259C
  5
25AB
331
259D
  5
25AC
331
259E
  5
25AD
331
259F
  5
25AE
331
25A0
  5
25AF
331
25A1
  5
25B0
331
25A2
  5
25B1
331
25A3
  5
25B2
331
25A4
  5
25B3
331
25A5
  5
25B4
331
25A6
  5
25B5
331
25A7
  5
25B6
331
25A8
  5
25B7
331
25A9
  5
25B8
331
25AA
  5
25B9
331
25AB
  5
25BA
331
25AC
  5
25BB
331
25AD
  5
25BC
331
25AE
  5
25BD
331
25AF
  5
25BE
331
25B0
  5
25BF
331
25B1
  5
25C0
331
25B2
  5
25C1
331
25B3
  5
25C2
331
25B4
  5
25C3
331
25B5
  5
25C4
331
25B6
  5
25C5
331
25B7
  5
25C6
331
25B8
  5
25C7
331
25B9
  5
25C8
331
25BA
  5
25C9
331
25BB
  5
25CA
331
25BC
  5
25CB
331
25BD
  5
25CC
331
25BE
  5
25CD
331
25BF
  5
25CE
331
25C0
  5
25CF
331
25C1
  5
25D0
331
25C2
  5
25D1
331
25C3
  5
25D2
331
25C4
  5
25D3
331
25C5
  5
25D4
331
25C6
  5
25D5
331
25C7
  5
25D6
331
25C8
  5
25D7
331
25C9
  5
25D8
331
25CA
  5
25D9
331
25CB
  5
25DA
331
25CC
  5
25DB
331
25CD
  5
25DC
331
25CE
  5
25DD
331
25CF
  5
25DE
331
25D0
  5
25DF
331
25D1
  5
25E0
331
25D2
  5
25E1
331
25D3
  5
25E2
331
25D4
  5
25E3
331
25D5
  5
25E4
331
25D6
  5
25E6
331
25D7
  5
25E7
331
25D8
  5
25E8
331
25D9
  5
25E9
331
25DA
  5
25EA
331
25DB
  5
25EB
331
25DC
  5
25EC
331
25DD
  5
25ED
331
25DE
  5
25EE
331
25DF
  5
25EF
331
25E0
  5
25F0
331
25E1
  5
25F1
331
25E2
  5
25F2
331
25E3
  5
25F3
331
25E4
  5
25F4
331
25E6
  5
25F5
331
25E7
  5
25F6
331
25E8
  5
25F7
331
25E9
  5
25F8
331
25EA
  5
25F9
331
25EB
  5
25FA
331
25EC
  5
25FB
331
25ED
  5
25FC
331
25EE
  5
25FD
331
25EF
  5
25FE
331
25F0
  5
25FF
331
25F1
  5
2600
331
25F2
  5
2601
331
25F3
  5
2602
331
25F4
  5
2603
331
25F5
  5
2604
331
25F6
  5
2605
331
25F7
  5
2606
331
25F8
  5
2607
331
25F9
  5
2608
331
25FA
  5
2609
331
25FB
  5
260A
331
25FC
  5
260B
331
25FD
  5
260C
331
25FE
  5
260D
331
25FF
  5
260E
331
2600
  5
260F
331
2601
  5
2610
331
2602
  5
2611
331
2603
  5
2612
331
2604
  5
3A27
331
2605
  5
3A28
331
2606
  5
3AA1
331
2607
  5
3AA2
331
2608
  5
3AA4
331
2609
  5
3AA5
331
260A
  5
3AA6
331
260B
  5
3AA7
331
260C
  5
3AA8
331
260D
  5
3AA9
331
260E
  5
3AAA
331
260F
  5
3AAB
331
2610
  5
3AAC
331
2611
  5
3AAD
331
2612
  5
3AAE
331
3A27
  5
3AAF
331
3A28
  5
3AB1
331
3AA1
  5
3AB3
331
3AA2
  5
3AB6
331
3AA4
  5
3ADE
331
3AA5
  5
3B0D
331
3AA6
  5
3B0E
331
3AA7
  5
3B0F
331
3AA8
  5
3B10
331
3AA9
  5
3B11
331
3AAA
  5
3B12
331
3AAB
  5
3B15
331
3AAC
  5
3B16
331
3AAD
  5
3B4A
331
3AAE
  5
3B4B
331
3AAF
  5
3B4C
331
3AB1
  5
3B52
331
3AB3
  5
3B53
331
3AB6
  5
3B64
331
3ADE
  5
3B65
331
3B64
  5
3B66
331
3B65
  5
3B68
331
3B66
  5
3B69
331
3B68
  5
3B80
331
3B69
  5
3B98
331
3B80
  5
3B9F
331
3B98
  5
3BA9
331
3B9F
  5
3BAA
  0
SORTENTSTABLE
  5
331
102
{ACAD_REACTORS
330
2E6
102
}
330
2E6
100
AcDbSortentsTable
330
1B
331
64
  5
A92
331
6DC
  5
6DB
331
6E1
  5
6DC
331
6E6
  5
6E1
  0
SORTENTSTABLE
  5
17B6
102
{ACAD_REACTORS
330
17B5
102
}
330
17B5
100
AcDbSortentsTable
330
17B4
  0
SORTENTSTABLE
  5
17BE
102
{ACAD_REACTORS
330
17BD
102
}
330
17BD
100
AcDbSortentsTable
330
17BC
331
17C0
  5
17C1
331
17C1
  5
17C2
331
17C2
  5
17C3
331
17C3
  5
17C0
  0
DICTIONARY
  5
BF6
102
{ACAD_REACTORS
330
BF5
102
}
330
BF5
100
AcDbDictionary
280
     1
281
     1
  3
TEXT
360
BF7
  0
DICTIONARY
  5
BFB
102
{ACAD_REACTORS
330
BFA
102
}
330
BFA
100
AcDbDictionary
280
     1
281
     1
  3
TEXT
360
BFC
  0
DICTIONARY
  5
C00
102
{ACAD_REACTORS
330
BFF
102
}
330
BFF
100
AcDbDictionary
280
     1
281
     1
  3
TEXT
360
C01
  0
DICTIONARY
  5
C05
102
{ACAD_REACTORS
330
C04
102
}
330
C04
100
AcDbDictionary
280
     1
281
     1
  3
TEXT
360
C06
  0
DICTIONARY
  5
C0A
102
{ACAD_REACTORS
330
C09
102
}
330
C09
100
AcDbDictionary
280
     1
281
     1
  3
TEXT
360
C0B
  0
DICTIONARY
  5
C0F
102
{ACAD_REACTORS
330
C0E
102
}
330
C0E
100
AcDbDictionary
280
     1
281
     1
  3
TEXT
360
C10
  0
DICTIONARY
  5
C15
102
{ACAD_REACTORS
330
C14
102
}
330
C14
100
AcDbDictionary
280
     1
281
     1
  3
TEXT
360
C16
  0
DIMASSOC
  5
3AF1
102
{ACAD_REACTORS
330
3AE9
102
}
330
3AE9
100
AcDbDimAssoc
330
3ADE
 90
        3
 70
     0
 71
     0
  1
AcDbOsnapPointRef
 72
     6
331
21C4
 73
     2
 91
        2
 40
0.9891218807963404
 10
353798.7605007791
 20
355977.0266134047
 30
0.0
332
20AB
 74
     2
 92
        0
 75
     0
  1
AcDbOsnapPointRef
 72
    13
331
25C5
 73
     2
 91
        0
 40
0.0
 10
353796.5260744299
 20
355977.2910452684
 30
0.0
 75
     0
  0
DIMASSOC
  5
3B97
102
{ACAD_REACTORS
330
3B8D
102
}
330
3B8D
100
AcDbDimAssoc
330
3B80
 90
        3
 70
     0
 71
     0
  1
AcDbOsnapPointRef
 72
    13
331
2437
 73
     2
 91
        0
 40
0.0
 10
0.0
 20
0.0
 30
2.000000000000000E+50
 75
     0
  1
AcDbOsnapPointRef
 72
     8
331
243C
 73
     2
 91
        0
 40
-0.0000000000041156
 10
0.0
 20
0.0
 30
0.0
 75
     1
  1
AcDbOsnapPointRef
 72
    13
331
2437
 73
     2
 91
        0
 40
0.0
 10
0.0
 20
0.0
 30
2.000000000000000E+50
 75
     0
  0
DICTIONARY
  5
6DE
102
{ACAD_REACTORS
330
6DD
102
}
330
6DD
100
AcDbDictionary
280
     1
281
     1
  3
TEXT
360
6DF
  0
DICTIONARY
  5
6E3
102
{ACAD_REACTORS
330
6E2
102
}
330
6E2
100
AcDbDictionary
280
     1
281
     1
  3
TEXT
360
6E4
  0
DICTIONARY
  5
6E8
102
{ACAD_REACTORS
330
6E7
102
}
330
6E7
100
AcDbDictionary
280
     1
281
     1
  3
TEXT
360
6E9
  0
DICTIONARY
  5
C1C
102
{ACAD_REACTORS
330
C1B
102
}
330
C1B
100
AcDbDictionary
280
     1
281
     1
  3
TEXT
360
C1D
  0
DICTIONARY
  5
C21
102
{ACAD_REACTORS
330
C20
102
}
330
C20
100
AcDbDictionary
280
     1
281
     1
  3
TEXT
360
C22
  0
DICTIONARY
  5
C26
102
{ACAD_REACTORS
330
C25
102
}
330
C25
100
AcDbDictionary
280
     1
281
     1
  3
TEXT
360
C27
  0
DICTIONARY
  5
C2B
102
{ACAD_REACTORS
330
C2A
102
}
330
C2A
100
AcDbDictionary
280
     1
281
     1
  3
TEXT
360
C2C
  0
DICTIONARY
  5
C30
102
{ACAD_REACTORS
330
C2F
102
}
330
C2F
100
AcDbDictionary
280
     1
281
     1
  3
TEXT
360
C31
  0
DICTIONARY
  5
C35
102
{ACAD_REACTORS
330
C34
102
}
330
C34
100
AcDbDictionary
280
     1
281
     1
  3
TEXT
360
C36
  0
DICTIONARY
  5
C3B
102
{ACAD_REACTORS
330
C3A
102
}
330
C3A
100
AcDbDictionary
280
     1
281
     1
  3
TEXT
360
C3C
  0
ACDBDETAILVIEWSTYLE
  5
185F
102
{ACAD_REACTORS
330
11EA
102
}
330
11EA
100
AcDbModelDocViewStyle
 70
     0
  3
Imperial24
290
     0
300
Imperial24
 90
        0
100
AcDbDetailViewStyle
 70
     0
 71
     0
 90
        3
 71
     1
340
11
 62
   256
 40
0.24
340
0
 62
   256
 40
0.24
300

 40
0.36
280
     3
 71
     2
340
16
 90
       25
 62
   256
 71
     3
340
11
 62
   256
 40
0.24
 90
        1
 40
0.75
 90
        1
300
%<\AcVar ViewType \f "%tc1">% %<\AcVar ViewDetailId>%\PSCALE %<\AcVar ViewScale \f "%sn">%
 71
     4
340
16
 90
       25
 62
   256
340
16
 90
       25
 62
   256
280
     0
  0
ACDBDETAILVIEWSTYLE
  5
11EB
102
{ACAD_REACTORS
330
11EA
102
}
330
11EA
100
AcDbModelDocViewStyle
 70
     0
  3
Metric50
290
     0
300
Metric50
 90
        0
100
AcDbDetailViewStyle
 70
     0
 71
     0
 90
        3
 71
     1
340
11
 62
   256
 40
5.0
340
0
 62
   256
 40
5.0
300

 40
0.0
280
     1
 71
     2
340
16
 90
       25
 62
   256
 71
     3
340
11
 62
   256
 40
5.0
 90
        0
 40
15.0
 90
        1
300
%<\AcVar ViewDetailId>% (%<\AcVar ViewScale \f "%sn">%)
 71
     4
340
16
 90
       25
 62
   256
340
16
 90
       25
 62
   256
280
     0
  0
LAYOUT
  5
1E
102
{ACAD_XDICTIONARY
360
2B9
102
}
102
{ACAD_REACTORS
330
1A
102
}
330
1A
100
AcDbPlotSettings
  1

  2
DWF6 ePlot.pc3
  4
ISO_A1_(594.00_x_841.00_MM)
  6

 40
5.793749809265136
 41
17.79375076293945
 42
5.79376220703125
 43
17.79376220703125
 44
594.0
 45
841.0
 46
0.0
 47
0.0
 48
0.0
 49
0.0
140
0.0
141
0.0
142
1.0
143
1.0
 70
   688
 72
     1
 73
     1
 74
     5
  7

 75
    16
147
1.0
 76
     1
 77
     2
 78
   200
148
0.0238946980155106
149
0.0328659028273251
100
AcDbLayout
  1
ISO A1
 70
     1
 71
     1
 10
-17.81765690504676
 20
-5.826615712092461
 11
823.1823430949532
 21
588.1733842879075
 12
0.0
 22
0.0
 32
0.0
 14
-7.295238095238097
 24
-0.761904761904762
 34
0.0
 15
801.0
 25
567.0
 35
0.0
146
0.0
 13
0.0
 23
0.0
 33
0.0
 16
1.0
 26
0.0
 36
0.0
 17
0.0
 27
1.0
 37
0.0
 76
     0
330
1B
331
64
1001
ACAD_PSEXT
1000
DWF6 ePlot.pc3
1000
DWF6 ePlot
1000
File
1000

1070
     0
  0
LAYOUT
  5
22
102
{ACAD_REACTORS
330
1A
102
}
330
1A
100
AcDbPlotSettings
  1

  2
none_device
  4
ISO_A4_(210.00_x_297.00_MM)
  6

 40
7.5
 41
20.0
 42
7.5
 43
20.0
 44
210.0
 45
297.0
 46
0.0
 47
0.0
 48
0.0
 49
0.0
140
0.0
141
0.0
142
1.0
143
0.0634389425702347
 70
 11952
 72
     1
 73
     1
 74
     0
  7

 75
     0
147
15.76318834275772
 76
     0
 77
     2
 78
   300
148
0.103970948132943
149
0.0564853556485359
100
AcDbLayout
  1
Model
 70
     1
 71
     0
 10
0.0
 20
0.0
 11
12.0
 21
9.0
 12
0.0
 22
0.0
 32
0.0
 14
0.0
 24
0.0
 34
0.0
 15
0.0
 25
0.0
 35
0.0
146
0.0
 13
0.0
 23
0.0
 33
0.0
 16
1.0
 26
0.0
 36
0.0
 17
0.0
 27
1.0
 37
0.0
 76
     0
330
1F
331
F12
1001
ACAD_PSEXT
1000
None
1000
None
1000
Not applicable
1000
The layout will not be plotted unless a new plotter configuration name is selected.
1070
     0
  0
MATERIAL
  5
1164
102
{ACAD_XDICTIONARY
360
11C8
102
}
102
{ACAD_REACTORS
330
19D
102
}
330
19D
100
AcDbMaterial
  1
ByBlock
 73
     1
 78
     1
172
     1
176
     1
270
     1
274
     1
 94
       63
  0
MATERIAL
  5
1163
102
{ACAD_XDICTIONARY
360
11C6
102
}
102
{ACAD_REACTORS
330
19D
102
}
330
19D
100
AcDbMaterial
  1
ByLayer
 73
     1
 78
     1
172
     1
176
     1
270
     1
274
     1
 94
       63
  0
MATERIAL
  5
1165
102
{ACAD_XDICTIONARY
360
11CA
102
}
102
{ACAD_REACTORS
330
19D
102
}
330
19D
100
AcDbMaterial
  1
Global
 73
     1
 78
     1
172
     1
176
     1
270
     1
274
     1
 94
       63
  0
MLEADERSTYLE
  5
11A9
102
{ACAD_REACTORS
330
11A8
102
}
330
11A8
100
AcDbMLeaderStyle
179
     2
170
     2
171
     1
172
     0
 90
        2
 40
0.0
 41
0.0
173
     1
 91
-1056964608
340
14
 92
       -2
290
     1
 42
2.0
291
     1
 43
0.36
  3
Standard
 44
4.0
300

342
11
174
     1
178
     6
175
     1
176
     0
 93
-1056964608
 45
4.0
292
     0
297
     0
 46
4.0
 94
-1056964608
 47
1.0
 49
1.0
140
1.0
293
     1
141
0.0
294
     1
177
     0
142
1.0
295
     0
296
     0
143
0.125
271
     0
272
     9
273
     9
298
     1
  0
MLINESTYLE
  5
18
102
{ACAD_REACTORS
330
17
102
}
330
17
100
AcDbMlineStyle
  2
STANDARD
 70
     0
  3

 62
   256
 51
90.0
 52
90.0
 71
     2
 49
0.5
 62
   256
  6
BYLAYER
 49
-0.5
 62
   256
  6
BYLAYER
  0
PLOTSETTINGS
  5
9A7
102
{ACAD_REACTORS
330
19
102
}
330
19
100
AcDbPlotSettings
  1
ISO A1 - Full Scale
  2
DWF6 ePlot.pc3
  4
ISO_A1_(594.00_x_841.00_MM)
  6

 40
5.793749809265136
 41
17.79375076293945
 42
5.79376220703125
 43
17.79376220703125
 44
594.0
 45
841.0
 46
0.0
 47
0.0
 48
0.0
 49
0.0
140
0.0
141
0.0
142
1.0
143
1.0
 70
  2736
 72
     1
 73
     1
 74
     5
  7

 75
    16
147
1.0
 76
     1
 77
     2
 78
   200
148
0.0093010481555268
149
0.0069757861166451
1001
ACAD_PSEXT
1000
DWF6 ePlot.pc3
1000
DWF6 ePlot
1000
File
1000

1070
     0
  0
PLOTSETTINGS
  5
A38
102
{ACAD_REACTORS
330
19
102
}
330
19
100
AcDbPlotSettings
  1
ISO A1 - Full Scale - Monochrome
  2
DWF6 ePlot.pc3
  4
ISO_A1_(594.00_x_841.00_MM)
  6

 40
5.793749809265136
 41
17.79375076293945
 42
5.79376220703125
 43
17.79376220703125
 44
594.0
 45
841.0
 46
0.0
 47
0.0
 48
0.0
 49
0.0
140
0.0
141
0.0
142
1.0
143
1.0
 70
  2736
 72
     1
 73
     1
 74
     5
  7
monochrome.ctb
 75
    16
147
1.0
 76
     1
 77
     2
 78
   200
148
0.0093010481555268
149
0.0069757861166451
1001
ACAD_PSEXT
1000
DWF6 ePlot.pc3
1000
DWF6 ePlot
1000
File
1000

1070
     0
  0
PLOTSETTINGS
  5
9A8
102
{ACAD_REACTORS
330
19
102
}
330
19
100
AcDbPlotSettings
  1
ISO A3 - Scale to Fit
  2
DWF6 ePlot.pc3
  4
ISO_A3_(297.00_x_420.00_MM)
  6

 40
5.793749809265136
 41
17.79375076293945
 42
5.79376220703125
 43
17.79376220703125
 44
297.0
 45
420.0
 46
7.468695840840183
 47
0.0
 48
0.0
 49
0.0
140
0.0
141
0.0
142
1.0
143
2.099257163338751
 70
  2740
 72
     1
 73
     1
 74
     1
  7

 75
     0
147
0.4763589794827976
 76
     1
 77
     2
 78
   200
148
5.97312673491001
149
0.7690581708468472
1001
ACAD_PSEXT
1000
DWF6 ePlot.pc3
1000
DWF6 ePlot
1000
File
1000

1070
     0
  0
PLOTSETTINGS
  5
9A9
102
{ACAD_REACTORS
330
19
102
}
330
19
100
AcDbPlotSettings
  1
ISO A4 - Scale to Fit
  2
DWF6 ePlot.pc3
  4
ISO_A4_(210.00_x_297.00_MM)
  6

 40
5.793749809265136
 41
17.79375076293945
 42
5.793746948242187
 43
17.79376220703125
 44
210.0
 45
297.0
 46
7.24049870012017
 47
0.0
 48
0.0
 49
0.0
140
0.0
141
0.0
142
1.0
143
3.087001222638432
 70
  2740
 72
     1
 73
     1
 74
     1
  7

 75
     0
147
0.3239389711499074
 76
     1
 77
     2
 78
   200
148
5.97312673491001
149
0.7690581708468472
1001
ACAD_PSEXT
1000
DWF6 ePlot.pc3
1000
DWF6 ePlot
1000
File
1000

1070
     0
  0
ACDBPLACEHOLDER
  5
F
102
{ACAD_REACTORS
330
E
102
}
330
E
  0
RAPIDRTRENDERSETTINGS
  5
3AD9
102
{ACAD_REACTORS
330
3AD5
102
}
330
3AD5
100
AcDbRenderSettings
 90
        2
  1
Coffee-Break Quality
290
     1
290
     0
290
     1
290
     1
  1

  1
Renders for 10 minutes
 90
        3
100
AcDbRapidRTRenderSettings
 90
        3
 70
     1
 90
        1
 90
       10
 70
     1
 70
     2
 40
3.0
 40
3.0
290
     1
  0
RAPIDRTRENDERSETTINGS
  5
3AD8
102
{ACAD_REACTORS
330
3AD5
102
}
330
3AD5
100
AcDbRenderSettings
 90
        2
  1
High
290
     1
290
     0
290
     1
290
     1
  1

  1
Applies 10 rendering levels
 90
        2
100
AcDbRapidRTRenderSettings
 90
        3
 70
     0
 90
       10
 90
        1
 70
     2
 70
     2
 40
3.0
 40
3.0
290
     1
  0
RAPIDRTRENDERSETTINGS
  5
3AD6
102
{ACAD_REACTORS
330
3AD5
102
}
330
3AD5
100
AcDbRenderSettings
 90
        2
  1
Low
290
     1
290
     0
290
     1
290
     1
  1

  1
Applies 1 rendering level
 90
        0
100
AcDbRapidRTRenderSettings
 90
        3
 70
     0
 90
        1
 90
        1
 70
     0
 70
     2
 40
3.0
 40
3.0
290
     1
  0
RAPIDRTRENDERSETTINGS
  5
3ADA
102
{ACAD_REACTORS
330
3AD5
102
}
330
3AD5
100
AcDbRenderSettings
 90
        2
  1
Lunch Quality
290
     1
290
     0
290
     1
290
     1
  1

  1
Renders for 60 minutes
 90
        4
100
AcDbRapidRTRenderSettings
 90
        3
 70
     1
 90
        1
 90
       60
 70
     2
 70
     2
 40
3.0
 40
3.0
290
     1
  0
RAPIDRTRENDERSETTINGS
  5
3AD7
102
{ACAD_REACTORS
330
3AD5
102
}
330
3AD5
100
AcDbRenderSettings
 90
        2
  1
Medium
290
     1
290
     0
290
     1
290
     1
  1

  1
Applies 5 rendering levels
 90
        1
100
AcDbRapidRTRenderSettings
 90
        3
 70
     0
 90
        5
 90
        1
 70
     1
 70
     2
 40
3.0
 40
3.0
290
     1
  0
RAPIDRTRENDERSETTINGS
  5
3ADB
102
{ACAD_REACTORS
330
3AD5
102
}
330
3AD5
100
AcDbRenderSettings
 90
        2
  1
Overnight Quality
290
     1
290
     0
290
     1
290
     1
  1

  1
Renders for 12 hours
 90
        5
100
AcDbRapidRTRenderSettings
 90
        3
 70
     1
 90
        1
 90
      720
 70
     2
 70
     2
 40
3.0
 40
3.0
290
     1
  0
SCALE
  5
1197
102
{ACAD_REACTORS
330
1196
102
}
330
1196
100
AcDbScale
 70
     0
300
1:1
140
1.0
141
1.0
290
     1
  0
SCALE
  5
1198
102
{ACAD_REACTORS
330
1196
102
}
330
1196
100
AcDbScale
 70
     0
300
1:2
140
1.0
141
2.0
290
     0
  0
SCALE
  5
1199
102
{ACAD_REACTORS
330
1196
102
}
330
1196
100
AcDbScale
 70
     0
300
1:4
140
1.0
141
4.0
290
     0
  0
SCALE
  5
119A
102
{ACAD_REACTORS
330
1196
102
}
330
1196
100
AcDbScale
 70
     0
300
1:5
140
1.0
141
5.0
290
     0
  0
SCALE
  5
119B
102
{ACAD_REACTORS
330
1196
102
}
330
1196
100
AcDbScale
 70
     0
300
1:8
140
1.0
141
8.0
290
     0
  0
SCALE
  5
119C
102
{ACAD_REACTORS
330
1196
102
}
330
1196
100
AcDbScale
 70
     0
300
1:10
140
1.0
141
10.0
290
     0
  0
SCALE
  5
119D
102
{ACAD_REACTORS
330
1196
102
}
330
1196
100
AcDbScale
 70
     0
300
1:16
140
1.0
141
16.0
290
     0
  0
SCALE
  5
119E
102
{ACAD_REACTORS
330
1196
102
}
330
1196
100
AcDbScale
 70
     0
300
1:20
140
1.0
141
20.0
290
     0
  0
SCALE
  5
119F
102
{ACAD_REACTORS
330
1196
102
}
330
1196
100
AcDbScale
 70
     0
300
1:30
140
1.0
141
30.0
290
     0
  0
SCALE
  5
11A0
102
{ACAD_REACTORS
330
1196
102
}
330
1196
100
AcDbScale
 70
     0
300
1:40
140
1.0
141
40.0
290
     0
  0
SCALE
  5
11A1
102
{ACAD_REACTORS
330
1196
102
}
330
1196
100
AcDbScale
 70
     0
300
1:50
140
1.0
141
50.0
290
     0
  0
SCALE
  5
11A2
102
{ACAD_REACTORS
330
1196
102
}
330
1196
100
AcDbScale
 70
     0
300
1:100
140
1.0
141
100.0
290
     0
  0
SCALE
  5
11A3
102
{ACAD_REACTORS
330
1196
102
}
330
1196
100
AcDbScale
 70
     0
300
2:1
140
2.0
141
1.0
290
     0
  0
SCALE
  5
11A4
102
{ACAD_REACTORS
330
1196
102
}
330
1196
100
AcDbScale
 70
     0
300
4:1
140
4.0
141
1.0
290
     0
  0
SCALE
  5
11A5
102
{ACAD_REACTORS
330
1196
102
}
330
1196
100
AcDbScale
 70
     0
300
8:1
140
8.0
141
1.0
290
     0
  0
SCALE
  5
11A6
102
{ACAD_REACTORS
330
1196
102
}
330
1196
100
AcDbScale
 70
     0
300
10:1
140
10.0
141
1.0
290
     0
  0
SCALE
  5
11A7
102
{ACAD_REACTORS
330
1196
102
}
330
1196
100
AcDbScale
 70
     0
300
100:1
140
100.0
141
1.0
290
     0
  0
ACDBSECTIONVIEWSTYLE
  5
185E
102
{ACAD_REACTORS
330
11E8
102
}
330
11E8
100
AcDbModelDocViewStyle
 70
     0
  3
Imperial24
290
     0
300
Imperial24
 90
        0
100
AcDbSectionViewStyle
 70
     0
 71
     0
 90
       78
 71
     1
340
11
 62
   256
 40
0.24
340
0
340
0
 62
   256
 40
0.24
300
I, O, Q, S, X, Z
 40
0.48
 90
        3
 40
0.18
 90
        1
 71
     2
340
16
 90
       25
 62
   256
340
16
 90
       50
 62
   256
 40
0.24
 40
0.0
 40
0.24
 71
     3
340
11
 62
   256
 40
0.24
 90
        1
 40
0.75
 90
        1
300
%<\AcVar ViewType \f "%tc1">% %<\AcVar ViewSectionStartId>%-%<\AcVar ViewSectionEndId>%\PSCALE %<\AcVar ViewScale \f "%sn">%
 71
     4
 62
   256
 62
   257
300
ANSI31
 40
1.0
 90
        0
290
     0
290
     0
 90
        6
 40
0.0
 40
1.570796326794896
 40
0.2617993877991494
 40
1.308996938995747
 40
-0.2617993877991494
 40
1.832595714594046
  0
ACDBSECTIONVIEWSTYLE
  5
11E9
102
{ACAD_REACTORS
330
11E8
102
}
330
11E8
100
AcDbModelDocViewStyle
 70
     0
  3
Metric50
290
     0
300
Metric50
 90
        0
100
AcDbSectionViewStyle
 70
     0
 71
     0
 90
      102
 71
     1
340
11
 62
   256
 40
5.0
340
0
340
0
 62
   256
 40
5.0
300
I, O, Q, S, X, Z
 40
10.0
 90
        0
 40
2.5
 90
        0
 71
     2
340
16
 90
       25
 62
   256
340
16
 90
       50
 62
   256
 40
5.0
 40
2.5
 40
5.0
 71
     3
340
11
 62
   256
 40
5.0
 90
        0
 40
15.0
 90
        1
300
%<\AcVar ViewSectionStartId>%-%<\AcVar ViewSectionEndId>% (%<\AcVar ViewScale \f "%sn">%)
 71
     4
 62
   256
 62
   257
300
ANSI31
 40
1.0
 90
        0
290
     0
290
     0
 90
        6
 40
0.0
 40
1.570796326794896
 40
0.2617993877991494
 40
1.308996938995747
 40
-0.2617993877991494
 40
1.832595714594046
  0
TABLESTYLE
  5
2B2
102
{ACAD_XDICTIONARY
360
125D
102
}
102
{ACAD_REACTORS
330
2B1
102
}
330
2B1
100
AcDbTableStyle
280
     0
  3
Standard
 70
     0
 71
     0
 40
1.5
 41
1.5
280
     0
281
     0
  7
Standard
140
4.5
170
     2
 62
     0
 63
     7
283
     0
 90
      512
 91
        0
  1

274
    -2
284
     1
 64
     0
275
    -2
285
     1
 65
     0
276
    -2
286
     1
 66
     0
277
    -2
287
     1
 67
     0
278
    -2
288
     1
 68
     0
279
    -2
289
     1
 69
     0
  7
Standard
140
6.0
170
     5
 62
     0
 63
     7
283
     0
 90
      512
 91
        0
  1

274
    -2
284
     1
 64
     0
275
    -2
285
     1
 65
     0
276
    -2
286
     1
 66
     0
277
    -2
287
     1
 67
     0
278
    -2
288
     1
 68
     0
279
    -2
289
     1
 69
     0
  7
Standard
140
4.5
170
     5
 62
     0
 63
     7
283
     0
 90
      512
 91
        0
  1

274
    -2
284
     1
 64
     0
275
    -2
285
     1
 65
     0
276
    -2
286
     1
 66
     0
277
    -2
287
     1
 67
     0
278
    -2
288
     1
 68
     0
279
    -2
289
     1
 69
     0
  0
VISUALSTYLE
  5
116C
102
{ACAD_REACTORS
330
1166
102
}
330
1166
100
AcDbVisualStyle
  2
2dWireframe
 70
     4
177
     3
291
     0
 70
    58
 90
        0
176
     1
 90
        2
176
     1
 90
        1
176
     1
 90
        0
176
     1
 40
0.6
176
     1
 40
30.0
176
     1
 62
     7
420
 16777215
176
     1
 90
        1
176
     1
 90
        4
176
     1
 62
     7
176
     1
 62
   257
176
     1
 90
        1
176
     1
 90
        1
176
     1
 40
1.0
176
     1
 90
        0
176
     1
 62
   257
176
     1
 40
1.0
176
     1
 90
        1
176
     1
 90
        6
176
     1
 90
        2
176
     1
 62
     7
176
     1
 90
        5
176
     1
 90
        0
176
     1
 90
        0
176
     1
290
     0
176
     1
 90
        1
176
     1
 40
0.0
176
     1
 90
        0
176
     1
290
     1
176
     1
290
     1
176
     1
290
     0
176
     1
290
     0
176
     1
290
     0
176
     1
290
     0
176
     1
290
     0
176
     1
290
     0
176
     1
290
     0
176
     1
 90
       50
176
     1
 40
0.0
176
     1
 40
1.0
176
     1
 90
        0
176
     1
 62
    18
420
        0
176
     1
 90
       50
176
     1
 90
        3
176
     1
 62
     5
420
      255
176
     1
290
     0
176
     1
 90
       50
176
     1
 90
       50
176
     1
 90
       50
176
     1
290
     0
176
     1
 90
       50
176
     1
 62
   256
176
     0
 40
1.0
176
     0
 90
        2
176
     1
  1
strokes_ogs.tif
176
     1
290
     0
176
     1
 40
1.0
176
     1
 40
1.0
176
     1
  0
VISUALSTYLE
  5
185D
102
{ACAD_REACTORS
330
1166
102
}
330
1166
100
AcDbVisualStyle
  2
3dWireframe
 70
     5
177
     3
291
     0
 70
    58
 90
        0
176
     1
 90
        2
176
     1
 90
        0
176
     1
 90
        0
176
     1
 40
0.6
176
     1
 40
30.0
176
     1
 62
     7
176
     1
 90
        1
176
     1
 90
        4
176
     1
 62
     7
176
     1
 62
   257
176
     1
 90
        1
176
     1
 90
        1
176
     1
 40
1.0
176
     1
 90
        0
176
     1
 62
   257
176
     1
 40
1.0
176
     1
 90
        1
176
     1
 90
        6
176
     1
 90
        2
176
     1
 62
     7
176
     1
 90
        5
176
     1
 90
        0
176
     1
 90
        0
176
     1
290
     0
176
     1
 90
        1
176
     1
 40
0.0
176
     1
 90
        0
176
     1
290
     0
176
     1
290
     1
176
     1
290
     1
176
     1
290
     0
176
     1
290
     0
176
     1
290
     0
176
     1
290
     0
176
     1
290
     0
176
     1
290
     0
176
     1
 90
       50
176
     1
 40
0.0
176
     1
 40
1.0
176
     1
 90
        0
176
     1
 62
    18
420
        0
176
     1
 90
       50
176
     1
 90
        3
176
     1
 62
     5
420
      255
176
     1
290
     0
176
     1
 90
       50
176
     1
 90
       50
176
     1
 90
       50
176
     1
290
     0
176
     1
 90
       50
176
     1
 62
   256
176
     0
 40
1.0
176
     0
 90
        2
176
     1
  1
strokes_ogs.tif
176
     1
290
     0
176
     1
 40
1.0
176
     1
 40
1.0
176
     1
  0
VISUALSTYLE
  5
116B
102
{ACAD_REACTORS
330
1166
102
}
330
1166
100
AcDbVisualStyle
  2
Basic
 70
     7
177
     3
291
     1
 70
    58
 90
        1
176
     1
 90
        0
176
     1
 90
        1
176
     1
 90
        0
176
     1
 40
0.6
176
     1
 40
30.0
176
     1
 62
     7
420
 16777215
176
     1
 90
        0
176
     1
 90
        4
176
     1
 62
     7
176
     1
 62
   257
176
     1
 90
        1
176
     1
 90
        1
176
     1
 40
1.0
176
     1
 90
        8
176
     1
 62
     7
176
     1
 40
1.0
176
     1
 90
        1
176
     1
 90
        6
176
     1
 90
        2
176
     1
 62
     7
176
     1
 90
        5
176
     1
 90
        0
176
     1
 90
        0
176
     1
290
     0
176
     1
 90
        1
176
     1
 40
0.0
176
     1
 90
        0
176
     1
290
     0
176
     1
290
     1
176
     1
290
     1
176
     1
290
     0
176
     1
290
     0
176
     1
290
     0
176
     1
290
     0
176
     1
290
     0
176
     1
290
     0
176
     1
 90
       50
176
     1
 40
0.0
176
     1
 40
1.0
176
     1
 90
        0
176
     1
 62
    18
420
        0
176
     1
 90
       50
176
     1
 90
        3
176
     1
 62
     5
420
      255
176
     1
290
     0
176
     1
 90
       50
176
     1
 90
       50
176
     1
 90
       50
176
     1
290
     0
176
     1
 90
       50
176
     1
 62
   256
176
     0
 40
1.0
176
     0
 90
        2
176
     1
  1
strokes_ogs.tif
176
     1
290
     0
176
     1
 40
1.0
176
     1
 40
1.0
176
     1
  0
VISUALSTYLE
  5
1172
102
{ACAD_REACTORS
330
1166
102
}
330
1166
100
AcDbVisualStyle
  2
Brighten
 70
    12
177
     3
291
     1
 70
    58
 90
        2
176
     1
 90
        2
176
     1
 90
        1
176
     1
 90
        0
176
     1
 40
0.6
176
     1
 40
30.0
176
     1
 62
     7
420
 16777215
176
     1
 90
        1
176
     1
 90
        4
176
     1
 62
     7
176
     1
 62
   257
176
     1
 90
        1
176
     1
 90
        1
176
     1
 40
1.0
176
     1
 90
        8
176
     1
 62
     7
176
     1
 40
1.0
176
     1
 90
        1
176
     1
 90
        6
176
     1
 90
        2
176
     1
 62
     7
176
     1
 90
        5
176
     1
 90
        0
176
     1
 90
        0
176
     1
290
     0
176
     1
 90
        1
176
     1
 40
50.0
176
     1
 90
        0
176
     1
290
     0
176
     1
290
     1
176
     1
290
     1
176
     1
290
     0
176
     1
290
     0
176
     1
290
     0
176
     1
290
     0
176
     1
290
     0
176
     1
290
     0
176
     1
 90
       50
176
     1
 40
0.0
176
     1
 40
1.0
176
     1
 90
        0
176
     1
 62
    18
420
        0
176
     1
 90
       50
176
     1
 90
        3
176
     1
 62
     5
420
      255
176
     1
290
     0
176
     1
 90
       50
176
     1
 90
       50
176
     1
 90
       50
176
     1
290
     0
176
     1
 90
       50
176
     1
 62
   256
176
     0
 40
1.0
176
     0
 90
        2
176
     1
  1
strokes_ogs.tif
176
     1
290
     0
176
     1
 40
1.0
176
     1
 40
1.0
176
     1
  0
VISUALSTYLE
  5
1176
102
{ACAD_REACTORS
330
1166
102
}
330
1166
100
AcDbVisualStyle
  2
ColorChange
 70
    16
177
     3
291
     1
 70
    58
 90
        2
176
     1
 90
        2
176
     1
 90
        3
176
     1
 90
        0
176
     1
 40
0.6
176
     1
 40
30.0
176
     1
 62
     8
420
  8421504
176
     1
 90
        1
176
     1
 90
        4
176
     1
 62
     7
176
     1
 62
   257
176
     1
 90
        1
176
     1
 90
        1
176
     1
 40
1.0
176
     1
 90
        8
176
     1
 62
     8
420
  8421504
176
     1
 40
1.0
176
     1
 90
        1
176
     1
 90
        6
176
     1
 90
        2
176
     1
 62
     7
176
     1
 90
        5
176
     1
 90
        0
176
     1
 90
        0
176
     1
290
     0
176
     1
 90
        1
176
     1
 40
0.0
176
     1
 90
        0
176
     1
290
     0
176
     1
290
     1
176
     1
290
     1
176
     1
290
     0
176
     1
290
     0
176
     1
290
     0
176
     1
290
     0
176
     1
290
     0
176
     1
290
     0
176
     1
 90
       50
176
     1
 40
0.0
176
     1
 40
1.0
176
     1
 90
        0
176
     1
 62
    18
420
        0
176
     1
 90
       50
176
     1
 90
        3
176
     1
 62
     5
420
      255
176
     1
290
     0
176
     1
 90
       50
176
     1
 90
       50
176
     1
 90
       50
176
     1
290
     0
176
     1
 90
       50
176
     1
 62
   256
176
     0
 40
1.0
176
     0
 90
        2
176
     1
  1
strokes_ogs.tif
176
     1
290
     0
176
     1
 40
1.0
176
     1
 40
1.0
176
     1
  0
VISUALSTYLE
  5
116F
102
{ACAD_REACTORS
330
1166
102
}
330
1166
100
AcDbVisualStyle
  2
Conceptual
 70
     9
177
     3
291
     0
 70
    58
 90
        3
176
     1
 90
        2
176
     1
 90
        1
176
     1
 90
        0
176
     1
 40
0.6
176
     1
 40
30.0
176
     1
 62
     7
420
 16777215
176
     1
 90
        2
176
     1
 90
        2
176
     1
 62
     7
176
     1
 62
   257
176
     1
 90
        1
176
     1
 90
        1
176
     1
 40
40.0
176
     1
 90
        8
176
     1
 62
     7
176
     1
 40
1.0
176
     1
 90
        1
176
     1
 90
        6
176
     1
 90
        2
176
     1
 62
     7
176
     1
 90
        3
176
     1
 90
        0
176
     1
 90
        0
176
     1
290
     0
176
     1
 90
        1
176
     1
 40
0.0
176
     1
 90
        0
176
     1
290
     0
176
     1
290
     1
176
     1
290
     1
176
     1
290
     0
176
     1
290
     0
176
     1
290
     0
176
     1
290
     0
176
     1
290
     0
176
     1
290
     0
176
     1
 90
       50
176
     1
 40
0.0
176
     1
 40
1.0
176
     1
 90
        0
176
     1
 62
    18
420
        0
176
     1
 90
       50
176
     1
 90
        3
176
     1
 62
     5
420
      255
176
     1
290
     0
176
     1
 90
       50
176
     1
 90
       50
176
     1
 90
       50
176
     1
290
     0
176
     1
 90
       50
176
     1
 62
   256
176
     0
 40
1.0
176
     0
 90
        2
176
     1
  1
strokes_ogs.tif
176
     1
290
     0
176
     1
 40
1.0
176
     1
 40
1.0
176
     1
  0
VISUALSTYLE
  5
1171
102
{ACAD_REACTORS
330
1166
102
}
330
1166
100
AcDbVisualStyle
  2
Dim
 70
    11
177
     3
291
     1
 70
    58
 90
        2
176
     1
 90
        2
176
     1
 90
        1
176
     1
 90
        0
176
     1
 40
0.6
176
     1
 40
30.0
176
     1
 62
     7
420
 16777215
176
     1
 90
        1
176
     1
 90
        4
176
     1
 62
     7
176
     1
 62
   257
176
     1
 90
        1
176
     1
 90
        1
176
     1
 40
1.0
176
     1
 90
        8
176
     1
 62
     7
176
     1
 40
1.0
176
     1
 90
        1
176
     1
 90
        6
176
     1
 90
        2
176
     1
 62
     7
176
     1
 90
        5
176
     1
 90
        0
176
     1
 90
        0
176
     1
290
     0
176
     1
 90
        1
176
     1
 40
-50.0
176
     1
 90
        0
176
     1
290
     0
176
     1
290
     1
176
     1
290
     1
176
     1
290
     0
176
     1
290
     0
176
     1
290
     0
176
     1
290
     0
176
     1
290
     0
176
     1
290
     0
176
     1
 90
       50
176
     1
 40
0.0
176
     1
 40
1.0
176
     1
 90
        0
176
     1
 62
    18
420
        0
176
     1
 90
       50
176
     1
 90
        3
176
     1
 62
     5
420
      255
176
     1
290
     0
176
     1
 90
       50
176
     1
 90
       50
176
     1
 90
       50
176
     1
290
     0
176
     1
 90
       50
176
     1
 62
   256
176
     0
 40
1.0
176
     0
 90
        2
176
     1
  1
strokes_ogs.tif
176
     1
290
     0
176
     1
 40
1.0
176
     1
 40
1.0
176
     1
  0
VISUALSTYLE
  5
1195
102
{ACAD_REACTORS
330
1166
102
}
330
1166
100
AcDbVisualStyle
  2
EdgeColorOff
 70
    22
177
     3
291
     1
 70
    58
 90
        2
176
     0
 90
        2
176
     0
 90
        0
176
     0
 90
        0
176
     0
 40
0.6
176
     0
 40
30.0
176
     0
 62
     7
420
 16777215
176
     0
 90
        1
176
     0
 90
        4
176
     0
 62
     7
176
     0
 62
   257
176
     0
 90
        1
176
     0
 90
        1
176
     0
 40
1.0
176
     0
 90
        8
176
     2
 62
     7
176
     0
 40
1.0
176
     0
 90
        1
176
     0
 90
        6
176
     0
 90
        2
176
     0
 62
     7
176
     0
 90
        5
176
     0
 90
        0
176
     0
 90
        0
176
     0
290
     0
176
     0
 90
        1
176
     0
 40
0.0
176
     0
 90
        0
176
     0
290
     0
176
     1
290
     1
176
     1
290
     1
176
     1
290
     0
176
     1
290
     0
176
     1
290
     0
176
     1
290
     0
176
     1
290
     0
176
     1
290
     0
176
     1
 90
       50
176
     1
 40
0.0
176
     1
 40
1.0
176
     1
 90
        0
176
     1
 62
    18
420
        0
176
     1
 90
       50
176
     1
 90
        3
176
     1
 62
     5
420
      255
176
     1
290
     0
176
     1
 90
       50
176
     1
 90
       50
176
     1
 90
       50
176
     1
290
     0
176
     1
 90
       50
176
     1
 62
   256
176
     0
 40
1.0
176
     0
 90
        2
176
     1
  1
strokes_ogs.tif
176
     1
290
     0
176
     1
 40
1.0
176
     1
 40
1.0
176
     1
  0
VISUALSTYLE
  5
1175
102
{ACAD_REACTORS
330
1166
102
}
330
1166
100
AcDbVisualStyle
  2
Facepattern
 70
    15
177
     3
291
     1
 70
    58
 90
        2
176
     1
 90
        2
176
     1
 90
        1
176
     1
 90
        0
176
     1
 40
0.6
176
     1
 40
30.0
176
     1
 62
     7
420
 16777215
176
     1
 90
        1
176
     1
 90
        4
176
     1
 62
     7
176
     1
 62
   257
176
     1
 90
        1
176
     1
 90
        1
176
     1
 40
1.0
176
     1
 90
        8
176
     1
 62
     7
176
     1
 40
1.0
176
     1
 90
        1
176
     1
 90
        6
176
     1
 90
        2
176
     1
 62
     7
176
     1
 90
        5
176
     1
 90
        0
176
     1
 90
        0
176
     1
290
     0
176
     1
 90
        1
176
     1
 40
0.0
176
     1
 90
        0
176
     1
290
     0
176
     1
290
     1
176
     1
290
     1
176
     1
290
     0
176
     1
290
     0
176
     1
290
     0
176
     1
290
     0
176
     1
290
     0
176
     1
290
     0
176
     1
 90
       50
176
     1
 40
0.0
176
     1
 40
1.0
176
     1
 90
        0
176
     1
 62
    18
420
        0
176
     1
 90
       50
176
     1
 90
        3
176
     1
 62
     5
420
      255
176
     1
290
     0
176
     1
 90
       50
176
     1
 90
       50
176
     1
 90
       50
176
     1
290
     0
176
     1
 90
       50
176
     1
 62
   256
176
     0
 40
1.0
176
     0
 90
        2
176
     1
  1
strokes_ogs.tif
176
     1
290
     0
176
     1
 40
1.0
176
     1
 40
1.0
176
     1
  0
VISUALSTYLE
  5
1167
102
{ACAD_REACTORS
330
1166
102
}
330
1166
100
AcDbVisualStyle
  2
Flat
 70
     0
177
     3
291
     1
 70
    58
 90
        2
176
     1
 90
        1
176
     1
 90
        1
176
     1
 90
        2
176
     1
 40
0.6
176
     1
 40
30.0
176
     1
 62
     7
420
 16777215
176
     1
 90
        0
176
     1
 90
        0
176
     1
 62
     7
176
     1
 62
   257
176
     1
 90
        1
176
     1
 90
        1
176
     1
 40
1.0
176
     1
 90
        8
176
     1
 62
     7
176
     1
 40
1.0
176
     1
 90
        1
176
     1
 90
        6
176
     1
 90
        2
176
     1
 62
     7
176
     1
 90
        5
176
     1
 90
        0
176
     1
 90
        0
176
     1
290
     0
176
     1
 90
       13
176
     1
 40
0.0
176
     1
 90
        0
176
     1
290
     0
176
     1
290
     1
176
     1
290
     1
176
     1
290
     0
176
     1
290
     0
176
     1
290
     0
176
     1
290
     0
176
     1
290
     0
176
     1
290
     0
176
     1
 90
       50
176
     1
 40
0.0
176
     1
 40
1.0
176
     1
 90
        0
176
     1
 62
    18
420
        0
176
     1
 90
       50
176
     1
 90
        3
176
     1
 62
     5
420
      255
176
     1
290
     0
176
     1
 90
       50
176
     1
 90
       50
176
     1
 90
       50
176
     1
290
     0
176
     1
 90
       50
176
     1
 62
   256
176
     0
 40
1.0
176
     0
 90
        2
176
     1
  1
strokes_ogs.tif
176
     1
290
     0
176
     1
 40
1.0
176
     1
 40
1.0
176
     1
  0
VISUALSTYLE
  5
1168
102
{ACAD_REACTORS
330
1166
102
}
330
1166
100
AcDbVisualStyle
  2
FlatWithEdges
 70
     1
177
     3
291
     1
 70
    58
 90
        2
176
     1
 90
        1
176
     1
 90
        1
176
     1
 90
        2
176
     1
 40
0.6
176
     1
 40
30.0
176
     1
 62
     7
420
 16777215
176
     1
 90
        1
176
     1
 90
        0
176
     1
 62
     7
176
     1
 62
   257
176
     1
 90
        1
176
     1
 90
        1
176
     1
 40
1.0
176
     1
 90
        0
176
     1
 62
   257
176
     1
 40
1.0
176
     1
 90
        1
176
     1
 90
        6
176
     1
 90
        2
176
     1
 62
     7
176
     1
 90
        5
176
     1
 90
        0
176
     1
 90
        0
176
     1
290
     0
176
     1
 90
       13
176
     1
 40
0.0
176
     1
 90
        0
176
     1
290
     0
176
     1
290
     1
176
     1
290
     1
176
     1
290
     0
176
     1
290
     0
176
     1
290
     0
176
     1
290
     0
176
     1
290
     0
176
     1
290
     0
176
     1
 90
       50
176
     1
 40
0.0
176
     1
 40
1.0
176
     1
 90
        0
176
     1
 62
    18
420
        0
176
     1
 90
       50
176
     1
 90
        3
176
     1
 62
     5
420
      255
176
     1
290
     0
176
     1
 90
       50
176
     1
 90
       50
176
     1
 90
       50
176
     1
290
     0
176
     1
 90
       50
176
     1
 62
   256
176
     0
 40
1.0
176
     0
 90
        2
176
     1
  1
strokes_ogs.tif
176
     1
290
     0
176
     1
 40
1.0
176
     1
 40
1.0
176
     1
  0
VISUALSTYLE
  5
1169
102
{ACAD_REACTORS
330
1166
102
}
330
1166
100
AcDbVisualStyle
  2
Gouraud
 70
     2
177
     3
291
     1
 70
    58
 90
        2
176
     1
 90
        2
176
     1
 90
        1
176
     1
 90
        2
176
     1
 40
0.6
176
     1
 40
30.0
176
     1
 62
     7
420
 16777215
176
     1
 90
        0
176
     1
 90
        0
176
     1
 62
     7
176
     1
 62
   257
176
     1
 90
        1
176
     1
 90
        1
176
     1
 40
1.0
176
     1
 90
        0
176
     1
 62
     7
176
     1
 40
1.0
176
     1
 90
        1
176
     1
 90
        6
176
     1
 90
        2
176
     1
 62
     7
176
     1
 90
        5
176
     1
 90
        0
176
     1
 90
        0
176
     1
290
     0
176
     1
 90
       13
176
     1
 40
0.0
176
     1
 90
        0
176
     1
290
     0
176
     1
290
     1
176
     1
290
     1
176
     1
290
     0
176
     1
290
     0
176
     1
290
     0
176
     1
290
     0
176
     1
290
     0
176
     1
290
     0
176
     1
 90
       50
176
     1
 40
0.0
176
     1
 40
1.0
176
     1
 90
        0
176
     1
 62
    18
420
        0
176
     1
 90
       50
176
     1
 90
        3
176
     1
 62
     5
420
      255
176
     1
290
     0
176
     1
 90
       50
176
     1
 90
       50
176
     1
 90
       50
176
     1
290
     0
176
     1
 90
       50
176
     1
 62
   256
176
     0
 40
1.0
176
     0
 90
        2
176
     1
  1
strokes_ogs.tif
176
     1
290
     0
176
     1
 40
1.0
176
     1
 40
1.0
176
     1
  0
VISUALSTYLE
  5
116A
102
{ACAD_REACTORS
330
1166
102
}
330
1166
100
AcDbVisualStyle
  2
GouraudWithEdges
 70
     3
177
     3
291
     1
 70
    58
 90
        2
176
     1
 90
        2
176
     1
 90
        1
176
     1
 90
        2
176
     1
 40
0.6
176
     1
 40
30.0
176
     1
 62
     7
420
 16777215
176
     1
 90
        1
176
     1
 90
        0
176
     1
 62
     7
176
     1
 62
   257
176
     1
 90
        1
176
     1
 90
        1
176
     1
 40
1.0
176
     1
 90
        0
176
     1
 62
   257
176
     1
 40
1.0
176
     1
 90
        1
176
     1
 90
        6
176
     1
 90
        2
176
     1
 62
     7
176
     1
 90
        5
176
     1
 90
        0
176
     1
 90
        0
176
     1
290
     0
176
     1
 90
       13
176
     1
 40
0.0
176
     1
 90
        0
176
     1
290
     0
176
     1
290
     1
176
     1
290
     1
176
     1
290
     0
176
     1
290
     0
176
     1
290
     0
176
     1
290
     0
176
     1
290
     0
176
     1
290
     0
176
     1
 90
       50
176
     1
 40
0.0
176
     1
 40
1.0
176
     1
 90
        0
176
     1
 62
    18
420
        0
176
     1
 90
       50
176
     1
 90
        3
176
     1
 62
     5
420
      255
176
     1
290
     0
176
     1
 90
       50
176
     1
 90
       50
176
     1
 90
       50
176
     1
290
     0
176
     1
 90
       50
176
     1
 62
   256
176
     0
 40
1.0
176
     0
 90
        2
176
     1
  1
strokes_ogs.tif
176
     1
290
     0
176
     1
 40
1.0
176
     1
 40
1.0
176
     1
  0
VISUALSTYLE
  5
116E
102
{ACAD_REACTORS
330
1166
102
}
330
1166
100
AcDbVisualStyle
  2
Hidden
 70
     6
177
     3
291
     0
 70
    58
 90
        1
176
     1
 90
        2
176
     1
 90
        2
176
     1
 90
        0
176
     1
 40
0.6
176
     1
 40
30.0
176
     1
 62
     7
420
 16777215
176
     1
 90
        2
176
     1
 90
        2
176
     1
 62
     7
176
     1
 62
   257
176
     1
 90
        2
176
     1
 90
        1
176
     1
 40
40.0
176
     1
 90
        0
176
     1
 62
   257
176
     1
 40
1.0
176
     1
 90
        1
176
     1
 90
        6
176
     1
 90
        2
176
     1
 62
     7
176
     1
 90
        3
176
     1
 90
        0
176
     1
 90
        0
176
     1
290
     0
176
     1
 90
        1
176
     1
 40
0.0
176
     1
 90
        0
176
     1
290
     0
176
     1
290
     1
176
     1
290
     1
176
     1
290
     0
176
     1
290
     0
176
     1
290
     0
176
     1
290
     0
176
     1
290
     0
176
     1
290
     0
176
     1
 90
       50
176
     1
 40
0.0
176
     1
 40
1.0
176
     1
 90
        0
176
     1
 62
    18
420
        0
176
     1
 90
       50
176
     1
 90
        3
176
     1
 62
     5
420
      255
176
     1
290
     0
176
     1
 90
       50
176
     1
 90
       50
176
     1
 90
       50
176
     1
290
     0
176
     1
 90
       50
176
     1
 62
   256
176
     0
 40
1.0
176
     0
 90
        2
176
     1
  1
strokes_ogs.tif
176
     1
290
     0
176
     1
 40
1.0
176
     1
 40
1.0
176
     1
  0
VISUALSTYLE
  5
1193
102
{ACAD_REACTORS
330
1166
102
}
330
1166
100
AcDbVisualStyle
  2
JitterOff
 70
    20
177
     3
291
     1
 70
    58
 90
        2
176
     0
 90
        2
176
     0
 90
        0
176
     0
 90
        0
176
     0
 40
0.6
176
     0
 40
30.0
176
     0
 62
     7
420
 16777215
176
     0
 90
        1
176
     0
 90
        4
176
     0
 62
     7
176
     0
 62
   257
176
     0
 90
        1
176
     0
 90
        1
176
     0
 40
1.0
176
     0
 90
       10
176
     2
 62
     7
176
     0
 40
1.0
176
     0
 90
        1
176
     0
 90
        6
176
     0
 90
        2
176
     0
 62
     7
176
     0
 90
        5
176
     0
 90
        0
176
     0
 90
        0
176
     0
290
     0
176
     0
 90
        1
176
     0
 40
0.0
176
     0
 90
        0
176
     0
290
     0
176
     1
290
     1
176
     1
290
     1
176
     1
290
     0
176
     1
290
     0
176
     1
290
     0
176
     1
290
     0
176
     1
290
     0
176
     1
290
     0
176
     1
 90
       50
176
     1
 40
0.0
176
     1
 40
1.0
176
     1
 90
        0
176
     1
 62
    18
420
        0
176
     1
 90
       50
176
     1
 90
        3
176
     1
 62
     5
420
      255
176
     1
290
     0
176
     1
 90
       50
176
     1
 90
       50
176
     1
 90
       50
176
     1
290
     0
176
     1
 90
       50
176
     1
 62
   256
176
     0
 40
1.0
176
     0
 90
        2
176
     1
  1
strokes_ogs.tif
176
     1
290
     0
176
     1
 40
1.0
176
     1
 40
1.0
176
     1
  0
VISUALSTYLE
  5
1174
102
{ACAD_REACTORS
330
1166
102
}
330
1166
100
AcDbVisualStyle
  2
Linepattern
 70
    14
177
     3
291
     1
 70
    58
 90
        2
176
     1
 90
        2
176
     1
 90
        1
176
     1
 90
        0
176
     1
 40
0.6
176
     1
 40
30.0
176
     1
 62
     7
420
 16777215
176
     1
 90
        1
176
     1
 90
        4
176
     1
 62
     7
176
     1
 62
   257
176
     1
 90
        7
176
     1
 90
        7
176
     1
 40
1.0
176
     1
 90
        8
176
     1
 62
     7
176
     1
 40
1.0
176
     1
 90
        1
176
     1
 90
        6
176
     1
 90
        2
176
     1
 62
     7
176
     1
 90
        5
176
     1
 90
        0
176
     1
 90
        0
176
     1
290
     0
176
     1
 90
        1
176
     1
 40
0.0
176
     1
 90
        0
176
     1
290
     0
176
     1
290
     1
176
     1
290
     1
176
     1
290
     0
176
     1
290
     0
176
     1
290
     0
176
     1
290
     0
176
     1
290
     0
176
     1
290
     0
176
     1
 90
       50
176
     1
 40
0.0
176
     1
 40
1.0
176
     1
 90
        0
176
     1
 62
    18
420
        0
176
     1
 90
       50
176
     1
 90
        3
176
     1
 62
     5
420
      255
176
     1
290
     0
176
     1
 90
       50
176
     1
 90
       50
176
     1
 90
       50
176
     1
290
     0
176
     1
 90
       50
176
     1
 62
   256
176
     0
 40
1.0
176
     0
 90
        2
176
     1
  1
strokes_ogs.tif
176
     1
290
     0
176
     1
 40
1.0
176
     1
 40
1.0
176
     1
  0
VISUALSTYLE
  5
1194
102
{ACAD_REACTORS
330
1166
102
}
330
1166
100
AcDbVisualStyle
  2
OverhangOff
 70
    21
177
     3
291
     1
 70
    58
 90
        2
176
     0
 90
        2
176
     0
 90
        0
176
     0
 90
        0
176
     0
 40
0.6
176
     0
 40
30.0
176
     0
 62
     7
420
 16777215
176
     0
 90
        1
176
     0
 90
        4
176
     0
 62
     7
176
     0
 62
   257
176
     0
 90
        1
176
     0
 90
        1
176
     0
 40
1.0
176
     0
 90
        9
176
     2
 62
     7
176
     0
 40
1.0
176
     0
 90
        1
176
     0
 90
        6
176
     0
 90
        2
176
     0
 62
     7
176
     0
 90
        5
176
     0
 90
        0
176
     0
 90
        0
176
     0
290
     0
176
     0
 90
        1
176
     0
 40
0.0
176
     0
 90
        0
176
     0
290
     0
176
     1
290
     1
176
     1
290
     1
176
     1
290
     0
176
     1
290
     0
176
     1
290
     0
176
     1
290
     0
176
     1
290
     0
176
     1
290
     0
176
     1
 90
       50
176
     1
 40
0.0
176
     1
 40
1.0
176
     1
 90
        0
176
     1
 62
    18
420
        0
176
     1
 90
       50
176
     1
 90
        3
176
     1
 62
     5
420
      255
176
     1
290
     0
176
     1
 90
       50
176
     1
 90
       50
176
     1
 90
       50
176
     1
290
     0
176
     1
 90
       50
176
     1
 62
   256
176
     0
 40
1.0
176
     0
 90
        2
176
     1
  1
strokes_ogs.tif
176
     1
290
     0
176
     1
 40
1.0
176
     1
 40
1.0
176
     1
  0
VISUALSTYLE
  5
1170
102
{ACAD_REACTORS
330
1166
102
}
330
1166
100
AcDbVisualStyle
  2
Realistic
 70
     8
177
     3
291
     0
 70
    58
 90
        2
176
     1
 90
        2
176
     1
 90
        0
176
     1
 90
        2
176
     1
 40
0.6
176
     1
 40
30.0
176
     1
 62
     7
420
 16777215
176
     1
 90
        0
176
     1
 90
        0
176
     1
 62
     7
176
     1
 62
   257
176
     1
 90
        1
176
     1
 90
        1
176
     1
 40
1.0
176
     1
 90
        8
176
     1
 62
   257
176
     1
 40
1.0
176
     1
 90
        1
176
     1
 90
        6
176
     1
 90
        2
176
     1
 62
     7
176
     1
 90
        3
176
     1
 90
        0
176
     1
 90
        0
176
     1
290
     0
176
     1
 90
       13
176
     1
 40
0.0
176
     1
 90
        0
176
     1
290
     0
176
     1
290
     1
176
     1
290
     1
176
     1
290
     0
176
     1
290
     0
176
     1
290
     0
176
     1
290
     0
176
     1
290
     0
176
     1
290
     0
176
     1
 90
       50
176
     1
 40
0.0
176
     1
 40
1.0
176
     1
 90
        0
176
     1
 62
    18
420
        0
176
     1
 90
       50
176
     1
 90
        3
176
     1
 62
     5
420
      255
176
     1
290
     0
176
     1
 90
       50
176
     1
 90
       50
176
     1
 90
       50
176
     1
290
     0
176
     1
 90
       50
176
     1
 62
   256
176
     0
 40
1.0
176
     0
 90
        2
176
     1
  1
strokes_ogs.tif
176
     1
290
     0
176
     1
 40
1.0
176
     1
 40
1.0
176
     1
  0
VISUALSTYLE
  5
11C0
102
{ACAD_REACTORS
330
1166
102
}
330
1166
100
AcDbVisualStyle
  2
Shaded
 70
    27
177
     3
291
     0
 70
    58
 90
        2
176
     1
 90
        2
176
     1
 90
        1
176
     1
 90
        2
176
     1
 40
0.6
176
     1
 40
30.0
176
     1
 62
     7
420
 16777215
176
     1
 90
        0
176
     1
 90
        4
176
     1
 62
     7
176
     1
 62
   257
176
     1
 90
        1
176
     1
 90
        1
176
     1
 40
1.0
176
     1
 90
        8
176
     1
 62
   257
176
     1
 40
1.0
176
     1
 90
        1
176
     1
 90
        6
176
     1
 90
        2
176
     1
 62
     8
420
  7895160
176
     1
 90
        3
176
     1
 90
        0
176
     1
 90
        0
176
     1
290
     0
176
     1
 90
        5
176
     1
 40
0.0
176
     1
 90
        0
176
     1
290
     0
176
     1
290
     1
176
     1
290
     1
176
     1
290
     0
176
     1
290
     0
176
     1
290
     0
176
     1
290
     0
176
     1
290
     0
176
     1
290
     0
176
     1
 90
       50
176
     1
 40
0.0
176
     1
 40
1.0
176
     1
 90
        0
176
     1
 62
    18
420
        0
176
     1
 90
       50
176
     1
 90
        3
176
     1
 62
     5
420
      255
176
     1
290
     0
176
     1
 90
       50
176
     1
 90
       50
176
     1
 90
       50
176
     1
290
     0
176
     1
 90
       50
176
     1
 62
   256
176
     0
 40
1.0
176
     0
 90
        2
176
     1
  1
strokes_ogs.tif
176
     1
290
     0
176
     1
 40
1.0
176
     1
 40
1.0
176
     1
  0
VISUALSTYLE
  5
11BF
102
{ACAD_REACTORS
330
1166
102
}
330
1166
100
AcDbVisualStyle
  2
Shaded with edges
 70
    26
177
     3
291
     0
 70
    58
 90
        2
176
     1
 90
        2
176
     1
 90
        1
176
     1
 90
        2
176
     1
 40
0.6
176
     1
 40
30.0
176
     1
 62
     7
420
 16777215
176
     1
 90
        1
176
     1
 90
        2
176
     1
 62
     7
176
     1
 62
   257
176
     1
 90
        2
176
     1
 90
        1
176
     1
 40
1.0
176
     1
 90
        8
176
     1
 62
   257
176
     1
 40
1.0
176
     1
 90
        1
176
     1
 90
        6
176
     1
 90
        2
176
     1
 62
     7
176
     1
 90
        3
176
     1
 90
        0
176
     1
 90
        0
176
     1
290
     0
176
     1
 90
        5
176
     1
 40
0.0
176
     1
 90
        0
176
     1
290
     0
176
     1
290
     1
176
     1
290
     1
176
     1
290
     0
176
     1
290
     0
176
     1
290
     0
176
     1
290
     0
176
     1
290
     0
176
     1
290
     0
176
     1
 90
       50
176
     1
 40
0.0
176
     1
 40
1.0
176
     1
 90
        0
176
     1
 62
    18
420
        0
176
     1
 90
       50
176
     1
 90
        3
176
     1
 62
     5
420
      255
176
     1
290
     0
176
     1
 90
       50
176
     1
 90
       50
176
     1
 90
       50
176
     1
290
     0
176
     1
 90
       50
176
     1
 62
   256
176
     0
 40
1.0
176
     0
 90
        2
176
     1
  1
strokes_ogs.tif
176
     1
290
     0
176
     1
 40
1.0
176
     1
 40
1.0
176
     1
  0
VISUALSTYLE
  5
11BC
102
{ACAD_REACTORS
330
1166
102
}
330
1166
100
AcDbVisualStyle
  2
Shades of Gray
 70
    23
177
     3
291
     0
 70
    58
 90
        2
176
     1
 90
        2
176
     1
 90
        3
176
     1
 90
        0
176
     1
 40
0.6
176
     1
 40
30.0
176
     1
 62
     7
420
 16777215
176
     1
 90
        2
176
     1
 90
        2
176
     1
 62
     7
176
     1
 62
     7
176
     1
 90
        1
176
     1
 90
        1
176
     1
 40
40.0
176
     1
 90
        8
176
     1
 62
     7
176
     1
 40
1.0
176
     1
 90
        1
176
     1
 90
        6
176
     1
 90
        2
176
     1
 62
     7
176
     1
 90
        3
176
     1
 90
        0
176
     1
 90
        0
176
     1
290
     0
176
     1
 90
        1
176
     1
 40
0.0
176
     1
 90
        0
176
     1
290
     0
176
     1
290
     1
176
     1
290
     1
176
     1
290
     0
176
     1
290
     0
176
     1
290
     0
176
     1
290
     0
176
     1
290
     0
176
     1
290
     0
176
     1
 90
       50
176
     1
 40
0.0
176
     1
 40
1.0
176
     1
 90
        0
176
     1
 62
    18
420
        0
176
     1
 90
       50
176
     1
 90
        3
176
     1
 62
     5
420
      255
176
     1
290
     0
176
     1
 90
       50
176
     1
 90
       50
176
     1
 90
       50
176
     1
290
     0
176
     1
 90
       50
176
     1
 62
   256
176
     0
 40
1.0
176
     0
 90
        2
176
     1
  1
strokes_ogs.tif
176
     1
290
     0
176
     1
 40
1.0
176
     1
 40
1.0
176
     1
  0
VISUALSTYLE
  5
11BD
102
{ACAD_REACTORS
330
1166
102
}
330
1166
100
AcDbVisualStyle
  2
Sketchy
 70
    24
177
     3
291
     0
 70
    58
 90
        1
176
     1
 90
        2
176
     1
 90
        2
176
     1
 90
        0
176
     1
 40
0.6
176
     1
 40
30.0
176
     1
 62
     7
420
 16777215
176
     1
 90
        2
176
     1
 90
        2
176
     1
 62
     7
176
     1
 62
     7
176
     1
 90
        1
176
     1
 90
        1
176
     1
 40
40.0
176
     1
 90
       11
176
     1
 62
     7
176
     1
 40
1.0
176
     1
 90
        1
176
     1
 90
        6
176
     1
 90
        2
176
     1
 62
     7
176
     1
 90
        6
176
     1
 90
        0
176
     1
 90
        0
176
     1
290
     0
176
     1
 90
        1
176
     1
 40
0.0
176
     1
 90
        0
176
     1
290
     0
176
     1
290
     1
176
     1
290
     1
176
     1
290
     0
176
     1
290
     0
176
     1
290
     0
176
     1
290
     0
176
     1
290
     0
176
     1
290
     0
176
     1
 90
       50
176
     1
 40
0.0
176
     1
 40
1.0
176
     1
 90
        0
176
     1
 62
    18
420
        0
176
     1
 90
       50
176
     1
 90
        3
176
     1
 62
     5
420
      255
176
     1
290
     0
176
     1
 90
       50
176
     1
 90
       50
176
     1
 90
       50
176
     1
290
     0
176
     1
 90
       50
176
     1
 62
   256
176
     0
 40
1.0
176
     0
 90
        2
176
     1
  1
strokes_ogs.tif
176
     1
290
     0
176
     1
 40
1.0
176
     1
 40
1.0
176
     1
  0
VISUALSTYLE
  5
1173
102
{ACAD_REACTORS
330
1166
102
}
330
1166
100
AcDbVisualStyle
  2
Thicken
 70
    13
177
     3
291
     1
 70
    58
 90
        2
176
     1
 90
        2
176
     1
 90
        1
176
     1
 90
        0
176
     1
 40
0.6
176
     1
 40
30.0
176
     1
 62
     7
420
 16777215
176
     1
 90
        1
176
     1
 90
        4
176
     1
 62
     7
176
     1
 62
   257
176
     1
 90
        1
176
     1
 90
        1
176
     1
 40
1.0
176
     1
 90
       12
176
     1
 62
     7
176
     1
 40
1.0
176
     1
 90
        1
176
     1
 90
        6
176
     1
 90
        2
176
     1
 62
     7
176
     1
 90
        5
176
     1
 90
        0
176
     1
 90
        0
176
     1
290
     0
176
     1
 90
        1
176
     1
 40
0.0
176
     1
 90
        0
176
     1
290
     0
176
     1
290
     1
176
     1
290
     1
176
     1
290
     0
176
     1
290
     0
176
     1
290
     0
176
     1
290
     0
176
     1
290
     0
176
     1
290
     0
176
     1
 90
       50
176
     1
 40
0.0
176
     1
 40
1.0
176
     1
 90
        0
176
     1
 62
    18
420
        0
176
     1
 90
       50
176
     1
 90
        3
176
     1
 62
     5
420
      255
176
     1
290
     0
176
     1
 90
       50
176
     1
 90
       50
176
     1
 90
       50
176
     1
290
     0
176
     1
 90
       50
176
     1
 62
   256
176
     0
 40
1.0
176
     0
 90
        2
176
     1
  1
strokes_ogs.tif
176
     1
290
     0
176
     1
 40
1.0
176
     1
 40
1.0
176
     1
  0
VISUALSTYLE
  5
116D
102
{ACAD_REACTORS
330
1166
102
}
330
1166
100
AcDbVisualStyle
  2
Wireframe
 70
     5
177
     3
291
     0
 70
    58
 90
        0
176
     1
 90
        2
176
     1
 90
        0
176
     1
 90
        0
176
     1
 40
0.6
176
     1
 40
30.0
176
     1
 62
     7
420
 16777215
176
     1
 90
        1
176
     1
 90
        4
176
     1
 62
     7
176
     1
 62
   257
176
     1
 90
        1
176
     1
 90
        1
176
     1
 40
1.0
176
     1
 90
        0
176
     1
 62
   257
176
     1
 40
1.0
176
     1
 90
        1
176
     1
 90
        6
176
     1
 90
        2
176
     1
 62
     7
176
     1
 90
        3
176
     1
 90
        0
176
     1
 90
        0
176
     1
290
     0
176
     1
 90
        1
176
     1
 40
0.0
176
     1
 90
        0
176
     1
290
     0
176
     1
290
     1
176
     1
290
     1
176
     1
290
     0
176
     1
290
     0
176
     1
290
     0
176
     1
290
     0
176
     1
290
     0
176
     1
290
     0
176
     1
 90
       50
176
     1
 40
0.0
176
     1
 40
1.0
176
     1
 90
        0
176
     1
 62
    18
420
        0
176
     1
 90
       50
176
     1
 90
        3
176
     1
 62
     5
420
      255
176
     1
290
     0
176
     1
 90
       50
176
     1
 90
       50
176
     1
 90
       50
176
     1
290
     0
176
     1
 90
       50
176
     1
 62
   256
176
     0
 40
1.0
176
     0
 90
        2
176
     1
  1
strokes_ogs.tif
176
     1
290
     0
176
     1
 40
1.0
176
     1
 40
1.0
176
     1
  0
VISUALSTYLE
  5
11BE
102
{ACAD_REACTORS
330
1166
102
}
330
1166
100
AcDbVisualStyle
  2
X-Ray
 70
    25
177
     3
291
     0
 70
    58
 90
        2
176
     1
 90
        2
176
     1
 90
        1
176
     1
 90
        1
176
     1
 40
0.5
176
     1
 40
30.0
176
     1
 62
     7
420
 16777215
176
     1
 90
        1
176
     1
 90
        0
176
     1
 62
     7
176
     1
 62
   257
176
     1
 90
        1
176
     1
 90
        1
176
     1
 40
1.0
176
     1
 90
        8
176
     1
 62
     7
176
     1
 40
1.0
176
     1
 90
        1
176
     1
 90
        6
176
     1
 90
        2
176
     1
 62
     7
176
     1
 90
        3
176
     1
 90
        0
176
     1
 90
        0
176
     1
290
     0
176
     1
 90
       13
176
     1
 40
0.0
176
     1
 90
        0
176
     1
290
     0
176
     1
290
     1
176
     1
290
     1
176
     1
290
     0
176
     1
290
     0
176
     1
290
     0
176
     1
290
     0
176
     1
290
     0
176
     1
290
     0
176
     1
 90
       50
176
     1
 40
0.0
176
     1
 40
1.0
176
     1
 90
        0
176
     1
 62
    18
420
        0
176
     1
 90
       50
176
     1
 90
        3
176
     1
 62
     5
420
      255
176
     1
290
     0
176
     1
 90
       50
176
     1
 90
       50
176
     1
 90
       50
176
     1
290
     0
176
     1
 90
       50
176
     1
 62
   256
176
     0
 40
1.0
176
     0
 90
        2
176
     1
  1
strokes_ogs.tif
176
     1
290
     0
176
     1
 40
1.0
176
     1
 40
1.0
176
     1
  0
DICTIONARYVAR
  5
11B1
102
{ACAD_REACTORS
330
199
102
}
330
199
100
DictionaryVariables
280
     0
  1
1:1
  0
DICTIONARYVAR
  5
1232
102
{ACAD_REACTORS
330
199
102
}
330
199
100
DictionaryVariables
280
     0
  1
3.500000
  0
DICTIONARYVAR
  5
1233
102
{ACAD_REACTORS
330
199
102
}
330
199
100
DictionaryVariables
280
     0
  1
acadiso.lin
  0
DICTIONARYVAR
  5
11AF
102
{ACAD_REACTORS
330
199
102
}
330
199
100
DictionaryVariables
280
     0
  1
STANDARD
  0
DICTIONARYVAR
  5
2BB
102
{ACAD_REACTORS
330
199
102
}
330
199
100
DictionaryVariables
280
     0
  1
STANDARD
  0
DICTIONARYVAR
  5
11F8
102
{ACAD_REACTORS
330
199
102
}
330
199
100
DictionaryVariables
280
     0
  1
Metric50
  0
DICTIONARYVAR
  5
11F9
102
{ACAD_REACTORS
330
199
102
}
330
199
100
DictionaryVariables
280
     0
  1
Metric50
  0
DICTIONARYVAR
  5
19B
102
{ACAD_REACTORS
330
199
102
}
330
199
100
DictionaryVariables
280
     0
  1
2
  0
DICTIONARYVAR
  5
19A
102
{ACAD_REACTORS
330
199
102
}
330
199
100
DictionaryVariables
280
     0
  1
1
  0
DICTIONARYVAR
  5
3B14
102
{ACAD_REACTORS
330
199
102
}
330
199
100
DictionaryVariables
280
     0
  1
2
  0
DICTIONARYVAR
  5
3B13
102
{ACAD_REACTORS
330
199
102
}
330
199
100
DictionaryVariables
280
     0
  1
ByLayer
  0
DICTIONARYVAR
  5
11B3
102
{ACAD_REACTORS
330
199
102
}
330
199
100
DictionaryVariables
280
     0
  1
1
  0
DICTIONARYVAR
  5
11B4
102
{ACAD_REACTORS
330
199
102
}
330
199
100
DictionaryVariables
280
     0
  1
15
  0
DICTIONARYVAR
  5
11B2
102
{ACAD_REACTORS
330
199
102
}
330
199
100
DictionaryVariables
280
     0
  1
0
  0
DICTIONARYVAR
  5
11B0
102
{ACAD_REACTORS
330
199
102
}
330
199
100
DictionaryVariables
280
     0
  1
0
  0
XRECORD
  5
F2F
102
{ACAD_REACTORS
330
F2E
102
}
330
F2E
100
AcDbXrecord
280
     1
330
C18
  0
FIELD
  5
BF7
102
{ACAD_REACTORS
330
BF6
102
}
330
BF6
100
AcDbField
  1
_text
  2
%<\_FldIdx 0>%
 90
        1
360
BF8
 97
        0
 91
       63
 92
        0
 94
        9
 95
        2
 96
        0
300

 93
        2
  6
ACFD_FIELDTEXT_ATTDEF
 93
        0
 90
        1
 91
        1
 94
        0
300

302

304
ACVALUE_END
  6
ACFD_FIELDTEXT_CHECKSUM
 93
        2
 90
        2
140
1577.0
 94
        0
300

302

304
ACVALUE_END
  7
ACFD_FIELD_VALUE
 93
        3
 90
        0
 94
        0
300

302

304
ACVALUE_END
301

 98
        0
  0
FIELD
  5
BFC
102
{ACAD_REACTORS
330
BFB
102
}
330
BFB
100
AcDbField
  1
_text
  2
%<\_FldIdx 0>%
 90
        1
360
BFD
 97
        0
 91
       63
 92
        0
 94
        9
 95
        2
 96
        0
300

 93
        2
  6
ACFD_FIELDTEXT_ATTDEF
 93
        0
 90
        1
 91
        1
 94
        0
300

302

304
ACVALUE_END
  6
ACFD_FIELDTEXT_CHECKSUM
 93
        2
 90
        2
140
1577.0
 94
        0
300

302

304
ACVALUE_END
  7
ACFD_FIELD_VALUE
 93
        3
 90
        0
 94
        0
300

302

304
ACVALUE_END
301

 98
        0
  0
FIELD
  5
C01
102
{ACAD_REACTORS
330
C00
102
}
330
C00
100
AcDbField
  1
_text
  2
%<\_FldIdx 0>%
 90
        1
360
C02
 97
        0
 91
       63
 92
        0
 94
        9
 95
        2
 96
        0
300

 93
        2
  6
ACFD_FIELDTEXT_ATTDEF
 93
        0
 90
        1
 91
        1
 94
        0
300

302

304
ACVALUE_END
  6
ACFD_FIELDTEXT_CHECKSUM
 93
        2
 90
        2
140
1577.0
 94
        0
300

302

304
ACVALUE_END
  7
ACFD_FIELD_VALUE
 93
        3
 90
        0
 94
        0
300

302

304
ACVALUE_END
301

 98
        0
  0
FIELD
  5
C06
102
{ACAD_REACTORS
330
C05
102
}
330
C05
100
AcDbField
  1
_text
  2
%<\_FldIdx 0>%
 90
        1
360
C07
 97
        0
 91
       63
 92
        0
 94
        9
 95
        2
 96
        0
300

 93
        2
  6
ACFD_FIELDTEXT_ATTDEF
 93
        0
 90
        1
 91
        1
 94
        0
300

302

304
ACVALUE_END
  6
ACFD_FIELDTEXT_CHECKSUM
 93
        2
 90
        2
140
1577.0
 94
        0
300

302

304
ACVALUE_END
  7
ACFD_FIELD_VALUE
 93
        3
 90
        0
 94
        0
300

302

304
ACVALUE_END
301

 98
        0
  0
FIELD
  5
C0B
102
{ACAD_REACTORS
330
C0A
102
}
330
C0A
100
AcDbField
  1
_text
  2
%<\_FldIdx 0>%
 90
        1
360
C0C
 97
        0
 91
       63
 92
        0
 94
        9
 95
        2
 96
        0
300

 93
        2
  6
ACFD_FIELDTEXT_ATTDEF
 93
        0
 90
        1
 91
        1
 94
        0
300

302

304
ACVALUE_END
  6
ACFD_FIELDTEXT_CHECKSUM
 93
        2
 90
        2
140
1577.0
 94
        0
300

302

304
ACVALUE_END
  7
ACFD_FIELD_VALUE
 93
        3
 90
        0
 94
        0
300

302

304
ACVALUE_END
301

 98
        0
  0
FIELD
  5
C10
102
{ACAD_REACTORS
330
C0F
102
}
330
C0F
100
AcDbField
  1
_text
  2
%<\_FldIdx 0>%
 90
        1
360
C11
 97
        0
 91
       63
 92
        0
 94
        9
 95
        2
 96
        0
300

 93
        2
  6
ACFD_FIELDTEXT_ATTDEF
 93
        0
 90
        1
 91
        1
 94
        0
300

302

304
ACVALUE_END
  6
ACFD_FIELDTEXT_CHECKSUM
 93
        2
 90
        2
140
2726.0
 94
        0
300

302

304
ACVALUE_END
  7
ACFD_FIELD_VALUE
 93
        3
 90
        0
 94
        0
300

302

304
ACVALUE_END
301

 98
        0
  0
FIELD
  5
C16
102
{ACAD_REACTORS
330
C15
102
}
330
C15
100
AcDbField
  1
_text
  2
%<\_FldIdx 0>%
 90
        1
360
C17
 97
        0
 91
       63
 92
        0
 94
        9
 95
        2
 96
        0
300

 93
        2
  6
ACFD_FIELDTEXT_ATTDEF
 93
        0
 90
        1
 91
        1
 94
        0
300

302

304
ACVALUE_END
  6
ACFD_FIELDTEXT_CHECKSUM
 93
        2
 90
        2
140
144.0
 94
        0
300

302

304
ACVALUE_END
  7
ACFD_FIELD_VALUE
 93
        3
 90
        0
 94
        0
300

302

304
ACVALUE_END
301

 98
        0
  0
FIELD
  5
6DF
102
{ACAD_REACTORS
330
6DE
102
}
330
6DE
100
AcDbField
  1
_text
  2
%<\_FldIdx 0>%
 90
        1
360
6E0
 97
        0
 91
       63
 92
        0
 94
       13
 95
        2
 96
        0
300

 93
        1
  6
ACFD_FIELDTEXT_CHECKSUM
 93
        2
 90
        2
140
450.0
 94
        0
300

302

304
ACVALUE_END
  7
ACFD_FIELD_VALUE
 93
        3
 90
        0
 94
        0
300

302

304
ACVALUE_END
301

 98
        0
  0
FIELD
  5
6E4
102
{ACAD_REACTORS
330
6E3
102
}
330
6E3
100
AcDbField
  1
_text
  2
%<\_FldIdx 0>%
 90
        1
360
6E5
 97
        0
 91
       63
 92
        0
 94
       13
 95
        2
 96
        0
300

 93
        1
  6
ACFD_FIELDTEXT_CHECKSUM
 93
        2
 90
        2
140
2679.0
 94
        0
300

302

304
ACVALUE_END
  7
ACFD_FIELD_VALUE
 93
        3
 90
        0
 94
        0
300

302

304
ACVALUE_END
301

 98
        0
  0
FIELD
  5
6E9
102
{ACAD_REACTORS
330
6E8
102
}
330
6E8
100
AcDbField
  1
_text
  2
%<\_FldIdx 0>%
 90
        1
360
6EA
 97
        0
 91
       63
 92
        0
 94
       13
 95
        2
 96
        0
300

 93
        1
  6
ACFD_FIELDTEXT_CHECKSUM
 93
        2
 90
        2
140
9172.0
 94
        0
300

302

304
ACVALUE_END
  7
ACFD_FIELD_VALUE
 93
        3
 90
        0
 94
        0
300

302

304
ACVALUE_END
301

 98
        0
  0
FIELD
  5
C1D
102
{ACAD_REACTORS
330
C1C
102
}
330
C1C
100
AcDbField
  1
_text
  2
%<\_FldIdx 0>%
 90
        1
360
C1E
 97
        0
 91
       63
 92
        0
 94
        9
 95
        2
 96
        0
300

 93
        1
  6
ACFD_FIELDTEXT_CHECKSUM
 93
        2
 90
        2
140
525.0
 94
        0
300

302

304
ACVALUE_END
  7
ACFD_FIELD_VALUE
 93
        3
 90
        0
 94
        0
300

302

304
ACVALUE_END
301

 98
        0
  0
FIELD
  5
C22
102
{ACAD_REACTORS
330
C21
102
}
330
C21
100
AcDbField
  1
_text
  2
%<\_FldIdx 0>%
 90
        1
360
C23
 97
        0
 91
       63
 92
        0
 94
        9
 95
        2
 96
        0
300

 93
        1
  6
ACFD_FIELDTEXT_CHECKSUM
 93
        2
 90
        2
140
525.0
 94
        0
300

302

304
ACVALUE_END
  7
ACFD_FIELD_VALUE
 93
        3
 90
        0
 94
        0
300

302

304
ACVALUE_END
301

 98
        0
  0
FIELD
  5
C27
102
{ACAD_REACTORS
330
C26
102
}
330
C26
100
AcDbField
  1
_text
  2
%<\_FldIdx 0>%
 90
        1
360
C28
 97
        0
 91
       63
 92
        0
 94
        9
 95
        2
 96
        0
300

 93
        1
  6
ACFD_FIELDTEXT_CHECKSUM
 93
        2
 90
        2
140
525.0
 94
        0
300

302

304
ACVALUE_END
  7
ACFD_FIELD_VALUE
 93
        3
 90
        0
 94
        0
300

302

304
ACVALUE_END
301

 98
        0
  0
FIELD
  5
C2C
102
{ACAD_REACTORS
330
C2B
102
}
330
C2B
100
AcDbField
  1
_text
  2
%<\_FldIdx 0>%
 90
        1
360
C2D
 97
        0
 91
       63
 92
        0
 94
        9
 95
        2
 96
        0
300

 93
        1
  6
ACFD_FIELDTEXT_CHECKSUM
 93
        2
 90
        2
140
525.0
 94
        0
300

302

304
ACVALUE_END
  7
ACFD_FIELD_VALUE
 93
        3
 90
        0
 94
        0
300

302

304
ACVALUE_END
301

 98
        0
  0
FIELD
  5
C31
102
{ACAD_REACTORS
330
C30
102
}
330
C30
100
AcDbField
  1
_text
  2
%<\_FldIdx 0>%
 90
        1
360
C32
 97
        0
 91
       63
 92
        0
 94
        9
 95
        2
 96
        0
300

 93
        1
  6
ACFD_FIELDTEXT_CHECKSUM
 93
        2
 90
        2
140
525.0
 94
        0
300

302

304
ACVALUE_END
  7
ACFD_FIELD_VALUE
 93
        3
 90
        0
 94
        0
300

302

304
ACVALUE_END
301

 98
        0
  0
FIELD
  5
C36
102
{ACAD_REACTORS
330
C35
102
}
330
C35
100
AcDbField
  1
_text
  2
%<\_FldIdx 0>%
 90
        1
360
C37
 97
        0
 91
       63
 92
        0
 94
        9
 95
        2
 96
        0
300

 93
        1
  6
ACFD_FIELDTEXT_CHECKSUM
 93
        2
 90
        2
140
2726.0
 94
        0
300

302

304
ACVALUE_END
  7
ACFD_FIELD_VALUE
 93
        3
 90
        0
 94
        0
300

302

304
ACVALUE_END
301

 98
        0
  0
FIELD
  5
C3C
102
{ACAD_REACTORS
330
C3B
102
}
330
C3B
100
AcDbField
  1
_text
  2
%<\_FldIdx 0>%
 90
        1
360
C3D
 97
        0
 91
       63
 92
        0
 94
        9
 95
        2
 96
        0
300

 93
        1
  6
ACFD_FIELDTEXT_CHECKSUM
 93
        2
 90
        2
140
105.0
 94
        0
300

302

304
ACVALUE_END
  7
ACFD_FIELD_VALUE
 93
        3
 90
        0
 94
        0
300

302

304
ACVALUE_END
301

 98
        0
  0
DICTIONARY
  5
2B9
330
1E
100
AcDbDictionary
280
     1
281
     1
  0
DICTIONARY
  5
11C8
330
1164
100
AcDbDictionary
280
     1
281
     1
  3
FBXASSET
360
11C9
  0
DICTIONARY
  5
11C6
330
1163
100
AcDbDictionary
280
     1
281
     1
  3
FBXASSET
360
11C7
  0
DICTIONARY
  5
11CA
330
1165
100
AcDbDictionary
280
     1
281
     1
  3
FBXASSET
360
11CB
  0
DICTIONARY
  5
125D
330
2B2
100
AcDbDictionary
280
     1
281
     1
  3
ACAD_ROUNDTRIP_2008_TABLESTYLE_CELLSTYLEMAP
360
3E86
  0
FIELD
  5
BF8
330
BF7
100
AcDbField
  1
AcSm
  2
\AcSm SheetSet.Project Name
 90
        0
 97
        0
 91
       63
 92
        0
 94
       59
 95
       32
 96
      335
300

 93
        2
  6
SheetSetCompName
 93
        0
 90
        4
  1
SheetSet
 94
        0
300

302

304
ACVALUE_END
  6
SheetSetPropertyName
 93
        0
 90
        4
  1
Project Name
 94
        0
300

302

304
ACVALUE_END
  7
ACFD_FIELD_VALUE
 93
        0
 90
        4
  1
Value
 94
        0
300

302

304
ACVALUE_END
301
Value
 98
        5
  0
FIELD
  5
BFD
330
BFC
100
AcDbField
  1
AcSm
  2
\AcSm SheetSet.Project Address Line 1
 90
        0
 97
        0
 91
       63
 92
        0
 94
       59
 95
       32
 96
      335
300

 93
        2
  6
SheetSetCompName
 93
        0
 90
        4
  1
SheetSet
 94
        0
300

302

304
ACVALUE_END
  6
SheetSetPropertyName
 93
        0
 90
        4
  1
Project Address Line 1
 94
        0
300

302

304
ACVALUE_END
  7
ACFD_FIELD_VALUE
 93
        0
 90
        4
  1
Value
 94
        0
300

302

304
ACVALUE_END
301
Value
 98
        5
  0
FIELD
  5
C02
330
C01
100
AcDbField
  1
AcSm
  2
\AcSm SheetSet.Project Address Line 2
 90
        0
 97
        0
 91
       63
 92
        0
 94
       59
 95
       32
 96
      335
300

 93
        2
  6
SheetSetCompName
 93
        0
 90
        4
  1
SheetSet
 94
        0
300

302

304
ACVALUE_END
  6
SheetSetPropertyName
 93
        0
 90
        4
  1
Project Address Line 2
 94
        0
300

302

304
ACVALUE_END
  7
ACFD_FIELD_VALUE
 93
        0
 90
        4
  1
Value
 94
        0
300

302

304
ACVALUE_END
301
Value
 98
        5
  0
FIELD
  5
C07
330
C06
100
AcDbField
  1
AcSm
  2
\AcSm SheetSet.Project Address Line 3
 90
        0
 97
        0
 91
       63
 92
        0
 94
       59
 95
       32
 96
      335
300

 93
        2
  6
SheetSetCompName
 93
        0
 90
        4
  1
SheetSet
 94
        0
300

302

304
ACVALUE_END
  6
SheetSetPropertyName
 93
        0
 90
        4
  1
Project Address Line 3
 94
        0
300

302

304
ACVALUE_END
  7
ACFD_FIELD_VALUE
 93
        0
 90
        4
  1
Value
 94
        0
300

302

304
ACVALUE_END
301
Value
 98
        5
  0
FIELD
  5
C0C
330
C0B
100
AcDbField
  1
AcSm
  2
\AcSm SheetSet.Project Name
 90
        0
 97
        0
 91
       63
 92
        0
 94
       59
 95
       32
 96
      335
300

 93
        2
  6
SheetSetCompName
 93
        0
 90
        4
  1
SheetSet
 94
        0
300

302

304
ACVALUE_END
  6
SheetSetPropertyName
 93
        0
 90
        4
  1
Project Name
 94
        0
300

302

304
ACVALUE_END
  7
ACFD_FIELD_VALUE
 93
        0
 90
        4
  1
Value
 94
        0
300

302

304
ACVALUE_END
301
Value
 98
        5
  0
FIELD
  5
C11
330
C10
100
AcDbField
  1
AcVar
  2
\AcVar CreateDate \f "dd.MM.yyyy"
 90
        0
 97
        0
 91
       63
 92
        0
 94
       59
 95
        2
 96
        0
300

 93
        1
  6
Variable
 93
        0
 90
        4
  1
CreateDate
 94
        0
300

302

304
ACVALUE_END
  7
ACFD_FIELD_VALUE
 93
        4
 90
        8
 92
       16
310
EA070A00000004000900120030000000
 94
        0
300
dd.MM.yyyy
302
04.10.2026
304
ACVALUE_END
301
04.10.2026
 98
       10
  0
FIELD
  5
C17
330
C16
100
AcDbField
  1
AcSm
  2
\AcSm Sheet.Number
 90
        0
 97
        0
 91
       63
 92
        0
 94
       59
 95
       32
 96
      335
300

 93
        2
  6
SheetSetCompName
 93
        0
 90
        4
  1
Sheet
 94
        0
300

302

304
ACVALUE_END
  6
SheetSetPropertyName
 93
        0
 90
        4
  1
Number
 94
        0
300

302

304
ACVALUE_END
  7
ACFD_FIELD_VALUE
 93
        0
 90
        4
  1
00
 94
        0
300

302

304
ACVALUE_END
301
00
 98
        2
  0
FIELD
  5
6E0
330
6DF
100
AcDbField
  1
AcVar
  2
\AcVar Author
 90
        0
 97
        0
 91
       63
 92
        0
 94
       59
 95
        2
 96
        0
300

 93
        1
  6
Variable
 93
        0
 90
        4
  1
Author
 94
        0
300

302

304
ACVALUE_END
  7
ACFD_FIELD_VALUE
 93
        4
 90
        4
  1

 94
        0
300

302

304
ACVALUE_END
301
----
 98
        4
  0
FIELD
  5
6E5
330
6E4
100
AcDbField
  1
AcVar
  2
\AcVar Date \f "dd.MM.yyyy"
 90
        0
 97
        0
 91
       32
 92
        0
 94
       59
 95
        2
 96
        0
300

 93
        1
  6
Variable
 93
        0
 90
        4
  1
Date
 94
        0
300

302

304
ACVALUE_END
  7
ACFD_FIELD_VALUE
 93
        0
 90
        8
 92
       16
310
D3070A0002000E000900190015000000
 94
        0
300
dd.MM.yyyy
302

304
ACVALUE_END
301
14.10.2003
 98
       10
  0
FIELD
  5
6EA
330
6E9
100
AcDbField
  1
AcVar
  2
\AcVar Filename \f "%fn6"
 90
        0
 97
        0
 91
       63
 92
        0
 94
       59
 95
        2
 96
        0
300

 93
        1
  6
Variable
 93
        0
 90
        4
  1
Filename
 94
        0
300

302

304
ACVALUE_END
  7
ACFD_FIELD_VALUE
 93
        4
 90
        4
  1
C:\Users\PC\OneDrive\Desktop\syclopien.dxf
 94
        0
300
%fn6
302
syclopien.dxf
304
ACVALUE_END
301
syclopien.dxf
 98
       13
  0
FIELD
  5
C1E
330
C1D
100
AcDbField
  1
AcSm
  2
\AcSm SheetSet.Project Name
 90
        0
 97
        0
 91
       63
 92
        0
 94
       43
 95
       32
 96
       22
300

 93
        2
  6
SheetSetCompName
 93
        0
 90
        4
  1
SheetSet
 94
        0
300

302

304
ACVALUE_END
  6
SheetSetPropertyName
 93
        0
 90
        4
  1
Project Name
 94
        0
300

302

304
ACVALUE_END
  7
ACFD_FIELD_VALUE
 93
        0
 90
        0
 91
        0
 94
        0
300

302

304
ACVALUE_END
301
#####
 98
        5
  0
FIELD
  5
C23
330
C22
100
AcDbField
  1
AcSm
  2
\AcSm SheetSet.Project Address Line 1
 90
        0
 97
        0
 91
       63
 92
        0
 94
       43
 95
       32
 96
       22
300

 93
        2
  6
SheetSetCompName
 93
        0
 90
        4
  1
SheetSet
 94
        0
300

302

304
ACVALUE_END
  6
SheetSetPropertyName
 93
        0
 90
        4
  1
Project Address Line 1
 94
        0
300

302

304
ACVALUE_END
  7
ACFD_FIELD_VALUE
 93
        0
 90
        0
 91
        0
 94
        0
300

302

304
ACVALUE_END
301
#####
 98
        5
  0
FIELD
  5
C28
330
C27
100
AcDbField
  1
AcSm
  2
\AcSm SheetSet.Project Address Line 2
 90
        0
 97
        0
 91
       63
 92
        0
 94
       43
 95
       32
 96
       22
300

 93
        2
  6
SheetSetCompName
 93
        0
 90
        4
  1
SheetSet
 94
        0
300

302

304
ACVALUE_END
  6
SheetSetPropertyName
 93
        0
 90
        4
  1
Project Address Line 2
 94
        0
300

302

304
ACVALUE_END
  7
ACFD_FIELD_VALUE
 93
        0
 90
        0
 91
        0
 94
        0
300

302

304
ACVALUE_END
301
#####
 98
        5
  0
FIELD
  5
C2D
330
C2C
100
AcDbField
  1
AcSm
  2
\AcSm SheetSet.Project Address Line 3
 90
        0
 97
        0
 91
       63
 92
        0
 94
       43
 95
       32
 96
       22
300

 93
        2
  6
SheetSetCompName
 93
        0
 90
        4
  1
SheetSet
 94
        0
300

302

304
ACVALUE_END
  6
SheetSetPropertyName
 93
        0
 90
        4
  1
Project Address Line 3
 94
        0
300

302

304
ACVALUE_END
  7
ACFD_FIELD_VALUE
 93
        0
 90
        0
 91
        0
 94
        0
300

302

304
ACVALUE_END
301
#####
 98
        5
  0
FIELD
  5
C32
330
C31
100
AcDbField
  1
AcSm
  2
\AcSm SheetSet.Project Name
 90
        0
 97
        0
 91
       63
 92
        0
 94
       43
 95
       32
 96
       22
300

 93
        2
  6
SheetSetCompName
 93
        0
 90
        4
  1
SheetSet
 94
        0
300

302

304
ACVALUE_END
  6
SheetSetPropertyName
 93
        0
 90
        4
  1
Project Name
 94
        0
300

302

304
ACVALUE_END
  7
ACFD_FIELD_VALUE
 93
        0
 90
        0
 91
        0
 94
        0
300

302

304
ACVALUE_END
301
#####
 98
        5
  0
FIELD
  5
C37
330
C36
100
AcDbField
  1
AcVar
  2
\AcVar CreateDate \f "dd.MM.yyyy"
 90
        0
 97
        0
 91
       63
 92
        0
 94
       59
 95
        2
 96
        0
300

 93
        1
  6
Variable
 93
        0
 90
        4
  1
CreateDate
 94
        0
300

302

304
ACVALUE_END
  7
ACFD_FIELD_VALUE
 93
        4
 90
        8
 92
       16
310
EA070A00000004000900120030000000
 94
        0
300
dd.MM.yyyy
302
04.10.2026
304
ACVALUE_END
301
04.10.2026
 98
       10
  0
FIELD
  5
C3D
330
C3C
100
AcDbField
  1
AcSm
  2
\AcSm Sheet.Number
 90
        0
 97
        0
 91
       63
 92
        0
 94
       43
 95
       32
 96
       22
300

 93
        2
  6
SheetSetCompName
 93
        0
 90
        4
  1
Sheet
 94
        0
300

302

304
ACVALUE_END
  6
SheetSetPropertyName
 93
        0
 90
        4
  1
Number
 94
        0
300

302

304
ACVALUE_END
  7
ACFD_FIELD_VALUE
 93
        0
 90
        0
 91
        0
 94
        0
300

302

304
ACVALUE_END
301
##
 98
        2
  0
XRECORD
  5
11C9
102
{ACAD_REACTORS
330
11C8
102
}
330
11C8
100
AcDbXrecord
280
     1
 70
     1
 90
2070111275
  1
6DD054CC-3C65-47FB-8B84-A62F9BE29E97
310
504B03040A00000800003171623B3DEE336E79000000790000001B0000006175746F6465736B2D64657369676E2D7061636B6167652E786D6C3C3F786D6C2076657273696F6E3D22312E302220656E636F64696E673D227574662D3822203F3E3C666F726D6174733E3C666F726D61743E687474703A2F2F736368656D612E
310
6175746F6465736B2E636F6D2F64657369676E2D7061636B6167652F323030393C2F666F726D61743E3C2F666F726D6174733E504B03041400060808003171623BD486FD9CA0000000F4000000130000005B436F6E74656E745F54797065735D2E786D6C7D8EC10E82300C865F65E91D8A1E8C310C0EEA1BF002731658846E
310
D98AC1B77784ABF1D8FE5FBFBF75BBCE937A534CCEB38643598122B6FEE978D0B0485F9C41B54DDD7D022595594E1A469170414C76A4D9A4D207E29CF43ECE46F218070CC6BECC4078ACAA135ACF422C856C0E68EA1BF5669944DDD7BCDE7B1F8E415D77AECB980613C2E4AC91FC167A2B244592486606FC29C8FD7F045B9A
310
EF7053A7E60B504B03041400060808003171623B0A6606A5EB0000007C01000008000000636F72652E786D6C8D90416EC3201045AF82665B6183E334D8C2448DEB1BF402088883128365A0CAF18B13476A775DCDE8CF7F33A3CF8FF7E986BECD12AC771DD08200324E796DDDD8418A67CC001D055FBC8FBF6C809C9C4C07AB
310
0C828F8B4FF32629EFA27131ABCE6BB38932041301A95B6E3A08EA622659C814B3235C8B59AAAB1C4D415F5D8653B21A3D8F589DF7D9B3350B88BA61ACFF3C1CF007ED1B5C37A71E3356F7B82294D6C37EA0EF43CFCB15163CDAE9755F2D4646A34154843498524CAA2F5AB7A46977FB37C25A4278B9DAFF4069D6FF849275
310
71576DEF3EB10082E6471E03C1CB358B5C1E41E5BAE6267E00504B03041400060808003171623B55019EA25F0000007C00000007000000636E782E786D6C4DCB3B0E80201045D1AD90E915ED2CF8AC45050C11660C8261F98AB1B07AC9C97D42D718D865D3E909258CFD00CCE24AC6E326A164D74DC0B4128928FF32603847
310
2BA13128B1252AC747C6BAB984FC68F0B87FE8960A5C09FE86CFB69FBA01504B03041400060808003171623B466B69F570010000D40300000C0000006662782F636F72652E786D6CC553ED6E8320147D15C2DF45016B576D9066737D83BD0055EA4C150C82E9E3EFFAD1745DBAA5FB357F2839E75EEE3907E1BB73DBA041D9
310
BE363AC32CA418295D98B2D65586BD3B0609463BC1AD31EE4B19465AB62AC3238C05AFACF1DD0215463BA51DA0DA946A0165DF2B8751D1C022C37DF1A15A194AEFA0A23F859D2C4EB252210B81863AC17B6741009A878C6F2C8E873327332EB8F775B9B07509D3EA63AD2C16719A24F9DB6613BCB03C0DE2F4350F9224CE83
310
883216EFD77BF6BCCF39199B0577757B515758259D2AB188284D03C6021ABDB3784BD3ED6AFD44932DA59C8CE5374DBE2B1F6CF2B576AB68913BB7F55830103211DFDC42440EF572003D44703286089F29E1DBA0211008D9C94373F17102685085333606A634FE4A0DB2F10AA6D2904E0FFA79C1C9DC0953A7CDC1F5DD19D1
310
C3337EDF118E5AEA0A4C4807CB8377A34E3E6B5842EB940D067746DAD856368FD9F8C5E19FA8ABF8BB920AD318FB5F8AC8724064F93DC8781FC527504B03041400060808003171623BCB0C3DE77E0000009D0000000B0000006662782F636E782E786D6C4DCCD10E82201886E15B61FF39A941251BE042E23E5CA263213482
310
D6E5A7CD838EBEEDD9B797779FC5A3B74D2F178380E65003B2E11E47176601254FB805D4499E62CC7F37406158AC808D41F239C5F2DC69B4D3507C5ED5BBF0D8F1444D4FC8CDE023510C53C314BE6AC3F0856AD56ADDD7EADC402579F52BADBB85E517504B03041400060808003171623B0A957A282C010000120200003100
310
00006662782F35344643333345462D323342392D344639422D414446392D3734444238444443304236312F636F72652E786D6C8D515B6EC32010BC0AE2AB55850D7E24718489EAB83E412FE000495162B07854397EA176A4F62F3F8066676667597AB84F37F02DAD5346B790641802A9B9114A5F5A18FC19ED2038306A8DF1
310
7F6810E871922D4C3064F4624D9857881BEDA5F611D546C8151C9D931E027E8B8F163AFE25A7311B838F0C77CDE6915FC78BCC4816CB91C7A8F33606004B9374425657C3B12C3F0654945D83AAA1E9D07B3F34685BF5DDAEEF8FB8DB109A2F4246435062952B11E3A8B392F659932466D4ABE9119F5B397A29202B306E1021
310
08179FA4DAE3665FD66F78B7C798E689FE4F1466F1A42828EDCB628DBBC81C64719AA5C0A830E1747B8491F7D9580F52BF1727F92B6438C3B826644BF38518C78F8E9B6A7574DED8F8BD2FD753E4929AE6C97653319AA70DC5EB777DF14EDB643F504B03041400060808003171623BE0EAED994E0100003303000030000000
310
6662782F35344643333345462D323342392D344639422D414446392D3734444238444443304236312F636E782E786D6CD593CD6E022114855F85B06DE64FA7460D8349177D822EBA65E05AA90C4CF869EADBF7A268DDB8E8B21B3239F770CECD1786EDBE2743BEC007EDEC40BBBAA504AC744ADB8F81A6B8AFD694EC38F3CE
310
C53B1B25564C30D02C53CE3EBC4B739114EC45321155A3EDB1881E824B5E424039DF24C6496130006C9550846904A540919B11BFF6E0711514C713890720AF2FEFC48D9F2063604D4EE1ACC91D9CE5B334DD992891468430D0200F30895AA4E8148463AD441475575FBB1EECF49B44F2856B65F29AE4F281E693F2B2518D1C
310
598343CE42F448AF98E26906CAC53C1B2D4544C8CDD978F17096B48DABBE783582F7E8EE56CBBEC7B0F38CB3A827280EE9414450942FDA7653755DD52EDEBA7EDB6EB6CBE7A776BD6D5BD6643B67A373A65CC218F06E26D2D9083652DEB1268F1FE12B3EA2B447D6CE9FFE00120194D60B9D5BC67FE6D39CDF37E2F2F817F0
310
1F504B03041400060808003171623BF534B0F1680500003C100000340000006662782F35344643333345462D323342392D344639422D414446392D3734444238444443304236312F6F626A656374732E786D6CAD575B6FA33818FD2B887D06726BA75951464DD256D1A833A38966B40F9522030E650B36B24D27DD5FBFC760
310
0890B493BDE42160637FD7F31D7FF63FEEF3CC7AA142A69C5DDB6377645B94453C4E59726D976AE75CD9D6C7C0179CABCE32DB6224A7D7B69EB6033F11BC2CCC544C77A4CCD460F66EF1872523CAA86D451991F2DA96D113CD894B4AC5632A9FDD9828E226BBBD3B76EB857DB18920C5D340684104650A96629E418A551B35
310
EE0F47B617F89EFE1EF8FADFAC9ABEBDCAABFCE9EB4F9954844547CA0662A6E3D9EA767231772E66B3A933BB9C8C9DC5DD62E58C3F4C47CBCBE5727E733B8762A90424194B04DDD9C13D6223D2C8F7EA4FADC5C6F05326459C311A55FEC3C3CA662331A6056531F29852096D1DAF47FDE158C7A6F379AAC7466577FA3CAFBA
310
3B3A821ADB9B67D7521EFE0917E439A810926A54D5F1318ED6F81B1DA216729E996FA9B472A2A84849666569288878B5032CD54B02BF2746A35368846B0FEC607C90D7B515A5F16BEC9EB27257669986A61D54C8DE02FF54C9CAB2F42F2A4E6B834DC855993275651C52AF05B583B9EF559381AF1FD389F95807D2DA652441
310
CAE166FD75E0E852D7DE7A65079FEEC2FD46D7E369E585E005154AC307D06A12D73C75948CDAF15999D31BE04C2FE687A07C43E43FA37C0FA6206F22DDCFF633A34509C2E48E8B1CB97147D5CF1A352F4EFB76FC023E1BAC3E5ED3CEFCABC5BED71ADB278CB7F20770E9D45CFDF7FCF563D6456A277D81FF8202E3626A42B9
310
894806EA79481912A24169651C53E0F25DB8B783359812CC8E5D240BDA801CBDF8DE0BBEE3BF960DB6AAD4779E0C091DF0ED19CC8F58566501DBDE00CB114F568A8D736FC5FCE27FA9999BD5E6D3A6143B12D107432C2BBA4B59AA70761EC0DB35A897889E47CFF4F52717311C3D4EC2A69B84DCA89288B68EB90E7CD21C16
310
7A70D0DC5310615FC235E7F9BFD0F090CA8866196194978D96F618D2586D49C6F409A8C23AA0D3C900C582BEA4BA93E8ADE89985B33E1269A143D61E7A2D4FBB6FF8F27DFD19A0B483C5EB02687D3EAC0A0F741FF18C8B6DF8BAAD99D006F8B0A78FEE1F7D789B887A5A0A105F61B9A11C13E26D9CEE76A504EF9E88E28FF5
310
B29BA996488E5F9A026A34D63539033BA3F68830F06D74A2211004073B67DB14C738CAF2A4F2AEEEA10259C97D437E58E6C596E4BC64EA9C308D1A7F1AEB5BE1DD2E46FE242A7AB2834DF57416A0EC98C68754F550A08FA0133EF5D273B95A8D2E66CBA5335D5E5E38B30F770BE76A7135736E2E2777F3C5ED647E3BFFD05A
310
545912F8CD09D5AD41441327A25F8AD484F9FBFA50B676F04094F4EEEB82F292FAF97DEDA22DF63DEC01C0DB8DEBBCC8684E99221ABE0FFA25FB46D055F464D4F3EB9C24F40C295FEE37031B3073C6BEAFBAD4E8CFC15E33BBD4B57052887A2AF39091341B6C348EBB054B8CDB4D28DB67CDE8CD508F4C3CD1874A9EA53108
310
27B612CA73AA403B67B0BDC8A90462BA5D796C6E0F67EC7EA9FB4145C28C36963C11B4C49904AA01B73252FD79EB37B470BA8BBAB671D8B9CFF83385685B48F5B50D7E536944A51BE278D48D4F251C104017D69220A0465892A1B3AE37B5E376978E0DE80727A0D1DF2E39A75B327EF5883727458153BB47AB956D4641F48F
310
1C6FCCB188C26B58AAD697C344EB4CA50695553B65EE0668219E8DEA3DEAEB7DB7C66EB5A61791B3EE49EF82A096EA282292EA5EA0ED3326DDACBE7A6805ACF517ABC8CA04B93C5F922328C05CEA02078A800A23B3200A505DFEFEF85570DC4573EB2E05041E973CCF3933831B7397B5364FB899C68FA005AAAF1F72321A8F
310
1FABAEDF5C44B62191D425B17CC6445370DA8301D600C8A3E3D4A4C0D339182C5FAF2C7360CC20B402ED51535A5FC32D148FBE39EA52E99265F16EE3EF554B010681963DF81B504B03041400060800003171623B000000000000000000000000350000006662782F35344643333345462D323342392D344639422D41444639
310
2D3734444238444443304236312F76657274696365732E62696E504B03041400060808003171623BF270F1330600000004000000360000006662782F35344643333345462D323342392D344639422D414446392D3734444238444443304236312F747269616E676C65732E62696E636660600000504B030414000608000031
310
71623B000000000000000000000000370000006662782F35344643333345462D323342392D344639422D414446392D3734444238444443304236312F617474726962757465732E62696E504B03041400060808003171623B08DA0BD19000000041010000360000006662782F35344643333345462D323342392D344639422D
310
414446392D3734444238444443304236312F6469726563746F72792E786D6C858F410AC3201045AF22B36F53E9A60B35CBEEBAE80D244E44489C6234F4F835464A48035D0DF398FF9F8AF63D0E6CC63039F212F8F9020C7D47C6792B21C5FE7403D62A1188E2E60C98D7234A5830286103A55745067B9D86B8A3CF9C7F90C1
310
1DE607FB144396D7B6A82D282E9A152AD114D5EF2CB866EEE831B8EEA07A7BB5A8D7D61A2BAAEB7FD5F70921FF497D00504B03041400060808003171623B19CD283DFD000000A00100003B0000006662782F35344643333345462D323342392D344639422D414446392D3734444238444443304236312F7265736F75726365
310
732F636F72652E786D6C8D504B6E833010BD0A9A6D65B009490119472DCD0D7A01CB4CA89560237FAA1EBF76A052BBEB6666F43E9AA7C7CF5FCBBDF844E7B53503B092428146D9499B798018AEA485E22CB8B336FC924161E482036418049F9D8DEB0E296B029A90506327DC41E93D0628D43D1D0378F5818B2C650C49E16F
310
E52AD54DCE58B232D14927B80F2E0528B627798270E86D740A3DAF3656F018F5B46BF4947EEAAB4607A2E9DA767C7B3E91173676A4E95E47D2B6CD486ACA5873395ED8E932F22A9B050F7AF9C9A81CCA8013889AD28E304668FDCE9A9E76FDE1F844DB9E525E65F91F535CA77F9AA236E150EF71379B07C1529007217895FB
310
4AEB5166DAB95BF10D504B010214000A00000800003171623B3DEE336E79000000790000001B00000000000000000000000000000000006175746F6465736B2D64657369676E2D7061636B6167652E786D6C504B010214001400060808003171623BD486FD9CA0000000F40000001300000000000000000000000000B20000
310
005B436F6E74656E745F54797065735D2E786D6C504B010214001400060808003171623B0A6606A5EB0000007C010000080000000000000000000000000083010000636F72652E786D6C504B010214001400060808003171623B55019EA25F0000007C000000070000000000000000000000000094020000636E782E786D6C
310
504B010214001400060808003171623B466B69F570010000D40300000C00000000000000000000000000180300006662782F636F72652E786D6C504B010214001400060808003171623BCB0C3DE77E0000009D0000000B00000000000000000000000000B20400006662782F636E782E786D6C504B01021400140006080800
310
3171623B0A957A282C010000120200003100000000000000000000000000590500006662782F35344643333345462D323342392D344639422D414446392D3734444238444443304236312F636F72652E786D6C504B010214001400060808003171623BE0EAED994E010000330300003000000000000000000000000000D406
310
00006662782F35344643333345462D323342392D344639422D414446392D3734444238444443304236312F636E782E786D6C504B010214001400060808003171623BF534B0F1680500003C1000003400000000000000000000000000700800006662782F35344643333345462D323342392D344639422D414446392D373444
310
4238444443304236312F6F626A656374732E786D6C504B010214001400060800003171623B00000000000000000000000035000000000000000000000000002A0E00006662782F35344643333345462D323342392D344639422D414446392D3734444238444443304236312F76657274696365732E62696E504B0102140014
310
00060808003171623BF270F133060000000400000036000000000000000000000000007D0E00006662782F35344643333345462D323342392D344639422D414446392D3734444238444443304236312F747269616E676C65732E62696E504B010214001400060800003171623B000000000000000000000000370000000000
310
0000000000000000D70E00006662782F35344643333345462D323342392D344639422D414446392D3734444238444443304236312F617474726962757465732E62696E504B010214001400060808003171623B08DA0BD1900000004101000036000000000000000000000000002C0F00006662782F35344643333345462D32
310
3342392D344639422D414446392D3734444238444443304236312F6469726563746F72792E786D6C504B010214001400060808003171623B19CD283DFD000000A00100003B00000000000000000000000000101000006662782F35344643333345462D323342392D344639422D414446392D3734444238444443304236312F
310
7265736F75726365732F636F72652E786D6C504B0506000000000E000E0080040000661100000000
  0
XRECORD
  5
11C7
102
{ACAD_REACTORS
330
11C6
102
}
330
11C6
100
AcDbXrecord
280
     1
 70
     1
 90
2070111275
  1
7CCBCD4F-93A8-4E3D-A278-A4879B3831FC
310
504B03040A00000800003171623B3DEE336E79000000790000001B0000006175746F6465736B2D64657369676E2D7061636B6167652E786D6C3C3F786D6C2076657273696F6E3D22312E302220656E636F64696E673D227574662D3822203F3E3C666F726D6174733E3C666F726D61743E687474703A2F2F736368656D612E
310
6175746F6465736B2E636F6D2F64657369676E2D7061636B6167652F323030393C2F666F726D61743E3C2F666F726D6174733E504B03041400060808003171623BD486FD9CA0000000F4000000130000005B436F6E74656E745F54797065735D2E786D6C7D8EC10E82300C865F65E91D8A1E8C310C0EEA1BF002731658846E
310
D98AC1B77784ABF1D8FE5FBFBF75BBCE937A534CCEB38643598122B6FEE978D0B0485F9C41B54DDD7D022595594E1A469170414C76A4D9A4D207E29CF43ECE46F218070CC6BECC4078ACAA135ACF422C856C0E68EA1BF5669944DDD7BCDE7B1F8E415D77AECB980613C2E4AC91FC167A2B244592486606FC29C8FD7F045B9A
310
EF7053A7E60B504B03041400060808003171623B0C65C105EB0000007C01000008000000636F72652E786D6C8D90416EC3201045AF82665B6103B65BDBC2444A1A9FA01740405C94182C03558F5F9C3852BBEB6A467FFE9B197D7EF89E6FE8CBACC17A37002D0820E394D7D64D03A478C12DA083E0ABF7F1970D9093B31960
310
9341F069F569D925E55D342E66D5796D76518660222075CBCD00417D9A591632C5EC08D76291EA2A2753D06797E194AC468F2356E77DF662CD0AA2398E8C90B1C5AFD558E37A3C1F71DB91136667D6B5CDA97E6BDE2B5E6EB0E0D1CECFFB6A35321A0D22C31DA61413F641EB9E747DD5BC90B62784979BFD0F9416FD4F2859
310
172BB6BFFBC002089A1FB90F042FB72C72B90795EB969BF801504B03041400060808003171623B55019EA25F0000007C00000007000000636E782E786D6C4DCB3B0E80201045D1AD90E915ED2CF8AC45050C11660C8261F98AB1B07AC9C97D42D718D865D3E909258CFD00CCE24AC6E326A164D74DC0B4128928FF32603847
310
2BA13128B1252AC747C6BAB984FC68F0B87FE8960A5C09FE86CFB69FBA01504B03041400060808003171623B76FBFE0E70010000D40300000C0000006662782F636F72652E786D6CC553EB6E8320147E15C2DF45C1DBA60DD2A45DFB047B01AAD4992A1804D3C7DFF1D2745DBAA6FB357F28F9CE397C1784ADCF6D830669FA
310
5AAB1C073EC548AA4297B5AA72ECECD14B315A7366B4B6DFDA3052A295391E61CC5965B4EB16A8D0CA4A650155BA940B28FA5E5A8C8A061639EE8B4FD90A5F380B1DFDC9EF44711295F4031FCAD0C7596F0D084033C9F8C6FC78383332E39C3957974BB52E81AD3ED6D2609E6CF621A5FBD47B8DF6B117EF771B2FCDE8D60B
310
77619626DBF82D798F18198739B3757B51571829AC2C3187E1CC0B028F861F41BCA2D92A4A5E68BAA29491B1FD66C875E59343AE56360A17B9F3588F790042A6C20FB7109145BD18400FE18C8C21C2674AF83668080442B6E2D05C7C9C001A6461B589A1526A772D0DA2711258A94FA707FDBE60649E04D66973707D97237C
310
9AE3F18E70D44255604258581E9C1D75B259C3125A278D37D83352DAB4A279CEC603877F2A5DC5DF9554E8469BFF5244960322CBEF41C6FBC8BF00504B03041400060808003171623B6740B8E27E0000009D0000000B0000006662782F636E782E786D6C4DCCD10A83201886E15B91FFDC65944E418DDADC7DC4B290990EA7
310
6397BF1A1DECE883878F57769FD5A3B74D2F178382FA4400D9708F930B8B829267CC01755AA618F3DF0D501857AB6067D07249B13C0F9AEC3C169F37F52E3C0E1C04359413867BC206DCD2BEC1FCC20536CCDCEA6B63787B16506959FD4ADBEE61FD05504B03041400060808003171623BEAE839AA2B010000120200003100
310
00006662782F42393545353830362D413036422D343541332D384338392D4536454631443345383437392F636F72652E786D6C8D515B6EC32010BC0AE22B55850DF12376848992D63D412FE000715162B07854397EA176A4F62F3F2C9A9D991D587AB84F37F02DAD53467790641802A9B9114A8F1D0CFE821A080E8C5A63FC
310
1F1A047A986407130C191DAD09F30A71A3BDD43EA2DA08B9828373D243C06FF1D241C7BFE4346443F091E1AED93CF0EB30CA8C64B11D798C3A6F6300B00C492764A7B6EAAB06D7E888EB132AAB63819AB7A6457DDD7F90F7A26FCA5D4BF345C868084AAC7225621C7551D23E6B92C48C7A353DE2732B072F05645B8C5B4408
310
C2DB4F52EE71BB2FAA57DCEC31A679A2FF1385593C290A4AFB62BBC65D640E3242F3A5C1A830E17C7B8491F7D9580FD2BC8D93FC05329C615C915D4DF385189F1F1DEB727574DED8F8BD9BEB397249B5D8D625A379DA502CBFEB8B356D93FD00504B03041400060808003171623BE0EAED994E010000330300003000000066
310
62782F42393545353830362D413036422D343541332D384338392D4536454631443345383437392F636E782E786D6CD593CD6E022114855F85B06DE64FA7460D8349177D822EBA65E05AA90C4CF869EADBF7A268DDB8E8B21B3239F770CECD1786EDBE2743BEC007EDEC40BBBAA504AC744ADB8F81A6B8AFD694EC38F3CEC5
310
3B1B25564C30D02C53CE3EBC4B739114EC45321155A3EDB1881E824B5E424039DF24C6496130006C9550846904A540919B11BFF6E0711514C713890720AF2FEFC48D9F2063604D4EE1ACC91D9CE5B334DD992891468430D0200F30895AA4E8148463AD441475575FBB1EECF49B44F2856B65F29AE4F281E693F2B2518D1C59
310
8343CE42F448AF98E26906CAC53C1B2D4544C8CDD978F17096B48DABBE783582F7E8EE56CBBEC7B0F38CB3A827280EE9414450942FDA7653755DD52EDEBA7EDB6EB6CBE7A776BD6D5BD6643B67A373A65CC218F06E26D2D9083652DEB1268F1FE12B3EA2B447D6CE9FFE00120194D60B9D5BC67FE6D39CDF37E2F2F817F01F
310
504B03041400060808003171623BFAADC36E640500003C100000340000006662782F42393545353830362D413036422D343541332D384338392D4536454631443345383437392F6F626A656374732E786D6CAD575B739B3818FD2B0CFB0C98D86D9C1D42C79724E3E9A6EDD4D3CE3E64C62340266C00319248ECFEFA3D0281
310
01DBADF7E2078384F45DCF77F4C9FBB0CB52E3957291B0FCD674ED9169D03C645192C7B76629B7D6D4343EF81E674C769699464E327A6BAA69D3F762CECA424F45744BCA540E66EFE77F1A22A439358D302542DC9A227CA619B149295944C58B1D1149EC78BBB35DBB5ED8171B73523C0F841684D35CC252CCE79062D446B9
310
FDE1C8747CCF51DF7D4FFDEB55E3F3AB9CCA9FBEFE241792E4E191B28198B13B59DE5DBDBBB1DE4D26636BF2FECAB5E6F7F3A5E55E8F478BF78BC5CDECEE068A85E490A42DE1746BFA0F880D4F42CFA93FB5166BC34F9914B23CA761E53F3CAC6CD612235AD03C421E132AA0ADE3F5A83F74556C3A9FC76AAC5576A72FF3AA
310
BBA323A8B1BD79762D65C15F70415C820A2EA842551D1FED688DBFD1216A0163A9FE9608232392F284A4469A049CF0BDE963A95AE27B3D310A9D5C215C7960FAEE415ED75694C6AFB17BCACA6D99A60A9AA65F217B03FC53292ACB921F949FD6069B90AB32C9E5543B24F70535FD1BCFA9267D4F3DC657FA631D48639B9218
310
29879BF5D781A30B557BABA5E97FBC0F766B558FA795179C15944B051F40AB495CF35451D26ADD8B32A736C0995ECC0F41F98AC87F42F91E4C41DE78B29BEC265A8BE424175BC633E4C61E553F63D4BC58EDDBF10BF86CB0FA784D3BF3AF167B4E6B6C9F30CEE50FE052A999FEF7FCF563D6456A277DBEF78A02637CAC43B9
310
0E490AEA794C72244481D24819A6C0E5DB6067FA2B3025981DBB48EAB701397AF19C577CC77F2D1B6C55A9EF3C732474C0B717303F625995056C3B0396239EAC146BE7CEC5FCDDFF5233B3E5FAE3BAE45B12D2474D2C4BBA4DF244E2EC3C80B76B502F113D8F5EE8FE8DF1088E1E2761DD4D42A65509445BC55C053E6E0E0B
310
353868EE2908B12F668AF3BC5F68784C4448D394E494958D96F61852586D4946F709A8C23AA0E3AB018A397D4D5427D15BD1330B677DC8934285AC3DF45A9EB6CFF8F26DF509A034FDF9FE0FB2EF126670A0FB90A58C6F82FDA6664213E0C39E3EBABFF7E1AD23EA2829407C85E5867274883751B2DD9602BC7B228ADF578B
310
6EA65A22397E690AA8D158D7E404EC8CDA235CC3B7D1898680131CEC2CDF2438C65196279577750F15884AEE19F94199151B92B13297978469D4F8D358DF0AEF7631E28DC8F0D9F4D7D5D39A83B2231A9D49A83A824EF8D44BCFF562315F2C27F7D6CD7836B52677E3A535BBBA9E5AB3C9F4FA663E9E8EDD7B84BF5F01CD09
310
D5AD41441327A257F24487F9DBEA50B6A6FF48A4701EEA8272E2FAF96D65A32DF61CEC01C0DB8DABAC4869467349147C1FD54BFA95A0ABE8C9A8E7571989E905523E3FAC073660E6827D5F54A9D1B7C15E3DBB50B57052887C2EB32027493AD8A81DB78B3CD66E37A16C9F35A3374335D2F1441F2A589A44209CC88829CBA8
310
04ED5CC0F63CA30288E976E591BE3D5CB0FBB5EE07250952DA58F24CD012A702A806E994A1ECCF1BBFA185535DD4AD89C3CE7EC19F2E44D340AA6F4DF09B4C422AEC00C7A36A7C2AE18000BAB09604017A92C7293AEB7A533B6E77A9D8807E70026AFDED924BBA25ED578F7833521438B57BB45AD9A61584FFC8F1C61C8348
310
BC06A56C7D394CB4CE546A7C700DDC691F68215EB4EA1DEAEBE76EB976B5A617918BEE493F05412DD59284C7D5BD40055D9B345B7E71D00A18ABCF469196317279B9248B5380B954050E1401155A664124A0BAF8FDE90B67B88B66C67D02083C2D5896B15C0F66FA2E6BAC9F71338D9E400B545D3FC4D5C8759FAAAE5F5F44
310
360111D4269178C1445370CA8301D600C8A3E3545FCF1C9583C1F2D5D2D007C604422BD01E35A5F535DC40F1A89BA32A952E59163F6DFC9D6A2950C0D1B2FB7F03504B03041400060800003171623B000000000000000000000000350000006662782F42393545353830362D413036422D343541332D384338392D45364546
310
31443345383437392F76657274696365732E62696E504B03041400060808003171623BF270F1330600000004000000360000006662782F42393545353830362D413036422D343541332D384338392D4536454631443345383437392F747269616E676C65732E62696E636660600000504B03041400060800003171623B0000
310
00000000000000000000370000006662782F42393545353830362D413036422D343541332D384338392D4536454631443345383437392F617474726962757465732E62696E504B03041400060808003171623B08DA0BD19000000041010000360000006662782F42393545353830362D413036422D343541332D384338392D
310
4536454631443345383437392F6469726563746F72792E786D6C858F410AC3201045AF22B36F53E9A60B35CBEEBAE80D244E44489C6234F4F835464A48035D0DF398FF9F8AF63D0E6CC63039F212F8F9020C7D47C6792B21C5FE7403D62A1188E2E60C98D7234A5830286103A55745067B9D86B8A3CF9C7F90C11DE607FB14
310
4396D7B6A82D282E9A152AD114D5EF2CB866EEE831B8EEA07A7BB5A8D7D61A2BAAEB7FD5F70921FF497D00504B03041400060808003171623BFC045575FD000000A00100003B0000006662782F42393545353830362D413036422D343541332D384338392D4536454631443345383437392F7265736F75726365732F636F72
310
652E786D6C8D50596E833010BD0A9ADFCA60B334808C23250D27E8052C33A156828DBC543D7E4D42A5F6AF3F33A3B7689E1E3F7E2DF7EC139DD7D60CC0720A191A65276DE60162B89216B2A3E0CEDAF04B0699910B0EB0C120F8EC6C5C77485913D084841A3BE10E4AEF3140A6EEE918C0AB0F5C642E63480A7FCB57A96E72
310
C69CE5894E3AC17D702940F67CB24D100EBD8D4EA1E7C593153C463DED1A3DA59FFAAAD181684E6349E97820AFD558937ABC9C48DBD133292F65D736E7FAD0BC55BCD8CC8207BDFC64540E65C009443277843142CB7756F7B4EBABE685B63DA5BCD8E47F4C719DFE698ADA84AADCE33E6D1E044B411E84E0C5D6575A8F32D3
310
DEBA15DF504B010214000A00000800003171623B3DEE336E79000000790000001B00000000000000000000000000000000006175746F6465736B2D64657369676E2D7061636B6167652E786D6C504B010214001400060808003171623BD486FD9CA0000000F40000001300000000000000000000000000B20000005B436F6E
310
74656E745F54797065735D2E786D6C504B010214001400060808003171623B0C65C105EB0000007C010000080000000000000000000000000083010000636F72652E786D6C504B010214001400060808003171623B55019EA25F0000007C000000070000000000000000000000000094020000636E782E786D6C504B010214
310
001400060808003171623B76FBFE0E70010000D40300000C00000000000000000000000000180300006662782F636F72652E786D6C504B010214001400060808003171623B6740B8E27E0000009D0000000B00000000000000000000000000B20400006662782F636E782E786D6C504B010214001400060808003171623BEA
310
E839AA2B010000120200003100000000000000000000000000590500006662782F42393545353830362D413036422D343541332D384338392D4536454631443345383437392F636F72652E786D6C504B010214001400060808003171623BE0EAED994E010000330300003000000000000000000000000000D3060000666278
310
2F42393545353830362D413036422D343541332D384338392D4536454631443345383437392F636E782E786D6C504B010214001400060808003171623BFAADC36E640500003C10000034000000000000000000000000006F0800006662782F42393545353830362D413036422D343541332D384338392D4536454631443345
310
383437392F6F626A656374732E786D6C504B010214001400060800003171623B0000000000000000000000003500000000000000000000000000250E00006662782F42393545353830362D413036422D343541332D384338392D4536454631443345383437392F76657274696365732E62696E504B01021400140006080800
310
3171623BF270F13306000000040000003600000000000000000000000000780E00006662782F42393545353830362D413036422D343541332D384338392D4536454631443345383437392F747269616E676C65732E62696E504B010214001400060800003171623B0000000000000000000000003700000000000000000000
310
000000D20E00006662782F42393545353830362D413036422D343541332D384338392D4536454631443345383437392F617474726962757465732E62696E504B010214001400060808003171623B08DA0BD190000000410100003600000000000000000000000000270F00006662782F42393545353830362D413036422D34
310
3541332D384338392D4536454631443345383437392F6469726563746F72792E786D6C504B010214001400060808003171623BFC045575FD000000A00100003B000000000000000000000000000B1000006662782F42393545353830362D413036422D343541332D384338392D4536454631443345383437392F7265736F75
310
726365732F636F72652E786D6C504B0506000000000E000E0080040000611100000000
  0
XRECORD
  5
11CB
102
{ACAD_REACTORS
330
11CA
102
}
330
11CA
100
AcDbXrecord
280
     1
 70
     0
 90
2070111275
  1
7C4B874E-F101-4586-8D63-74B5501FBFF6
310
504B03040A00000800003171623B3DEE336E79000000790000001B0000006175746F6465736B2D64657369676E2D7061636B6167652E786D6C3C3F786D6C2076657273696F6E3D22312E302220656E636F64696E673D227574662D3822203F3E3C666F726D6174733E3C666F726D61743E687474703A2F2F736368656D612E
310
6175746F6465736B2E636F6D2F64657369676E2D7061636B6167652F323030393C2F666F726D61743E3C2F666F726D6174733E504B03041400060808003171623BD486FD9CA0000000F4000000130000005B436F6E74656E745F54797065735D2E786D6C7D8EC10E82300C865F65E91D8A1E8C310C0EEA1BF002731658846E
310
D98AC1B77784ABF1D8FE5FBFBF75BBCE937A534CCEB38643598122B6FEE978D0B0485F9C41B54DDD7D022595594E1A469170414C76A4D9A4D207E29CF43ECE46F218070CC6BECC4078ACAA135ACF422C856C0E68EA1BF5669944DDD7BCDE7B1F8E415D77AECB980613C2E4AC91FC167A2B244592486606FC29C8FD7F045B9A
310
EF7053A7E60B504B03041400060808003171623BB0233F36EA0000007C01000008000000636F72652E786D6C8D90416EC3201045AF82665BE1809338C6C244AD254ED00B20200E4A0C9681AAC72F4E1CA9DD7535A33FFFCD8C3E3F7F4F77F46597E882EF81560490F53A18E7C71E72BAE016D059F02584F4CB06C8ABC9F6B0
310
CA20F8B8843C6F920E3E599F8AEA83B19BA862B40990BE97A687A8AF765295CAA938E2AD9A95BEA9D156F4D515386767D0F38833659FBB38BB803892E17D90ACC1C34753E343DD0E9851D66229A93C49D6CA5343F86E85054F6E7ADDD78B55C91A1035210C538A49FD490F1D61DDFEF846DA8E1468B5FF81F26CFE0965E7D3
310
BEDEDE7D6211042D8F3C0682EFD62C4A790455EA9A9BF801504B03041400060808003171623B55019EA25F0000007C00000007000000636E782E786D6C4DCB3B0E80201045D1AD90E915ED2CF8AC45050C11660C8261F98AB1B07AC9C97D42D718D865D3E909258CFD00CCE24AC6E326A164D74DC0B4128928FF326038472B
310
A13128B1252AC747C6BAB984FC68F0B87FE8960A5C09FE86CFB69FBA01504B03041400060808003171623B6FFB56936F010000D40300000C0000006662782F636F72652E786D6CC553596E833010BD8AE5DFCA60C8069171D42271825EC00187A2808DBCA01CBFC312A5A9D22AFD2A1F60BD99F15B8CD9E1D2B56890C6365A
310
65380A28465295BA6A549D61EF4E24C1E8C099D1DA7D69C348894E6678843167B5D1BE5FA0522B27950354E94A2EA0B0563A8CCA161619B6E587EC4420BC830E7B0E7A519E452D83288032F471669D0101682619DF989F8E1716CE3867DE37D5526D2A606B4E8D34986F68FE9A17E996E46FDB98ACE32427699426A428A262
310
57A449B1DB52168EC39CB9A6BBAA2B8D144E5698C794A6248A088DDFA3F59EA6FBD5E685267B0A4363FBDD90EFAB27877CA3DC2A5EE4CE6316F308844C856F6E212287AC18404FC8593886089F29E1FBA0211008D989637BF571066890A5D3660D954AFB5B6910AD97C04A033A3DE8E7050BE749609D3607D70F39E2A7397E
310
DF118E5AA81A4C0807CBA377A34E366B5842EBA52183BB20A54D27DAE76CFCE2F04FA59BF887924ADD6AF35F8AC2E580C2E5F708C7FBC83F01504B03041400060808003171623B0370ABAA7D0000009D0000000B0000006662782F636E782E786D6C4DCCDF0A83201C86E15B91DFB9CBFE201BA8219AF711CB42663A9C8E5D
310
FE2A3AE8E883878F97F5BFD5A3AF4D1F170387FA4600D9F08C930B0B8792677C07D40B9662CC971BA030AE96C3CE20D89262799F34D9792C3E6FEA5D789D488D6AA46C0CA6DA28DC496AF043752DD6722064502DA5BA864AB0EA286DBB87C51F504B03041400060808003171623B2B1642452C010000120200003100000066
310
62782F36464332414132462D364446432D344136462D394334332D4441453030454333363644312F636F72652E786D6C8D515B6EC32010BC8AC557AA0A1B6C07C51126B29CF804BD0031244189C1E251E5F885DA91DABFFC009A9D999D65E9E1393DB26F699D32BA05384720937A3442E96B0B82BFC01DC80E8C5A63FC1F1A
310
C8349F640B120C18BD5A13E6151A8DF652FB886A23E40A72E7A407D9F8888F16B8F126279EF3E023C3DDF3998F777E9539CE6339F21875DEC600D9D2249D8091A12FBBAE1C20390E3DAC3B32C0A6AF2B78EC4E089DFA8A9023A6C5226434042556B912318EBA2869DF35496246BD9A5EF1472BB99702B012A106620C51F985
310
EB3D6AF6D5F613EDF608D122D1FF89C22CDE1405A57D55AE711799032C4EB3141815269C1FAF30F2391BEBB3D46FE3E4F80118CA11DAE2B2A1C5428CE3474752AF8ECE1B1BBF77733F472EDED222D9929AD1226D285EBFEB8B77DA26FB01504B03041400060808003171623BE0EAED994E0100003303000030000000666278
310
2F36464332414132462D364446432D344136462D394334332D4441453030454333363644312F636E782E786D6CD593CD6E022114855F85B06DE64FA7460D8349177D822EBA65E05AA90C4CF869EADBF7A268DDB8E8B21B3239F770CECD1786EDBE2743BEC007EDEC40BBBAA504AC744ADB8F81A6B8AFD694EC38F3CEC53B1B
310
25564C30D02C53CE3EBC4B739114EC45321155A3EDB1881E824B5E424039DF24C6496130006C9550846904A540919B11BFF6E0711514C713890720AF2FEFC48D9F2063604D4EE1ACC91D9CE5B334DD992891468430D0200F30895AA4E8148463AD441475575FBB1EECF49B44F2856B65F29AE4F281E693F2B2518D1C598343
310
CE42F448AF98E26906CAC53C1B2D4544C8CDD978F17096B48DABBE783582F7E8EE56CBBEC7B0F38CB3A827280EE9414450942FDA7653755DD52EDEBA7EDB6EB6CBE7A776BD6D5BD6643B67A373A65CC218F06E26D2D9083652DEB1268F1FE12B3EA2B447D6CE9FFE00120194D60B9D5BC67FE6D39CDF37E2F2F817F01F504B
310
03041400060808003171623B68262CD5650500003B100000340000006662782F36464332414132462D364446432D344136462D394334332D4441453030454333363644312F6F626A656374732E786D6CAD575B8F9B3814FE2B887D06C224735B315493A4A9A26ADAAA51AB7D182932E030EC188C6C33CDECAFDFCF6008904C
310
9BBDE42160737CAEDFB93878B7CF99F54285CC787167FBEEC4B66811F3242BD23BBB523BE7C6B6DE8581E05CF5C86CAB2039BDB3F5B61D06A9E05569B612BA231553A3DDD5FC0F4BC6B4A0B6153322E59D2DE3279A1397548A27543EBB0951C44D777BD7771BC221DB5490F269C4B42482160A9A62BF0017AB51CA1F2E27B6
310
17069EFE1E06FADF504DDFA6F26A7B86F2B3422A52C447C2466CA6FE6CF9FEE2F2D6B99CCDA6CEECEAC277E6ABF9D2F1AFA793C5D562717BFFFE1682A512E06434117467871FE01B91C581D77CEA34368A9F5229E64541E3DA7E5858EB6C3826B4A44582386654425ACFEAC970E96BDFF43E4FF5DA88EC6F9F6755FF448F51
310
AB7BFBEC6BCAA33F61823C071542528DAAC63FC6D0067F9383D722CE99F996492B278A8A8C308B659120E2D50E41AA49C260C046A35368846B0BECD03FF0EBEB8AD4F835764F69B9AB18D3D0B4C31AD95BE09F2A596B96FD45C56969D009B1AAB242DD1883D46B49EDF036F0EACD30D08FE985F9D838D2DA319222E430B3F9
310
3A3274A1736FBDB4C38FAB68BFD1F9785A7829784985D2F001B4DAC0B54FED2523D63F2B72FA008C19F8FCE094AFF0FC27A4EF4115C44D64FBD97E66A428410AB9E322476CDC49FDB326ED8BD3BD1DBFA09E8DA88F69BA9D7F451C789DB2C382F156FC002E1D9A9BFF1EBFA1CFFA48ED852F0C5E90605C4C8D2B373161283D
310
0F59818068505A8C630BB57C17EDED708D4A89CA8E5384859D438E5E02EF05DFF1DFF046B5AAC5F79E05023AAAB767547EF8B24E0BE8F606588EEA642DD818F796CF2FFF979CB95F6E3E6E2AB123317D3085654977599129F4CE0378FB0A0D0231B0E899BEFEE02281A1C741D8F483901B5112DED63ED78E4FDB66A11707C9
310
030131CEA55CD7BCE017121E321953C6484179D54AE9DA90C66A5764CC9C802C6C1C3ABD18A158D0974C4F12038A815AE8F5B1C84AEDB2AEE97575DA7DC3966FEB4F0025E8198F083B1045876A1F73C6C5367ADD3685D006F6706408EEEF43741B877A9A0B005F43B9AD38C6C3DB24DBED2A89B27BC289DFD78B7EA0BA3A72
310
FCD2E64F2BB149C9198A33528F0883DE5626E60141D0D779B1CDD0C591952785F7658F05C89AEF1BFCA32A2FB724E755A1CE71D3A4B5A7D5BE63DE1F62E40FA2E2273BDCD44F678E8A9DD0E410AA010874073A61D3203CD78BD9FCE67AF6DE59F913DF995DDE5C3937CBABA9733D9B5F5E4EFCD57CB5BAEA34AA350983B641
310
F55310DE44430C2A9119377F5B1FB2D60E1F8892DE87269FBCB4797E5BBB988A030F6780EFEEE03A2F19CD69A18846EF837E615F09868A018F667F9D93949EC1E5F387CD4807EC9C71EE8BCE34FA6374D6EC2E742E9C64A29EAA3C2A48C646078DE16E59A4C6ECD695DDB329E8ED52AF8C3F31864ACEB204F526B152CA73AA
310
5075CE28F622A71288E90FE589B93C9C71FAA519071589186D35792298889904AA01B72A56C37DEB374C707A88BAB3D1EBDC67FC9944B42D84FACE467953594CA51BA13BEAB9A7660E086008EB6A20A0468A9461B06E0E75EBEE94F60DCA0F1AA091DF919C332C19BB067537276589A63DA8AAB56E4640FC8F0C6FD5B188C2
310
6B54A9CE96C346674C2D0699D51865AE0698209E8DE83DF2EBE766F96E4D33F0C859D7A49F82A0E1EA2822D2FA5AA0F5332ADD2FBF789804ACF567AB64558A589ECFC9111460AE748203454085E1591205A82E7E7FFC2238AEA2B9B5CA0081C705CF735E98C5BDB9CA5A9B275C4C93479405AA6F1FF262E2FB8FF5D06FEE21
310
DB8848EA92443E63A34D386DC1086B00E451373521F0740C46E4EBA5651AC60C4C6BD01ECDA4CD2DDC42F2E88BA34E957EB12C7F3AF77B3529C02030B1877F03504B03041400060800003171623B000000000000000000000000350000006662782F36464332414132462D364446432D344136462D394334332D4441453030
310
454333363644312F76657274696365732E62696E504B03041400060808003171623BF270F1330600000004000000360000006662782F36464332414132462D364446432D344136462D394334332D4441453030454333363644312F747269616E676C65732E62696E636660600000504B03041400060800003171623B000000
310
000000000000000000370000006662782F36464332414132462D364446432D344136462D394334332D4441453030454333363644312F617474726962757465732E62696E504B03041400060808003171623B08DA0BD19000000041010000360000006662782F36464332414132462D364446432D344136462D394334332D44
310
41453030454333363644312F6469726563746F72792E786D6C858F410AC3201045AF22B36F53E9A60B35CBEEBAE80D244E44489C6234F4F835464A48035D0DF398FF9F8AF63D0E6CC63039F212F8F9020C7D47C6792B21C5FE7403D62A1188E2E60C98D7234A5830286103A55745067B9D86B8A3CF9C7F90C11DE607FB1443
310
96D7B6A82D282E9A152AD114D5EF2CB866EEE831B8EEA07A7BB5A8D7D61A2BAAEB7FD5F70921FF497D00504B03041400060808003171623BD8C96207FD000000A00100003B0000006662782F36464332414132462D364446432D344136462D394334332D4441453030454333363644312F7265736F75726365732F636F7265
310
2E786D6C8D504B6E833010BD0A9A6D6562939060641CB5489CA017B0CC845A0936F2A7EAF16B0295DA5D3733A3F7D13C3D71FD9A1FC527FA609CED8095140AB4DA8DC64E1DA478230D145729BC73F1970C0AAB66EC6085418AC9BBB4EC907636A28D19B56EC41D54216084423FF2D141D01F38AB52A59815E15E2E4ADFD584
310
252B339D755284E87380627BB24E901E834B5E6310878D95222533EE1A33E69FE666D083AC69FFDA0FBC26FDDBB922A7AAE90967BC21C3C086CBC09BE172A6E2B09AA58866FEC9A83DAA8823C88A524E1823B47A67A796F2F658BFD0A6A5D9B4CAFF98D232FED3948C8DC76A8FBBD9024896833C09290E6B5F793DCBCC7BED
310
567E03504B010214000A00000800003171623B3DEE336E79000000790000001B00000000000000000000000000000000006175746F6465736B2D64657369676E2D7061636B6167652E786D6C504B010214001400060808003171623BD486FD9CA0000000F40000001300000000000000000000000000B20000005B436F6E74
310
656E745F54797065735D2E786D6C504B010214001400060808003171623BB0233F36EA0000007C010000080000000000000000000000000083010000636F72652E786D6C504B010214001400060808003171623B55019EA25F0000007C000000070000000000000000000000000093020000636E782E786D6C504B01021400
310
1400060808003171623B6FFB56936F010000D40300000C00000000000000000000000000170300006662782F636F72652E786D6C504B010214001400060808003171623B0370ABAA7D0000009D0000000B00000000000000000000000000B00400006662782F636E782E786D6C504B010214001400060808003171623B2B16
310
42452C010000120200003100000000000000000000000000560500006662782F36464332414132462D364446432D344136462D394334332D4441453030454333363644312F636F72652E786D6C504B010214001400060808003171623BE0EAED994E010000330300003000000000000000000000000000D10600006662782F
310
36464332414132462D364446432D344136462D394334332D4441453030454333363644312F636E782E786D6C504B010214001400060808003171623B68262CD5650500003B10000034000000000000000000000000006D0800006662782F36464332414132462D364446432D344136462D394334332D444145303045433336
310
3644312F6F626A656374732E786D6C504B010214001400060800003171623B0000000000000000000000003500000000000000000000000000240E00006662782F36464332414132462D364446432D344136462D394334332D4441453030454333363644312F76657274696365732E62696E504B0102140014000608080031
310
71623BF270F13306000000040000003600000000000000000000000000770E00006662782F36464332414132462D364446432D344136462D394334332D4441453030454333363644312F747269616E676C65732E62696E504B010214001400060800003171623B000000000000000000000000370000000000000000000000
310
0000D10E00006662782F36464332414132462D364446432D344136462D394334332D4441453030454333363644312F617474726962757465732E62696E504B010214001400060808003171623B08DA0BD190000000410100003600000000000000000000000000260F00006662782F36464332414132462D364446432D3441
310
36462D394334332D4441453030454333363644312F6469726563746F72792E786D6C504B010214001400060808003171623BD8C96207FD000000A00100003B000000000000000000000000000A1000006662782F36464332414132462D364446432D344136462D394334332D4441453030454333363644312F7265736F7572
310
6365732F636F72652E786D6C504B0506000000000E000E0080040000601100000000
  0
CELLSTYLEMAP
  5
3E86
102
{ACAD_REACTORS
330
125D
102
}
330
125D
100
AcDbCellStyleMap
 90
        3
300
CELLSTYLE
  1
TABLEFORMAT_BEGIN
 90
        5
170
     1
 91
        0
 92
    32768
 62
   257
 93
        1
300
CONTENTFORMAT
  1
CONTENTFORMAT_BEGIN
 90
        0
 91
        0
 92
      512
 93
        0
300

 40
0.0
140
1.0
 94
        5
 62
     0
340
11
144
6.0
309
CONTENTFORMAT_END
171
     1
301
MARGIN
  1
CELLMARGIN_BEGIN
 40
1.5
 40
1.5
 40
1.5
 40
1.5
 40
0.18
 40
0.18
309
CELLMARGIN_END
 94
        6
 95
        1
302
GRIDFORMAT
  1
GRIDFORMAT_BEGIN
 90
        0
 91
        1
 62
     0
 92
       -2
340
0
 93
        0
 40
0.045
309
GRIDFORMAT_END
 95
        2
302
GRIDFORMAT
  1
GRIDFORMAT_BEGIN
 90
        0
 91
        1
 62
     0
 92
       -2
340
0
 93
        0
 40
0.045
309
GRIDFORMAT_END
 95
        4
302
GRIDFORMAT
  1
GRIDFORMAT_BEGIN
 90
        0
 91
        1
 62
     0
 92
       -2
340
0
 93
        0
 40
0.045
309
GRIDFORMAT_END
 95
        8
302
GRIDFORMAT
  1
GRIDFORMAT_BEGIN
 90
        0
 91
        1
 62
     0
 92
       -2
340
0
 93
        0
 40
0.045
309
GRIDFORMAT_END
 95
       16
302
GRIDFORMAT
  1
GRIDFORMAT_BEGIN
 90
        0
 91
        1
 62
     0
 92
       -2
340
0
 93
        0
 40
0.045
309
GRIDFORMAT_END
 95
       32
302
GRIDFORMAT
  1
GRIDFORMAT_BEGIN
 90
        0
 91
        1
 62
     0
 92
       -2
340
0
 93
        0
 40
0.045
309
GRIDFORMAT_END
309
TABLEFORMAT_END
  1
CELLSTYLE_BEGIN
 90
        1
 91
        1
300
_TITLE
309
CELLSTYLE_END
300
CELLSTYLE
  1
TABLEFORMAT_BEGIN
 90
        5
170
     1
 91
        0
 92
        0
 62
   257
 93
        1
300
CONTENTFORMAT
  1
CONTENTFORMAT_BEGIN
 90
        0
 91
        0
 92
      512
 93
        0
300

 40
0.0
140
1.0
 94
        5
 62
     0
340
11
144
4.5
309
CONTENTFORMAT_END
171
     1
301
MARGIN
  1
CELLMARGIN_BEGIN
 40
1.5
 40
1.5
 40
1.5
 40
1.5
 40
0.18
 40
0.18
309
CELLMARGIN_END
 94
        6
 95
        1
302
GRIDFORMAT
  1
GRIDFORMAT_BEGIN
 90
        0
 91
        1
 62
     0
 92
       -2
340
0
 93
        0
 40
0.045
309
GRIDFORMAT_END
 95
        2
302
GRIDFORMAT
  1
GRIDFORMAT_BEGIN
 90
        0
 91
        1
 62
     0
 92
       -2
340
0
 93
        0
 40
0.045
309
GRIDFORMAT_END
 95
        4
302
GRIDFORMAT
  1
GRIDFORMAT_BEGIN
 90
        0
 91
        1
 62
     0
 92
       -2
340
0
 93
        0
 40
0.045
309
GRIDFORMAT_END
 95
        8
302
GRIDFORMAT
  1
GRIDFORMAT_BEGIN
 90
        0
 91
        1
 62
     0
 92
       -2
340
0
 93
        0
 40
0.045
309
GRIDFORMAT_END
 95
       16
302
GRIDFORMAT
  1
GRIDFORMAT_BEGIN
 90
        0
 91
        1
 62
     0
 92
       -2
340
0
 93
        0
 40
0.045
309
GRIDFORMAT_END
 95
       32
302
GRIDFORMAT
  1
GRIDFORMAT_BEGIN
 90
        0
 91
        1
 62
     0
 92
       -2
340
0
 93
        0
 40
0.045
309
GRIDFORMAT_END
309
TABLEFORMAT_END
  1
CELLSTYLE_BEGIN
 90
        2
 91
        1
300
_HEADER
309
CELLSTYLE_END
300
CELLSTYLE
  1
TABLEFORMAT_BEGIN
 90
        5
170
     1
 91
        0
 92
        0
 62
   257
 93
        1
300
CONTENTFORMAT
  1
CONTENTFORMAT_BEGIN
 90
        0
 91
        0
 92
      512
 93
        0
300

 40
0.0
140
1.0
 94
        2
 62
     0
340
11
144
4.5
309
CONTENTFORMAT_END
171
     1
301
MARGIN
  1
CELLMARGIN_BEGIN
 40
1.5
 40
1.5
 40
1.5
 40
1.5
 40
0.18
 40
0.18
309
CELLMARGIN_END
 94
        6
 95
        1
302
GRIDFORMAT
  1
GRIDFORMAT_BEGIN
 90
        0
 91
        1
 62
     0
 92
       -2
340
0
 93
        0
 40
0.045
309
GRIDFORMAT_END
 95
        2
302
GRIDFORMAT
  1
GRIDFORMAT_BEGIN
 90
        0
 91
        1
 62
     0
 92
       -2
340
0
 93
        0
 40
0.045
309
GRIDFORMAT_END
 95
        4
302
GRIDFORMAT
  1
GRIDFORMAT_BEGIN
 90
        0
 91
        1
 62
     0
 92
       -2
340
0
 93
        0
 40
0.045
309
GRIDFORMAT_END
 95
        8
302
GRIDFORMAT
  1
GRIDFORMAT_BEGIN
 90
        0
 91
        1
 62
     0
 92
       -2
340
0
 93
        0
 40
0.045
309
GRIDFORMAT_END
 95
       16
302
GRIDFORMAT
  1
GRIDFORMAT_BEGIN
 90
        0
 91
        1
 62
     0
 92
       -2
340
0
 93
        0
 40
0.045
309
GRIDFORMAT_END
 95
       32
302
GRIDFORMAT
  1
GRIDFORMAT_BEGIN
 90
        0
 91
        1
 62
     0
 92
       -2
340
0
 93
        0
 40
0.045
309
GRIDFORMAT_END
309
TABLEFORMAT_END
  1
CELLSTYLE_BEGIN
 90
        3
 91
        2
300
_DATA
309
CELLSTYLE_END
  0
ENDSEC
  0
SECTION
  2
ACDSDATA
 70
     2
 71
     8
  0
ACDSSCHEMA
 90
        0
  1
AcDb_Thumbnail_Schema
  2
AcDbDs::ID
280
    10
 91
        8
  2
Thumbnail_Data
280
    15
 91
        0
101
ACDSRECORD
 95
        0
 90
        1
  2
AcDbDs::TreatedAsObjectData
280
     1
291
     1
101
ACDSRECORD
 95
        0
 90
        2
  2
AcDbDs::Legacy
280
     1
291
     1
101
ACDSRECORD
  1
AcDbDs::ID
 90
        3
  2
AcDs:Indexable
280
     1
291
     1
101
ACDSRECORD
  1
AcDbDs::ID
 90
        4
  2
AcDbDs::HandleAttribute
280
     7
282
     1
  0
ACDSSCHEMA
 90
        1
  1
AcDbDs::TreatedAsObjectDataSchema
  2
AcDbDs::TreatedAsObjectData
280
     1
 91
        0
  0
ACDSSCHEMA
 90
        2
  1
AcDbDs::LegacySchema
  2
AcDbDs::Legacy
280
     1
 91
        0
  0
ACDSSCHEMA
 90
        3
  1
AcDbDs::IndexedPropertySchema
  2
AcDs:Indexable
280
     1
 91
        0
  0
ACDSSCHEMA
 90
        4
  1
AcDbDs::HandleAttributeSchema
  2
AcDbDs::HandleAttribute
280
     7
 91
        1
284
     1
  0
ACDSRECORD
 90
        0
  2
AcDbDs::ID
280
    10
320
1E
  2
Thumbnail_Data
280
    15
 94
     1410
310
89504E470D0A1A0A0000000D4948445200000100000000B408030000004C80028300000300504C5445FFFFFFFFFFFFFFFFFF0000000000000000000000000000000000000000000000000000330000660000990000CC0000FF0033000033330033660033990033CC0033FF0066000066330066660066990066CC0066FF0099
310
000099330099660099990099CC0099FF00CC0000CC3300CC6600CC9900CCCC00CCFF00FF0000FF3300FF6600FF9900FFCC00FFFF3300003300333300663300993300CC3300FF3333003333333333663333993333CC3333FF3366003366333366663366993366CC3366FF3399003399333399663399993399CC3399FF33CC00
310
33CC3333CC6633CC9933CCCC33CCFF33FF0033FF3333FF6633FF9933FFCC33FFFF6600006600336600666600996600CC6600FF6633006633336633666633996633CC6633FF6666006666336666666666996666CC6666FF6699006699336699666699996699CC6699FF66CC0066CC3366CC6666CC9966CCCC66CCFF66FF0066
310
FF3366FF6666FF9966FFCC66FFFF9900009900339900669900999900CC9900FF9933009933339933669933999933CC9933FF9966009966339966669966999966CC9966FF9999009999339999669999999999CC9999FF99CC0099CC3399CC6699CC9999CCCC99CCFF99FF0099FF3399FF6699FF9999FFCC99FFFFCC0000CC00
310
33CC0066CC0099CC00CCCC00FFCC3300CC3333CC3366CC3399CC33CCCC33FFCC6600CC6633CC6666CC6699CC66CCCC66FFCC9900CC9933CC9966CC9999CC99CCCC99FFCCCC00CCCC33CCCC66CCCC99CCCCCCCCCCFFCCFF00CCFF33CCFF66CCFF99CCFFCCCCFFFFFF0000FF0033FF0066FF0099FF00CCFF00FFFF3300FF3333
310
FF3366FF3399FF33CCFF33FFFF6600FF6633FF6666FF6699FF66CCFF66FFFF9900FF9933FF9966FF9999FF99CCFF99FFFFCC00FFCC33FFCC66FFCC99FFCCCCFFCCFFFFFF00FFFF33FFFF66FFFF99FFFFCCFFFFFF0000000D0D0D1A1A1A2828283535354343435050505D5D5D6B6B6B787878868686939393A1A1A1AEAEAEBB
310
BBBBC9C9C9D6D6D6E4E4E4F1F1F1FFFFFF000000000000000000000000000000000000000000000000000000000000AD4AB4E40000023D4944415478DAEDDDC16E83301084E17DFFC7DC63C4C56FD0020D31C55ECAAD9AF97D882A71E2EBCEC65E2211CBCB792D4B2CB1AEFC5E7E9F110780EB7A0324007E2B01E801FC967B
310
050030698206A55F0258847F1E818F8F72EDEF373902488F4EB00B0C0094FEFF6500E60042F75F5ED94E43D726A803B0EE72AA1A9801A86D72FA2C9C2EED0009803240790470AA80E125008C9A20004400000000A009024004000000009A20004400000000A009024004000000009A20004400000068820010010000008026
310
080011000000006882001001000000802608001100000000688200100100000080260800110000000068820010010000008026080011000000006882001001000000802608001100000000688200100100FE3500EF1718BC3225BD22700B10EE1108220000DF023F00AD49026C7F76EF192A00D2BC09EA0144F1A2B101405A
310
02D84720952BE0FA92D5F230245801CF4E839E00D24DF021001100C01C20ED2BA031160780B138005A6781C9151780707F30321388E0B9801F8067136CA36948F83D17F82B40BA57403A5640B85740B857003D800AD00768BE000F0722F62331F7A16824F300B97940ADC344C8E134F8D90B753B02A7B1F8690A166E009751
310
60CB7654BEDF0F253D01DABEA29B127B3D193AF70037804F0574DF04CDAB099E37466E00D1FF4E3A6FCF026A00DB8E6F0450EF045307A07836E60050DDFEF1AD70055012287E2D7E3EFCF7F3002D818A26660091FA04EF5B1C4C84EEC2A3B2A2025037B8CC0D0700260B805F4DD0701D002FE7B50298AF2F01B80B923CA7C6
310
E60000000049454E44AE426082
  0
ACDSRECORD
 90
        0
  2
AcDbDs::ID
280
    10
320
22
  2
Thumbnail_Data
280
    15
 94
     4149
310
89504E470D0A1A0A0000000D49484452000001000000008108030000001837949D00000300504C5445212830FFFFFF2128300000000000000000000000000000000000000000000000000000330000660000990000CC0000FF0033000033330033660033990033CC0033FF0066000066330066660066990066CC0066FF0099
310
000099330099660099990099CC0099FF00CC0000CC3300CC6600CC9900CCCC00CCFF00FF0000FF3300FF6600FF9900FFCC00FFFF3300003300333300663300993300CC3300FF3333003333333333663333993333CC3333FF3366003366333366663366993366CC3366FF3399003399333399663399993399CC3399FF33CC00
310
33CC3333CC6633CC9933CCCC33CCFF33FF0033FF3333FF6633FF9933FFCC33FFFF6600006600336600666600996600CC6600FF6633006633336633666633996633CC6633FF6666006666336666666666996666CC6666FF6699006699336699666699996699CC6699FF66CC0066CC3366CC6666CC9966CCCC66CCFF66FF0066
310
FF3366FF6666FF9966FFCC66FFFF9900009900339900669900999900CC9900FF9933009933339933669933999933CC9933FF9966009966339966669966999966CC9966FF9999009999339999669999999999CC9999FF99CC0099CC3399CC6699CC9999CCCC99CCFF99FF0099FF3399FF6699FF9999FFCC99FFFFCC0000CC00
310
33CC0066CC0099CC00CCCC00FFCC3300CC3333CC3366CC3399CC33CCCC33FFCC6600CC6633CC6666CC6699CC66CCCC66FFCC9900CC9933CC9966CC9999CC99CCCC99FFCCCC00CCCC33CCCC66CCCC99CCCCCCCCCCFFCCFF00CCFF33CCFF66CCFF99CCFFCCCCFFFFFF0000FF0033FF0066FF0099FF00CCFF00FFFF3300FF3333
310
FF3366FF3399FF33CCFF33FFFF6600FF6633FF6666FF6699FF66CCFF66FFFF9900FF9933FF9966FF9999FF99CCFF99FFFFCC00FFCC33FFCC66FFCC99FFCCCCFFCCFFFFFF00FFFF33FFFF66FFFF99FFFFCCFFFFFF0000000D0D0D1A1A1A2828283535354343435050505D5D5D6B6B6B787878868686939393A1A1A1AEAEAEBB
310
BBBBC9C9C9D6D6D6E4E4E4F1F1F1FFFFFF0000000000000000000000000000000000000000000000000000000000002E4550F1000001DF4944415478DAEDD8B111DB300C85616E9001B8801A6CA009BD8A166085064BB860A509E2827D1E2827B9CB0229F07FBEB375EEF80482905A0300000000000000E03F722FBBF468F7
310
ED4D9F708FA896434434BF87BBF72D14868AE12CB4FCB88799EEBF6EFFF2C810E6BCECB02AE59F9B3F0BC0F5F5D64F8610D78F2A01E48D97735FD8FBC9A15FCD541A052C95BDAA20377DD3CAEDB666CB328056A402BED5AF3BDFD407762F1CEA8619C0512400CB12783FAB1F3A0054030AC0F2A246023B001D02CDB21454FF
310
AA805B0154698279D7ED39059BAF0C64599F6FD39F4502D8734FD6BEF67F26612B1480F2A8D10334093D7BE07455C2EE8136C5F7F150A80BDAD1F60CD4B20C3409BAD5198434079BDD7B1CCA0096E728AC1D705409401590856FC3F44CA002C81D30F564186502D06ED7D73E0555FF633E3DA0CC1650047B1AD649981998EF
310
41D00A05707E1F07B221E638147B122E14808F0C60F43D10FCAE80658502F8994DE0EEF7D0C3C0C8F72176690A28D403224B602F3C03D0955F2A8432C7604EC3DF00F66BC173F4552D806F135002BD6514570EC2F66975F6409FAFD7ABFF7179F8F18956C89CAFBE17FC0470C43A3E95D61FE9EF60B0DF1503000000000000
310
0000000000000000000000000000000000000000000000FCE317026C3C9D93A06AA30000000049454E44AE426082FD27DEEB1E005E2BD080EE0EBBA19C0DB136E4B52FB10B2013C8F2DB1A8023005749E93FB864F215B2F72B00E740FE136CD17F8E73032341994FE92D8700D27AE7DD472B771700606401C0497E2A7F0C00
310
0CFD0444CBE088505C801E132811FF4F01A0E22F173D3D83FC420540910F2809CF950D8CEE6C9406035CD46759F541552F43CE036DE503550218DA40F4DE6608409408457EF156602740EFB1DC0DC0ABF056455100AE01F0BD1B0442A101F62421FD360090BB01190047076D00FCE6DB5A1601988553D9B65A87DCE3C82650
310
D58CDF0E40A9EB4A51EF0A80CE06408896706C7409B91C881F95F4827A821387C74A7E3387F56E13C0EE5753ED33094CF15F026045D6983F22EB85150AA011402848C8097414FCDEB76EC13E01904D806D0B5210F023006F4E851381DA0B2600B1CA27F3284EA20068A3600B20C506D2A869A21E12AC205B275A00CC6D1888
310
72FA3D9B36545EE28B00C8043CBDB85A994B2B05609CD074A8AD83CC9B6D8343429D075D00E0F27285DC2C7B7F399C01F4990064C9BA3A5FB64A5123ECA334A007509B9A0E00F30080ED53DC7CC199F0C9E18E790C01409306802A27F8CC095C00C8364F6FAA5AC7D1D1F50A90D3806F02A073020F00E4CBD21094F9F1A505
310
A801B02CD74E6000A0DA09355FCC833A17A000C01201CC6300E72819E60ED89328980D83D3006F5B002ABAC291C01D7F8D6B273004206EA27D1205451E845190D280F03787867D017602F37C7FD50B768D22903DF26751300F47841F08E26F5A000CBCE09513180018341ACB8F9628B8EF6C02361B80DFF40078D50B9A514F
310
7CD86D252F9101EC37DC40143EE038FC769E6A00D89772C181C4E3E106CA94210308A9D32D103015000D7B83A92B340630F482AF6840D9532155471770BBDDAC5200A52B34B481D2EE1569406EFE62FED30FB988292AEE88EE01C0BE3685851E0D084E00C42CC8951348FDDE2A0D48D735005301085F76D8DB7608280180F5
310
D05CBA4209848D6D9D0100FEAE8E7717761237BE6853A072014A01545EDCA484B6F42F6472007604E0945642AFE35C4CC0D003B00A00E454E8DEEC51920978DE01104A61B604A092DF365692304049036218A801BCB7295A0038EB9CED0AC23A0C54554E3B0C79B92B62D2BED86EE076EB34E0FD001CE0F6F4935408BA7608
310
F57B6DF4122300695676670DF03624410300D104DC5B01B8075DA128C922C4ABB685E8AFC7DB420C00435F5A6802CDB610BC7B3CA0F880FB2500947786B6279E00640DB0C54F48C3B8651770C34CA80D021A9C60F182307002D82C18021847C1B4AD94FA41E8F76EE636DD8600AC3200F6BA2D3657F5BF0C02174E3019C65E
310
9BC05A85595D00066D310100BAA6580DA06B87B06BDC21B543766B258050062C56C5A0E4C3DEF8184015EE8CBD8E8226A7011E9D440000DC250B00165D001E7B41330F000883780A205E053B400067DE65F32A003CF282AD1318F58360D010ABE537BC339C4D204F10680370BF7402A5E70B50FDC6E7A02166D3840103E05D
310
919008DDAA6680121328001E7841910C3EEF0789E7A862B69801AC9A01F86D7E02E09453B227DBFFB81F241AE7E103E28058A301BC5400105DA1A6B111082CB22F08C2E649FAAB29D1BE1D12DE263480E1680210275A92F92289044038811416ADADBA012FF583C237BA01E0D321042076F9328994D4D4034150A701753B44
310
9A80B90480906605FD801A802B5D5D0BCD3CC4108035751E008D13AC00985BE327E643118048A04F85B0B0F1B658471A137ED40EE182D1F2C6E1E42F01E8D000A102A3AE107B412BD521CD54B6001ABDA047A7268F5313D00170E403DEDC0FB8B281B62D96B49ED4E14CB99CE78CA707B023339BF220FC211106653B441580
310
FBA31DC2D20FA25DBF4A1FAC20910054896000D09980922850005C1784A9EE69DA219B4DC69E9582DB21B21B96D6F7038036209E85C499B8B4EBDD3B4131268D8A718B3A8152578D4153DAECD66A01704F04FA07A828AADB2AC57FD00F4A7D42DA0AE435DDA2175DD12CE8A75225702801608007C64DFB34B16B0BC0341FF4
310
7C5320FA00311E8353C2BB950096450F8092BE8D9F9EE9DB2194243E8E829C07F1E304EB1A40527A15012C8A0088DA7EF400D508407376C800004ECA9776080E87A47E10B94A7D00E03980A61D02E5EC90CB7E98EF4704D104B021767E1F00F60180A6157201004C0B40931394E23C74022F8CC788B343A2B24FDF070005F7
310
BF0A401A463939021A002CBF3200CF9DC0EB00EA768835724CBA3C4A04CA4C201E8EF53A00304F3A82B60068A763AC8647669A5F9BCB9947A9D0932151BEBFE9280A3A36C60F01F06EAA2600C62C1637C11E38812741A001908623A8E45D070AA00CC0127EF7D93CB2819700D42E80A260AB011A011888C300730F40A47C7F
310
2300EA19AA021087C24600D2A850392AE88B006C7B7204350FF4010885FCC00900F505171A179143705F0802B50650B34CA906988BBE600620C460C3A8480C36055A00A0138035BF7F9B791E7A41BFF50062BB18A834162AF11A00A30F00FEC297008271F01E275E887690A88673A38BFB87A518EE00E441238500CCD006FC
310
66A7741EDC9646E336F9087549034483F0FB01F87D012029B3894D5F9AF84010659B14D7B2947E10D1F013F5945B1F187703C0A904602E8E964A8740E4B3135111201DABB26D5903163C7F83174641EA08762E00F34365002CDBC05300656B9C0104F97D44B0EF7872A6A900C4CF5EDBB2C3EA3381EC04FADE381AAD90AB03
310
800E614B9CF212D43280531ED4A111C0AF795810020DBA2C1CD6D2CE687B8C44125950F03443216724D30086D108E0F7DC6D570A00DCE10A5FF8F0040160592A4B391903ED1EAE6B7EE884F644C094D3E4D4007017BF523C59896F7D0660EAA638A68AB5AB881BFFBC2910009C69E4E2F038219900A8D28028FB380C40124C
310
0228197FF082AC01931700E63423492690CF16C807912933012A07864E4000F8F8088A5D068112806DAF156099312D9892BF5F8B0B087944D08078DA82920991AA20FCB50D00E420805F2380D2236087B8B7C1123520E44150F784E98151328100005B30DA34C07700E2C8640110BEE6A303D2B8F45905014A14373307CF89
310
074B9E663DA1948E2CBF79F7515A5705E1C009F4008CC8F8637098E41BD0020400C08DC1E33CA03C7E6B3486414E85460028B64B1F5871B375FA537C6032013C39E22C4747E48A5923805F665C0F0919A7EE88B589F2DE02606100B126C4AD719047EDE4DE814600DB08403909600840A6FF09009A77721678A076C87F208D
310
D3670A01C0A12D0CC4226F9009C886E87300E4E2A699F3053E513C7C77403E733E62380E655E3056FBA38210E499912F0108FA6209C06AC4DE821C2838C01FDA6C20646F3006B061CB63D410860BF9470064DFDC0600BAE48F6A39F9612E88ADB005F35D718468AA705E01605B00CEA1FCDA00C4ACD79BD1F6084D4D57B18E
310
55FACA02FC945D4079BC486C9E2A048012FD0AF5CC707FC8C4E75F62915F87FD4B17200064C53F8B2AC4C25351399C09C4131F5A0051DF4304ACDA3EDEB709D05300E51BBCFF873EF9C36FD6AB80339F9F2ECA2F9F972C247C212101F01C311400CEE56870A83480A4029F61350000CF03EAE604E96AA01208C0D923F683F2
310
B9720C20A640510134CAEF900002B87D160C2E68809FCCE8DF11C814C81F4EC24D041BC754674D1351877596EBC139FCA7F3FE97C847B3CE9F69F970435FF817F24090E079B002E070C7719E275F996F01C0180630C1978EFB88AE22CEC3A6E70824806003BAE52F044A2E68E08B079EEC0C800707F101A1729AA031DF0AC0
310
9F3BEB85FE412951F0399E1637DF60B987975F8270FCF54F5100E06FC958DC3724E068C3C0FCFF96D3B777F56F4AFF7F15FC67FDAC9FF5B37ED6CFFA59FFC9F5070FB4E5A5818CC8640000000049454E44AE426082
  0
ENDSEC
  0
EOF
